cluster_id,x_m_0,x_m_1,b_new_0,b_new_1
1,-0.20609,0.0141859,-0.0893593,0.109471
6,0.640319,-0.133518,0.0652786,0.138167
