cluster_id,x_m_0,x_m_1,b_new_0,b_new_1
12,-0.0928176,-0.189217,0.0533609,-0.128528
24,0.290841,0.0493288,0.29039,0.0518555
