cluster_id,x_m_0,x_m_1,x_m_2,b_new_0,b_new_1,b_new_2
0,-3.05173,-0.968569,4.30848,-3.88439,0.201583,1.07234
1,0.152397,0.168094,-0.552579,0.140851,0.0806174,-0.567861
2,4.26293,2.9355,-0.337494,3.69271,3.34665,0.701962
3,1.40161,4.96197,3.78413,0.742544,5.52757,2.86311
5,1.60368,-4.67517,-1.58174,-1.17742,-0.682364,-1.06567
7,2.00017,4.61605,5.82268,3.72218,4.62886,4.32801
4,1.60937,5.09194,3.46494,1,-0.022434,-0.489688,0.871609
6,-3.73089,-0.764009,1.36915,1,0.157776,-0.438117,0.884963
