cluster_id,x_m_0,x_m_1,x_m_2,b_new_0,b_new_1,b_new_2
0,-2.5858,-0.390841,2.60329,-2.23878,-0.120447,2.88397
1,0.533658,-0.378247,-0.607301,0.130372,0.180728,-0.512835
2,0.397691,-4.66428,-1.21011,0.51624,-0.739854,1.18614
3,1.40758,5.80927,1.97367,1.4189,5.53768,2.55584
4,0.586848,5.59729,2.62073,-0.975038,4.22874,-1.13532
5,-1.72383,0.55287,-0.712824,1,-0.998647,0.0355092,-0.037987
6,3.55317,3.25211,2.68173,1,0.249372,-0.169116,-0.953527
7,2.83896,4.69779,1.11785,1,-0.346919,0.530431,0.773492
8,-0.54998,0.162081,-0.469524,1,0.0265862,-0.997273,-0.0688455
9,3.47365,3.53207,3.1431,1,-0.360036,0.353461,0.863389
10,-2.1836,0.26598,-1.49786,1,-0.980643,0.174376,-0.0890622
