x0,x1,x2,x3,x4,x5,x6,x7,x8,x9,x10,x11,x12,x13,x14,x15,x16,x17,x18,x19,x20,x21,x22,x23,x24,x25,x26,x27,x28,x29,x30,x31,x32,x33,x34,x35,x36,x37,x38,x39,x40,x41,x42,x43,x44,x45,x46,x47,x48,x49,x50,x51,x52,x53,x54,cluster_id
35.7224,7.12209,1.4557,-1.75689,3.62241,1.86058,0.918266,0.794935,1.18872,1.32069,-2.48892,4.81932,0.978291,4.25729,2.62816,2.39259,0.281642,1.79934,0.6945,0.591854,-1.78514,-3.15388,0.102402,1.81787,0.0960234,2.68791,-0.892198,-2.22592,1.86333,-0.116835,-0.684321,2.29555,-1.42266,-0.746991,1.62035,1.27255,-0.560548,-2.52533,-2.92274,-2.30243,0.659332,-0.93173,0.869982,0.413854,-1.24617,-1.4207,1.51394,-0.432801,1.53016,-1.02882,1.0541,0.126813,1.6464,-2.03644,1.54898,0
36.6258,6.7097,12.8782,2.59557,3.81678,1.46587,1.35006,1.64362,-0.742276,-2.56653,-4.55016,4.08538,0.130841,4.23949,4.70966,1.13395,2.65146,0.607485,-0.789275,1.18829,-1.90645,-1.68342,0.744939,4.10057,0.587669,2.3072,-0.892951,-2.90373,0.376063,-0.0502354,-0.10427,4.56628,-0.167685,-0.114237,1.94938,0.490332,-1.94702,-2.80629,-3.49733,-1.59573,0.476564,1.15551,0.303363,0.261106,-1.66681,-2.35419,1.20565,-1.84263,1.49875,-1.09252,2.54292,0.33646,2.72993,-1.29481,2.25097,0
28.1837,3.58195,26.4128,8.37957,3.89196,1.06744,3.08657,2.59403,-1.16838,-4.21717,-3.22416,-0.906424,1.40999,1.21993,5.01212,2.61372,6.15073,0.0201095,-2.83603,-0.952336,-3.84841,-0.625815,1.93236,3.34747,1.95781,1.12619,-0.350781,-3.56542,-1.31679,0.823241,0.814138,3.76477,0.453515,-1.44547,2.05805,1.04091,-2.40805,-3.63765,-1.80557,-0.705698,-1.37535,3.28598,-0.746517,0.131399,-1.28954,-2.11573,0.723779,-1.12485,0.737063,0.819541,1.85053,0.3445,4.03264,-0.496283,0.311235,0
-38.6218,-7.74891,11.143,-7.66046,-1.30801,1.87379,0.982334,1.3605,-0.0984504,2.43992,5.40996,1.3877,-4.05768,0.973271,0.116827,-3.35873,-1.19728,0.489334,0.401429,-1.62843,2.94717,-1.6713,-0.0430479,0.184419,2.93743,-1.76868,0.12044,-1.55063,2.37725,1.98086,-0.788663,0.554801,-0.802547,-1.15685,1.25679,1.25534,-2.74563,0.571871,-0.668543,0.51647,0.330234,-1.98126,-1.98419,-1.04449,2.2552,2.63929,-0.983825,-2.03399,0.936323,0.764823,-0.118437,-1.08991,0.105516,-0.544121,-0.396545,0
29.9794,7.23311,-8.02638,-6.56993,3.82382,1.73775,-0.0716121,0.883163,0.735908,4.40885,-1.54457,6.76875,-0.629205,4.13132,2.95854,2.39145,-1.14197,0.983683,0.978299,0.1498,-1.26805,-4.85272,-0.356694,0.787552,-0.557936,4.12593,-1.94815,-0.258337,1.90257,-0.121765,-0.927061,0.719547,-1.97855,0.81016,0.216396,1.95591,0.129653,-2.60895,-3.64326,-2.81229,0.0639602,-0.656576,0.863278,0.476914,-1.04472,-1.73364,2.0784,0.280189,1.77184,-1.48785,1.24219,-0.150076,0.412664,-1.82067,1.11633,0
14.9176,5.20955,-12.3477,-10.646,3.45238,1.83109,-0.346387,0.0888809,1.75174,6.09772,-0.659608,6.3057,-0.266926,2.85661,1.72485,2.5073,-1.72021,0.158608,2.19705,-0.720804,-0.742874,-5.5653,-0.397252,0.250838,-0.528801,4.84333,-2.14964,0.257657,1.95522,-0.187346,-1.09457,-0.698234,-1.70811,1.43279,-0.522248,2.14824,0.34278,-2.22683,-3.30244,-3.08431,-0.210686,-0.861312,0.665796,0.138311,-0.490638,-1.49382,1.41821,0.683317,1.55661,-1.2655,0.315114,-0.309787,-0.50006,-1.65852,0.275488,1
39.7551,12.3196,7.02509,0.682939,4.03617,1.79317,2.03323,2.35724,0.000748539,-1.03825,-4.57795,5.39012,-1.3991,4.27958,5.30454,1.88129,0.947505,0.855214,-1.19404,1.40287,-1.90095,-2.39258,-0.367942,3.12371,0.0725072,2.71098,-1.50164,-2.05768,1.33714,-0.115244,-0.114541,3.91703,-1.14722,0.00192387,1.72573,1.61703,-1.66899,-3.17777,-3.64395,-2.12694,0.579548,0.160944,0.876961,0.0517924,-2.01918,-2.4229,2.08143,-1.63253,1.86734,-1.32702,2.87385,0.491367,2.06498,-1.94843,2.33861,0
35.5166,14.0785,-3.7439,-3.71569,4.05684,1.51769,1.09341,1.80443,1.22007,2.51206,-2.71544,6.6328,-0.996734,3.86658,4.07363,2.68533,-0.929848,0.666992,0.165947,0.551994,-1.40156,-4.0472,-0.709717,1.37121,-0.267349,3.68404,-1.99861,-1.05945,2.08117,-0.235646,-0.516196,1.6278,-1.88956,0.509363,0.932137,2.19021,-0.708237,-2.92448,-3.32489,-2.86762,0.413173,-0.655863,1.05723,0.302697,-1.31867,-1.81232,2.39017,-0.13678,1.72139,-1.36225,2.06203,0.295982,0.87781,-2.21362,1.30863,0
42.1521,20.1326,1.34574,-0.712935,4.30651,1.94751,1.92971,2.63671,0.539883,0.846733,-4.22766,6.41316,-1.4901,4.41877,5.24089,2.90166,-0.461121,0.732512,-0.483135,1.30839,-1.58869,-3.37923,-1.05186,2.45423,0.478765,3.23173,-2.01319,-1.8613,2.23701,-0.536545,-0.178326,2.62802,-1.78488,0.553395,1.67747,2.26817,-1.29517,-3.22978,-3.40391,-2.52432,0.82805,-0.341052,1.21862,0.069384,-1.97096,-2.11161,2.50398,-0.937242,1.71133,-1.30007,2.83124,0.635095,1.55816,-2.3874,1.71996,0
28.2544,16.4541,-7.84233,-6.22008,3.94335,1.90137,-0.103056,0.501333,0.775797,4.36385,-1.41623,6.00034,0.475223,4.38212,2.21688,2.96161,-1.46347,1.3967,1.94509,0.224192,-1.5171,-4.93512,-0.720417,0.829547,0.72752,3.57022,-2.09173,-1.58892,2.61484,-0.825431,-0.652283,-0.0449294,-1.76274,0.54779,0.631095,2.44862,-0.166478,-2.47972,-2.37142,-2.5054,0.577837,-1.37352,1.08368,0.0677825,-0.895985,-1.86899,1.66292,0.322732,1.38873,-0.626157,0.622112,0.230607,1.0038,-2.32479,0.811988,0
33.5915,18.1531,12.7396,2.78924,3.65101,2.44689,1.38423,2.09358,-1.03064,-2.93826,-5.40372,4.12779,-0.439737,4.40937,5.27583,1.24232,1.85705,0.0451311,-0.250531,1.6051,-1.83197,-1.62686,-0.0490906,4.23676,1.83282,2.51151,-1.31917,-3.38417,1.19342,-1.19971,0.11767,3.67539,-0.197597,0.677842,2.21226,0.196433,-2.26711,-2.59025,-3.23697,-1.25081,0.73685,1.01214,0.788015,-0.343644,-1.69155,-2.33917,1.49014,-2.0165,1.07657,-1.02699,2.61632,0.330999,2.46806,-1.64963,2.13437,0
28.186,22.5908,6.75312,-0.142857,3.36276,2.60163,1.29545,1.98729,-0.932057,-1.52018,-4.91162,5.44421,-1.1339,4.8137,5.16585,1.10295,0.260687,0.0396927,0.210832,1.90676,-1.28423,-2.06321,-1.15315,3.59153,2.19697,2.35398,-1.65856,-2.57863,2.20761,-1.8532,0.72162,2.51225,-0.355981,1.33874,1.69238,0.903543,-1.70046,-2.66714,-2.97848,-1.35314,0.707159,0.447949,0.976859,-0.461518,-2.0327,-2.03646,1.5133,-1.91692,0.75537,-1.01392,2.09934,0.556026,1.92938,-2.10548,2.02573,0
24.5,20.9249,-4.01183,-4.93633,3.56595,2.00044,0.492462,0.969046,0.265511,2.74685,-2.16367,5.66722,0.223863,4.61784,2.87747,2.7671,-1.16229,1.11387,1.68231,0.650428,-1.62077,-4.22777,-0.971014,1.44842,1.4835,2.91975,-2.08678,-2.11149,2.68355,-1.32624,-0.12448,0.567754,-1.2414,0.655403,0.810745,2.01702,-0.58984,-2.40802,-2.1067,-2.07309,0.606885,-0.869752,1.06284,0.0270595,-1.15086,-1.70826,1.79989,-0.00818797,0.847465,-0.617943,1.22954,0.68269,1.43416,-2.442,0.994987,0
0.560103,15.0019,-11.457,-10.7908,3.87176,1.06331,0.44465,-1.39798,0.694085,5.34346,-0.202687,5.47824,-0.322382,2.84899,1.0307,3.26827,-2.43177,-0.0947525,1.88142,-1.44519,-0.708953,-4.44536,-1.30715,0.488733,1.05334,4.33141,-2.85899,0.0465928,1.05623,-2.02582,-0.334261,-1.55026,-1.42074,1.95989,-0.793062,2.3915,0.168856,-1.71253,-1.8828,-3.55268,-0.617327,-0.0654785,0.240781,-0.465452,-0.74154,-1.34279,1.39759,0.976506,1.13699,-0.893853,0.449699,-1.11267,0.0474536,-1.5267,-0.0609097,1
11.4042,19.2622,1.08374,-5.05826,2.84734,2.27689,1.1993,1.33497,-0.519321,0.251933,-3.65642,5.3179,-1.16524,4.41685,3.9434,1.0495,-0.61736,-0.165741,0.840855,1.42848,-0.726098,-2.2817,-1.55124,2.61301,2.09589,1.7921,-1.76388,-1.50391,2.34476,-1.88711,1.38432,1.3211,-0.278261,1.59186,0.722593,1.32179,-0.805797,-2.18684,-2.1317,-1.53407,0.504272,-0.0247582,0.885528,-0.326944,-1.53539,-1.5135,1.257,-1.30647,0.337579,-0.816907,1.26319,0.697109,1.18381,-2.11394,1.36406,0
21.6906,35.9162,9.59399,3.30632,3.18289,4.28682,2.34806,2.50558,0.247374,-3.31199,-5.33369,2.2319,-0.00902929,3.12858,4.73691,3.34696,0.999001,-0.297641,1.55795,0.923066,-3.16208,-2.12526,-1.13046,2.92101,2.91463,2.05796,-1.978,-4.55253,2.84454,-2.75682,-0.0768768,1.42703,-0.337604,1.08422,2.08606,0.224841,-2.54258,-1.95447,-1.12144,-0.643325,1.22617,1.01901,0.742444,-1.83414,-0.82843,-1.43061,2.22741,-1.37452,-0.173612,0.134837,2.39054,0.587794,2.13003,-2.52327,1.52661,0
13.0979,30.4392,21.0799,7.43183,2.07671,6.50167,1.88846,3.69054,-0.266488,-4.5802,-4.4464,-1.99985,2.55254,1.25188,3.8519,3.90364,3.78315,-0.0524601,1.09644,-0.245301,-3.8034,-0.250159,1.25338,3.66682,1.56998,1.10709,-1.80354,-4.85756,1.10666,-2.2683,0.126331,1.11718,0.272692,0.287271,2.21974,0.968147,-4.52163,-1.84661,-0.631297,-0.576373,0.125209,2.22456,0.898337,-1.89416,-0.788541,-1.18002,2.00953,-0.372249,0.204789,-0.700793,2.03103,1.14319,3.46909,-1.31571,1.05325,0
-7.844,9.7301,25.635,3.91411,2.36281,5.48778,-1.04795,3.05895,-3.94215,1.34731,2.82976,-2.45722,1.36259,-3.35622,-0.286559,1.64309,2.94922,1.04892,-4.79458,1.21941,2.77415,1.69711,4.07682,5.08691,1.23927,-0.436582,0.843571,-1.99819,2.51516,0.638219,1.65458,1.34506,2.88535,-3.09006,1.58222,2.01689,-2.45189,-0.137891,-1.26742,-0.457221,-3.67182,2.10455,-0.971031,-1.67471,-0.796314,-0.121028,-0.119518,0.561012,0.270365,-0.077962,1.63761,-0.862431,1.06982,0.484555,0.12522,0
8.84895,29.4113,-7.91425,-5.91134,4.67242,2.10537,1.24525,-0.658899,0.344862,3.01943,-0.888011,5.80044,-0.456648,3.93926,2.03182,4.17576,-2.88578,0.101913,1.1371,-1.43849,-0.519401,-3.68091,-1.64276,1.14166,2.09823,2.21533,-3.04698,-1.41888,2.15214,-2.97847,0.543123,-0.885278,-1.33333,1.47305,-0.181581,2.09059,-0.423177,-1.87408,-1.22202,-3.08432,0.0813952,-0.227502,0.0970436,-0.603558,-1.34655,-1.80997,2.66145,0.506669,0.434253,-1.2417,1.52873,-0.761318,0.924412,-1.66311,-0.00224172,1
2.2379,35.1901,-0.967251,-0.784631,3.75298,4.51725,2.15219,0.03613,0.50425,-1.04701,-2.65851,4.08016,-0.78633,3.86269,3.29061,3.71649,-1.78766,-0.145388,1.51505,-1.43612,-1.43699,-2.23683,-1.64514,2.0979,3.01264,0.701338,-1.81835,-2.82544,2.1692,-3.20745,0.706074,-0.280943,-0.894937,1.16384,0.581939,0.288535,-0.68852,-1.28541,-0.891766,-1.51342,0.898168,0.482975,-0.126127,-0.814238,-1.05522,-1.8882,2.48025,-1.07025,-0.396254,-0.727774,1.92843,-0.670827,1.11308,-1.54786,0.872053,1
-13.2683,23.8445,-11.3786,-7.90492,5.10379,-1.31589,1.81937,-3.70541,-1.77187,4.2361,0.246111,3.38956,-1.66127,2.23296,1.13678,4.99191,-2.76669,-0.413979,3.67632,-2.54608,-1.0994,-4.11929,-0.377296,-0.813701,1.64666,2.72559,-2.5932,0.709394,0.853834,-3.85915,-0.870785,-1.67669,-1.25969,1.97711,-0.601887,3.00008,0.678736,-0.0867197,-0.4805,-3.12565,0.825077,-0.826979,-0.458843,-1.23924,-0.997102,-0.250941,-0.496465,0.848087,0.713237,-0.374508,-0.138452,-0.482921,-0.284978,-0.886311,-0.716178,2
0.0933932,44.3159,7.38825,8.70197,2.26313,9.78303,2.67151,1.96818,0.620179,-4.54542,-3.14088,2.85994,1.33598,3.64472,3.98693,3.84869,0.360133,0.152312,1.99552,-2.31637,-3.17467,0.308682,0.0171327,2.206,1.05648,-0.0152047,-1.65941,-3.46716,1.01827,-3.24266,0.0172784,0.909039,1.07259,1.5797,0.65991,2.06896,-1.98774,-0.398498,0.283399,0.265601,2.09176,1.6673,1.24499,-1.10765,-0.578868,-1.00329,1.34314,-1.35972,-0.544766,-1.17969,2.28756,-0.53327,2.27837,-1.96873,1.52451,2
-9.23361,35.3677,-8.99782,-1.00105,4.67465,0.94576,2.59167,-2.17606,-2.25476,1.91003,-1.3813,4.99713,-1.63473,3.52574,3.45856,4.95184,-3.35605,0.129131,2.3237,-2.69933,-0.717188,-2.98285,-0.414923,0.286928,1.58088,1.36569,-2.38079,-0.355434,1.22249,-3.8807,0.432514,-0.301541,-1.07594,2.49694,-0.214966,2.57906,0.1418,-0.015363,-0.275139,-1.97163,1.26878,-0.138604,-0.372949,-0.0887238,-1.63596,-0.982337,0.714323,0.303788,0.412634,-0.529315,1.55129,-0.585932,0.659196,-0.76063,0.60881,2
-6.6172,48.2273,-4.60358,11.894,4.37019,4.6689,2.80943,1.84459,-1.37379,-2.48226,-3.07447,4.6762,-1.55879,3.41576,4.72704,6.46089,-2.13406,0.708516,2.12998,-3.26858,-1.74668,-0.13116,-0.756088,1.25807,1.45927,0.419025,-2.29151,-2.84577,2.33451,-3.97025,-0.534076,-0.354512,-0.313742,2.8883,0.159334,2.69781,-0.827391,0.857109,1.2175,-1.05321,2.19513,0.449303,0.635823,0.66683,-1.13315,-1.09643,1.17604,-0.321018,0.522701,-0.71017,2.0559,0.2397,1.23485,-0.976497,0.743662,2
-15.0391,32.6077,14.7562,10.1843,-1.01277,14.5308,-0.840644,7.27497,-0.0184378,-4.14176,0.0109607,1.04157,1.81016,2.08578,1.26655,3.5621,1.69008,0.0106946,-0.982575,-0.484782,-1.11236,2.40489,2.08998,2.38864,-1.05784,-2.76148,-1.36456,-2.98247,0.951206,-1.13833,1.19464,0.415493,2.66406,-1.52505,2.61539,0.969562,-1.87024,0.113175,0.0637594,1.05646,-0.905755,3.65281,0.166831,-0.228461,0.814582,-0.59051,1.44263,1.20623,0.409384,-1.09802,0.635195,-0.0478003,2.62819,-0.334839,-0.95587,2
-18.7929,28.4545,-12.5579,-2.4869,4.88849,-4.44815,3.25087,-3.73375,-2.10821,3.34539,-1.44234,3.83304,-3.021,1.53185,2.50947,5.20495,-3.40667,0.589597,3.70121,-1.95872,-1.22,-3.47232,-0.867527,-0.894738,2.74888,3.27789,-1.67137,0.432473,1.05191,-3.24797,-1.1443,-1.70038,-0.0912863,2.73511,-0.260153,3.12265,0.290008,0.795874,0.0904847,-2.36982,1.36876,-0.856969,-0.203043,-0.930628,-0.551032,-0.155347,-0.461108,0.794893,0.929619,0.83199,0.434249,-0.269079,-1.12982,0.21586,-0.515432,2
-18.775,36.4327,4.08217,14.2591,0.48364,8.79491,0.680863,8.7533,0.883215,-4.85823,-2.19485,3.13505,0.414908,3.595,2.15632,6.56573,0.336552,0.616824,0.807968,-1.44793,-1.30459,2.56316,0.35245,2.04259,-1.01126,-1.88953,-2.00818,-3.89068,1.96981,-2.40383,0.533685,-1.35325,0.838416,0.650103,0.763023,1.68213,-1.55705,1.66768,1.49237,1.22537,0.667493,2.12645,1.0781,1.0982,0.540346,-1.68824,2.0482,1.02267,-0.576215,-1.13852,1.31299,0.243974,2.17764,-0.49056,0.444199,2
-21.1858,30.8639,-10.1714,4.92299,4.05578,-4.03812,3.4663,0.534392,-1.28169,0.831216,-2.68365,3.70027,-2.0855,1.99551,2.92568,5.02818,-2.55136,0.823452,2.61505,-1.94907,-1.08732,-1.7323,-0.855487,0.276163,2.4743,2.36,-1.81544,-1.17384,2.39516,-2.96542,-0.0613002,-1.54212,0.209419,2.95178,0.132495,2.22253,-0.274912,0.994242,1.34839,-1.11497,1.69865,-0.407381,0.224024,0.449904,-0.623105,-0.321459,0.802655,0.417406,0.932982,0.513273,1.09476,0.202678,-0.459499,-0.178506,0.368314,2
-26.9962,27.2561,-5.05512,10.1911,2.88256,-1.75357,2.16691,7.25661,0.721324,-1.748,-3.06759,3.5651,-0.372327,2.63325,1.91775,4.96779,-1.16692,1.15101,1.47048,-0.8467,-0.207569,0.939819,-0.537638,1.35926,0.698624,0.461659,-1.65001,-2.7522,2.34253,-2.19047,0.719904,-1.64443,-0.218828,2.77556,-0.0550551,1.34729,-0.465013,2.03018,2.49531,1.0621,0.724126,0.236779,0.548552,1.70467,0.346619,-1.08198,1.85682,0.664834,0.159328,-0.164421,1.27532,0.141274,0.502826,-0.637997,0.775139,2
-32.8109,18.4016,1.36838,9.41808,1.32459,2.18638,-0.42052,13.1769,3.44445,-2.74164,-2.3151,3.50852,0.588189,4.36553,0.471347,4.96212,-0.893233,-0.0601448,0.288337,2.0271,1.02191,2.16604,-0.263884,0.600938,-1.1763,-2.04893,-0.195309,-3.33689,-0.636429,-1.97946,0.158302,-1.53262,-1.08764,0.737074,-0.184733,0.495352,-0.425872,2.60941,2.37168,1.81182,-1.83437,0.650069,-0.407809,2.23317,1.76489,-0.644384,0.206005,2.39753,-0.118259,0.717018,0.121758,-0.720005,0.906353,-1.61646,0.816953,3
-35.2131,10.3087,6.66616,2.86665,-2.05349,6.83011,-1.00902,10.8049,2.14043,-1.73951,-0.734759,2.4419,-0.824657,2.82655,-0.798549,4.68354,1.05489,-0.808093,-0.0774365,3.2354,1.5009,0.229991,-0.874297,0.72392,-1.21054,-3.90542,1.12561,-1.7218,-2.74072,-1.05879,-0.156505,0.557843,0.593122,-2.63313,0.333079,-0.689413,1.33264,-0.0644924,-0.548592,1.80633,-2.13292,0.718632,0.331104,-0.689924,1.08576,1.8849,-1.10305,2.67442,0.457155,0.22078,-0.791561,-1.37655,1.38797,-1.83625,1.47573,3
-38.8368,-2.92395,6.21012,-7.32213,-0.500708,3.30915,-0.180263,3.05143,1.08483,1.25864,0.43529,0.294055,-1.10291,0.492379,-0.0548027,1.21729,0.898781,-0.891853,-0.0367875,0.390071,0.796151,-1.88841,-0.201337,2.00651,0.27307,-1.48892,0.970728,-1.20058,0.0959411,1.15346,0.529618,1.9856,0.617245,-0.114265,-0.695759,-0.446429,1.36256,-0.84877,-0.272821,0.239692,0.168104,0.00112932,-1.49696,-0.181408,0.138621,1.25794,-1.04832,-0.585843,0.573911,0.217778,-0.555559,-0.574171,0.0559663,-1.00823,0.438286,0
-34.5413,13.3899,-8.00529,1.33944,3.68371,-8.48386,2.42247,3.76732,1.32553,2.02736,-2.85006,1.59785,0.067255,2.18401,1.706,0.42884,-1.5603,0.995706,0.98639,-0.408909,-0.00705257,-0.206742,-0.388685,0.149239,2.24573,3.04108,-0.699632,-0.249763,1.10985,-1.18356,0.5629,-1.38209,0.131089,1.39481,0.464932,1.04339,-0.518052,2.15934,0.837179,0.332579,0.503267,-1.32472,-0.724996,0.208187,-0.571207,-0.511526,0.604098,-0.227793,0.628678,0.425795,1.38676,0.336145,-0.560853,0.167066,0.469793,3
-40.2533,4.2839,-1.49314,-0.697377,2.1829,-4.46746,0.732189,7.91576,3.30832,0.849729,-3.51631,0.979103,1.80626,2.66952,-0.0790426,-0.437267,-0.823485,0.0228822,-0.240959,1.19742,0.423111,0.182071,-0.215085,0.12687,0.471876,1.43051,0.0160626,-1.0509,-1.40289,-0.985196,0.91759,-0.4242,-2.00118,1.07299,-0.0586377,-0.413839,0.128294,1.84352,0.841745,1.09938,-1.92874,-1.44068,-1.99433,0.177391,0.0329164,-0.913525,-0.270434,0.289558,0.88664,0.658265,0.633909,-0.356599,-0.0982617,-1.30956,0.390177,0
-40.4114,-2.72912,2.43866,-4.86632,1.44063,0.116442,-0.133931,7.33766,2.87115,1.02953,-3.6156,0.934371,0.800528,3.85551,-0.185595,1.35934,-0.470125,-1.95324,0.388019,1.38179,0.00277144,-0.446142,-1.11357,0.731657,0.317125,-0.894821,1.65994,-0.962437,-2.90664,-1.56874,-0.436386,0.918408,-2.42451,2.04172,-0.654492,0.814332,1.01428,-0.906604,0.571735,-0.441522,-2.11914,-1.05315,-0.89872,-1.61469,-0.292514,-1.54538,-0.704201,1.24804,0.0635417,1.12374,-0.0192002,-0.48293,-0.246291,-1.17297,0.980158,0
29.703,2.00117,6.32093,-1.49143,3.47671,1.33025,1.93552,1.56821,0.253379,-0.625299,-3.52098,5.08895,-0.978283,3.93798,4.34254,1.10258,1.41418,1.08419,-1.02976,0.967559,-1.7436,-2.17684,0.071772,2.79743,-0.61081,2.16978,-1.00539,-1.32111,0.818481,0.342526,0.0113912,3.94389,-0.836459,-0.241331,1.09956,1.11303,-1.14883,-2.93949,-3.44183,-2.12262,0.282165,0.465245,0.442573,0.100608,-1.45991,-1.97782,1.70313,-1.49495,1.70585,-1.29499,2.09304,0.300607,1.69452,-1.53502,2.19457,0
45.181,3.28521,-4.23747,-2.69794,4.22916,1.92048,1.10662,1.19951,2.15506,3.3011,-1.47627,7.46871,-0.485566,4.07367,3.48714,2.48967,-0.322845,1.65965,0.182729,0.0759778,-1.96545,-4.3936,-0.0591952,1.18151,-1.04736,4.05417,-1.44265,-0.986376,1.86442,0.487321,-1.52744,2.0027,-2.12679,-0.0842371,0.951734,1.74675,-0.219101,-3.22956,-4.06831,-3.28364,0.102674,-0.790253,0.77655,0.405492,-1.18712,-1.76588,2.29904,-0.0158059,2.32351,-1.74224,1.41708,-0.0284511,0.864526,-2.27134,1.67069,0
40.3404,-1.797,1.36191,-1.60913,4.00015,1.49617,1.97874,1.36357,1.82877,1.57861,-1.89977,6.48828,-0.480962,3.99363,3.60813,1.79854,1.0226,1.90613,-0.49061,0.246809,-2.1671,-3.37319,0.363176,1.78926,-1.29113,2.9141,-0.985265,-1.18245,1.2806,0.753117,-1.03485,3.40429,-1.42785,-0.649057,1.00344,1.13424,-0.475241,-3.20456,-3.87371,-2.94542,0.0147008,-0.193132,0.508748,0.39695,-1.04986,-1.63402,2.24289,-0.510422,2.04418,-1.67918,1.6563,0.204287,1.19126,-1.95622,1.92541,0
28.9414,-2.37351,-8.00014,-7.03136,3.87891,1.94556,-0.0474025,0.704761,1.19262,4.96602,-0.733626,7.05175,-0.700023,4.10163,2.81712,1.89261,-0.491166,1.37419,0.839102,-0.263288,-1.40012,-4.92144,0.0682309,0.71395,-1.2259,3.8249,-1.41404,0.188786,1.52951,0.3331,-1.32677,1.18953,-1.76933,0.401148,-0.109911,1.1786,0.570381,-2.48147,-4.05187,-2.96309,-0.230287,-0.638201,0.56366,0.391143,-0.821697,-1.58143,1.92355,0.236496,1.96668,-1.69356,0.997535,-0.419575,0.254634,-1.79562,1.18586,0
46.8963,-5.31792,13.392,4.35658,4.53624,0.563722,2.12385,1.61854,-0.360457,-1.79682,-3.82015,5.41069,-0.0240502,4.49477,4.92361,0.497941,3.7003,1.41365,-1.39346,1.01892,-2.42313,-1.96936,1.67317,4.16354,-0.841427,1.94023,-0.656616,-2.20472,-0.100133,1.01676,-0.243171,5.85577,-0.118728,-0.843496,1.29703,0.490906,-1.57548,-3.49923,-3.90786,-2.14455,0.367275,2.00985,-0.312449,0.370226,-1.45837,-2.19964,1.2482,-1.63239,2.05574,-1.29689,2.12842,0.565935,2.6619,-1.26254,2.59176,0
48.9409,-11.2835,6.35028,1.98623,4.64745,0.712162,1.87327,1.33922,0.466445,0.562498,-2.08544,7.18232,-0.503261,4.91115,4.45391,0.592142,2.97536,2.26375,-1.09141,0.572524,-2.39663,-2.88773,1.62695,3.17915,-1.84057,2.02756,-0.924876,-1.35875,0.305438,1.23127,-0.708778,5.38536,-0.523673,-0.894867,0.619011,0.365227,-0.736449,-3.42632,-4.41188,-2.69663,0.0684933,1.48575,-0.10291,0.309507,-1.02429,-1.84041,2.00652,-0.934406,2.2988,-1.79257,1.93586,0.248366,1.81354,-1.48752,2.49658,0
36.2891,-6.30353,-4.19236,-4.53117,4.29223,1.71031,0.726243,0.92264,1.24762,4.03486,-0.820112,7.44257,-0.882517,4.40692,3.36181,1.63702,0.423644,2.00626,0.178334,-0.101803,-1.75535,-4.34986,0.402123,1.2286,-1.46011,3.05466,-1.05147,-0.133366,1.17606,0.693067,-1.30377,2.53035,-1.57474,-0.138814,0.207629,0.736683,0.490908,-2.62334,-4.40251,-3.01704,-0.160528,-0.335866,0.502746,0.377245,-0.909716,-1.59784,1.96854,-0.235399,2.26309,-1.86995,1.23163,-0.295771,0.662734,-1.85562,1.58307,0
12.9984,-9.11386,-14.5314,-10.8928,3.76978,2.80312,-1.52342,0.87921,2.00397,7.24847,2.21739,6.70524,-1.00594,2.77964,0.757469,2.09206,-1.0273,0.871652,2.67925,-1.22363,-0.670593,-5.52376,0.442201,-0.190665,-1.6886,5.87832,-1.26804,2.63979,1.83142,0.754828,-0.0957645,-1.14188,-1.42305,1.50085,-1.26693,1.05109,0.329496,-1.80139,-4.36859,-2.61078,-1.76334,-0.202615,0.393247,0.473844,-0.335712,-2.77749,0.933054,0.827831,1.15584,-1.72241,-0.833838,0.01979,-0.538149,-1.52282,0.424568,0
40.1623,-14.7926,-0.186124,-1.97703,4.71204,1.14879,1.54032,1.17123,1.29575,2.78357,-0.561524,7.82839,-1.08085,4.68183,3.75255,0.767571,2.00159,2.50866,-0.363841,0.0553386,-1.88991,-3.59992,1.07394,1.99286,-1.91642,2.02944,-0.777692,-0.373886,0.662021,1.12163,-0.91945,4.16587,-0.819759,-0.758191,-0.130861,0.0932622,0.24863,-2.68561,-4.63693,-2.98698,-0.196713,0.233231,0.148618,0.343935,-0.65354,-1.67439,1.94356,-0.325527,2.55221,-1.81355,1.32202,-0.150578,0.962122,-1.79811,2.02764,2
36.86,-28.1439,8.2668,3.44338,5.05542,-1.91958,3.75242,1.91811,2.84644,-0.0046715,0.93098,6.08747,-0.657455,3.25583,3.95901,0.287244,4.76977,3.19958,-1.27801,-0.775452,-3.33299,-2.26381,2.42678,2.79231,-1.78844,1.18783,0.179202,-0.607715,-0.377347,1.67915,0.0983236,5.55584,0.938386,-2.05043,-0.843542,-0.9613,-0.654017,-2.53393,-3.13672,-1.88993,0.059579,1.44474,-0.846189,-0.0437975,-0.522322,-1.41634,1.51682,0.109825,2.59169,-0.331616,0.865619,0.852779,1.45142,-1.30642,2.613,2
28.2828,-26.1352,20.4235,7.49975,4.75309,-4.81327,4.94634,1.00521,0.425253,-1.49543,0.336094,1.87347,0.325481,1.48281,4.47438,0.647011,6.29702,2.56857,-4.2384,-0.351933,-5.18854,-1.89296,3.43394,2.3485,-0.46805,1.62077,1.19389,-1.29951,-1.40364,0.941244,0.324665,5.30984,1.6679,-1.66552,2.02553,-0.707518,-1.52887,-4.09028,-0.987317,0.0578638,-0.388468,3.77317,-1.50526,-0.493506,-2.09476,-1.71379,0.428151,-1.48977,1.89579,2.16858,2.09597,1.51951,2.71043,-0.495587,1.87439,2
-5.64453,-21.1368,24.8421,4.1164,6.565,-7.0293,4.04398,-3.48062,-2.86535,3.22547,3.28657,-0.144541,-1.66947,-0.02928,-0.0144683,-0.412576,2.5344,1.2214,-7.42529,0.313829,1.7157,0.907036,1.95738,0.850864,3.64082,-0.187234,2.14272,-3.63921,1.64509,0.598465,1.23363,3.26869,2.50664,-0.514989,3.12192,1.67771,-3.18526,-0.322184,-0.446537,0.600606,-2.02329,0.821413,-2.65481,-3.15452,-2.17582,-1.80336,-2.11763,-0.903281,-2.21976,1.07715,0.425067,-1.72182,1.20926,-0.932462,-2.31322,0
28.4761,-24.4031,-10.989,-5.17987,5.24123,2.34877,-1.33486,1.67607,1.99869,6.12817,4.13487,8.85922,-1.70651,3.55823,1.45392,1.85634,0.52208,2.05138,0.830388,-1.47427,-0.965164,-3.99066,0.722105,0.884485,-2.62228,4.94486,0.913543,2.44622,2.03545,1.59261,0.905496,0.0356408,-0.979569,1.40799,-0.837858,-0.00443864,0.0214702,-2.31118,-4.37241,-2.92882,-1.38879,-0.49769,0.449879,0.643377,-0.129091,-2.5014,0.542422,1.4569,1.25652,-2.42131,-1.04108,0.114464,-0.13388,-2.34519,2.00346,2
31.837,-39.8725,-3.8024,1.66424,6.69999,-1.28277,1.38755,2.31122,2.93553,2.96568,4.40431,9.37022,-1.59766,4.68789,2.21755,0.169673,3.01188,3.23209,-0.589305,-2.1667,-1.33669,-1.37514,1.60989,2.39835,-1.96664,3.36469,2.28085,1.77224,0.881908,2.52767,1.57978,2.37048,-0.587179,0.522444,-1.13073,-0.808774,-1.12001,-2.27505,-3.23366,-2.98705,-0.734686,-0.460836,-0.630345,1.36611,0.254766,-1.82709,0.515906,1.58759,1.24947,-1.58225,-0.628528,0.149662,0.542645,-2.02416,3.40109,2
6.50483,-29.0304,-16.1376,-7.31762,3.77909,6.36182,-2.74832,4.35371,3.109,6.53003,4.77125,6.5284,-1.36461,2.50946,-3.73402,0.178461,1.15996,-0.348807,3.24896,-3.07265,-0.683799,-3.60847,2.82929,0.413484,-4.19022,6.36424,-0.645481,3.90282,0.789791,2.54799,1.121,-2.19207,-3.01333,2.37153,-2.9437,-1.13058,0.602625,-2.35663,-2.35651,-0.126737,-1.09571,0.200375,1.68692,1.40366,1.6354,-1.97109,0.895294,1.49795,1.07518,-1.77658,0.641535,-1.98798,-0.551143,-0.10829,1.5752,2
23.8479,-48.0155,6.51472,10.5239,7.19745,-6.62443,4.87037,1.58272,1.28313,-0.290829,3.73331,8.06924,-0.977442,4.1182,2.95599,-0.0532878,4.9913,4.15437,-2.4747,-0.984903,-2.61884,0.402953,3.20527,2.71591,-0.345901,2.71041,3.14697,1.12737,-1.69312,1.57058,0.296822,2.51157,1.74334,-0.0627211,1.2972,-2.24078,-1.28602,-2.9631,-1.63395,0.325197,1.08868,0.828106,-1.06511,0.405017,-0.697394,-1.08762,-0.941072,0.418685,1.86694,1.31317,2.03546,-0.958299,2.037,-0.0629788,4.00166,2
10.2719,-40.1008,-11.2915,-0.444323,3.17712,4.09057,-1.2692,3.49081,1.36451,4.83878,4.13017,8.90626,-0.244384,5.26569,-1.3501,-0.11906,2.16572,1.3801,1.23625,-3.18716,-1.2468,-2.02614,2.53883,1.54705,-3.21769,4.99063,0.775305,3.0802,-0.174161,1.90871,1.57969,-1.55397,-1.92023,1.65586,-0.874333,-1.47963,1.33487,-1.64519,-2.42869,-1.29291,-0.558932,-0.639428,0.45982,1.29385,0.733205,-0.808368,0.14009,1.17133,1.13813,-0.868562,-0.0101953,-1.32522,0.551024,-0.940131,3.57255,2
9.0848,-47.8283,-5.74202,10.1214,3.98955,1.02117,2.24434,0.582002,0.880179,0.769621,2.88922,9.33225,0.171837,4.74157,-1.06566,-0.438304,3.47049,2.19407,-0.974135,-2.7297,-1.81503,0.58987,2.94909,2.48318,-2.9684,3.18037,2.91958,2.49268,-0.558681,2.99599,0.0918037,0.288474,-0.26259,1.01599,0.308266,-2.81384,0.708387,-2.29443,-1.71011,-1.04762,0.0771505,-0.22672,-0.869455,0.575927,0.256541,-0.190407,-0.115018,0.694595,1.06724,-0.389674,0.869112,-1.68265,1.41453,-0.0876989,3.11509,2
4.20917,-40.6635,15.8724,11.8342,7.10292,-11.7218,7.60446,-4.34862,-1.95867,-0.378158,3.37142,5.50658,-3.11667,3.3361,3.25102,0.855053,3.84656,1.65923,-6.10239,1.41773,-0.497506,1.26102,2.34254,0.344826,3.59868,1.04156,2.57067,-1.96899,-1.72992,0.672831,0.108029,3.1751,3.39583,0.503744,4.04562,-0.791831,-1.35319,-1.73076,0.347353,1.54045,-0.28566,1.84516,-1.72539,-1.54736,-0.75451,-0.398451,-1.60307,0.392933,-0.355111,1.75121,1.47196,-3.10178,2.66464,0.600492,0.379791,2
-8.38764,-32.894,-13.4185,-3.58379,0.68041,9.16312,-2.00878,3.87238,2.66934,4.40201,2.74376,6.66515,0.374278,2.83322,-3.77381,-1.91207,1.8175,-0.383496,2.7484,-4.14691,-0.786725,-0.9707,2.84159,0.85403,-5.19751,4.73084,-1.23313,3.03024,0.989985,2.8138,0.257969,-1.92808,-2.44085,1.89298,-2.69474,-1.8898,1.68233,-0.998593,-1.59266,-0.758279,-0.992686,0.301815,0.431224,1.11741,1.48812,-0.402031,0.0852525,1.09461,0.561493,-0.977168,-0.154798,-2.53681,-0.0837721,-0.472096,1.84664,0
0.843372,-46.1236,2.33385,17.0339,3.50111,-4.12424,7.37513,-6.16791,-1.19311,-2.0984,2.85238,8.99001,-1.42434,4.65057,0.969945,1.00499,2.48908,1.14163,-3.96208,-0.946485,-2.36081,1.88832,2.02645,1.05864,-0.42979,1.45188,5.33963,0.752698,-0.83242,1.50297,-1.32869,1.68346,1.79311,0.41018,2.24488,-2.9815,1.09265,-1.92341,-0.966462,-0.131841,-0.379488,0.42169,-2.17987,-1.05136,0.087184,0.28873,-0.276829,0.524425,-0.0722853,0.702113,1.06812,-2.76886,2.57862,0.67117,1.46912,2
-9.66174,-37.5049,-11.5423,4.68781,-0.0455586,8.4061,0.355796,0.329128,1.6788,2.23236,2.01631,7.49409,0.99895,3.46853,-2.20461,-1.84679,1.983,0.692422,1.27831,-4.20896,-1.27883,0.587903,2.24762,1.93403,-4.48458,3.54218,0.995845,3.07256,0.655243,3.0798,-0.445859,-0.328657,-1.45406,1.6761,-1.0377,-2.26443,1.89159,-1.01883,-1.46485,-1.65191,-0.771533,0.294483,-0.17353,0.384319,0.902096,0.565605,0.325386,0.854452,0.73899,-0.38019,0.0226001,-2.24754,0.703846,-0.723044,2.12387,0
-12.6208,-40.9068,-8.7455,14.347,-0.208978,7.54651,4.27026,-7.15443,0.377407,-0.206866,1.32987,8.29463,0.841268,3.28424,0.504793,-0.740084,1.44069,0.612883,-1.31969,-2.31169,-1.77747,1.71512,1.72261,0.924946,-3.38884,2.36613,4.42936,2.21927,-0.800333,2.69878,-1.52387,1.06255,-0.891719,0.916045,0.945268,-2.61595,1.61439,0.697506,-0.829187,-1.59987,-1.51801,-0.816916,-1.65563,-0.460254,1.31094,1.33378,0.546581,0.2522,0.26138,-0.270304,0.480651,-1.79277,2.84183,0.229567,1.58852,0
-26.2737,-30.6948,-0.662456,10.4001,0.795707,3.07757,7.8361,-12.957,-0.0349394,-1.17743,-0.730387,6.37094,-1.28425,3.60449,2.30623,2.00639,0.194118,-1.07319,-2.30604,0.775654,-0.444871,1.04977,1.06492,-1.58167,-2.62854,-0.0348206,5.27451,-0.231442,-3.6866,1.79608,0.0786818,0.0400264,-1.03845,-0.230835,1.16572,-1.68411,1.52752,2.30025,-0.730988,0.885787,-1.54399,-0.912147,-3.00346,-0.335734,1.58033,0.31228,1.1275,-1.75119,-1.04792,-1.75154,-0.533217,-1.42273,2.58492,2.00013,-0.52537,0
-25.733,-28.5299,7.19463,7.61922,2.4953,-4.37789,10.1809,-12.554,-0.223935,-0.30083,1.29528,6.01203,-3.37033,5.60604,0.0115424,2.27793,0.674207,-1.3941,-3.10219,3.36801,-0.319285,-0.0565374,-0.17465,-2.02272,0.00516796,-2.0841,3.65836,-4.49519,-1.77952,0.800322,0.883212,-0.523764,0.488398,-2.18245,1.42874,-0.599796,1.54428,-0.668326,-0.134984,4.57436,0.973485,1.12137,-2.01748,-0.321405,1.83905,0.506571,-0.0691915,-0.855969,-2.28121,-1.47877,-2.1294,-0.990253,1.01411,0.942847,-1.93893,0
-33.7227,-17.2095,10.0166,-2.81185,1.0452,-3.85614,6.25899,-5.50802,-1.20941,1.91429,3.22276,2.71386,-2.66005,2.7298,-1.66088,-0.176404,0.940363,-2.50302,-1.31935,3.3005,0.718202,-1.32289,-1.31977,-0.406219,2.06471,-2.54782,-0.0770634,-5.45192,1.87936,-0.358187,0.352437,0.188416,-0.127931,-1.23705,0.508515,-0.354799,-0.954168,0.0498129,-2.07453,2.85869,2.12651,0.111937,-1.11539,0.217935,1.38921,0.94352,-0.788077,-0.316912,-1.29881,-0.0536297,-1.83827,0.323705,0.135837,0.603615,-0.896421,0
-28.3984,-26.9439,-10.2824,2.94451,-2.29687,13.1491,0.346819,-5.10478,1.77109,2.82622,-0.21213,2.6223,2.27679,1.57683,1.76976,-3.77532,1.18851,1.23605,1.95363,-1.00838,0.322031,2.00733,0.60036,0.28486,-3.45691,3.99993,0.455853,1.43312,-0.1573,2.22291,-1.1649,1.60604,-1.62582,2.15137,-0.523436,-0.439429,1.95806,0.342102,0.415261,-0.906859,-1.64408,-0.174593,0.909144,0.603986,2.57074,0.242615,0.585349,0.588891,1.10866,2.05106,0.41001,-0.482286,1.63648,-0.932361,1.89678,0
-36.652,-21.3455,-3.83357,2.16223,-1.58071,9.44175,3.25836,-10.2897,1.30019,1.7293,-2.88661,0.830511,1.29868,1.34027,3.96523,-1.56405,0.324059,0.768515,1.44575,2.72039,0.392807,0.380299,0.742848,-0.35262,-2.60999,1.91273,2.91941,-0.26666,-2.74427,0.869185,1.16165,0.905596,-1.81573,2.03368,-0.39852,0.0269019,0.710485,2.57049,-0.374296,-0.683383,-1.70888,-1.29755,-0.951124,0.949627,2.88978,0.671772,1.27292,0.116076,0.0309552,0.83539,0.598891,1.39962,3.16629,0.287906,0.92243,0
-39.8533,-14.8612,2.1943,-3.72057,1.56218,3.11362,5.3564,-9.38923,1.7411,1.21955,-3.03596,1.51763,-0.939757,4.23218,1.99324,0.901275,3.51557,-1.4148,1.4654,3.06685,1.31509,-1.15177,2.46127,-0.348613,-3.76284,-1.41311,3.74498,-0.823778,-1.24364,-1.09888,2.47312,-3.32284,-2.40066,0.199048,0.147229,-1.46851,2.36079,2.1327,-1.04408,-0.114476,-0.536548,-0.434478,-2.13498,0.10398,-0.196502,-0.946188,1.52874,-0.524918,0.727952,-0.961225,-1.80798,2.17673,3.1053,0.647671,-0.467633,0
37.2352,5.5829,-8.32037,3.75878,-10.9387,-0.761678,3.96922,1.24923,-2.81197,12.2989,-0.542816,-4.59948,2.82995,0.367666,0.206752,-4.10207,0.487794,-0.326817,0.291094,-0.514692,0.0365994,-1.70836,0.137405,0.745621,-0.930909,1.58923,-2.1355,0.941944,-1.18467,-0.350003,-3.42439,-0.892537,3.38143,-0.939949,1.54883,-1.15743,-0.497816,-0.149149,2.97949,-1.00429,-0.00670578,0.475431,-0.650742,-0.0397472,0.563908,0.0119884,0.8152,-1.82992,0.975556,0.12097,-1.17951,-0.266253,-0.105514,-2.02017,0.0291268,3
36.8587,6.73508,-0.997334,7.32147,-14.1431,-2.11958,0.973445,-0.0326027,-4.22456,13.5613,0.0749024,-1.95866,3.56919,-0.393993,-1.13512,-3.24116,-0.277485,-2.04318,1.35947,-1.39994,0.929482,-2.39787,0.880222,1.22396,0.50779,1.67568,-2.24835,1.3741,-1.02352,-0.124419,-1.23955,0.0485942,2.36734,-0.0357437,0.317125,-1.46641,-0.643947,0.399236,1.50227,-0.872995,-0.23635,0.362723,-0.701575,0.462893,0.880911,0.552122,-0.0558422,-2.47812,0.773896,0.070927,-0.237508,0.248832,0.0484209,-2.84605,-0.90386,3
25.3307,5.64536,8.51018,9.42352,-16.6819,-3.30016,-1.11416,-0.789979,-3.43781,12.5038,0.948576,2.57495,4.35235,-3.77247,-2.72911,-1.50769,-1.25339,-4.01818,2.9372,-3.00365,1.64348,-4.23055,1.54648,2.47701,1.78509,1.69164,-1.76963,0.900304,-0.199807,-0.198656,0.247561,0.339554,0.525173,1.30518,-0.734031,-0.539656,-0.844942,1.34436,-1.57755,-0.906921,-0.428203,1.00296,-2.02288,0.303531,1.42236,0.591725,-0.528078,-1.49604,1.75229,0.323086,0.751411,0.338818,0.404426,-2.82778,-0.605221,3
-36.5098,-2.49318,11.7362,-4.16723,-4.24679,2.98248,-0.894975,1.40473,-1.67613,3.3338,7.94812,1.35052,-3.83517,-1.87732,-1.41666,-4.88537,-2.30098,0.0510134,-0.753343,-0.316012,4.68606,-2.08417,0.145187,-0.157149,1.74662,-1.44186,1.42948,-2.32568,1.65774,3.47394,-2.43679,0.959462,-0.119221,-0.333204,-0.753537,1.41042,0.862664,-0.0743287,-1.591,-0.398376,0.0850716,-1.82865,-3.76872,-0.225681,1.14332,1.35888,-0.877997,-1.10319,1.34408,0.845132,0.440838,0.132806,-0.125608,-1.33565,-0.318636,0
31.6329,3.34083,-15.3501,-0.147001,-7.75216,1.00061,5.07425,0.931238,-3.67175,10.3884,-0.209553,-6.86186,3.25782,1.96869,0.234885,-5.646,0.607961,1.08342,0.572852,0.841504,-0.229103,-1.14993,-0.991216,-0.6533,-1.53618,1.17892,-2.10021,1.20459,-0.69104,-0.63618,-4.06692,-2.78557,4.27194,-1.33616,0.680864,-0.369969,-0.0894693,-2.25048,2.74388,-0.669216,-0.603197,0.482896,0.0253099,0.52088,-0.0349713,-0.48642,1.08554,-1.77463,0.0532282,1.41709,-1.53326,-0.778437,-0.889558,-1.41509,-0.0885681,3
17.0601,0.605935,-17.7864,-5.08472,-4.20536,2.19338,5.14351,0.876483,-3.31814,8.33789,-0.19487,-7.51944,2.46033,2.66518,0.318591,-5.54824,1.03389,1.91689,0.567837,1.30414,-0.607548,-1.30311,-1.46752,-1.478,-1.7532,1.17196,-2.08635,1.30999,-0.514364,-0.677283,-4.12343,-3.26593,4.34806,-1.52999,-0.0484655,0.0804682,0.437572,-2.83831,2.26184,-0.58925,-0.915958,0.368748,0.261248,0.381758,-0.390333,-1.07243,1.2943,-0.858097,-0.408009,1.64181,-1.64119,-0.672494,-1.5186,-0.935658,-0.00802183,3
41.1088,10.3398,-4.94593,6.32981,-13.1147,-0.766564,4.32736,0.344959,-2.82059,13.0284,-0.552902,-3.40562,4.08866,-0.326383,-1.13043,-4.28613,-0.275266,-1.3149,1.60157,-0.9716,1.15141,-2.28708,0.578865,1.22669,0.496387,1.96538,-2.07969,0.766957,-1.52382,-0.989122,-2.21712,-1.14916,4.30034,-0.549294,1.22558,-1.47974,-1.12041,-0.341885,1.94271,-0.66827,-0.0828072,-0.0612227,-0.866989,0.539779,1.06128,-0.186926,-0.209024,-3.07294,0.327465,0.787697,-0.623332,-0.0759295,0.0560762,-2.74156,-0.867979,3
38.7881,10.1161,-12.691,2.64328,-9.61904,0.216592,5.2868,0.691853,-3.06559,11.8348,-0.556615,-5.95949,3.62964,1.32207,-0.334997,-5.49466,0.326635,0.430971,0.906296,0.623785,0.479609,-1.65756,-0.312737,0.111763,-0.201615,1.77065,-2.2778,1.37629,-1.11862,-0.915309,-3.45619,-2.63236,4.80532,-1.27481,1.03666,-0.81303,-0.639059,-1.45942,2.61965,-0.608534,-0.468228,0.00865824,-0.257586,0.260964,0.314727,-0.600807,0.854969,-2.60392,-0.133089,1.35675,-1.2799,-0.507797,-0.607204,-2.09965,-0.34759,3
44.1841,16.2572,-9.4532,5.56307,-11.7325,-0.475901,5.30361,0.63504,-2.86164,13.3005,-0.713569,-4.82811,3.81396,0.668252,-0.680243,-5.03691,0.00964618,-0.186625,1.15773,0.0940642,0.820681,-2.19239,0.451304,1.04392,0.994903,2.23106,-2.30764,1.44095,-1.3542,-1.16082,-2.86308,-2.39694,4.93184,-1.32171,1.33142,-1.40953,-1.2342,-0.747173,2.38766,-0.298861,-0.225478,-0.19102,-0.557225,-0.108857,0.481103,-0.483708,0.627697,-3.16677,-0.192755,1.09221,-0.977272,-0.0262559,-0.174638,-2.67412,-0.615199,3
32.1004,12.2563,-15.7117,-0.105464,-7.562,-0.125602,5.347,1.95658,-3.16728,11.3421,-0.831282,-7.03622,2.28061,1.68408,0.77102,-4.9019,1.13414,1.40214,-0.257572,1.39791,-0.568761,-1.58455,-0.41829,0.128334,-0.136555,2.19807,-1.86949,1.81015,-0.849269,-0.699026,-4.12415,-3.37034,3.94941,-1.9532,1.48852,-1.08454,-0.655101,-1.04463,3.30358,-0.443816,-0.218477,0.0589166,-0.0624891,-0.996884,-0.0797213,-0.353438,1.90608,-1.10705,-0.17468,0.459827,-1.39582,-0.238011,-0.757227,-1.42908,0.479933,3
33.8042,16.4894,-0.920126,6.75127,-13.7571,-2.00554,1.61071,0.317772,-3.71286,13.7429,-0.703765,-1.89893,3.10855,-0.413912,-1.02131,-2.72251,0.221329,-1.5429,0.816391,-0.961518,0.869553,-2.85767,1.41988,1.92329,2.20692,2.45769,-2.26866,2.01675,-1.04652,-0.65851,-0.992945,-0.660504,2.55194,-0.577359,0.752198,-1.9413,-1.29325,1.01552,1.29131,-0.306722,0.00607671,-0.0139609,-0.695269,-0.673009,0.449223,0.29361,0.410424,-2.42249,0.189135,-0.251662,-0.117585,1.02549,0.185917,-2.9477,-0.744888,3
30.3626,20.0997,-4.29192,4.64783,-11.8471,-1.5965,3.00535,0.875853,-3.04861,12.6838,-1.29711,-3.14117,2.69239,0.191096,-0.462504,-2.81416,0.721477,-0.552287,0.331435,-0.323968,0.520226,-2.66965,1.29051,1.93907,2.47135,2.61497,-2.08982,2.13788,-0.963435,-0.995399,-1.27245,-1.39617,3.26875,-1.20492,1.21776,-2.0521,-1.42934,0.68058,1.77542,0.0620116,0.256807,-0.170303,-0.48978,-1.30685,0.207045,-0.0206887,0.942085,-2.32383,-0.286154,-0.263082,-0.533834,1.13691,0.005531,-2.50869,-0.418418,3
-9.47176,4.33235,-4.58062,-6.87894,-4.78414,0.0133144,2.93104,0.672154,-1.16038,5.37541,-1.89442,-3.52363,1.4409,0.926798,0.0674041,-1.96558,1.19669,0.222155,0.506497,0.155863,-0.185048,-1.43362,-0.207873,0.969378,0.766142,1.09433,-1.07289,1.01672,-0.279593,-0.694554,-0.610159,-1.25402,2.42941,-0.832798,0.513957,-1.10689,-0.522594,-0.39972,1.36785,-0.311347,0.298824,0.205787,-0.269128,-0.738816,0.169642,-0.350136,0.743289,-0.866798,-0.488922,0.365004,-0.818101,0.198524,-0.475079,-0.694476,0.205063,3
5.0982,10.4763,-16.7975,-6.92705,-2.08408,1.07307,5.7459,0.330627,-2.72399,6.99883,0.0994429,-6.32475,1.70012,3.05374,-0.221272,-5.03621,0.771731,2.30124,-0.251882,1.61906,-0.677197,-1.05737,-1.30339,-0.361538,1.11442,1.45541,-2.00817,1.98811,-1.03594,-1.23075,-2.69399,-4.19149,3.83839,-2.23601,-0.737612,-0.290241,-0.251539,-2.72304,1.62305,-0.0641078,-1.41527,0.0862413,0.233149,-0.629749,-0.319586,-1.131,2.07722,-0.885782,-1.45159,1.16222,-1.09016,-0.330774,-1.28225,-1.10297,-0.0849033,3
49.8091,26.5879,-14.9659,6.94959,-10.888,-2.08046,5.35387,3.2838,-3.58831,13.93,-0.0364504,-4.91232,2.03062,1.81838,0.23865,-4.25889,0.730317,0.524745,0.477953,1.95559,0.740854,-1.96459,0.741347,1.10483,3.36461,2.89224,-1.94013,2.60925,-0.716422,-1.27608,-2.85289,-3.44174,4.07114,-2.2673,1.45978,-1.1151,-2.10552,-0.284315,2.96021,0.279514,0.55845,-0.80981,-0.449862,-1.20174,0.494674,0.17545,1.94104,-1.10732,-0.766256,0.00205582,-0.82888,0.428877,-0.330921,-2.22742,0.328859,3
26.6495,32.3494,-2.51056,6.94246,-12.1472,-1.18078,3.59854,0.403604,-1.58757,12.1856,-0.180968,-0.967247,2.83194,-0.922606,-1.94672,-2.66593,0.110199,-0.524528,1.6441,-0.247034,1.12613,-2.88272,1.98417,3.04648,5.19635,3.00017,-2.14961,3.17592,-1.06837,-2.29077,0.533132,-2.30956,4.15183,-0.95929,0.774953,-2.6634,-2.0785,1.00962,0.147219,1.03158,0.6243,-0.312768,-0.654803,-1.91785,0.587616,-0.0333414,0.885479,-3.04306,-1.28929,0.844841,-0.389819,1.66601,0.254608,-3.63846,-0.98665,3
16.9843,29.3311,6.35032,8.66409,-15.2176,-1.35903,-0.183846,-0.0281118,-1.34275,11.7198,0.144887,2.19031,3.17373,-3.35259,-3.0004,-1.01114,-0.193412,-1.37938,2.08439,-0.697418,1.83027,-4.07654,2.97305,4.06784,5.80099,3.48067,-1.48392,3.0984,-1.58508,-2.1799,1.71134,-1.45995,1.95002,0.125769,0.3889,-1.61758,-1.38577,1.7446,-1.4733,0.119827,0.496152,0.416154,-1.44913,-1.57167,1.14503,0.753443,0.28178,-2.0389,0.119187,0.0910361,0.155741,2.24565,0.969788,-2.77086,-1.47999,3
-4.95839,13.6117,15.7993,7.86795,-12.1618,-0.539834,-3.74382,-0.391512,-1.25301,7.18554,2.82017,2.43139,-0.558241,-6.44253,-5.50635,-1.55945,-1.72001,-0.16836,2.58729,0.749574,1.98861,-4.57189,3.23382,3.82491,3.67487,3.49975,-0.215377,1.1148,0.0655555,-1.4657,-0.750803,-0.241294,2.09034,1.36834,-0.567167,0.913364,0.320102,2.2705,-2.04325,-2.09231,-1.87334,1.05354,-3.36889,0.387425,1.33177,1.11301,-0.912511,-0.577624,2.22819,-1.26749,0.456857,0.976575,1.79619,-0.645013,-1.25867,3
13.9872,24.1156,-14.6794,-1.61515,-4.52983,-0.346906,6.34649,0.394933,-1.86988,8.62171,0.560889,-4.40273,1.64095,2.41635,-0.661473,-4.744,0.410444,1.77463,0.143993,1.19793,0.0346558,-1.38442,-0.241211,1.33289,3.87958,1.45111,-1.99479,2.93943,-1.43131,-1.69386,-1.14324,-4.26087,4.52086,-2.62261,-0.444833,-1.41976,-0.893001,-1.67285,1.0682,0.491354,-0.970543,-0.669807,-0.00730149,-1.17048,0.101232,-1.16682,2.59981,-2.39358,-2.02982,0.919443,-0.775152,-0.0514598,-0.921311,-2.19916,-0.323622,3
6.94319,31.013,-8.08156,1.75322,-6.41407,-0.943006,5.14652,0.177288,-0.495601,8.17249,0.682066,-1.19526,1.10488,0.989792,-1.09038,-2.5613,0.105277,0.927346,0.846799,-0.249959,0.571947,-1.80635,0.9655,2.68974,5.49633,1.54825,-1.60799,3.60899,-1.50589,-2.08726,0.871613,-3.06765,4.23463,-1.99069,-0.287711,-2.45859,-0.865094,0.180998,-0.156071,1.03074,0.244198,-0.844143,-0.232063,-1.58045,0.585969,-1.03394,2.05895,-2.84203,-1.87841,0.508268,-0.326426,0.586906,-0.356909,-2.60183,-0.401306,3
-10.4423,18.5655,-15.0613,-6.15941,1.51219,-1.378,5.99542,-0.71363,-3.86983,4.51456,1.95309,-5.22202,0.348795,3.17434,-0.0263067,-2.72079,0.375507,3.12262,-0.643354,-0.312489,-1.17802,0.214166,0.21413,-0.131878,2.44356,2.2008,-2.5827,4.31764,-1.97667,-2.53021,-2.31105,-3.40179,2.32849,-3.3995,-1.54618,-0.262482,-1.04301,-2.26006,-0.179925,-0.781815,-1.1771,-0.95385,-0.473942,-1.26887,-1.5536,-0.36827,1.61518,0.223006,-0.931284,-0.166496,-0.747573,0.68117,-0.934448,-0.347742,0.131572,3
5.53546,42.8863,-1.30872,9.10471,-10.3077,0.416221,3.50586,0.0141723,0.815915,9.41694,1.42241,2.90156,0.877826,-1.23531,-1.85168,-0.440269,-0.363983,0.897956,2.15624,-0.427133,1.69142,-1.48028,2.72871,3.35233,6.83054,3.41891,-1.1899,5.27154,-2.77183,-2.39963,2.23772,-1.49719,3.68918,-0.92413,-0.15408,-1.80331,0.329362,2.28896,-1.71132,2.45221,1.71006,-0.26865,0.255341,-2.21378,1.32692,-0.293714,0.810758,-2.55559,-0.918833,0.454636,0.307338,0.906896,1.11854,-3.20022,-0.791471,3
-6.57555,32.0403,-13.4876,-0.384764,-0.38781,-2.44865,6.48265,-0.403201,-1.97944,5.66265,2.00879,-2.20035,-0.689848,2.07054,0.245923,-2.00807,-0.275983,2.84579,-0.231842,-1.09205,0.854118,0.51828,1.06459,1.25026,4.627,1.77071,-2.30375,5.86535,-2.36167,-2.59303,-0.416083,-3.18349,2.77344,-3.44284,-0.581711,-1.01988,-1.09117,-0.461044,-1.51535,-0.0649533,-0.752966,-2.18871,-0.447024,-1.21965,-1.68547,-0.930827,2.14657,-0.802277,-1.213,-0.157161,0.0848566,0.914803,-0.560484,-0.626252,-0.417348,2
-4.40943,47.9578,-10.3566,10.387,-3.81755,-3.23106,6.03587,1.11278,1.06697,7.19372,2.22532,2.14432,-2.03364,0.499049,0.673202,0.784946,-0.521874,3.30545,1.82549,-1.27267,2.74087,1.4133,1.74032,2.35788,6.91219,4.1389,-2.24677,7.41301,-2.98204,-3.10971,0.620874,-2.36372,2.75952,-2.45726,-0.313691,-0.420723,0.495731,1.9452,-2.63587,1.80586,0.418217,-2.70492,0.529062,-1.57794,-0.424518,-1.20558,1.60027,-1.02721,-0.455143,0.429251,0.701885,0.592851,1.04772,-1.59312,-0.525342,2
-11.4458,33.7891,8.36059,10.2357,-11.0331,2.53622,-1.62162,1.93229,1.30056,6.64887,3.19728,4.00501,-0.265315,-4.28853,-4.50653,0.871613,1.79571,1.60382,2.8036,0.949718,2.89488,-1.48907,3.12429,2.05092,6.95587,4.88343,-0.192728,3.92382,-1.77189,-2.59792,1.87562,-0.273574,2.37319,-0.129031,0.215676,1.93541,2.20767,2.90125,-1.32841,0.384962,1.55046,1.76637,-1.34865,-1.21435,1.95681,0.984623,-0.85727,-1.03713,0.834914,-0.567953,0.0278785,0.192468,2.52835,-0.793481,-1.96687,2
-19.5913,25.381,-13.3134,-3.57953,3.37993,-5.87627,7.51358,-1.74486,-1.89804,3.34894,0.984028,-3.89184,-1.47716,2.15214,-0.0773782,-1.24846,-0.38155,3.18001,1.32041,-0.0858822,-1.21969,1.77048,0.170357,-1.308,2.22849,3.61578,-1.78045,5.66781,-2.73491,-1.53985,-2.48948,-2.97001,2.3548,-3.73167,-0.576053,0.967229,-1.62947,-0.0512865,-2.06989,0.11661,-0.321568,-3.22633,-0.183453,-2.26218,-1.60618,0.0577054,0.0672145,0.560614,-1.05329,0.672956,0.127515,1.56441,-0.945547,-0.0577561,0.321256,2
-17.7999,38.6882,-2.44023,14.2968,-6.30826,-0.522078,1.33368,5.49191,1.8616,4.11717,0.919324,4.33563,-1.82825,-1.86719,-2.42839,4.4066,2.59152,2.59151,2.18169,-0.554119,4.36796,1.79144,1.87706,2.25254,7.99572,5.45155,-1.34823,4.98605,-2.0861,-3.2225,1.10401,-1.36478,0.493564,-0.702611,-0.834039,1.99765,2.41675,3.8472,-0.770236,2.23025,2.34922,-0.722667,0.85827,-1.11665,0.685121,-1.08176,-0.188935,-0.122895,0.738624,-0.408116,0.594751,0.605913,2.67926,-0.527042,-1.99478,2
-22.0577,28.5273,-12.0789,3.12436,0.834917,-7.39197,5.8664,1.11243,-0.0896658,3.4533,0.176582,-0.745449,-1.65312,1.8678,0.471592,0.231101,-0.473265,2.63922,1.92505,0.320633,0.452069,2.23208,0.649401,0.365083,4.67755,5.1584,-2.07735,6.10719,-2.26355,-2.07206,-1.52933,-2.39431,1.81145,-3.22451,-0.235967,0.703876,-1.37691,1.34969,-2.41816,0.98214,0.52095,-3.72121,0.478451,-1.96276,-1.11751,-0.663573,0.479092,0.572647,-0.608271,0.854265,0.601529,1.72175,-0.079404,0.655041,0.0182522,2
-47.5615,-8.48672,3.25546,-14.5724,-1.24398,0.858473,0.877037,-0.341735,0.395858,-0.47874,-2.54977,-1.19651,0.640252,0.536016,-0.297136,0.256227,1.2507,-0.474214,1.11468,-0.742236,-0.302459,-0.946567,-0.595703,1.01264,0.238092,-0.099304,-0.256285,-0.0200982,0.290056,-0.435831,1.65322,0.473882,1.00587,0.261566,-0.313394,-0.77579,-0.0260626,-0.211523,-0.093877,-0.535936,0.523523,0.535535,-0.376599,-0.0690183,0.315023,-0.292894,-0.163438,-0.179629,-0.493971,0.394983,-0.454728,0.0238502,-0.41348,0.221076,0.143823,0
-32.4297,20.7612,-3.62168,9.48478,-2.59733,-3.73705,0.431429,11.6208,5.16805,3.14685,0.651742,5.42872,-0.719872,1.01829,-1.20106,6.1562,-0.287701,2.56303,3.12603,5.02277,6.55371,0.791977,-1.43532,0.311258,7.12252,4.33448,-0.550563,4.34298,-1.95142,-3.26721,-2.71026,-0.418778,-2.42256,-1.61366,-1.46791,1.02729,1.38702,3.50081,-0.327303,1.25599,-0.884316,-2.58396,-0.819738,-0.984002,0.253842,-0.353671,-2.60657,1.1831,2.26379,0.065766,1.21375,-1.73825,2.69886,0.805881,-1.84953,3
-33.7878,13.8449,3.70868,4.22341,-5.11851,2.57169,-1.99466,8.926,3.14082,2.75415,2.0328,4.62451,-1.57207,-1.14427,-2.40196,4.73595,1.68984,1.4734,0.965346,3.89684,6.25791,-1.21063,-1.08928,-1.02281,5.14671,1.64453,1.09268,2.07433,-1.04273,-1.38464,-0.93516,0.3959,-1.03489,-2.07901,-2.06427,0.506766,2.18905,2.15788,-0.555732,0.343394,0.252235,-1.21981,-3.06642,-1.26145,0.470382,0.633827,-3.52641,1.054,3.44004,-0.0641248,0.515022,-2.99537,2.22471,-0.69487,-0.687408,3
-33.9688,6.49212,9.36564,-0.629759,-5.73244,5.17345,-2.83863,4.77262,0.616945,3.41797,5.09714,2.54838,-3.22416,-1.77461,-2.58532,-0.606464,0.862112,0.15508,-0.511259,2.23678,4.90431,-2.93166,-0.412844,-0.67555,2.78438,-0.490851,1.95077,-0.23233,0.765026,1.37483,-2.1606,1.81865,0.924839,-1.99882,-1.22076,0.957561,2.21842,-0.0652714,-1.63751,-0.148432,0.0101483,-1.20543,-4.09898,-1.74624,0.363506,1.62079,-2.56249,0.446175,2.54306,0.254793,0.234503,-2.3508,1.09439,-0.681861,-0.592122,0
-36.6556,9.86215,-7.96077,-1.1768,0.968238,-8.66918,2.71109,3.99925,3.27661,2.02951,-0.737949,-0.122575,0.397361,3.12001,0.673389,-0.343818,-2.10993,1.64576,2.17509,2.98414,1.03104,2.49623,-0.303025,0.0046181,3.58089,5.45487,-1.99418,4.8402,-0.978918,-1.65437,-2.50675,-1.20857,0.837306,-3.56012,1.0289,-0.377783,-2.08895,1.92368,-3.3219,-0.148935,0.628581,-3.25289,0.113446,-2.00644,-1.1436,-0.764926,-0.712263,0.417181,-1.19127,0.602126,1.08227,1.47721,-0.358865,2.39426,-0.788361,0
-40.42,3.92561,-3.45809,-2.41434,-0.255574,-5.31685,2.67127,7.24411,4.72819,2.84924,-2.50162,1.99008,1.15375,2.59638,0.10766,2.05888,-1.86819,1.67689,2.39937,3.14199,3.20627,0.73269,-1.70826,1.06299,4.64639,4.3107,-2.29853,3.4801,-2.04069,-2.97587,-4.12769,0.100103,-2.45826,-0.942215,-0.440572,-0.572208,0.151092,1.0106,-1.59304,-0.1506,-0.424434,-2.98824,-0.729746,-2.13349,-1.86195,-0.944841,-2.93487,0.625155,-1.35457,0.021979,2.08117,0.643951,1.01338,2.49068,-1.87766,0
-39.881,-0.273485,1.47801,-3.55113,-1.92426,0.313985,1.18603,8.7368,4.81217,1.94994,-2.76436,2.4448,0.70681,3.20013,-0.264001,4.50692,-0.201611,1.28245,1.72948,2.89636,3.57345,-0.578386,-2.71693,0.293067,3.47218,0.942007,-0.986104,0.383169,-3.48592,-2.7545,-5.05063,0.436782,-4.12935,2.98418,-2.62115,-0.541101,1.43333,-0.93041,-0.63233,-1.48149,-0.679419,-2.4674,-0.385815,-2.25626,-1.74561,-1.91216,-4.14848,0.721237,-0.620612,-1.1882,3.00357,-1.28578,1.05987,-0.633618,-1.38261,0
27.838,0.780261,-3.71012,3.17499,-11.3362,-0.464292,3.46431,0.141659,-2.77878,10.6341,-0.559572,-3.04053,3.80635,-0.288363,-0.993141,-3.55151,-0.181463,-1.50007,1.78889,-1.23295,0.867473,-1.88149,-0.0192419,0.731559,-0.795023,1.09328,-1.81182,0.115166,-1.21972,-0.656845,-1.90338,-0.307027,3.74346,-0.0170008,0.827266,-1.15096,-0.506697,-0.622616,1.76914,-1.02639,0.167128,0.272403,-0.873735,1.05439,1.28643,-0.0314451,-0.52842,-2.42301,0.687791,0.815553,-0.682755,-0.430709,-0.12792,-2.09925,-0.747675,3
46.2401,0.323988,-13.6217,4.27039,-10.3577,1.01112,5.27067,0.49806,-3.90186,12.5075,-0.0582385,-6.17216,4.20264,1.53516,-0.290029,-5.61647,0.012335,-0.0665454,1.36796,-0.013242,0.369718,-1.46971,-0.730557,-0.589298,-2.31138,1.13624,-2.36392,0.552117,-1.15479,-0.609013,-4.55427,-1.86098,5.22016,-0.880783,0.990251,-0.691176,-0.153315,-1.81962,3.08775,-1.1009,-0.340601,0.459114,-0.381683,1.26531,0.647489,-0.412041,0.374228,-2.50109,0.860374,1.54092,-1.44069,-1.12954,-0.672839,-2.08945,-0.398265,3
41.5215,-3.30958,-8.79938,4.98913,-11.4806,0.266627,4.4571,0.298369,-3.61193,11.9423,-0.0759612,-4.49574,4.25415,0.543808,-0.743596,-4.63271,-0.194814,-1.02906,1.7484,-0.908203,0.621511,-1.53062,-0.496487,-0.13363,-2.39679,0.763118,-2.18975,0.0675839,-1.24263,-0.563295,-3.50051,-0.569955,4.73536,-0.178246,0.947173,-0.857025,-0.134132,-1.36305,2.58529,-1.41908,0.0208996,0.581131,-0.747606,1.59315,1.23777,-0.0609138,-0.269532,-2.50293,1.1516,1.18239,-1.14875,-0.959449,-0.551484,-2.17388,-0.604886,3
30.9162,-5.12458,-15.0674,-0.135309,-7.72868,1.76542,4.78237,0.911655,-3.85144,10.2139,0.117638,-6.69161,3.20696,2.14768,0.410737,-5.38745,0.716027,0.978629,0.722715,0.0989176,-0.526016,-0.868668,-1.19465,-1.08226,-3.08392,0.519245,-2.02964,0.745681,-0.56341,-0.404719,-4.58086,-1.75186,4.2929,-0.955498,0.587825,-0.386453,0.448845,-2.11599,2.85437,-1.11787,-0.488031,1.04483,0.0383706,0.971066,0.0809023,-0.252354,0.897737,-1.56602,0.715596,1.29749,-1.66831,-1.00303,-1.07054,-1.47548,-0.107042,3
45.3138,-3.79887,-1.07522,9.74705,-15.3314,-2.38029,0.808514,-0.37045,-5.21316,14.5973,0.650056,-1.6171,4.40505,-0.279834,-1.51043,-3.28123,-0.867817,-2.43447,1.90692,-2.19574,0.738073,-2.08038,0.550758,0.75875,-1.66146,1.05089,-2.42421,0.936667,-0.832295,0.186675,-1.75196,1.06116,2.60992,0.568249,-0.403069,-0.956423,-0.0921327,-0.416138,1.92071,-1.50339,-0.219119,1.13962,-0.900498,1.43449,1.27389,0.925101,-0.371698,-2.46488,1.71148,0.501963,-0.491627,-0.411403,-0.0628125,-3.0592,-1.13716,3
48.1959,-10.3436,-5.70411,8.96437,-14.0586,-1.23596,1.93237,-0.183691,-5.35757,13.6701,0.723488,-3.22266,4.56279,0.676146,-1.01039,-3.97068,-0.580744,-1.79937,1.69782,-1.85681,0.279405,-1.20931,-0.0641159,0.0600245,-3.46867,0.289086,-2.50974,0.550032,-0.685963,0.0857,-2.78905,1.09144,3.52637,0.390069,-0.243446,-0.848054,0.214108,-1.25724,2.81792,-1.71236,0.0813823,1.37958,-0.579007,1.7973,1.48294,0.987624,-0.327864,-2.54856,1.74155,0.949314,-0.837769,-0.859565,-0.34259,-2.82001,-0.975153,3
35.2806,-7.9351,-12.0502,2.47562,-9.47621,1.05421,4.11463,0.556588,-4.03193,10.9019,0.281458,-5.61244,3.51616,1.81979,0.138429,-4.87348,0.388721,0.157193,0.985129,-0.720952,-0.333931,-0.731764,-0.859496,-0.696545,-3.53275,0.159969,-2.17882,0.586003,-0.599325,-0.235659,-4.08112,-0.657911,4.25239,-0.46836,0.551237,-0.64201,0.453096,-1.83845,2.96112,-1.41985,-0.14919,1.29351,-0.1008,1.31412,0.534981,0.193448,0.470551,-1.92724,1.14887,1.16506,-1.48914,-1.0062,-0.864809,-1.92981,-0.391084,3
14.8261,-13.09,-19.4837,-5.04889,-2.45333,4.14546,3.90431,2.22059,-3.00523,7.81608,2.11761,-7.8608,1.43573,2.90547,1.05487,-4.82943,1.05906,2.88587,1.10422,1.12242,-0.632863,-0.725492,-2.31006,-3.06122,-4.28002,0.350329,-0.97445,0.966167,-0.237748,0.0810153,-4.86209,-1.82502,4.65137,-1.44305,-0.256034,0.245419,0.923334,-2.04272,1.8694,-0.734078,-1.72427,1.06186,0.178799,1.10286,-0.535378,-2.08867,0.869704,-0.227027,0.862668,2.05905,-2.21442,-0.752783,-1.77433,-1.62314,-0.0891312,3
40.249,-14.7348,-9.41012,5.69942,-11.368,0.42195,3.07572,0.162966,-4.72917,11.7123,0.805734,-4.34033,3.94374,1.51092,-0.242577,-4.25997,0.0701221,-0.823877,1.43723,-1.64257,-0.248233,-0.636906,-0.635525,-0.541688,-4.54665,-0.224752,-2.47121,0.27695,-0.52129,-0.0750408,-3.59811,0.812032,4.13131,0.150646,-0.0648554,-0.690647,0.491934,-1.54208,3.04882,-1.70845,0.162512,1.62775,-0.253006,1.90897,1.06908,0.619664,-0.12451,-2.0577,1.76676,1.08145,-1.23552,-1.00787,-0.755666,-2.32063,-0.650829,3
35.4554,-25.114,-2.35906,8.99897,-13.2804,-1.11431,2.45642,-0.185474,-4.47633,11.3593,1.44244,-0.707609,4.59888,-1.79765,-1.41854,-2.12362,-0.914557,-3.59504,3.26063,-3.56172,-0.20316,-1.78489,-0.744713,-0.45145,-4.93211,-0.0590119,-1.9679,-1.00073,-0.717564,-0.169743,-2.18334,2.82162,3.55594,1.26045,-0.463968,-0.429954,0.533886,-0.274013,1.60831,-1.95126,1.0063,1.3368,-1.66427,2.2607,2.31208,0.502452,-1.6838,-1.9304,2.88745,1.29135,-1.08178,-0.737024,-0.623438,-1.66061,-1.03861,3
24.6799,-20.3889,7.38933,9.77635,-15.2179,-4.5994,-0.621873,-1.34468,-4.5187,10.8997,1.47086,2.67476,4.86455,-3.4854,-2.25755,-1.57858,-2.36892,-5.07548,3.55864,-4.62373,-0.235661,-2.93156,0.0139666,0.402579,-3.99995,0.635757,-2.6329,-1.19076,0.767165,0.081403,-0.842439,3.70224,1.09069,2.54382,-0.865572,-0.763825,-0.276887,0.708692,-1.01471,-1.53524,-0.344288,0.981781,-2.50254,0.90918,1.37759,-0.0221891,-1.20605,-0.693863,2.39732,1.037,0.0031808,0.267216,-0.461247,-2.22015,-0.653888,3
-9.37702,-13.3867,17.3761,6.25034,-8.83243,-4.4332,-2.46232,-1.6089,-5.23911,5.19283,3.71226,2.3342,-0.493197,-5.30543,-5.76468,-2.26079,-5.46652,-3.60967,0.908586,-2.75865,0.393402,-1.98747,1.196,2.68671,-2.45206,1.20687,-1.87008,-0.362481,1.47855,2.11367,-2.66113,0.199459,1.45326,3.09509,-0.230914,-1.11804,-2.49457,0.804549,-3.14598,-1.23968,-3.28274,0.066841,-2.48363,-1.22368,0.450599,-0.979161,-2.10972,0.604192,0.895903,-0.462957,1.1002,1.6867,0.457193,-2.24309,-1.25791,0
28.8325,-26.4512,-17.7364,1.92758,-5.56931,4.0256,3.68109,1.90107,-3.07253,9.24894,3.31742,-5.9,1.78625,2.29336,1.16413,-3.95649,0.622528,1.27042,2.5059,-0.996437,0.188295,0.0644624,-2.65271,-2.93745,-5.92254,-0.844782,-0.967582,-0.238431,-0.2763,0.432668,-5.03399,0.0250491,5.0442,-0.178295,-0.26632,0.0324283,1.31525,-0.846641,2.52372,-1.30178,-0.726029,1.03225,-0.0972399,2.6685,0.479598,-1.45335,-0.75055,-0.475966,2.60369,2.5342,-2.07787,-1.75743,-1.218,-2.65251,-0.177553,1
30.6836,-38.9084,-11.3665,8.61832,-8.84423,1.57027,3.37826,1.47667,-3.03792,9.52431,3.38802,-1.70789,2.42087,0.868662,0.79543,-1.92187,-0.157222,-1.23108,4.31999,-3.62614,0.183812,0.223162,-2.4826,-1.90428,-6.43713,-1.11281,-1.50355,-1.46156,-0.898699,0.542516,-3.91191,1.88373,4.03429,0.729837,-0.969217,0.396489,1.38955,0.919712,2.06597,-1.894,0.894724,0.134212,-0.46598,3.42771,1.6511,-0.452782,-2.51499,-0.328116,3.64398,2.72208,-1.34487,-2.02383,0.0932828,-1.79481,-0.185614,2
3.82832,-31.0038,-18.218,-2.03938,-0.666062,8.73624,1.53249,5.21264,-3.06658,4.89926,4.31156,-7.49279,0.787892,2.97549,0.260949,-2.83509,1.94012,3.27955,2.31982,-0.287208,0.4669,1.8579,-2.0558,-4.35876,-6.71814,2.24296,0.350231,0.15277,0.564573,1.19672,-2.06244,-0.471178,1.8939,0.92328,-1.29441,1.99226,1.70468,-3.10545,2.33058,1.15579,-0.400878,1.02635,1.41536,3.04727,-0.218358,-3.99524,-0.557622,-0.33299,0.436036,1.78111,-1.1331,-1.5283,-0.66571,-0.816253,0.646812,2
17.1339,-43.3663,-0.184805,11.4327,-11.1525,-3.73467,1.69396,0.512648,-2.96932,7.9514,0.888646,2.31826,3.6772,-1.12926,0.0153724,0.235184,-3.17232,-4.88113,5.3567,-4.64871,-0.685396,0.67704,-1.51968,-2.09877,-6.82771,0.856784,-3.66782,-0.506543,-0.246638,-0.13678,-2.52897,3.89947,1.97379,0.822694,-0.428633,-0.562017,0.184217,2.33621,-1.00987,-0.249138,0.979236,-1.97233,-0.7649,2.10584,1.05862,-0.149913,-3.40617,0.114208,3.95132,1.6098,1.10424,-0.112322,-0.0789754,0.012679,-1.18192,2
7.07762,-41.5849,-15.0862,5.02315,-3.78895,6.88426,1.67022,4.08501,-3.19906,5.71677,3.01091,-3.49946,0.79041,2.68345,1.41411,-1.21366,0.912965,1.14297,3.21074,-2.1996,1.1584,2.9335,-2.57219,-4.39854,-7.80721,2.24089,-0.43822,-0.0355693,0.215925,0.315285,-2.41648,0.217442,1.97168,1.63064,-0.088547,2.19604,2.1251,-0.815654,1.86294,0.879342,0.361358,0.212457,0.997375,3.403,-0.270713,-2.86679,-2.78476,-0.447221,1.2474,2.27499,-0.711021,-1.44283,0.260486,-0.424223,-0.100574,2
0.483299,-45.2249,-9.0848,11.2973,-6.04692,2.24027,2.20794,0.970728,-2.08212,4.21273,1.4245,1.00182,0.85589,0.50941,0.929139,1.14386,-0.583562,-2.10154,4.46037,-4.64404,1.1811,3.4733,-2.57,-4.01754,-8.85521,2.01813,-0.790457,0.642231,0.0783754,1.43736,-1.7441,1.63726,1.41112,1.19969,0.561526,1.8905,2.2426,1.59064,-0.758625,0.241657,0.82177,-1.31316,0.456558,2.81539,-0.211787,-2.65793,-3.50225,-0.42569,2.64576,2.636,0.442313,-1.21293,1.23109,0.68634,-1.30355,2
-5.35222,-33.2781,10.2059,8.87606,-7.95723,-8.16799,0.713189,-3.30322,-5.69242,4.60475,3.39087,3.19831,0.854146,-4.25435,-1.90262,1.16952,-5.84042,-6.18367,3.12282,-4.87443,-1.03157,1.17071,-2.10701,-0.773958,-5.00098,1.13267,-4.63387,0.54768,1.33924,1.88581,-2.78307,2.30148,-0.902298,2.42529,0.775131,-1.86635,-2.40721,1.11581,-4.56203,-0.186309,-2.66901,-0.977171,-0.867072,-0.53914,1.09326,-1.79212,-3.38189,0.866571,1.99493,0.57587,2.39372,1.92163,0.112243,-0.518836,-0.380366,0
-13.4181,-32.5208,-13.2116,-0.214633,-1.76616,10.265,0.384861,3.80747,-0.324451,0.915962,2.23597,-4.2609,-0.419939,1.95134,0.0637817,-2.88714,1.35097,3.22131,3.14627,-1.61103,0.814649,4.31082,-1.26234,-4.09431,-6.14663,4.1297,-1.0432,0.670753,0.50879,-0.241176,-2.62951,1.45995,0.377613,0.478793,-1.36901,2.11289,4.11766,-2.08315,1.39842,1.6404,0.956081,1.28873,0.859787,2.08944,-0.26665,-2.28947,0.29837,-0.926558,1.34929,1.90787,-0.577741,-2.2755,0.12009,-0.0790938,0.592333,0
-9.74878,-39.1452,-0.366474,12.8207,-6.21891,-3.3858,3.48591,-4.95361,-4.04205,2.32158,4.76601,5.73728,0.223742,-1.48334,-0.656855,1.94067,-4.40601,-5.03635,3.64465,-7.377,-0.389398,4.50172,-4.13627,-3.2966,-6.72452,1.17211,-2.67038,0.955191,-0.432501,2.18091,-2.9308,2.5061,-1.42037,1.12425,0.296264,0.135253,0.902458,1.76746,-4.00477,0.245323,-1.86677,-1.33854,0.714879,1.00528,0.747013,-2.50882,-3.11366,0.670587,2.01761,1.6482,2.06002,-1.52969,0.701973,-0.289684,-1.25855,0
-16.7808,-34.7132,-11.1185,5.5362,-3.71997,8.29914,1.17396,-0.137426,-0.364765,0.85004,1.94128,-0.831749,-0.175915,0.848692,0.526274,-1.383,0.399008,1.19075,3.43921,-4.11415,1.1512,5.43302,-2.13013,-4.23298,-7.43012,3.88023,-1.12241,0.636691,-0.394254,0.52057,-2.55603,2.664,0.541856,0.869092,-0.498292,2.71092,5.32198,-0.971154,-0.0239722,0.376155,0.599851,0.941641,1.27952,1.51496,-0.453317,-1.81355,-0.566622,-1.14108,2.03865,3.17077,-0.00254737,-2.19751,0.717984,0.0864672,-0.859051,0
-22.3488,-32.7152,-6.34159,8.9072,-4.38696,5.216,4.15947,-7.27247,-0.125408,1.28663,2.28295,3.7641,-0.205509,0.908342,0.939585,0.860653,-0.704284,-2.90635,1.32402,-5.99901,1.57575,5.19649,-4.21988,-5.21015,-8.19195,2.88441,-1.28191,0.391463,-1.5374,2.37937,-2.45007,2.18455,-1.65735,0.296512,1.08647,2.45452,4.77689,2.16126,-2.01035,0.688147,-3.20686,-0.575042,2.28943,0.681971,0.311006,-3.04243,-0.988113,-1.77427,2.26875,3.02562,1.42423,-0.950839,1.90057,0.677646,-1.74593,0
-35.5133,-19.5206,1.33473,-1.78047,-2.31286,0.901546,4.93708,-7.73572,-0.202108,1.26859,0.459373,3.79833,0.523082,1.04957,0.319198,2.06913,-1.91359,-2.7045,0.590315,-3.30522,1.01191,2.40975,-3.92047,-3.65887,-5.58301,0.254245,-0.544045,-0.841324,-2.82778,3.35148,-0.461545,0.204273,-1.78347,-0.153176,-1.23346,1.9432,1.84676,2.68526,-3.3647,0.896823,-1.97013,-0.147663,1.49039,1.54849,2.99972,-3.15927,0.685035,-3.21655,1.3007,-0.604819,1.35506,1.42855,1.19164,0.216691,-1.83539,0
-35.6706,-17.7287,5.0478,-4.41583,-2.00937,-2.33594,4.00148,-6.79279,-0.914588,1.76766,2.77153,3.656,1.46664,0.549263,-1.3515,1.51695,-3.02866,-3.95733,0.67054,-1.21207,0.839257,1.63888,-3.791,-2.21462,-2.28447,-0.929291,-2.10877,-3.23557,-1.27165,3.27726,-1.55059,-0.427044,-1.28188,0.681209,-1.8774,1.53137,-0.91787,1.38175,-3.81329,2.44869,0.776745,-0.197381,0.964258,0.965209,3.13316,-1.61124,0.200248,-2.83712,0.56179,-1.51398,0.264758,3.01001,0.686495,-1.25692,-0.329332,0
-40.0332,-11.9103,5.24603,-9.17305,-1.97271,-0.760448,1.87528,-2.88645,-0.481849,1.48529,2.09382,0.539292,0.824463,0.0833533,-1.41014,-0.918196,-1.30427,-2.53586,1.01565,1.06624,0.371419,-0.942504,-1.2526,1.06872,0.314148,-0.549373,-1.14678,-2.2295,0.640429,1.19879,-0.991949,-0.688993,0.245618,1.02967,-1.46247,-0.201092,-1.63284,-0.0525686,-1.88587,0.749445,2.36142,-0.811184,-0.903697,0.0505295,1.19544,0.643349,-0.501821,-1.34753,0.294346,-0.850879,-0.550762,2.0314,0.858736,-0.316027,0.162196,0
-35.9601,-18.9441,-5.28437,-3.57848,-3.39271,7.76646,0.932715,-3.90025,1.9675,0.99351,-0.606843,-1.40874,0.0242911,0.930364,2.29203,-1.46564,0.262455,1.328,0.948961,-1.38651,1.86896,4.24622,-1.96009,-2.91766,-5.17858,4.38325,-0.780794,-0.98051,-0.745273,0.365916,-0.508443,2.30061,0.420357,0.667504,-0.474508,3.66636,5.1637,-2.0352,0.562975,-0.0411903,-1.10846,0.695637,2.88038,0.120985,1.91931,-1.1555,0.339887,-1.83472,2.1135,2.93948,0.812661,0.88346,1.65605,0.30063,-0.641499,0
-42.8848,-11.2066,1.04796,-10.0749,-2.46579,2.68955,2.55039,-2.55127,1.02914,0.620709,-1.83295,0.446781,1.01163,0.852827,0.625424,-0.156409,0.588099,-0.270367,1.05986,-1.0842,-0.254114,0.712264,-2.41086,-0.652074,-2.31853,2.22871,0.780398,-0.917859,-0.32254,1.15017,1.24355,1.09062,1.15776,0.473371,-0.913677,0.336004,1.23995,-0.421325,-0.0153663,-0.476596,-0.484709,0.172422,1.2795,-0.256931,1.76143,-1.22692,-0.077358,-0.963187,0.918535,1.32641,1.16894,1.48762,0.331981,1.05018,-0.137698,0
-43.1929,-8.2536,2.20454,-12.981,-1.69057,0.837228,0.989294,-0.255561,0.314867,0.183662,-2.2199,-1.30035,0.676494,0.522952,-0.266296,0.0583028,1.15295,-0.422332,1.23956,-0.709849,-0.125051,-0.751848,-0.59728,0.83041,0.0623675,0.153218,-0.365076,0.059543,0.178588,-0.500799,1.36738,0.381668,1.06845,0.186779,-0.336125,-0.684748,0.0822147,-0.293964,-0.0782027,-0.501786,0.49204,0.491753,-0.37568,-0.0746167,0.381747,-0.357846,-0.181137,-0.30295,-0.387418,0.479373,-0.456346,0.0429168,-0.347013,0.160994,0.0868524,0
50.1911,6.74263,1.8167,-0.161452,-0.201436,1.43767,5.26348,-0.504006,10.7401,1.67042,-5.33104,3.15516,-0.75634,-1.5958,0.0374144,0.171372,-0.993806,2.82932,0.480368,-0.125736,-0.419286,0.151237,-1.62574,0.861128,0.250491,0.783795,0.681674,-0.360059,2.13719,0.554585,0.000792876,0.607518,-1.9004,1.05872,2.5881,1.05062,1.38606,-0.448429,-0.706986,-1.09554,-1.90236,-1.54734,-0.812975,1.33892,0.676841,1.90887,1.7255,0.283953,-1.05595,1.61759,-1.60994,-0.858728,-0.416176,0.236285,-1.84138,0
43.4188,7.36956,14.5909,5.44041,-2.73394,-0.13644,6.24055,0.97553,10.4894,-1.41831,-6.89032,2.57735,0.156458,-5.9936,1.60089,-0.605383,1.95361,-0.489974,1.69477,-0.113365,-2.99757,-2.66199,-1.17412,0.779094,1.08736,0.881044,-2.06023,0.39772,3.98916,1.34363,0.455644,-0.139189,-3.10723,0.532391,-0.336216,2.59165,4.24788,-0.434603,-0.864743,-2.45656,-2.06464,-1.9923,0.655315,-0.40039,1.03744,0.830413,2.74132,0.135431,0.275966,3.12001,-0.834055,-0.365485,-0.513319,-0.729925,-1.74683,0
18.8309,4.28339,24.1729,8.75819,-2.98633,-0.391944,6.1748,2.90582,5.75739,-3.31825,-2.82479,-0.170871,-0.0169564,-7.67985,2.12425,-1.80521,2.90024,-0.637276,-1.17195,0.85603,-5.90859,-5.76583,3.24292,2.29931,-0.698514,1.88342,-3.24564,-0.453014,4.98338,-0.51958,-1.69011,-3.98798,0.0502134,1.48065,-2.72933,5.88367,4.54477,-1.70498,-0.795326,-2.10339,-2.83286,-1.64428,2.40277,-3.63503,-1.97544,-3.28243,3.19148,0.387709,-0.0420483,3.61252,0.482208,-1.01691,2.78762,-0.66304,-1.49794,0
-41.6824,-7.88093,6.45984,-10.4816,-0.351365,1.78,1.50547,0.962453,2.13224,1.86886,2.22354,0.436477,-0.949215,0.0536688,1.14123,-2.39543,-0.463416,-1.07421,0.68526,0.824332,0.641652,-2.83905,-0.00117207,0.503812,0.486327,-0.482789,-0.435927,-0.666649,0.33999,1.7201,-0.350952,-0.144939,0.166005,0.617174,-0.0196871,0.395433,-0.142995,-1.60852,-0.446725,-1.14405,2.37151,-1.37904,-0.494206,-0.0756544,-0.0384416,1.1351,-0.340663,-0.806811,0.0586586,0.134858,0.153357,-0.411119,-0.238278,0.532133,0.473698,0
45.1207,6.0402,-8.71941,-5.08506,2.78555,1.80502,3.64083,-0.473914,10.1662,5.09421,-3.26448,3.41044,-2.73551,-0.867482,-0.413633,2.12311,-2.30721,4.67373,-0.570075,-2.13374,-0.136869,-0.851684,-2.31852,-0.321302,-1.24404,2.16547,0.849551,0.598235,2.17405,-0.45849,0.690402,1.38493,-3.37331,0.327928,2.32628,0.797584,-1.3344,-1.68377,-2.82284,-0.550194,-2.47145,-1.35648,-2.42673,2.33295,1.44829,2.89979,1.73485,1.11599,-0.589589,0.595617,-1.27236,0.334375,-1.42824,0.0491536,-0.999306,1
26.3017,3.26646,-13.5739,-9.61036,4.62002,2.36182,2.66055,-0.289522,7.51125,7.40315,-1.77651,2.11795,-3.29069,0.0359751,-1.37874,3.00658,-2.48757,4.70777,-0.045213,-3.15953,0.0513617,-1.16033,-2.24052,-0.0773217,-1.46293,2.44771,1.26284,0.882075,1.76148,-1.00168,0.935948,1.20133,-3.75552,0.204922,1.66806,-0.281079,-2.94226,-1.8774,-3.58152,0.293762,-2.13874,-0.773359,-2.71148,2.77141,1.66161,3.32036,1.4315,1.47395,-0.550524,0.0576392,-0.795906,0.61228,-2.30417,-0.227376,-0.801954,1
49.9286,14.1486,7.58996,3.10333,-1.11154,0.254458,6.72926,1.82133,10.8904,0.25746,-8.05862,3.19097,-3.07365,-4.74416,3.21004,0.753915,0.852164,0.185911,-0.783315,-1.06405,-1.6173,-1.34358,-2.09697,-0.0354813,0.522177,0.873551,-2.21721,0.734569,2.88835,0.793136,0.737838,1.41441,-3.18653,0.852258,0.696568,1.228,2.14196,0.0643328,-0.0427646,-1.19387,-2.23792,-2.74452,0.177936,0.989755,0.836168,1.49782,2.71535,0.250454,0.725506,1.88383,-0.576424,0.0550628,-1.58669,-0.241344,-2.38641,0
52.0088,15.7702,-4.91152,-2.22453,1.94225,1.18068,4.91333,0.806503,10.4331,3.53049,-5.54801,3.50114,-4.22317,-1.73146,1.68218,2.20483,-1.92815,2.98172,-1.64435,-1.60819,-0.336183,-0.509449,-2.48104,-0.128447,-0.731872,1.83112,-0.465175,0.555355,2.52829,-0.712856,0.136705,1.77016,-3.46086,0.516677,2.31083,0.429441,-1.31848,-0.580261,-1.5041,-0.0145466,-2.29756,-2.12257,-1.51291,2.27188,1.03729,2.24475,1.90556,0.784896,0.206092,0.551463,-0.436522,0.765624,-1.56376,0.232963,-1.12966,0
56.9912,23.8863,0.413436,1.31884,0.297966,1.0263,6.64992,1.51059,11.0276,1.93599,-7.85911,3.57712,-4.03478,-2.7374,2.8646,2.21097,-0.977909,1.48229,-1.79688,-1.30587,-0.958693,-0.742,-2.42788,0.138532,0.512757,1.6336,-2.03446,-0.0473136,3.04449,-0.725674,-0.0620383,1.38035,-3.72448,0.904076,2.23485,0.270685,-0.110873,0.0225379,-0.454263,-0.305623,-1.93184,-2.77656,-0.905397,1.82947,0.927362,1.984,2.42895,0.9839,0.78477,1.27826,-0.525008,0.476845,-1.6567,0.262532,-1.84569,0
44.2124,17.7883,-9.22459,-5.16322,2.96789,2.73896,3.92232,-1.42734,9.61517,5.58521,-3.57527,2.87977,-1.55911,0.165054,-1.67431,2.40842,-2.61281,4.84594,-0.375666,-1.622,-0.11424,-0.095192,-2.48979,0.786363,0.96548,2.1784,0.820217,-0.40481,2.49622,-1.33573,-0.0652825,0.361644,-3.65062,0.654038,2.92381,0.667042,-1.50084,-1.45115,-1.22897,0.716101,-2.04472,-1.31831,-2.68338,1.8529,0.142353,2.97836,1.01511,1.20937,-0.589397,1.41075,-2.04431,-0.672652,-0.836759,0.411652,-0.929773,1
38.424,21.6104,13.1169,4.94595,-3.1964,1.31211,6.00108,0.759912,10.0715,-1.22073,-7.84714,2.41666,0.355763,-5.08643,1.58239,0.0836205,1.13952,-0.645998,1.07097,-0.337753,-3.19279,-2.02661,-1.50712,1.41106,2.38129,1.59081,-3.39281,-0.476672,3.83779,-0.480526,-0.618514,-1.52167,-3.83645,0.610072,-0.0099874,1.41197,3.11789,0.320959,-0.549936,-2.15068,-1.41333,-2.26075,0.379602,-0.83157,1.14591,1.28701,2.40495,0.608955,0.755148,3.34412,-1.18078,-0.0753169,-0.691845,-0.925736,-1.47164,0
36.3332,27.3908,6.71455,1.6886,-2.44825,1.91641,5.76671,-0.0400592,9.61899,0.320771,-6.99437,2.73703,0.0812342,-2.47437,1.49133,0.993073,-0.153779,0.694066,-0.0251615,-0.848415,-2.3725,-1.4117,-1.8768,1.38256,2.77717,1.9957,-3.0408,-1.117,3.07886,-1.75269,-0.50947,-1.16782,-3.32594,1.10268,1.53646,-0.0782706,1.54656,0.510942,-0.0857266,-1.18638,-1.48206,-2.33393,-0.61218,-0.0311081,0.483992,1.81098,2.09699,0.600049,0.0707774,3.14499,-1.58491,0.0832362,-1.06486,-0.844231,-1.6158,0
39.3345,24.7957,-5.28354,-3.83756,1.57353,2.54089,4.59729,-1.24831,9.62628,3.90762,-4.33788,2.83086,-1.27116,-0.246837,-0.645267,2.18481,-2.23477,3.68798,-0.800895,-1.42031,-0.770275,-0.319304,-2.43976,1.20165,2.0762,2.05211,-0.396188,-0.894585,2.85145,-2.06829,-0.344208,-0.137105,-3.35367,1.0329,2.79174,-0.0274639,-1.07568,-0.803114,-0.0953277,0.713362,-1.85938,-1.63497,-2.21933,1.3352,-0.0369342,2.50461,0.954298,0.913149,-0.389063,1.92482,-1.8805,-0.387875,-0.57338,0.160107,-1.0002,1
10.6489,16.5414,-13.6662,-11.0457,4.90021,2.32959,2.96792,-1.81661,5.44405,6.90496,-2.00793,1.52261,-1.98091,1.00567,-2.02277,4.07444,-3.10477,3.44374,-0.797128,-3.42869,-0.213074,-0.696783,-3.07916,0.601274,1.08947,3.12954,-0.176273,-0.366167,1.77515,-2.90418,0.184564,-0.21606,-3.85251,0.366348,2.00138,-0.688065,-3.0956,-1.96223,-1.8184,0.692695,-1.86895,-0.634599,-2.92661,2.38332,0.934089,3.29262,0.933841,2.10961,0.908596,0.659673,-0.756531,-0.0108603,-1.23637,-0.377189,-0.684112,1
20.6925,23.9762,0.533342,-3.7694,-0.654053,2.19953,4.58483,-0.853693,7.75526,1.80895,-4.67205,2.3017,-0.144946,-0.296925,0.592227,1.71765,-1.09009,1.7587,-0.524492,-1.33763,-1.48237,-1.12269,-1.91452,1.32492,2.72402,1.84798,-1.74536,-1.1598,2.56226,-2.49881,0.123334,-0.702107,-2.40835,1.17923,1.81965,-0.646356,0.121714,-0.0662227,0.14251,-0.0368617,-1.38442,-1.62332,-1.40977,0.335672,0.0147754,1.71865,0.975594,0.439205,-0.407054,2.46047,-1.48116,-0.0225836,-0.62022,-0.495267,-0.94274,1
25.3603,43.8189,6.84615,4.61694,-2.68293,4.99565,6.73504,0.180121,9.16366,-2.64131,-8.54409,1.95831,0.316875,-3.19717,1.81507,1.46917,0.273049,-1.72857,-0.546552,-1.22832,-3.20743,-0.4234,-1.53402,1.44613,3.68796,1.8343,-5.89325,-1.2741,2.81794,-3.7715,-1.49352,-2.32347,-3.06611,1.89425,-0.258466,-0.546076,1.77962,0.942854,2.27502,-0.0150868,-0.428056,-2.43631,-0.563688,-1.77716,0.319794,2.58242,1.98186,-0.156619,2.83291,3.3422,-1.3712,-0.610068,-0.543383,-0.861571,-1.91493,0
6.17455,35.5141,16.5454,8.04163,-4.6025,7.28829,5.40508,3.05082,5.34678,-3.33254,-6.70313,0.692963,2.31962,-5.56476,1.46707,0.319891,2.85867,0.0902914,-0.70387,-0.208771,-4.67234,-2.90035,2.75261,2.60183,1.05901,1.77271,-7.18869,-0.892086,1.33722,-4.18214,-1.65594,-2.70801,-1.08206,0.815346,-3.4972,3.94256,2.7017,-0.14374,1.32605,-0.485452,-0.216771,-0.805263,1.29659,-1.55755,-0.971786,-0.341658,1.34658,1.15971,4.08589,3.53938,0.0800053,-0.752519,1.51289,3.13361,-1.71742,0
-23.755,11.8347,17.6468,3.30626,-1.17578,9.62488,-1.15733,5.27444,-0.449417,2.3056,3.0958,1.35448,-1.87303,-2.75359,0.731566,-0.806731,-0.438232,-0.709004,-3.13754,1.04575,0.444732,-1.9627,2.488,2.24367,-1.79871,-0.292674,-2.06514,-1.53367,2.18018,0.0203294,0.697762,-2.49546,2.39055,-1.07444,0.157751,2.58422,2.39163,0.693267,0.218917,0.460508,-1.12931,-0.536848,0.245236,-3.08237,-1.34525,-1.27651,2.42145,0.103399,0.307981,0.0815895,1.49955,-0.421743,0.291542,1.02736,-0.784717,3
18.2021,34.8312,-10.1301,-5.87679,4.13182,2.90452,4.67981,-2.6011,6.02308,4.04766,-3.38751,2.8008,-1.67395,1.10384,-0.800852,4.86601,-3.65328,1.92144,-2.28323,-4.08327,-0.485886,0.0887168,-3.36673,1.10406,3.00984,2.16041,-2.23088,-0.838278,2.52474,-4.58179,-0.575493,-0.739945,-4.08652,0.890532,1.84802,-1.57694,-1.86298,-1.01575,0.297237,1.17391,-1.79841,-1.31712,-3.30567,1.53924,0.0913857,3.07654,1.26919,1.80159,1.89617,0.362327,-0.668932,-0.876903,-0.667706,0.193861,-1.04968,1
5.52762,41.6324,-3.40338,0.283009,1.08559,5.06203,5.63866,-2.76705,5.19066,-0.469027,-4.6759,2.63357,-0.647986,0.294333,0.874662,4.24143,-2.45887,-0.436446,-1.63202,-5.28703,-1.31054,0.78772,-1.62194,1.13632,3.13158,0.918869,-4.36183,-0.454664,2.03102,-4.81196,-1.41729,-1.39385,-3.066,1.34303,0.674937,-1.90148,1.19987,0.354827,1.42933,0.980942,0.138847,-1.83604,-2.30531,0.512521,-0.45631,2.27156,0.749879,0.590046,3.31105,1.22229,-0.420254,-1.19395,-0.597947,0.298794,-1.04629,1
-8.50681,25.5469,-11.6609,-8.65666,5.85499,-0.565087,3.9908,-4.58712,0.503949,5.34564,-1.4253,-0.367607,-1.71002,0.583944,-1.76673,6.17773,-3.4407,2.93443,0.709513,-4.12926,-1.29713,-0.503129,-1.5986,-0.558085,2.2404,2.22272,-0.772608,-0.00112546,1.24526,-5.30793,-1.82685,-0.770499,-4.15174,0.123178,1.48286,-0.00723206,-1.75268,-0.364465,-0.405089,0.721224,0.209722,-1.67519,-3.49829,1.71674,-0.386766,3.18042,-1.39777,1.62578,3.20482,0.64392,-0.961035,1.38948,-0.7141,0.400603,-1.19003,1
-2.01374,49.4718,3.63548,10.6671,-2.24257,10.5142,6.03244,0.279124,3.88264,-3.65955,-5.89793,2.93155,1.98003,-1.2586,1.2311,4.43141,-0.584205,-0.0161651,-1.05402,-4.98513,-3.24224,0.798055,1.59192,0.522073,1.64398,0.674242,-7.36603,-0.136827,0.897252,-4.66328,-2.52002,-1.47156,-2.27726,0.416157,-1.06201,0.855082,2.88194,1.42342,1.74609,1.70171,2.38631,-1.50646,-0.14214,-0.365019,-0.916229,2.42214,0.142587,0.752322,3.43481,1.45599,0.704287,-0.591607,-0.501852,2.22778,-2.70823,2
-4.29514,40.2329,-10.0125,-0.542008,4.04017,0.932231,5.70456,-4.21758,0.770441,3.19714,-3.51038,1.09671,-1.11609,1.21518,0.636176,7.14336,-4.16028,2.40611,-0.0255292,-4.94349,-2.14437,-0.228909,-1.09604,-0.203236,2.44512,2.2636,-2.45308,0.151976,2.30839,-5.45948,-2.27747,-0.888986,-3.8983,1.814,1.01779,-0.462466,-0.565179,0.690715,1.27776,1.54784,1.01218,-2.29705,-3.01467,2.32146,0.286718,3.31951,-1.2631,1.34721,4.17411,0.660401,-0.456797,0.803413,-0.410387,0.990805,-1.67479,1
-4.17356,53.0531,-6.13851,13.0238,1.57691,4.15282,6.72764,-0.26339,1.60184,-1.10506,-6.98238,2.58474,0.349317,1.04901,1.91446,8.31133,-3.96912,1.25399,-0.457392,-4.76874,-2.8156,1.35273,-0.0051114,0.790011,2.69668,2.26498,-6.02313,-0.522557,2.94691,-5.08555,-3.22737,-1.9597,-2.83615,3.75401,0.238597,0.100388,1.78612,2.01872,3.26203,2.59713,3.45103,-2.43361,-1.23237,2.1085,0.389597,3.46829,-1.0414,1.16391,4.68021,0.709797,0.463201,0.106849,-0.881408,1.31111,-3.27542,1
-20.964,30.8112,10.3448,10.7342,-4.59028,11.8956,1.60395,8.304,2.27996,-3.27176,-3.02703,3.92661,1.59197,-1.24369,0.254321,2.63965,1.64017,0.61202,-1.35636,-1.04599,-2.50508,-0.165249,3.56253,0.598921,-1.14649,0.275278,-6.11056,-1.02678,1.04734,-3.20816,0.0475883,-4.29962,0.215011,-1.93161,-1.22807,2.43537,1.62438,1.76054,-0.125314,2.18082,0.384878,1.43633,1.73559,-2.51855,-1.64054,-1.30881,1.56914,-0.264897,1.5762,0.140053,1.41361,-1.24547,1.06694,2.28866,-1.14648,2
-15.9283,31.2071,-12.7765,-3.08523,5.50898,-3.52159,6.15265,-5.14148,-0.280555,4.15701,-3.4135,-0.146218,-2.35236,0.516512,-0.190013,6.28046,-5.10675,3.18407,0.896706,-3.19139,-2.5703,-0.665043,-1.85997,-0.819021,3.62117,3.70793,0.188709,1.55506,2.1312,-3.72683,-2.19873,-0.859005,-3.14172,3.09053,2.43209,0.1246,-0.755259,0.0773512,1.08795,2.13847,1.88885,-1.90839,-3.04616,2.50179,0.285485,3.62086,-1.9309,1.2363,3.5921,1.14095,-0.24954,0.543833,-0.708744,0.420202,-2.39771,1
-19.9727,36.7134,2.13217,15.196,-2.33427,6.28731,3.70633,8.7154,2.51672,-4.76149,-6.31657,4.19168,1.84835,1.32742,-0.46678,5.33985,-0.184483,1.22349,-0.590068,-1.98598,-1.35383,2.3516,1.94682,0.538508,0.360566,0.974865,-7.11283,-1.15242,1.64753,-4.25083,0.0546615,-4.26943,-1.85654,1.99545,-2.20059,1.25349,1.88314,1.9946,2.36657,2.95356,2.77802,0.0388716,1.79392,0.094058,-0.0526941,1.21708,0.0491243,1.45809,2.02235,-0.564942,0.71768,-0.292376,0.0530455,1.89414,-1.65798,2
-18.439,34.8709,-11.549,5.25081,4.02202,-4.26577,6.22284,-1.13584,0.00472798,1.99497,-5.28681,1.00951,-1.01008,1.22626,0.603373,6.03857,-4.3232,2.72934,0.225205,-3.42055,-1.99589,0.589224,-1.04422,0.0947511,3.64175,3.50969,-2.41652,0.315239,3.69739,-3.34932,-2.03925,-1.82754,-2.63221,4.83106,2.01813,-0.454808,-0.168634,0.600792,3.03516,2.99178,2.41489,-2.40201,-1.9077,2.96387,0.53812,3.17499,-1.70493,0.812915,4.4869,0.293981,0.12627,0.334285,-0.761408,1.009,-2.70209,2
-25.246,30.6609,-6.41417,11.7099,2.39534,-2.88874,4.0551,6.53135,1.63769,-1.33157,-6.22452,2.38926,1.26574,2.43409,-0.487455,4.99033,-2.58035,2.10457,-0.0454738,-2.43125,-0.716667,2.46432,0.304807,0.770235,2.06221,3.15556,-4.41933,-1.32622,3.09204,-3.03483,-0.556957,-3.41918,-2.65954,5.36671,-0.311405,-0.0509276,0.975827,1.96699,3.74525,3.57693,2.42367,-1.60837,0.0137816,2.46704,0.881074,1.72028,-1.59195,0.98198,2.88166,-0.670257,0.661086,0.228481,-0.653033,1.42454,-2.57512,2
-32.733,19.7768,0.970189,11.1226,0.700101,0.772784,0.687068,13.6972,3.75443,-2.10528,-5.73684,4.25142,2.38333,3.92205,-2.36102,3.85621,-2.63231,1.24465,-0.122914,1.42358,0.801255,2.85245,0.738049,-0.611538,0.228127,2.55095,-2.8044,-0.682613,0.317707,-4.12547,0.901479,-4.10908,-3.35486,3.14263,-1.53263,1.18768,0.0345739,2.80034,2.70805,3.31247,-0.013261,-0.15571,1.53452,0.351965,0.051787,-1.31769,-1.63526,1.3718,0.966576,-0.665479,-0.497506,-0.372875,1.04569,-0.109827,-0.924925,3
-36.7463,9.14856,6.12799,3.62679,-1.56352,4.85977,-0.124635,12.6177,4.39858,-0.73299,-3.38088,3.64544,0.601255,2.67838,-1.1524,2.75753,-1.18261,0.64674,-1.02404,3.49336,0.613693,-0.605548,-0.333292,-2.57488,-0.872686,-0.88274,-1.22783,0.481615,-2.39468,-3.46596,-0.391572,-2.63284,-0.767501,-0.858833,-1.75404,-0.507957,0.132127,1.08497,-0.594691,0.93771,-1.14553,0.354719,1.05161,-3.4746,-0.967585,-1.06793,-1.54397,1.4687,1.71315,-0.0478912,0.0715527,-1.07961,0.23558,-2.13317,0.66569,3
-39.7132,-2.35413,6.12356,-5.94502,0.0623807,4.05114,0.0144142,6.61925,3.3449,1.62275,-0.635924,1.29147,-0.742281,0.456035,0.998119,1.76399,-1.08972,-2.20667,-0.442431,2.54945,-0.250689,-2.51945,-0.82867,0.253579,-0.683092,-1.71609,0.0616664,-0.577526,-1.63818,-0.433604,-0.747478,0.676745,0.436094,0.342122,-1.68235,-0.601055,2.19456,-1.58473,-0.804448,-0.753554,0.63664,-0.934659,-0.860611,-2.75122,-1.53303,0.364857,-0.802977,0.594727,0.252642,0.785871,0.767642,-0.985394,-0.732383,-1.33096,1.14829,0
-33.0455,16.7047,-10.3442,2.34879,4.36788,-9.85559,4.04906,3.21202,1.03294,3.18137,-4.47048,-0.142897,0.949513,2.58425,-0.58199,1.0045,-3.04309,3.01801,0.217172,-1.41321,-1.08221,1.2622,-0.29315,-0.281144,3.50264,4.57367,-0.854901,0.588126,2.40694,-1.61609,-1.057,-2.24012,-2.16712,3.5055,2.72993,-0.243966,-1.12566,0.657231,0.847879,3.33165,1.2942,-2.79931,-0.927662,1.84727,0.391629,1.30336,-2.22554,-0.353625,3.02264,-0.729741,1.31798,0.588357,-0.864809,1.4879,-3.06574,3
-39.5642,7.25939,-2.82129,1.83613,2.42352,-6.1588,0.99376,8.64445,3.57753,1.15365,-5.31411,1.03773,2.44622,3.36908,-2.23047,-1.01548,-2.32901,1.70948,-0.134073,0.412906,0.818155,2.13551,0.104117,-0.481113,1.52791,3.90702,-0.586867,0.163631,0.292609,-2.12305,0.581307,-2.08431,-3.1873,2.12809,0.058472,0.440764,-0.842182,2.262,0.924763,2.14429,-0.523858,-2.11921,-0.599062,0.369751,0.28827,-1.71923,-2.41294,-0.155644,0.933937,0.0685645,-0.248255,0.297598,0.373405,-0.560834,-1.867,0
-39.8013,-0.552253,2.53099,-2.46643,1.1934,-0.07874,-0.100807,9.78384,5.24091,0.605126,-4.29102,2.12521,1.21237,4.33007,-0.692022,0.579296,-2.25076,-1.51243,0.191527,3.02041,1.32219,0.35998,-1.23441,-1.61567,0.388804,-0.24768,0.719976,0.221014,-3.64211,-3.21664,-2.51295,-1.55928,-1.978,0.33782,-2.72782,0.381423,0.739973,-0.766039,-0.741804,-1.52048,-1.30258,-1.41113,-0.761043,-2.79384,-1.02017,-1.92831,-3.2381,2.69089,-1.12113,1.38923,0.797255,-0.0120356,0.429233,-1.84195,1.34837,0
38.2701,1.33011,7.53125,0.695374,-0.656474,-0.302019,5.82848,1.53747,9.98716,0.488227,-5.88062,2.92369,-2.73106,-4.27705,2.65664,-0.268909,1.16365,0.769675,-0.0250592,-0.956048,-1.47782,-1.54372,-1.51426,-0.220238,-0.430135,0.479586,-0.834026,1.40648,2.23671,1.35523,1.50841,1.90726,-1.88485,0.713249,0.155731,1.48998,2.35952,-0.293012,-0.198133,-1.52095,-2.38795,-1.89369,0.251605,0.699465,0.662054,1.31336,2.30434,-0.333615,-0.169958,1.39302,-0.629586,0.305963,-1.30019,-0.4324,-2.09,0
63.1007,1.46053,-4.69486,-0.602743,2.34497,1.06566,5.55712,1.09055,11.938,4.27954,-3.7862,4.71162,-4.94124,-2.18821,1.46036,1.16307,-1.53902,4.41746,-1.21516,-1.69863,-0.30479,-0.491664,-2.12683,-0.465235,-2.19238,1.28133,0.989973,1.54597,2.28404,0.535282,0.908942,2.66562,-2.94516,0.826283,2.03664,0.847116,-0.57125,-1.0705,-2.38975,-0.721062,-2.97521,-1.59543,-1.33852,2.13264,1.58855,2.66317,2.56316,0.336038,-0.51364,0.126648,-0.571186,0.943433,-1.76385,-0.403772,-1.22067,1
55.6695,-4.30265,2.12232,0.895303,1.02074,-0.0246044,6.10358,1.70626,11.7664,2.39098,-4.01825,4.30776,-4.17037,-3.33459,2.26343,-0.174161,-0.0573339,3.20906,-0.506435,-1.23034,-0.978034,-1.03425,-1.51472,-0.599173,-2.02897,0.623688,0.695887,1.85898,2.12847,1.3723,1.59446,2.77421,-1.63456,0.763726,0.9164,1.28572,1.18053,-0.800114,-1.3021,-1.47207,-3.01769,-1.5437,-0.474214,1.25521,1.31237,2.06241,2.58553,-0.222499,-0.72507,0.555379,-0.641795,1.01289,-1.61383,-0.678184,-1.6522,0
44.988,-6.26215,-8.2724,-5.08802,3.05785,1.7692,3.79873,-0.132126,10.4111,5.6532,-2.03901,3.88276,-2.70728,-0.709303,-0.530436,1.52699,-1.88467,5.47433,-0.0103005,-2.25758,-0.0320109,-1.22482,-1.84727,-0.51087,-2.37141,1.43822,1.87132,1.28917,1.8488,0.553381,1.23497,2.02984,-2.34931,0.322102,1.65592,0.79986,-0.870612,-1.73568,-3.33154,-1.14343,-2.78943,-0.636691,-2.16911,2.12183,1.88801,3.01565,2.06784,0.954402,-1.19811,0.0826066,-1.26795,0.533028,-1.51558,-0.385159,-0.99136,1
52.5697,-8.39126,15.8319,7.50651,-1.97826,-2.09083,7.33626,1.37998,11.9285,-1.05702,-5.72445,3.05588,0.0704313,-6.34766,1.60604,-1.8752,2.35117,0.420094,2.1525,-0.022235,-3.43785,-3.41139,-0.285172,-0.240628,-0.710946,0.459292,-0.472521,1.38524,4.05228,2.73906,1.3828,1.14542,-1.80365,0.228936,-0.616578,3.41635,5.28077,-1.36655,-1.06658,-3.10972,-2.46854,-1.35044,0.466661,-0.68557,0.975561,0.624016,3.23958,-0.29943,-0.918662,3.36643,-1.06547,0.316782,-0.388073,-0.839609,-2.14929,0
58.8921,-16.782,8.94768,5.14586,-0.504715,-1.82627,7.02486,1.54786,12.7245,0.585071,-3.95279,4.14206,-1.2086,-4.36956,1.69656,-1.63,1.40605,2.50919,1.71583,-0.246361,-2.26494,-2.51865,-0.33247,-0.992789,-2.23808,0.29334,1.24461,2.01654,2.82958,2.85259,2.04156,2.5309,-0.443799,-0.0737103,-0.0240464,2.51006,3.79756,-1.49361,-1.28158,-2.85876,-2.97138,-0.881902,-0.176398,0.450219,1.68076,1.88626,3.15662,-0.40589,-1.60953,2.18203,-1.69506,1.11417,-1.01517,-0.918764,-2.21257,2
50.6375,-11.3513,-3.31196,-2.31765,2.12026,0.904559,4.9281,0.508346,11.4867,4.18563,-2.2162,4.26933,-2.52915,-1.32893,0.251767,0.630074,-0.932133,5.29464,0.28401,-1.60764,-0.398729,-1.3153,-1.41435,-0.579812,-2.79577,0.69994,2.0065,1.55681,1.91709,1.34867,1.45267,2.4803,-1.01482,0.306163,1.41232,1.10124,0.387602,-1.39815,-2.57921,-1.80497,-2.84141,-0.527989,-1.41728,1.64842,1.8421,2.73239,2.42707,0.51491,-1.35485,0.23804,-1.3068,0.897688,-1.37957,-0.61971,-1.18727,1
23.3967,-15.3388,-14.7154,-8.51583,6.59377,3.73258,1.41246,0.895658,7.42161,8.4989,2.26452,2.62152,-2.30443,-0.403519,-3.44968,3.01051,-1.85818,6.61656,1.81451,-3.74015,0.911607,-1.1705,-1.17169,-0.473412,-2.74161,3.22107,3.72427,2.49357,1.47392,0.63179,4.04944,0.497731,-2.17366,1.00639,0.751916,0.0727424,-3.1383,-2.96966,-5.31602,0.00841026,-2.7747,0.500398,-1.89243,2.00814,1.80982,2.315,0.750851,1.06189,-3.29716,-0.41289,-0.872493,1.2918,-1.84424,-0.847971,-0.0237162,1
50.8296,-21.5011,1.9742,0.802379,1.37279,-0.841478,5.74947,1.647,12.0355,2.73445,-1.75484,4.4416,-1.91694,-2.09708,1.08731,-0.709705,0.397472,4.50985,1.21933,-0.908513,-1.06255,-1.83728,-0.453613,-0.900092,-3.08669,0.246146,2.30733,2.20162,1.91214,2.30617,2.63099,2.63673,0.802592,-0.0296981,0.114238,1.56701,1.88374,-1.1367,-1.99132,-2.49107,-2.9213,-0.213212,-0.744634,0.867194,2.07899,2.24265,2.63387,0.276914,-1.80358,0.780441,-1.52995,1.48899,-1.46102,-1.12898,-1.47639,2
39.7344,-35.7458,10.8252,6.79559,0.758508,-6.24401,7.80083,3.2952,12.3264,-0.375636,-0.142394,3.55024,-1.58673,-4.75551,2.68436,-3.32827,1.72419,2.99498,2.66586,0.605382,-3.71918,-2.75374,0.860269,-1.56757,-2.63112,0.733811,2.60567,3.66686,2.06701,2.42145,3.83411,1.69972,2.97628,2.00097,0.0553983,2.32104,4.00865,-1.14135,0.305099,-1.56771,-1.5482,-0.089736,1.5942,-1.84631,1.04387,1.04453,2.26686,-0.428806,-1.82673,1.93731,-0.561406,1.32031,-1.2175,-1.31401,-2.41704,2
19.4762,-30.021,21.5834,8.60977,-1.11824,-8.04673,6.95513,2.12926,4.90949,-0.451634,0.283883,0.969945,-0.805789,-5.341,2.75757,-4.35436,2.63072,0.459406,0.451339,2.83605,-7.9721,-4.27044,1.37019,-1.17996,-2.06541,1.7204,2.26376,2.69803,3.52983,1.37324,1.55414,-1.49441,2.02682,3.0305,2.11421,4.33996,5.45833,-1.97201,-0.650963,-0.890235,-1.16139,-1.34364,3.1703,-5.48327,-0.547202,-1.20288,0.61628,-0.47409,-3.20594,2.37744,1.41935,0.475446,1.62536,-1.92317,-1.12955,2
-26.6956,-16.9915,15.9996,-0.91028,2.14652,-4.70773,3.73389,-1.499,-1.15726,3.55101,6.11101,1.25393,-1.98275,-1.07528,0.205196,-3.05689,-0.761245,-0.635898,-2.92208,3.41893,1.97268,-2.78073,1.87219,0.1086,2.26114,-0.612466,-0.440916,-0.794599,2.65967,0.348588,-0.851389,-1.82677,1.89175,2.18917,-0.849454,2.69911,-0.596055,0.426897,-0.165121,-0.936899,0.836502,-3.28937,0.423972,-0.121679,0.922398,0.888033,0.42515,1.26694,-1.3857,1.06489,-0.459919,-1.81394,2.90694,-0.732793,-1.46809,0
38.4884,-34.353,-9.83491,-1.45145,7.09705,1.42254,2.03507,3.07302,9.1502,6.19379,3.50356,5.02101,-2.91798,-0.335287,-2.43536,0.947103,-1.02756,6.61342,1.83121,-2.65897,1.35432,-0.221545,-0.708841,-0.257717,-3.50754,2.38675,5.94125,3.6988,1.80405,2.80297,6.22015,0.841754,-0.252987,2.99973,-0.275191,0.963547,-1.27507,-2.63016,-4.11332,-1.65667,-1.66622,0.40589,-1.04053,1.89667,2.72986,2.54015,0.436622,1.33006,-4.96358,-0.962967,-0.568588,0.994571,-1.52428,-1.9367,0.511718,2
36.9019,-49.6037,-0.898878,7.60799,5.76612,-4.91949,4.65408,4.72902,9.86182,1.86459,3.10568,5.66648,-1.68753,-0.323901,-0.994772,-2.26249,0.611855,5.30058,3.43897,-0.847842,-0.679608,0.051611,0.725339,-0.977141,-2.79882,1.92026,6.60159,4.3242,1.97337,3.67722,6.31966,0.0837787,2.38336,3.55592,-0.732854,2.23382,1.17998,-2.84025,-1.11452,-1.92624,-0.302551,-1.08428,1.02957,0.592034,2.76464,2.73698,-0.44473,0.273099,-5.49457,-0.272851,0.405558,-0.379579,-0.327377,-1.70663,-0.441121,2
12.6754,-35.7843,-13.384,-4.40976,6.48894,7.54677,-0.249515,4.59567,5.87875,6.27101,2.14494,3.24933,-1.02101,1.17186,-6.68685,-0.29767,-0.274403,6.01972,2.83739,-3.77011,0.47747,0.878725,1.21509,-1.3138,-6.21412,1.91598,4.6921,2.86988,0.197127,2.4393,4.77831,-0.412786,-2.15967,0.882564,-1.45563,-0.273376,-2.84348,-3.33955,-3.44387,0.549984,-1.76335,1.09533,-0.457964,1.99661,3.26158,3.80116,0.732137,0.53716,-3.82889,-1.81692,1.35431,-0.957491,-1.70759,-1.09438,2.05002,2
18.7809,-49.716,10.0544,13.6222,2.28221,-11.406,7.72572,1.5056,5.25508,-0.427039,2.00421,4.16171,-0.318928,-0.571796,1.01529,-2.39765,0.771728,3.41665,3.3345,1.69308,-4.62117,-0.82184,1.16295,-2.21128,-1.56715,2.1299,6.3863,3.85354,3.25666,2.72709,3.25982,-0.497209,3.62225,4.04544,1.55836,3.61561,5.08581,-2.4764,1.41987,-1.78235,0.857909,-2.4473,2.47008,-1.21053,2.03132,3.04451,-1.41514,0.613443,-3.34799,0.918907,0.903146,-1.3272,0.69394,-1.90031,-1.45059,2
15.5625,-46.4285,-8.49495,4.89922,4.99957,3.19562,2.16561,4.47359,6.02549,3.87007,1.43887,4.98246,0.581437,2.60238,-4.60973,-1.015,-0.0816155,6.58491,2.65379,-2.28117,-0.614762,1.0822,2.0063,-0.529218,-4.83886,1.55828,4.74284,4.02231,0.55231,3.407,4.55716,-0.768131,0.473965,2.17725,-0.193651,0.762571,0.873505,-1.55836,-2.41209,-0.665687,0.0171742,0.192652,-0.338702,0.7614,2.95171,4.80644,-0.037583,-0.0789315,-3.50494,-1.47,1.72201,-1.17255,-0.85835,-1.099,0.889602,2
7.43018,-48.3658,-1.35448,13.6212,2.50991,-2.18207,5.89753,-0.407406,3.71626,-0.161349,0.638917,5.79766,1.27988,2.24718,-2.55863,-0.805778,-0.546153,4.32546,2.61616,-0.356714,-2.54603,0.399868,2.29359,-1.19326,-4.49215,0.465552,6.32969,4.9572,1.98891,2.89794,2.69003,0.0199956,3.48655,3.07018,-0.0194755,1.37524,3.45724,-1.73037,-0.242972,-1.86756,1.3039,-1.06638,0.29674,-0.751315,2.39154,4.79399,-0.673837,-0.128169,-3.14208,-0.914956,1.47417,-1.61871,0.478703,-1.39808,-2.26898,2
-10.7043,-33.3622,15.0487,8.92691,0.812061,-11.0153,9.8451,-5.24945,-1.05975,-0.0392766,4.96042,3.71411,0.0350641,-0.243586,0.831475,-1.25678,-1.84961,0.0864054,-1.30827,4.14239,-3.91865,-2.64355,1.06696,-3.10087,1.25041,0.153715,2.56368,0.462283,3.0221,1.57856,-2.25244,-1.27479,3.11457,2.97311,0.957703,4.60353,2.75311,-1.85213,1.5893,0.0391151,0.693381,-0.541294,2.21924,-1.60448,1.03257,0.200489,-0.362206,2.82705,-1.42662,0.89456,0.398847,-2.09234,3.9446,-0.800933,-1.84642,0
-8.18514,-34.7365,-11.2182,-0.614887,2.47365,8.48807,0.387942,3.3626,3.99004,3.71902,0.0870048,3.27748,1.10287,2.41417,-4.87093,-1.09984,-0.241652,5.90732,3.21568,-3.51101,0.649293,1.76676,1.89321,-0.43681,-6.15746,0.885702,2.16349,2.75473,0.784923,2.4448,2.54439,-0.221973,0.0952091,0.52603,-1.22446,0.268661,-0.365406,-1.18478,-2.469,-0.179321,-0.0183378,0.99726,-0.807197,0.796158,2.24273,4.30643,0.422697,0.0948966,-2.46707,-1.65989,1.76818,-1.41868,-1.46336,-0.742032,0.575997,0
-8.76514,-40.1005,7.14442,15.7244,0.11198,-7.07259,11.0969,-8.56067,-0.324877,-2.5124,1.98562,5.81803,0.521624,1.55856,-0.0566862,0.428921,-3.59899,0.915533,0.582087,1.72174,-4.46235,-0.268792,0.545532,-3.60758,-2.51415,0.0266499,6.0135,3.79683,1.63236,1.34566,-0.485571,-0.553027,2.97284,2.8828,0.698261,2.46666,5.34638,-1.95307,2.01619,-0.723437,0.394054,-0.709322,1.01663,-2.66386,2.40417,2.09306,-0.812555,1.87341,-1.62603,0.0172645,0.694105,-2.13011,3.48741,-1.48373,-3.15985,2
-10.6386,-38.2333,-8.9775,7.21679,0.960173,7.16502,2.66834,-0.558709,2.4012,1.49273,-0.497944,4.38143,1.63316,1.92293,-3.18635,-1.18689,-0.716852,5.04715,3.02432,-2.67991,-0.199342,2.10341,2.07454,-0.64326,-6.08695,0.152871,4.07527,4.42775,0.558057,2.47214,1.56932,0.552626,1.68085,1.86472,-0.374061,0.810919,1.58355,-0.301867,-1.16438,-2.04416,0.816705,0.617359,-0.791584,-0.343239,2.01013,5.21283,0.566957,-0.413868,-2.0375,-0.963627,2.30178,-1.55674,0.0569886,-1.13624,-1.38607,0
-18.8133,-35.8416,-2.59533,12.9773,-0.228548,3.62385,6.95076,-9.38414,0.264104,-0.913745,-0.297549,4.97155,1.66805,1.49637,-0.459891,0.0178067,-3.48658,2.26232,1.57872,-0.788763,-1.83798,1.41674,1.26603,-1.72701,-5.24278,-0.772532,6.17369,5.09731,-0.859757,0.678996,0.6027,0.473441,1.18572,1.98857,-0.146637,0.795551,3.92392,1.63453,0.612817,-2.49452,-0.927221,-1.87254,-0.084906,-1.72123,2.27064,4.46329,-0.123361,-0.39289,-1.21567,-0.408823,2.24098,-1.08575,3.06067,-0.622048,-3.54715,0
-33.1708,-23.2761,4.77085,4.83138,0.0919225,0.149862,9.24312,-13.5585,-0.182504,1.18639,-0.103944,4.93071,0.506183,2.95859,0.140939,0.688944,-4.00553,-0.278167,1.21572,2.65356,-0.458184,0.19694,-1.01691,-2.5886,-5.6928,-1.44006,3.88055,1.37477,-2.42757,1.06866,0.350895,-2.84634,-1.16593,0.709496,-1.81255,1.58778,3.05333,1.78214,0.506378,0.343455,-0.452275,-0.767812,-0.197201,0.154182,2.67977,-0.558516,1.62124,-1.00455,1.22296,-2.5498,0.323077,1.1875,3.39764,-0.176281,-3.37209,0
-37.3362,-16.7382,5.99909,-3.70022,0.896095,-1.24127,6.6514,-8.79915,1.3776,1.52802,-0.232103,3.81474,1.27659,3.24546,-0.835099,0.459352,0.366802,-1.65875,0.489763,4.8786,-1.50559,-2.00836,-0.855,-0.328558,-2.93319,-0.565699,1.05476,-1.67972,-1.11795,1.90804,0.606872,-2.87824,0.856524,0.903136,-2.37894,2.01225,1.05537,-0.86295,0.231234,1.89189,3.16395,-0.772032,0.370751,1.18065,1.2731,-1.78495,0.332307,0.244987,1.20236,-0.931929,-1.46115,2.15988,2.34567,-0.926327,-1.58468,0
-42.6868,-10.2332,3.66168,-10.8417,0.730424,0.843787,2.68685,-2.79433,1.45828,0.536755,-2.02447,0.317835,0.660632,1.71606,-0.480555,0.219509,2.18214,-0.819097,0.907588,1.38124,-0.249436,-1.55339,0.382248,0.971348,-0.711436,-0.321138,0.652835,-0.037312,0.463857,-0.305105,1.57946,-0.820534,0.547773,0.557278,-0.559225,-0.760151,0.477227,-0.097988,-0.205548,-0.304561,1.46731,-0.1284,-0.493934,0.0777497,-0.102874,-0.222189,-0.155231,0.355389,-0.319428,-0.0943554,-1.1485,0.517892,0.310367,0.252844,-0.403262,0
-31.1014,-24.4519,-7.16278,2.31264,-1.71202,10.9388,1.78084,-6.13487,1.68948,2.58571,-1.47437,1.3332,2.0971,0.605213,0.221412,-3.17415,-1.28867,3.68281,3.3895,-0.375287,0.367756,3.14176,0.357598,-0.129643,-4.91819,1.15905,2.64198,1.9674,-0.439499,-0.22052,0.569344,1.38011,-0.232186,1.51474,-0.692477,1.1936,2.25286,0.664181,0.683574,-1.55993,-1.18108,-0.269653,1.57378,-0.912265,2.81536,4.29112,0.520559,-0.259142,0.29782,2.24084,2.41743,0.725233,1.01973,-1.21473,-1.79371,0
-39.7387,-16.1778,0.288836,-3.63014,-0.636441,4.99746,3.8431,-8.02613,1.96122,1.61732,-1.95723,1.2273,1.51366,1.69644,0.866135,-1.07286,0.0994767,0.61385,2.86668,2.18307,1.22399,1.24345,0.122428,-1.02497,-4.30422,-0.381854,2.64322,0.131316,-1.34236,-0.573127,1.83124,-1.32079,-0.629941,1.74282,-0.44059,0.491324,2.68491,1.18157,0.484799,-0.461024,-0.345521,-1.54023,0.143588,-0.981593,2.12002,1.41496,1.31472,-0.671451,0.877985,1.61447,0.54799,2.64541,3.35271,0.510769,-2.23173,0
-42.5269,-10.1069,2.8315,-10.7618,0.440883,1.39367,2.77409,-2.73432,1.69873,0.351311,-2.85749,-0.0725069,-0.0693701,1.98207,0.0737134,0.321967,2.84185,-0.578742,1.36094,0.913422,0.293132,-0.962237,0.701013,0.658253,-1.36267,-0.48484,1.31707,-0.146431,0.223266,-1.28788,2.11465,-1.2228,0.15461,0.45815,0.246441,-1.12163,1.26859,0.258379,-0.243813,-0.45787,0.438961,0.0504644,-0.904187,-0.314859,-0.510177,-0.365665,0.189987,0.192271,-0.204815,0.289499,-1.44093,0.707504,0.583018,1.26873,-0.230398,0
15.5173,2.04405,-2.63634,-2.66183,6.65457,2.87652,3.23893,2.00069,-0.0990278,-2.00135,0.291878,-1.8524,0.0288589,-0.586642,1.8381,-1.12186,1.62,-1.44577,2.10636,1.3058,-2.61019,0.967653,3.73787,-1.08269,1.12553,-0.126317,0.299745,-1.55215,-1.07373,1.64514,-1.04057,1.45084,-1.15004,-0.121819,0.198639,-0.646521,-1.43329,-0.843247,0.385404,0.61131,1.69679,-0.193319,-1.03648,-0.186241,-0.285999,1.10631,0.721167,-0.777388,0.249542,-0.820761,-0.35867,-0.165125,0.272896,-1.66092,-0.339554,2
16.4629,2.3507,4.49121,-1.04826,6.20266,2.9206,3.9238,2.05334,0.414114,-3.47754,1.70356,-6.52016,-1.19816,2.47923,-0.719361,0.111166,2.26218,-1.09658,2.67684,0.810217,-3.5661,-1.89324,3.10228,-0.343438,0.297107,0.792673,-0.720858,-2.13174,-2.09219,1.09751,0.24929,3.07947,-0.508962,-0.928701,0.533599,-1.17169,-1.50891,0.0105945,0.0575785,1.35881,1.32264,-0.330591,-0.857574,0.251015,-0.496439,1.19132,0.232349,-0.335304,-0.0692193,-0.774342,-0.484712,0.0587602,0.462712,-2.06541,0.467914,2
12.9175,0.64756,13.9451,1.02512,5.67479,3.51601,4.82678,2.15205,-2.53969,-1.95578,3.8191,-10.8241,0.147147,6.21839,-2.56512,0.51108,2.34353,-1.73797,3.95826,0.302795,-2.59241,-3.73508,1.31308,0.581425,0.00739993,2.56397,-0.806002,0.177751,-2.21996,0.214649,2.80029,2.30904,0.0547343,-0.565914,0.510204,-2.3118,-0.464668,0.210993,-0.364142,1.37292,-0.319939,1.28233,0.0394037,0.90188,-0.223208,1.94788,-0.621354,1.14325,-1.51584,-0.596088,-1.60829,0.230533,0.00745171,-1.71313,-0.461593,2
-37.7325,-7.61874,9.45368,-8.56454,1.27708,1.53165,1.86949,0.160604,-0.753998,2.18767,2.65465,-0.991807,-1.76263,1.76096,0.318934,-3.45659,-1.21291,1.39405,1.47383,-2.48582,2.44024,-0.623073,1.06296,2.00769,1.7212,-0.7857,1.1237,0.562921,2.13444,0.664804,-0.00278097,0.813327,0.142602,-0.623153,1.09357,-0.25171,0.147201,-0.0290441,-0.740998,-1.40589,-0.582061,-0.818176,-1.07163,0.504704,0.459613,0.934377,-1.12244,0.0406169,-0.0886316,0.357568,0.774599,-0.453003,-0.459949,0.0134736,-0.00733483,0
9.89692,0.708974,-7.45814,-4.3507,5.63691,2.17131,1.4255,0.812705,0.97831,-3.20385,-0.292686,0.526346,1.92397,-1.92159,3.55874,-2.14024,1.33637,-1.56885,1.9298,2.03588,-2.41641,1.82737,4.57903,-1.83293,2.67624,-0.59323,0.41856,-2.16455,-0.271098,2.82451,-2.61183,0.231212,-0.189825,0.189977,-0.855849,-0.138984,-1.41109,-1.07553,0.516143,0.219776,0.642441,-0.13337,-1.25939,0.180089,-1.2832,0.753021,1.35148,-1.25464,-0.0483049,-0.0305701,-0.545942,-0.00599142,-0.817169,-1.32418,-0.0606035,2
-4.93425,-1.8223,-8.72706,-7.54091,4.35923,1.872,0.221253,-0.211463,1.27386,-2.47394,-1.72088,2.67898,2.80233,-2.91858,3.93089,-2.6599,1.23925,-1.69631,1.68026,1.08512,-1.00205,1.82716,4.35221,-1.27119,3.12966,-0.665853,0.512016,-1.82941,0.0530504,2.36156,-2.10958,-0.294029,0.307944,0.846285,-1.4297,0.507886,-1.12662,-1.85302,0.0701336,-0.0567109,0.308282,0.0971428,-0.667672,0.239788,-1.04374,-0.248789,0.967288,-1.2121,-0.38533,0.435381,-1.0061,0.0432759,-1.10184,-0.301668,-0.582033,2
18.8466,5.43326,0.959959,-1.0568,6.46096,3.22549,3.89288,1.03837,1.30997,-4.25253,0.768131,-4.05309,0.175425,1.21242,-0.501039,-1.10694,0.776357,-0.963002,3.07618,1.596,-2.64509,-0.12494,2.88618,-0.513574,1.20957,0.538134,-0.156294,-1.95396,-1.17604,1.64467,-0.205733,1.811,-0.19349,-0.525369,0.201574,-1.02624,-1.50044,-0.923187,-0.20694,1.39886,1.43441,-0.624669,-0.557987,0.72031,-1.18177,1.21055,0.597154,-1.19127,-0.671182,-0.268599,-0.500264,-0.386402,0.379553,-2.49045,-0.137561,2
14.0966,5.83545,-5.43506,-2.93549,6.08302,2.62179,2.5526,0.44643,1.17891,-3.76432,-0.203669,-0.144084,1.55386,-1.16017,1.79643,-2.29115,0.492773,-1.4975,2.43511,1.81613,-1.83981,1.70122,3.83342,-1.12716,2.3622,-0.371564,0.136881,-1.87122,-0.600541,2.33474,-1.39324,0.402236,-0.0283038,0.0733953,-0.597304,-0.116218,-1.26166,-1.57814,-0.0438483,0.775216,1.0301,-0.488531,-0.598377,0.575372,-1.17506,0.538242,1.09502,-1.53867,-0.514013,0.346066,-0.753693,-0.449928,-0.285372,-1.78041,-0.725212,2
19.5971,11.1028,-2.7306,-1.35946,6.88793,2.92958,3.70116,0.691387,1.20522,-4.01697,0.472606,-1.68589,0.815956,0.117889,0.732023,-1.96152,0.247449,-1.33546,2.77314,1.6987,-2.61839,1.29645,3.34912,-0.712835,1.85036,-0.0391992,-0.114119,-2.01691,-0.940397,2.21769,-0.778347,0.772909,-0.113503,-0.298841,-0.26368,-0.633528,-1.62306,-1.33327,-0.158073,1.18303,1.19577,-0.647433,-0.688665,0.535169,-1.30832,0.981087,1.07332,-1.612,-0.670656,0.280817,-0.577293,-0.603406,0.155491,-2.36022,-0.750679,2
8.18055,8.84026,-7.82405,-4.71998,6.40859,1.69682,1.94977,0.903541,0.258925,-1.82262,-1.24333,1.33266,1.15728,-2.43278,3.32098,-2.14741,1.05632,-2.02955,2.10979,1.55587,-2.61158,2.40199,4.37891,-0.668409,2.08805,-0.645563,0.437869,-2.04934,-0.48414,2.30768,-2.0319,-0.524972,-0.609005,0.301311,-0.302671,0.00647267,-1.77874,-1.15333,0.710981,0.250689,1.34487,0.185502,-1.04586,-0.534229,-0.526123,0.965926,1.18452,-1.35687,0.013777,-0.0759499,-0.334578,-0.455087,-0.331171,-1.05754,-1.10029,2
14.5785,11.9458,4.38985,-0.98124,6.42592,2.94536,4.34408,1.84129,0.126047,-3.11559,1.18545,-6.45143,-1.06302,2.76415,-0.434592,0.194681,1.73375,-1.41161,2.68763,0.452381,-3.99978,-1.43426,2.66801,0.137746,0.380463,0.98817,-0.889283,-2.48112,-2.07517,1.29087,0.513686,2.35788,-0.514414,-0.868505,0.384242,-1.4496,-1.93546,-0.123894,-0.0473624,1.62188,1.32271,-0.337436,-0.861211,-0.374169,-0.459392,1.20072,0.539973,-0.470959,-0.0755128,-0.502832,-0.585893,-0.327962,0.390181,-1.71441,0.0650045,0
11.674,16.1208,0.897511,-2.0562,6.48684,2.5444,4.0516,1.49416,-0.0317227,-2.7819,0.365996,-4.2277,-0.450448,1.59767,0.586781,-0.377416,1.14944,-1.66135,2.48397,0.851805,-3.95289,0.129902,2.61403,0.034964,0.718647,0.491251,-0.59553,-2.39522,-1.45599,1.61577,-0.00692894,1.295,-0.439459,-0.733393,0.161089,-1.07874,-1.98123,-0.601991,0.11368,1.3273,1.36739,-0.24972,-0.994064,-0.71256,-0.621669,1.32502,0.933452,-0.973941,-0.0890373,-0.230215,-0.408306,-0.46257,0.270171,-1.69586,-0.414112,2
6.01715,13.1727,-5.45846,-4.54598,6.19151,1.61147,2.65662,0.869195,0.0294674,-1.95087,-0.87759,0.0621545,0.9527,-1.18263,2.48356,-1.55266,0.904381,-1.90787,2.13981,1.31061,-2.95037,1.98426,3.50829,-0.264622,1.77203,-0.525782,0.06866,-2.04244,-0.636037,2.16753,-1.30697,-0.343213,-0.422607,-0.130886,-0.215854,-0.178196,-1.76907,-0.962714,0.605068,0.425053,1.33089,0.0808499,-1.04103,-0.579421,-0.581633,1.03472,1.21644,-1.32272,-0.174253,0.111427,-0.335341,-0.4527,-0.14435,-1.29154,-1.19685,2
-12.6805,7.73906,-8.31456,-7.82576,4.7238,0.60481,0.685129,-1.20052,0.531035,-2.24597,-0.941468,3.32622,2.72437,-2.80537,3.50328,-2.24223,0.563708,-1.62481,1.06583,-0.581785,-1.4614,2.70672,3.76874,-0.381029,2.83869,-0.478107,-0.334499,-1.38143,-0.488116,1.73639,-1.36914,-0.853739,0.573219,0.769471,-1.99164,1.16434,-1.45906,-1.97626,-0.21746,-0.89187,-0.119642,0.785613,-1.11352,0.0880296,-1.57466,-0.322428,0.749432,-1.0375,-0.150223,0.873813,-1.12268,-0.644813,-0.941368,0.237793,-1.13318,2
-3.29259,12.7518,-1.50797,-5.57893,5.00126,1.78589,2.99636,0.732102,-0.0992839,-1.92674,-0.774303,-1.70249,0.36985,0.330343,1.25094,-0.811423,0.910167,-1.6014,2.027,0.800746,-2.88884,1.02373,2.17918,0.250648,1.1046,-0.12786,-0.329536,-1.83076,-0.732303,1.40816,-0.0933216,0.172294,-0.00462728,-0.304127,-0.204386,-0.624377,-1.53611,-0.797731,0.295039,0.593302,1.13321,0.0846435,-0.902561,-0.655509,-0.434801,0.956999,0.990796,-1.09801,-0.309725,0.17267,-0.331772,-0.431848,-0.034773,-1.19442,-0.800287,2
7.33542,26.2529,2.53643,-0.255383,6.12111,3.95264,5.0193,0.154823,0.769803,-3.61145,2.62696,-4.70473,0.424424,2.80726,-1.02762,-0.718779,-0.783893,-1.14063,3.84643,-0.217956,-3.77338,0.674136,1.5942,1.09501,0.895857,0.884545,-0.738698,-1.62481,-1.2639,0.960034,1.72389,0.303209,0.407179,-0.308046,-0.318278,-1.92808,-2.30655,-1.39587,-1.01667,1.50543,0.502656,0.36836,-1.07826,-0.537147,-0.410079,0.70653,0.930022,-1.11056,-1.41484,0.674722,-0.959767,-1.24399,0.0835998,-1.40983,-1.00997,2
2.95351,23.12,10.4346,0.982054,4.66298,5.67842,4.39014,1.40044,-1.62339,-2.44237,4.04505,-8.45011,0.595925,5.71356,-2.51058,0.456477,0.311947,-0.556311,4.37575,-0.475733,-3.67604,-1.48374,0.788257,1.79865,-1.05576,2.21545,-1.30995,0.0196729,-2.51911,0.855337,2.47135,1.16017,0.346145,0.200148,0.616741,-2.0117,-2.49879,0.102768,-1.13001,2.04895,-0.413712,1.45314,-0.0449355,-1.21403,0.478364,1.70351,1.2977,0.245663,-1.09214,0.57669,-0.857304,-0.129866,0.10002,-0.611853,-0.597941,2
-10.876,10.2695,17.6171,-0.625509,4.41638,7.34682,1.28905,2.79219,-4.72455,1.42776,5.48156,-9.78038,-0.570383,3.89264,-2.02981,-0.690689,0.654653,0.00990068,0.734498,-0.104667,-0.635626,-1.72594,-0.712286,4.12889,-2.03045,0.448764,-0.0917996,4.63945,-0.357582,0.613862,3.49109,1.43708,1.29057,0.693063,0.987565,0.133685,-0.357278,0.843978,-1.38188,0.279426,-1.89514,0.53288,-0.470733,-2.05288,2.01057,2.343,0.351629,2.53106,0.556607,0.340558,-0.222062,-0.151617,-1.01318,0.708804,-0.824055,3
-4.83167,20.2682,-6.89204,-4.60785,6.16168,0.975169,2.47007,-1.16847,0.298387,-2.98049,0.639441,2.13193,1.69649,-1.69592,2.34388,-1.9677,-0.442026,-1.44309,1.54841,-1.00544,-1.93257,3.21935,3.17739,0.29996,2.20458,-0.865245,-0.843065,-1.09251,-0.807101,1.77005,-0.451019,-0.896999,0.7632,0.194082,-1.77039,0.899093,-1.73632,-1.97499,-0.797384,-0.560259,0.156562,0.460374,-1.50634,0.040306,-1.92251,0.0290257,1.1524,-1.49777,-0.444705,1.04335,-1.11226,-1.01257,-0.760995,-0.140613,-1.7787,2
-7.24905,27.0507,-3.0539,-2.16898,5.50266,2.77282,3.77159,-0.98173,0.221877,-3.15839,1.57979,-1.03811,0.269016,0.462698,0.958011,-1.10464,-0.97597,-0.960639,2.45995,-1.66924,-2.32859,2.48449,1.94133,1.23423,0.874645,-0.42561,-1.01566,-0.668275,-0.730573,1.16725,1.02594,-0.295275,0.695791,-0.341858,-1.00618,-0.30174,-1.58556,-1.74757,-1.31587,0.125645,0.422825,0.626501,-1.63085,-0.331686,-1.54192,0.276696,0.871649,-1.26598,-0.763492,1.15177,-0.814007,-1.06413,-0.858202,-0.173157,-1.31666,2
-22.9217,16.5601,-7.14556,-6.58721,4.05066,-2.4521,2.01522,-2.54605,-0.743095,-1.83169,-0.567035,1.0602,3.18874,-2.24503,4.21234,-0.513949,0.425577,-1.81252,1.72243,-1.79388,-2.54467,2.64061,3.36882,-0.757884,1.77396,-0.856491,-0.47514,-1.488,0.202172,0.977544,-1.32769,-1.22476,0.351238,-0.443164,-2.18323,1.47317,-1.23529,-0.669923,-0.294745,-1.99078,-0.0647679,0.2795,-1.21636,0.359652,-1.90941,0.0580642,-0.513309,-0.569611,0.341589,1.24721,-1.18184,0.0476245,-1.174,0.946883,-1.07126,2
-6.89643,35.847,1.03165,3.47735,3.95972,6.66662,4.47063,-0.457815,-0.793067,-2.90448,1.64371,-5.45151,-0.519085,3.63524,-0.967255,1.13999,-1.12916,-0.457312,2.64782,-2.53227,-4.0885,1.1622,1.29179,2.12956,-1.33174,0.260861,-2.01203,0.0663656,-2.11732,1.88161,1.67701,1.12463,0.93732,-0.698042,-0.0581964,-0.16747,-1.74447,-0.972544,-2.06902,2.17814,0.625716,0.643117,-0.0690249,-1.41608,-0.181092,0.776527,1.79514,-0.181311,-0.494313,0.909776,-0.336122,-0.934237,-0.911362,0.424292,-0.400172,2
-17.2744,27.8137,-7.45377,-1.4822,4.21319,-1.19869,3.36901,-2.21028,-1.64439,-1.91621,-0.833119,-0.438176,1.64069,-0.731847,3.58116,-0.38428,-0.265394,-1.08834,1.93528,-1.67661,-2.84783,2.68298,3.13567,0.342152,0.596759,-0.795874,-1.14332,-0.673221,-0.273298,1.5957,-0.62594,-0.786419,0.877484,-0.170751,-1.8414,1.39889,-0.977547,-0.55419,-0.803802,-1.19649,0.153936,0.629456,-1.0512,0.746972,-1.57276,0.186275,0.432053,-0.753996,0.0983956,1.47205,-0.565431,-0.469391,-1.15197,0.891296,-1.23087,2
-12.0872,39.7052,-6.7028,7.17536,3.38079,1.32047,4.30841,-0.535501,-1.80987,-2.56849,-0.913455,-3.2615,0.0437461,1.01186,1.33489,1.27821,-0.789423,-0.712995,2.09128,-1.97119,-3.37003,2.83721,1.98791,2.49625,-0.398657,-0.710828,-2.21773,-0.272344,0.207195,2.34805,0.272777,-0.48833,1.44421,-0.0978857,-0.993022,0.99893,-0.876807,-0.497531,-1.50534,0.150098,0.256124,0.299297,-0.212644,0.0814928,-1.04731,0.26023,1.86268,-0.328019,-0.0158734,1.66176,-0.408421,-0.247634,-1.34139,0.965481,-1.12527,2
-16.2944,27.7116,8.43968,3.97636,0.584624,10.0655,1.1046,2.71284,-2.34821,-2.10175,3.18248,-6.94126,-0.663202,4.91817,-1.784,1.40843,0.228294,-0.115621,1.14258,-1.03797,-2.51596,-0.0634594,-0.316652,3.39499,-2.33231,-0.605851,-1.52024,2.03309,-2.82035,2.50411,3.14864,0.950278,1.62463,-1.10922,2.46378,-0.252712,-1.15356,0.507106,-2.7634,2.3845,-1.60467,0.543872,0.731404,-4.01905,1.70174,0.85166,2.44584,1.66887,0.12134,0.43582,-0.585179,0.0731363,-0.689547,0.930213,-1.17722,2
-24.8959,21.9149,-8.82098,-2.45049,3.83421,-4.70546,3.09094,-2.21402,0.148634,-1.13591,-1.41756,1.28707,1.49114,-3.01204,4.45064,-1.68432,-0.0751842,-1.26686,2.30386,-1.44807,-2.08128,2.45412,3.34953,0.108443,1.60699,-0.853057,-0.856137,-0.413474,1.47139,0.254096,-0.327743,-1.05165,1.1044,-0.496179,-2.4504,2.5936,-0.753665,-0.350833,-0.250323,-2.52751,-0.0757543,1.03049,-0.978698,1.53982,-1.39571,-1.14221,-0.744902,-0.336779,-0.18627,1.91667,-1.41424,0.0363451,-1.09931,1.15948,-1.97206,2
-18.4253,33.6074,0.215187,9.10499,0.90604,5.41271,2.79907,4.24222,-1.06524,-2.44244,2.63038,-4.34785,-0.578439,2.64768,-0.0518113,3.21722,-0.550749,-0.0196396,1.63995,0.301563,-2.07837,1.8208,0.301315,3.7478,-1.81549,-1.11269,-2.37798,1.01889,-0.0661228,2.86649,1.71352,-0.237681,1.65963,-1.21533,1.85853,0.0960342,-1.26937,0.565733,-2.62153,1.28485,-1.12807,0.935368,-0.685396,-1.96545,0.875273,-0.520482,2.85724,1.11819,-0.404504,1.59678,-0.724749,0.685295,-0.848634,1.22427,-0.988569,2
-24.7315,26.1908,-8.79467,3.11163,3.03092,-4.79308,3.75041,0.05338,0.073646,-1.16582,-1.15489,-0.371244,0.583331,-1.5002,3.20372,-1.00929,-0.0359684,-0.545094,2.04908,-1.13009,-1.66822,2.06671,2.40923,1.42351,0.974839,-0.639484,-1.69255,-0.226037,2.11899,1.24846,0.426046,-1.05183,1.56346,-0.393831,-1.66145,2.02206,-0.845045,0.174095,-0.441248,-1.93032,-0.298241,1.05376,-1.24993,1.32314,-0.979301,-1.09682,0.706979,-0.415556,-0.719833,2.28344,-1.09774,0.307182,-1.27713,1.03038,-1.78242,2
-26.304,28.4663,-7.06686,9.02992,1.81793,-3.70048,3.51822,3.92512,0.28161,-1.49915,-0.053738,-1.92361,0.0427881,-0.0499558,1.16232,1.18673,0.173045,0.183456,1.26938,0.0735741,-0.809459,2.11791,1.12685,3.13896,-0.0544809,-1.02752,-2.57255,-0.0529472,2.09316,2.80051,1.55896,-0.616834,1.93893,0.156928,-0.495754,1.22809,0.119856,0.995631,-0.758937,-0.254281,-1.46559,0.460669,-1.25202,0.550175,0.172605,-1.71049,2.7139,0.239599,-0.757102,2.61478,-0.689814,0.967135,-1.68874,0.626967,-1.11542,2
-30.3905,22.7081,-1.91968,9.04401,-0.0433616,0.511913,1.8198,8.3377,-0.232493,-1.79179,-0.238108,-2.53364,1.01325,3.08519,-1.46792,3.71675,0.170001,-0.290738,0.511056,2.38861,0.647416,2.63385,-0.213322,4.14213,-1.13648,-1.56531,-1.86643,0.31956,-0.0830332,3.07896,1.84122,-0.633785,1.64006,0.127039,0.542758,0.588229,0.962921,0.835587,-1.37968,1.85241,-2.80945,-0.478683,-0.527934,-1.33805,1.38781,-1.223,2.374,2.93226,0.122988,1.47681,-0.938335,0.0815271,-1.53342,0.870252,-0.360605,3
-32.3521,14.2919,5.49162,2.55683,-1.83329,6.59109,0.682009,7.29832,-0.391892,-1.03347,2.3947,-2.36004,-0.889875,2.19839,-0.000825164,2.40272,0.80994,-0.312225,-0.564804,2.91232,0.489481,-0.259086,-1.45108,3.07267,-1.64311,-3.06849,-1.34801,1.05665,-1.11958,1.94947,1.00955,0.589042,1.72677,-2.94921,2.85933,-0.444865,1.04956,-0.508265,-2.99714,1.48675,-1.43038,-0.93918,-1.13048,-4.0757,1.80329,1.04452,0.0111121,2.55756,0.696298,0.570257,-0.470379,-0.704672,-1.11094,-0.118164,-0.316646,3
-33.9856,3.99956,9.79211,-3.69205,-0.496361,6.89323,0.184689,3.75344,-0.886434,1.21851,3.97542,-1.68969,-1.91118,0.906677,0.908153,-0.482925,-0.488289,0.0224006,0.234046,0.0513294,1.29671,-1.20404,-1.29406,4.02436,0.343607,-2.33359,0.524997,0.87164,0.447221,1.68143,0.419373,1.64546,1.28024,-1.78817,2.71657,-0.0261404,1.50954,-0.96713,-1.81227,0.776549,-0.82984,-1.29367,-2.28351,-2.4079,1.64481,1.5365,-1.58281,1.63426,0.0442518,0.172067,-0.0926392,-0.389306,-0.546968,-0.375574,-0.797805,3
-34.9746,14.8031,-8.78355,2.19257,3.15241,-9.3768,2.45504,2.61389,1.51912,0.164002,-2.21775,-1.27083,2.00496,0.505958,1.78952,-3.11597,0.145353,-0.511968,1.26472,-0.501035,-0.350405,2.25649,1.54327,0.986174,1.65651,0.905513,-1.52553,0.375064,1.74446,1.43369,0.822291,-1.13376,1.99382,-1.47193,-1.13566,1.9068,-0.326158,1.31317,-0.138189,-1.42322,-0.604104,0.376768,-2.27204,1.17062,-0.827035,-1.16743,0.746502,-0.174472,-1.03456,2.25361,-0.346086,1.1991,-1.10082,1.41954,-0.754251,3
-38.3588,10.8677,-5.39643,2.85766,2.31068,-7.11438,1.52516,6.77362,1.58467,0.310211,-2.01365,-2.31124,2.73762,2.30739,-0.183302,-1.13792,0.360497,0.135021,0.673068,0.964665,0.437807,1.81733,0.354286,2.42762,0.470739,0.372723,-0.861225,-0.699166,-0.126423,2.57177,1.57915,-0.290954,-0.00125886,0.279788,-0.143485,0.75294,0.969956,1.85563,0.110905,0.811559,-2.82644,-0.625706,-2.2102,0.206549,0.553801,-0.962605,0.775904,0.949381,-0.148392,1.44854,-0.215991,0.266553,-1.46106,0.887817,0.101221,0
-40.2366,1.42041,1.10195,-2.04686,1.15935,0.0630268,1.57259,9.51678,2.41024,1.0136,-2.30847,-0.621894,1.18496,2.81306,0.220045,2.44758,-1.00831,-2.18711,0.50093,3.09325,1.24866,0.800277,-1.38191,3.69559,0.503505,-1.40081,0.421574,0.383338,-3.21177,-0.451266,-0.265807,1.74902,-1.57585,0.150227,-0.0136238,0.0632799,2.81121,-0.964567,0.712093,1.10628,-2.32493,-1.25272,-1.25905,-2.26729,-0.634312,-0.370957,-0.868957,2.04753,-1.48991,1.81633,-0.430609,0.855437,-0.168988,-0.176319,1.87648,0
10.7775,-2.83198,1.17764,-2.90822,5.24167,3.01581,3.15314,1.044,1.18721,-3.8569,0.151692,-3.8902,0.191555,1.01268,-0.437674,-0.833021,1.25508,-0.742479,2.76664,1.60586,-1.9744,-0.585758,2.78092,-0.733279,0.95867,0.310871,-0.0660395,-1.56488,-0.843384,1.21214,-0.326329,2.19314,-0.0636258,-0.487836,0.17344,-0.928578,-0.84135,-0.815342,0.0301302,1.07853,1.45693,-0.46006,-0.371728,0.788132,-0.801344,1.04625,0.34511,-0.961159,-0.521062,-0.443395,-0.519738,-0.00511594,0.172563,-2.18998,0.162733,2
21.4015,-3.4194,-6.06278,-2.00039,6.34709,3.29089,2.16554,1.00447,1.29665,-3.98413,-0.384079,-0.227137,1.49339,-1.40263,2.21266,-2.39818,1.11769,-1.38741,2.39222,2.51233,-1.58988,1.30467,4.5597,-2.19914,2.32908,-0.307612,0.38631,-1.92951,-0.363463,2.39347,-2.2787,1.26201,-0.0772199,0.115633,-0.51658,-0.395395,-0.89601,-1.61328,0.30274,0.77218,1.19346,-0.823243,-0.505552,0.846652,-1.19802,0.823285,1.15776,-1.41374,-0.34649,-0.249868,-0.563243,-0.187635,-0.403425,-2.03492,-0.201594,2
19.6834,-6.9005,-2.48993,-1.94503,5.96475,3.42506,2.77749,1.30118,1.22563,-3.95551,-0.113761,-2.17547,0.670272,-0.173967,0.904199,-1.51186,1.31923,-0.872606,2.61639,2.44405,-1.6756,0.175108,3.91611,-1.86684,1.62379,-0.111933,0.222645,-1.63654,-0.49926,1.78618,-1.65566,2.11451,-0.0780739,-0.289844,-0.0663881,-0.73888,-0.595099,-1.14914,0.368238,0.948455,1.52648,-0.73957,-0.337925,0.931029,-0.909329,1.03515,0.713665,-1.24352,-0.343777,-0.565972,-0.521911,0.0932464,-0.163569,-2.42104,0.168633,2
10.2986,-7.30189,-7.41851,-4.4604,5.46317,2.70728,1.18449,1.28782,1.05716,-2.97333,-0.299954,0.539303,1.70365,-2.07182,3.71949,-1.98157,1.75266,-1.28606,1.95604,2.18456,-2.09268,1.38295,4.82786,-2.29973,2.73724,-0.622672,0.768233,-1.92356,-0.0391406,2.58783,-2.9875,0.710458,-0.181697,0.324472,-0.775579,-0.467868,-1.05086,-0.935214,0.708351,0.0960039,0.74194,-0.190026,-1.24656,0.255537,-1.12602,0.796389,1.12719,-1.0739,-0.0380508,-0.410717,-0.498667,0.115083,-0.76475,-1.43885,0.310222,2
24.3502,-7.72958,4.65248,0.481891,6.80543,3.28463,4.21269,2.61429,0.739131,-3.4749,2.1324,-6.95448,-1.3591,2.58429,-1.06321,-0.0565995,2.78399,-0.490941,2.90273,1.50139,-3.49359,-2.28191,3.99369,-1.2302,0.0946233,0.649963,-0.664268,-1.93622,-1.98815,0.840963,-0.431832,4.02427,-0.353519,-1.40397,0.50821,-1.10696,-0.793481,-0.00833318,0.465766,1.21091,1.7234,-0.252694,-1.03156,0.619762,-0.239429,1.55963,-0.108158,-0.127233,-0.222368,-1.10322,-0.532627,0.68075,0.459773,-2.73259,0.975687,2
25.5207,-13.5923,0.418037,-0.0329278,6.78905,3.43395,3.48363,2.71042,1.02348,-3.42063,1.62315,-4.65663,-0.736112,0.986708,0.0637712,-0.671884,2.66674,-0.279701,2.76989,2.37449,-2.97755,-1.05778,4.62975,-2.17749,0.738369,0.0269975,-0.194536,-1.67196,-1.02756,1.16792,-1.696,3.55184,-0.283737,-1.05798,0.199854,-0.956892,-0.500307,-0.186619,0.833792,1.00547,1.87316,-0.339527,-0.911246,0.545975,-0.247262,1.46846,0.327611,-0.315541,-0.115565,-1.20139,-0.448268,0.801962,0.102022,-2.82489,1.10874,2
14.6198,-10.4903,-5.22578,-3.46752,5.7167,3.13495,1.94369,1.86665,1.10552,-2.95477,0.138834,-0.631828,0.877055,-1.26947,2.65293,-1.58376,1.93903,-0.911787,2.10529,2.30692,-2.17686,0.742962,4.67892,-2.46931,2.04534,-0.580469,0.602599,-1.69391,-0.155168,2.07368,-2.70004,1.60977,-0.195154,-0.018069,-0.414301,-0.791304,-0.703536,-0.695985,0.797115,0.321025,1.01826,-0.444567,-1.01139,0.42623,-0.793152,1.05845,0.924702,-0.858805,0.0587018,-0.778169,-0.407834,0.244209,-0.515754,-1.97105,0.547835,2
-5.30749,-13.6315,-10.0885,-7.23851,4.44087,3.16219,-0.954622,1.09239,1.36635,-1.86911,-1.27484,3.06905,2.58164,-4.10451,4.40662,-1.82514,1.73576,-1.30768,1.70844,1.55728,0.126878,1.74001,5.1412,-2.25815,3.32631,-0.0716908,1.86916,-0.85179,1.03557,2.42117,-1.57086,-0.261867,0.49598,1.46008,-1.02274,0.558063,-1.62928,-1.84957,0.247256,0.594417,-0.340442,0.171863,-0.427192,0.163925,-0.79176,-1.30025,0.37918,-0.673247,-0.701571,-0.577701,-1.74463,0.812833,-1.07208,-0.157833,-0.141486,2
17.7506,-16.9076,-2.91791,-2.183,5.98264,3.35881,2.45332,2.47906,1.09947,-2.90339,0.77262,-2.18211,0.0166579,-0.391318,1.55751,-1.1193,2.48801,-0.415372,2.37491,2.49707,-2.26158,-0.215574,4.65118,-2.59189,1.54012,-0.388106,0.421473,-1.39442,-0.259091,1.40259,-2.38171,2.60155,-0.10921,-0.497268,-0.184637,-1.05897,-0.35901,-0.34217,0.964015,0.582774,1.50034,-0.465016,-0.884007,0.477537,-0.311133,1.10889,0.537609,-0.382316,-0.03018,-1.07384,-0.479641,0.611734,-0.252149,-2.44394,1.02425,2
18.0569,-27.5039,1.93667,0.311062,5.79377,2.40072,4.4153,2.93113,1.11316,-2.45724,0.688865,-6.62872,0.275451,2.11518,-0.892821,-0.347676,3.36359,-0.775843,2.98531,2.50545,-1.155,-2.48841,4.18479,-2.84147,0.697008,0.546045,-0.134227,-0.7298,-0.11037,-0.393569,-0.679889,3.75261,0.571607,-1.72935,-0.151786,-1.34719,0.750578,-0.38631,0.7551,0.948482,2.50147,-0.2686,-0.608029,0.998536,0.398443,1.41627,-0.612717,0.738066,-0.948161,-1.63153,-0.892571,1.93695,0.204493,-2.65268,1.18939,2
10.4821,-23.3526,10.2009,0.944204,5.47581,0.213415,5.12928,2.2642,-1.58965,-1.07856,2.12342,-9.73024,-0.631038,4.77163,-1.94165,-0.103848,3.11088,-1.44702,2.72028,1.35009,-2.01121,-4.64847,2.27343,-1.62859,0.250985,2.73139,-0.765871,1.08062,-0.498242,-1.84006,1.85564,3.41344,0.454792,-1.41716,0.166635,-1.75264,1.06711,-0.567303,0.698276,1.1206,1.49125,1.6352,-0.91319,1.78188,-0.826341,1.3236,-2.07734,0.893794,-1.14324,-1.01126,-1.6326,1.46412,0.350221,-2.04054,0.791746,2
-12.3889,-16.8941,16.3859,-2.69312,5.07502,-2.31834,4.1847,1.83683,-5.24631,2.3447,5.48322,-8.51347,-0.282181,3.08562,-2.44829,-3.27457,-0.0597313,-0.540712,-0.765346,-0.373695,0.282952,-2.18184,-1.36065,1.29602,0.639258,2.16089,-0.612036,2.74224,4.06687,-4.28489,1.44788,3.29592,-0.509435,0.963546,-0.516299,0.201278,0.275037,1.78693,-0.227702,-0.296009,-0.758814,0.544285,-2.31737,1.74136,-0.915962,-0.354948,-1.926,1.79755,-2.17443,1.08604,0.370298,-0.948716,-0.0738369,-1.66397,-1.18223,0
7.21185,-26.3635,-9.01887,-3.32103,5.36672,4.27665,-0.212786,2.85622,1.0486,-1.95995,-0.316894,0.963674,1.45377,-3.06463,3.38605,-0.946472,2.33876,-1.00665,1.6787,2.55073,0.442839,1.14929,5.3141,-3.2119,3.11072,0.413192,2.59352,-0.356317,1.66217,1.8775,-1.36382,0.670106,0.323751,1.58613,-0.481988,-0.0988477,-1.11317,-1.56148,1.11979,1.00464,0.681835,-0.795878,-0.13539,0.566969,-0.219176,-0.76927,-0.0482915,0.232318,-1.27544,-1.62362,-1.5198,1.33469,-0.928552,-1.41504,0.940836,2
11.2135,-37.3232,-5.59038,0.794742,5.9964,2.1875,2.04956,4.40609,1.03934,-1.56109,0.0942474,-2.98919,0.429204,0.170355,1.40051,-0.66107,3.31206,-0.542437,2.03053,2.70476,0.304101,-0.363042,4.60653,-3.2993,2.55989,0.794403,1.79419,0.0427381,1.76365,0.488098,-0.68197,1.90104,-0.016109,0.41311,0.0262345,-0.183511,-0.225736,-0.359616,1.55259,0.897247,1.92131,-1.55134,-0.169713,1.30986,0.626538,-0.235069,-0.670051,1.21481,-1.52136,-1.96673,-1.17854,1.98435,-0.231844,-2.044,2.15476,2
-10.0264,-28.9283,-9.27158,-4.48647,2.17999,6.0793,-2.22384,3.87979,1.55885,-2.01906,-0.952552,2.28405,3.43835,-4.25401,3.55547,-1.20405,3.2137,-0.700711,1.0773,1.26991,-0.261379,1.95841,6.06963,-2.42434,3.53214,0.657574,2.39687,-0.352511,0.969019,2.91932,-1.04994,-1.32352,-0.798646,2.61109,0.0852996,-0.563081,-0.709593,-1.55869,0.77697,1.33552,0.611345,-0.212419,-0.194994,-0.257481,0.225372,-1.23107,1.17834,0.751154,-1.03342,-0.789823,0.00903965,0.559714,-1.39461,0.774664,1.93669,0
10.2099,-41.1093,0.7634,5.84286,6.3198,-2.53263,4.94407,4.00147,0.120315,-0.982726,2.24108,-6.87428,-1.44259,3.60076,-0.896211,0.288658,3.95492,0.163357,2.15133,2.70592,-1.06301,-2.62863,3.25713,-3.03176,1.48365,2.42574,0.178685,0.920139,1.90511,-2.34066,0.246171,3.04654,0.806037,-0.949039,0.545818,-0.829178,1.7412,-0.147327,1.47477,0.556298,2.48763,-0.613345,-0.537878,2.68463,-0.395467,0.718469,-2.38014,2.33342,-1.08146,-1.79181,-0.559853,1.43915,0.767925,-2.91553,3.05774,2
-4.15372,-36.2824,-8.68476,0.780243,2.10532,4.72571,-0.385737,4.25572,0.531514,-1.66613,-1.33111,-0.39461,2.16153,-1.87087,2.24322,-1.01063,3.55763,-0.0823399,0.918203,1.4083,-0.403673,0.836149,5.1673,-2.41801,2.98309,1.00753,1.34275,0.465374,1.93146,1.73931,-1.14612,-0.0558639,-0.0953785,2.0198,0.70136,-0.58609,0.618808,-1.01086,0.948994,0.998037,1.01551,-1.29938,-0.305495,-0.112557,0.516654,-0.558738,0.191465,1.34644,-0.836487,-1.52628,-0.322126,1.16955,-1.01569,-0.309705,2.62251,2
-1.31162,-41.8808,-6.91571,7.52245,1.67701,2.17791,2.13186,3.32251,-0.485744,-1.79642,-1.29704,-3.69414,0.44863,0.0773322,0.264315,0.171946,3.98764,-0.501752,1.03606,1.83115,-0.187286,-0.806149,3.91778,-2.53059,1.75367,0.993846,0.971582,1.40979,3.51943,-0.0306872,-0.929192,1.80829,0.632064,0.428994,1.13228,-0.46842,2.09783,-0.631594,1.11288,-0.500119,1.59788,-1.54408,-0.0973312,1.2957,0.112658,-0.245798,-0.673089,1.74399,-1.06698,-1.93122,-0.338662,1.53343,-0.300129,-1.41446,3.12899,2
-3.87943,-34.4171,9.05189,5.27049,5.0625,-7.60887,7.0375,0.10656,-3.23749,0.194986,4.24847,-7.79015,-2.2537,5.4068,-1.56036,-0.289768,2.45984,-1.23689,0.336795,2.15401,0.0195229,-3.24571,0.519316,-1.73616,1.59377,1.68766,-1.23435,1.74952,2.76381,-5.63591,0.928537,3.63248,0.593453,-0.875913,0.0572361,-0.903825,3.29652,-0.00495402,1.56086,-0.466353,0.688,2.05452,-0.0906426,4.08258,-0.941224,-0.480435,-3.01988,3.38432,-1.5935,-0.386793,-0.127134,-1.66505,1.1684,-2.65446,0.423951,2
-18.986,-29.6858,-9.29932,-1.67281,-0.975126,6.91581,-1.87258,2.93704,0.999471,-1.76598,-3.22321,0.895559,2.78471,-3.45844,2.87195,-1.14882,2.81621,-0.146035,0.869459,0.644894,0.614588,1.49074,4.8312,-1.49124,2.00405,-0.030607,0.810411,0.585776,1.94141,2.74458,-1.03082,-0.228356,0.08554,2.48117,1.30449,0.0663239,0.413475,-1.66507,-0.0198885,0.996196,0.677257,-1.39425,0.252579,-1.13127,1.29384,-1.20917,1.27857,0.699915,-0.724749,-0.612885,-0.512932,0.630925,-1.84418,1.10044,2.00078,0
-8.45815,-38.5026,-0.936995,10.1197,1.51556,-2.57316,6.10643,-0.743134,-2.40442,-1.53669,-0.636533,-6.05472,-2.22738,2.15717,-0.48752,2.2336,3.22879,-2.43189,-0.047008,2.07589,-0.138557,-2.16629,1.76491,-2.69738,0.0726494,1.14928,0.158418,1.91668,4.02515,-4.33568,0.170709,2.75922,0.618993,-1.15984,1.03291,-0.928258,3.93566,0.125168,0.235305,-2.20746,1.02603,0.478448,-0.102551,2.7971,-1.02602,-1.75962,-2.2055,2.736,-0.943599,-2.07269,-0.0502561,-0.522075,1.40646,-1.48741,2.04875,2
-18.7228,-32.7673,-9.20597,3.46718,-1.88836,6.65107,-0.324509,1.63965,-0.0791015,-1.83646,-3.80517,-1.80975,1.28133,-2.3587,2.40278,-0.188686,2.66025,-0.335055,0.992831,0.380632,0.717943,0.187179,3.84022,-1.68197,1.32606,0.398222,0.598463,1.48751,3.01244,1.54384,-1.11917,1.26189,0.420952,1.40659,1.63748,0.229085,1.18468,-1.3124,0.306478,-0.313723,0.946245,-1.63683,0.161064,-0.372201,1.36103,-0.797878,0.713271,1.1547,-0.468057,-0.730818,-0.506707,0.94403,-1.40899,0.244466,2.63601,0
-19.5848,-34.6755,-7.84221,8.93524,-2.4282,5.54448,1.9027,-1.48857,-1.21386,-2.18023,-3.58815,-4.82565,-0.710706,-1.62243,2.40487,1.24261,1.84358,-1.07369,0.618468,-0.151791,-0.128121,-0.949196,2.23749,-1.96646,0.289173,0.928911,0.923053,2.55185,3.4052,-1.39316,-0.59984,2.40848,0.0363433,-0.349105,1.67863,-0.072856,2.39769,0.220728,0.0311673,-2.70314,0.361295,-1.31703,-0.128948,0.701863,0.303308,-0.904701,-1.06114,2.00339,-0.595389,-1.1745,0.0164155,-0.213793,0.24193,-0.452228,2.88884,0
-27.9234,-27.3236,-1.44406,5.16187,-1.0529,1.97576,5.9613,-5.12005,-1.77349,-0.82901,-1.59664,-3.83212,-2.16309,1.27983,1.06526,1.50911,0.913752,-2.28515,-0.936483,0.138426,-0.187257,-1.01535,-0.402278,-1.96204,-0.852384,0.532892,1.30813,1.24627,2.07101,-3.99404,0.56088,1.71743,-0.512138,-1.07044,0.468706,-0.696848,3.48849,2.47498,-1.13538,-2.18534,-1.63262,0.925907,-0.016392,1.58536,-0.967366,-1.48658,-1.0074,1.21091,-1.20929,-2.24501,-0.559293,-1.92683,1.30472,0.815481,0.581723,0
-29.1389,-24.0668,4.54778,1.2956,1.28012,-3.0895,7.82672,-5.24976,-2.55508,0.195482,0.536022,-2.64551,-1.25385,3.17352,-0.895418,1.01957,0.695761,-2.50986,-2.12579,1.91491,1.01132,-1.11114,-1.45288,-1.2424,0.0461963,-0.750355,0.0605712,-0.944274,2.4668,-5.31571,0.930003,1.5139,0.0164373,-0.812569,-1.40871,-0.774463,2.94793,1.71397,-2.04577,0.240927,-0.715277,2.83049,1.39076,2.8771,0.399357,-1.36425,0.256224,1.10607,-1.01017,-1.54866,-1.61506,-1.71882,0.254408,-0.447991,-1.11311,0
-38.84,-12.9291,5.87664,-8.12518,0.697881,-0.32163,3.34259,-2.11988,-0.901018,0.853884,0.906035,-1.05963,0.302732,1.83643,-0.997392,-1.69952,0.209546,-0.27752,0.67476,-0.437377,1.11012,-0.711562,-0.0154942,1.52375,0.753015,-0.918591,0.76217,0.299577,1.74253,-2.06074,0.373369,1.11326,0.610857,0.416472,-0.489242,-1.32879,0.403171,0.874456,-1.18093,-0.803958,-0.511939,0.515891,-0.0939761,1.10738,0.534489,0.716913,-0.400823,0.371679,-0.460449,-0.55837,-0.0247882,-0.065265,-0.402003,0.0838942,-0.021052,0
-31.6837,-24.7383,-8.52535,1.94245,-3.11836,10.3051,-1.15266,-3.09551,0.858883,-0.988943,-3.43328,-4.054,0.735427,-2.06659,4.50086,-1.67658,0.374499,0.724598,1.84658,-0.639232,1.13087,1.39024,2.12166,-1.12035,0.842624,2.07713,0.701701,1.44671,0.840168,0.0210699,-0.714366,1.80732,-0.38681,1.78742,0.606947,-0.0580867,1.29071,-1.05202,0.113414,-0.809335,-0.597827,-0.398587,0.0550915,-0.867253,2.29789,0.00444112,0.30006,0.893935,-0.483618,0.899557,-0.49381,-0.88171,-0.587094,0.374051,2.99671,0
-37.475,-20.0327,-4.43495,0.137024,-2.95087,8.43263,1.95508,-5.52497,-0.137082,0.153149,-3.42633,-4.59526,0.0990844,-0.968713,4.01223,-0.937456,-0.588048,0.653259,1.34547,-0.0106429,0.644897,-0.148135,0.403938,-0.622128,-0.268886,2.01262,1.17101,0.490094,-0.869781,-2.39056,0.869761,2.84805,-0.919459,0.393273,0.0273411,0.541107,0.867028,1.58363,-0.785979,-1.35286,-2.34256,0.0139885,-0.149154,0.809235,1.08811,0.0542119,-0.40551,0.982738,-1.10697,0.24573,-0.315894,-1.17959,-0.197403,0.934467,2.52143,0
-42.8168,-10.3364,1.42304,-10.6891,-0.657912,2.60223,1.75441,-1.62433,0.608541,0.130304,-2.40559,-2.07987,0.602428,0.75731,0.546154,-0.25117,1.65228,-0.555764,1.43478,0.489988,0.0150232,-0.530606,0.211383,0.586589,-0.259386,0.688903,0.301174,-0.855317,0.166326,-1.53883,1.79571,1.06451,0.721335,0.662728,-0.610152,-0.571557,0.3334,0.247403,-0.574884,-0.530277,0.351359,0.215226,-0.523252,-0.0794064,0.221388,0.0708589,-0.208963,0.189998,-0.845288,0.479871,-0.847304,0.0874023,0.093825,0.690572,0.444784,0
