cluster_id,origin...,basis_dim,basis_vectors...
0,-2.38393,2.48429,1,-0.0564622,-0.998405
0,-1.01429,1.6131,1,-0.218642,-0.975805
1,1.17077,5.3533,1,0.51162,-0.859212
0,-0.472615,2.50787,1,0.484466,-0.87481
0,-3.28756,-0.168757,1,-0.0544652,-0.998516
0,0.167745,2.85693,1,0.219175,0.975686
0,1.97942,0.925316,1,-0.812684,-0.582705
0,-1.58959,2.02229,1,-0.163103,-0.986609
