px,py,pz,dx,dy,dz
-2.52697,-3.83007,-3.05964,-0.820475,0.467486,-0.329057
-0.108932,1.53308,-0.235097,-0.605413,-0.533153,0.590952
-0.380626,-0.627667,-3.35059,0.216258,-0.962554,0.163471
-0.49692,-4.60197,-2.53355,0.955238,-0.119893,0.270455
1.14377,-0.585957,1.65701,-0.383068,0.900356,-0.206442
0.657521,1.57057,0.766229,0.611394,-0.785488,0.0959456
0.208004,-0.571824,-3.46373,-0.0869296,-0.993418,0.0745919
