origin...,basis_dim,basis_vectors...
1.00691,-0.985775,-1.71605,1,0.388193,-0.101985,-0.915918
-0.0274517,-1.37831,-1.04761,1,-0.666421,-0.476161,0.57372
-0.482293,-0.393419,0.633786,1,-0.391785,0.620106,0.679686
0.367482,-0.258116,-0.545548,1,0.37567,-0.132501,-0.917233
0.59174,-0.97438,-0.445205,1,-0.224095,0.270226,0.936354
1.4711,0.614004,-0.51993,1,-0.759265,-0.641607,-0.108887
