origin...,basis_dim,basis_vectors...
0.530501,-0.642455,0.725061,1,-0.658909,-0.670864,-0.340265
0.153247,-0.110238,0.348372,1,0.614042,0.693948,0.376015
0.280995,-0.99464,0.819134,1,0.87537,0.221569,-0.429691
-1.32647,-1.53081,0.239268,1,0.450758,0.879527,0.152481
2.37995,4.15626,5.59557,1,0.321879,-0.777834,0.539785
0.691891,-0.593882,0.218199,1,0.710746,0.563365,0.42126
2.18784,3.86749,5.83786,1,-0.864281,-0.117782,0.489026
0.111309,-0.278,0.812386,1,-0.653123,-0.656289,-0.377776
