px,py,pz,dx,dy,dz
-2.94288,-3.66804,-3.25863,0.915105,-0.324528,0.239302
-0.486328,1.11555,0.205783,-0.573699,-0.537309,0.618197
-0.445243,-0.726659,-3.37928,0.237365,-0.967357,0.0887575
0.671375,1.74643,0.675476,0.0726411,-0.871859,0.48434
-0.496774,-5.04135,-1.8586,0.0911898,0.95448,-0.283994
1.62954,0.31109,0.970115,-0.870108,0.320907,0.374072
0.739153,-0.599297,-3.45292,-0.870885,-0.489962,0.0386908
0.669577,-4.9705,-1.48937,-0.87952,0.167254,-0.4455
