px,py,pz,dx,dy,dz
-3.02411,-3.67443,-3.18434,0.939385,-0.289698,0.183387
-0.49286,1.21674,0.0595017,0.66406,0.547157,-0.509552
-0.243207,-1.06917,-3.34078,-0.166424,0.981697,-0.0925943
0.848973,0.648753,1.24475,-0.84885,0.105116,0.518077
0.0195674,-4.80768,-1.73358,-0.870612,0.19068,-0.453514
0.94052,-0.320004,1.612,-0.117805,0.904483,-0.409919
-3.38834,-3.15045,-3.35004,0.611444,0.791073,-0.0184166
