px,py,pz,dx,dy,dz
-2.52697,-3.83007,-3.05964,0.885158,-0.342274,0.315189
-0.963384,0.868997,0.397368,-0.638774,-0.53919,0.548855
-0.791129,-0.257259,-3.35924,0.328117,-0.937736,0.113974
-0.308676,0.850132,1.86204,0.883214,-0.191131,-0.428255
1.1644,-4.7874,-2.24136,-0.966976,0.125943,-0.221576
-3.55084,-3.35198,-3.02669,0.656868,0.74871,-0.0892037
0.689669,-0.00238016,1.70153,-0.027625,0.881791,-0.470831
-0.144484,-4.6,-3.16127,0.11059,0.993079,-0.0395431
