px,py,pz,dx,dy,dz
-2.72075,-3.58798,-3.09488,0.911907,-0.365094,0.187434
-0.476747,1.21319,0.0175164,-0.73818,-0.405704,0.538976
-0.573543,-0.115988,-3.41164,0.00977684,-0.953917,0.299911
0.837124,-4.42168,-2.65436,-0.988443,0.0523022,-0.142284
0.627189,1.65526,1.00836,0.143571,-0.925916,0.34938
0.280895,-0.780183,-3.31337,0.0133996,-0.946892,0.321273
-0.14886,0.509813,1.84978,0.843534,0.0409859,-0.53551
