cluster_id,origin...,basis_dim,basis_vectors...
0,-2.51255,-0.310066,1,-0.0523565,-0.998628
0,-1.03642,1.44258,1,0.213519,0.976939
1,2.01279,3.62292,1,-0.530886,0.847443
0,-0.448075,2.50777,1,0.47564,-0.87964
0,-3.31905,-0.0808178,1,-0.0603961,-0.998174
0,0.557015,3.37649,1,-0.279849,-0.960044
0,1.57913,3.9178,1,-0.754729,0.656037
