origin...,basis_dim,basis_vectors...
-0.0907889,1.23987,5.8783,1,-0.671563,0.684655,-0.283284
-0.788373,4.69735,-2.56611,1,0.890359,-0.230677,-0.39249
-0.253824,-2.53716,-1.73962,1,0.929769,-0.29716,0.217314
0.500445,-0.353419,1.57079,1,-0.123895,0.112689,0.985876
0.433796,-1.73802,-0.817868,1,0.0804806,-0.525999,-0.846669
-1.24263,-1.77104,-2.34579,1,-0.364342,0.645417,-0.671336
0.464997,0.616198,3.4224,1,0.223427,-0.2641,-0.93826
-1.13635,-1.90031,-1.83071,1,0.72766,-0.565173,0.388705
