PC_1,PC_2,PC_3,PC_4,PC_5,PC_6,PC_7,PC_8,PC_9,PC_10,PC_11,PC_12,PC_13,PC_14,PC_15,PC_16,PC_17,PC_18,PC_19,PC_20,PC_21,PC_22,PC_23,PC_24,PC_25,PC_26,PC_27,PC_28,PC_29,PC_30,PC_31,PC_32,PC_33,PC_34,PC_35,PC_36,PC_37,PC_38,PC_39,PC_40,PC_41,PC_42,PC_43,PC_44,PC_45,PC_46,PC_47,PC_48,PC_49,PC_50,PC_51,PC_52,PC_53,PC_54,PC_55,id
39.9385562593827,19.02572102141809,7.789121141811449,-9.692496157883175,1.240650734243083,0.1441363728544072,-0.7437422711409749,2.801145618595803,-3.3576743473723405,-3.2333360937593056,1.499203538710411,-0.7992084699872164,1.805119542070276,0.9436328994944558,1.1107687494578495,2.890232534275982,-1.1594989826180115,5.050396188975524,-0.1687792330378089,-5.122787854637683,1.7232518716018117,1.3325317238889829,0.720265137932778,-0.756947146790034,-0.8216376791156016,0.5124495948510628,2.6329029436694658,-3.2647641617913994,-3.352205489665759,0.5503223378630652,1.803297681678638,1.0834935546034214,-2.4772792430476827,0.1172639362363326,2.575747984497011,-2.441331750244915,1.0758135464739909,2.029895211398816,2.014706705707828,-0.3531237094247591,-0.2374723605175428,0.0218024665011294,0.54626488071473,0.3453639908779735,0.8532787246863545,-0.4190653719256213,1.300896965813748,0.2556556183366709,1.267213087266268,0.531853154728624,-1.8665735038658449,0.7548974520377564,1.469724177718579,0.1150876648355763,0.4035338182274851,26
32.66189485685252,18.654025336987736,19.49629618600514,-6.568967215497889,0.417244205977979,1.7125411382335138,0.6062570067815222,4.084980483465758,-4.649082547106056,-4.965062951818689,3.1128916509098765,-4.461595184881976,3.1733527855302026,3.8176008141574496,1.7305459399535583,2.8239431704896343,-1.0316860261815006,4.323431286951542,1.5968287339582394,-5.268846981097789,1.8748274472655908,1.9609098649377923,-1.1779551035500355,-3.220983141560332,0.7241005107182162,1.825453648692131,0.4519912755303342,-1.2781983779738528,-3.424918665707442,1.2444051066034207,2.436962909422201,1.7279448358997305,-1.8293128785377544,0.6634076850296444,2.102169644323102,-3.9275967995428696,0.3184420162877677,1.3937512947912671,1.7821884502243943,-1.2432672969341203,0.5809403224743696,0.4089939827623732,1.392541450625384,1.593109728301167,1.189005080217676,0.1832828006353793,1.2281390451121914,0.7584646204313508,0.8941853703907541,0.5465113532079504,-1.266854400781593,0.9791719530307684,-0.2050008296581205,-0.6365657882439095,0.143108300313521,26
12.882541970964873,11.513998705076574,27.62047217346889,-2.6907420371180604,4.759843954787714,5.169391073190754,1.4685923479116174,4.036496911152271,-5.813116871038459,-1.194929679506184,3.285786453998813,-2.192629945192496,10.304602282539106,-2.301063966725341,1.5029085701137233,2.0385234685729934,-1.7368292132456524,3.3195872002453872,4.544094217391635,-3.64738983758924,2.039058358921781,3.972795009345168,-3.671546432826625,-3.920139741649877,1.3212172380299865,0.8815764682309021,0.9820570627791684,4.299300570539935,1.4594264392315242,0.4917338654139652,-0.1047576227047363,-1.643587724098079,-0.701594545048018,-0.609174710778869,0.4026019414767335,-1.5895236841684737,-1.1708481932529513,-0.8869491552929433,0.1833138473101389,-1.866854774336477,-0.1181481122075999,0.5491846690252061,1.705939650994965,2.4174658669192595,3.4666220808687864,0.5289773912231036,-0.7703262097140463,1.0664600906179456,1.7286988064486994,-1.8874303645427013,0.3837860027703531,1.423357070124551,0.5055584399505662,1.021548552808181,2.7682898841807924,26
-38.77937411357094,-6.307115784735645,12.03688467387644,-10.571095602383124,2.000705238936668,2.5269735919300005,0.8651897868575348,-0.6187575851987654,0.8550686625152552,2.626773266436472,5.588986184304798,0.7359287161403227,0.5810137481790594,0.4214313969411673,2.4965969363690848,-2.7544708753561373,-6.292029351857109,-1.7503483440552254,1.6955364979981489,-1.9911937725589148,1.6001475584858769,-2.3576133201127343,-1.22267357500928,-0.2392823887535335,1.8364276150628656,-0.492008402188735,-1.5984238365367731,-1.0705249394344936,0.6076701547053782,3.5432290304008114,-3.302003224793345,-0.4654562519315094,-0.1300773090761712,1.5173273011257935,0.2211074761726834,-0.3486097701283859,0.1065250584205453,-1.1684029917898575,0.344516630963691,-0.6092611415140516,2.983833501433504,-0.5874189284010344,1.8740864615082544,1.9638745058582108,0.888306897197703,1.4175587855593792,0.0664417531102777,-2.990096987978509,1.4775236955821185,-2.4588388139588564,-0.1028838426197263,1.7993846173168426,0.2970370950960815,0.5109784468931682,0.3596458049638312,26
41.46702594702502,16.72054247799927,-2.6283937396565906,-12.384533448350048,1.7083794871151052,-0.724989204653249,-3.764565399138832,2.335828728757682,-5.196562742722303,-2.880384652400682,1.675332415357158,3.1099243865417625,3.7304720347307434,-1.733764065528489,-2.3278654511200725,2.388368895304803,-0.827370871362239,5.545753554817766,0.5645166839714755,-4.832502324239217,2.7091134801848056,-0.3035686563699878,2.6627076220097794,0.9009115986712348,-0.5787572151749569,-1.279806735223131,4.439508710998023,-5.147936111818997,-2.618214281341796,-0.7361359767928927,0.6616701220920463,-1.3128411437085346,0.0260378564515924,-1.0499838576883989,1.7450336940140068,-1.5958256029714737,2.59883815489052,0.1645685656170885,1.7442535850430343,0.2173813355804425,-1.3156780095659528,0.1115366752507102,0.6976306215039356,-0.9439909165808452,0.1929159588871763,-1.671560768321961,0.990680554931758,-0.3248570373354238,2.110133610626225,3.027820186570989,-1.6428717857759985,-0.7221155492279889,0.8323847349946949,-0.0260566177483927,-0.5354930751009271,26
23.00489096210796,11.404835701809349,-9.563558664782471,-14.940238208575472,1.6710863349867189,-1.436044073677816,-6.594082496003218,1.5004351818327288,-7.42735603422881,-2.0417508076293487,-0.7677348589013131,4.440200901908831,-1.915114659251736,-0.7012025867390554,-6.415193318197736,-0.026769135904279,-0.6305741870070048,3.065384920715145,2.0675477909338777,-3.566606263427287,3.1690336804070105,-3.270751287809434,2.2689840147881437,2.74452134513169,-1.0610179579226988,-2.4580566562822805,2.362207064816204,-4.460374790383174,-2.167038553696658,-1.7250551353591896,1.2470573328747288,-0.7851389008368994,2.333023706396072,-1.1153765569385463,1.0529133078842952,-1.2042164352916092,2.911235719661064,-0.2437815983188964,1.378273653148426,0.6173228900595559,-1.8663696942461805,-0.0067806353294953,-0.3389486622193956,-0.7892981864080569,0.2928268611761522,-0.7955434648810534,0.783003145643611,-0.0755239123491358,0.7768180338802317,2.2369912729725896,1.4536549982912637,-0.3062221813189013,-1.3718551108887935,-0.970012488990294,-1.7555697892774391,26
36.63266136990729,22.557969216057323,12.976736239710782,-6.89189447692369,5.33508746892999,3.495359647601989,-1.9333158519396716,2.988550291838215,-8.16253772435552,-1.4919654505537985,1.8574457446249009,1.3384340583410754,4.750331267631853,-0.7009993262594163,-0.2104815808762435,1.781239893220402,-1.5162500429549877,4.151630967900813,4.45281265154616,-3.8021322750817577,2.812030729172512,2.875914702519052,-2.4337231197274045,-2.795380400639832,0.0897849183260633,0.184485634271912,2.0413762131060555,-0.9283302626065444,-1.427950764444457,-0.1018398482365324,1.7867538420545308,0.7543009345999077,-0.1823199362557105,-1.2848344922853725,1.8933932757912992,-3.429347814525064,0.6125443557781803,0.7423945445184071,2.2497518587836467,-0.2438201009738874,-1.3647906082574048,-0.1265919539475271,-0.1150244121987615,1.1792601756091678,2.5815482840064106,0.3034641877822068,-0.0215805151213116,0.0892419040836345,-0.2058025286610197,0.6018892289351513,0.935877602310618,0.8849045083107612,-0.4246342547205196,-0.8543829140103366,0.6361124467568768,26
41.90104823268968,24.747616513567664,1.0738555516252797,-9.256239576537542,4.481726829784438,1.6466445821498574,-4.261354060384712,1.854908888735823,-8.940507495230245,-1.7273543869379135,0.9001667638603796,3.221601578651873,0.0251822876457067,-0.5772493039983996,-2.592566889546518,0.5268325312726324,-1.6255728469588564,4.462477416694888,4.120414070306557,-2.8504775413734,2.956144688857595,0.6867346513184314,-0.4435699890405938,-0.4121796390246447,-0.9366852382060252,-1.0498289553560656,3.023351961153657,-3.32511984343972,-2.1179326559374267,-0.8162253806675048,1.9254558560691768,0.5648079634343487,0.3789019496058578,-1.508046408445206,1.8282033139617704,-2.744613003569194,2.2926290074304747,0.6515298436589315,2.225084478794759,0.7555726870668097,-1.8826831720569044,-0.0527508213232715,-0.8944984980052857,0.1022311397810231,1.836631873275403,-0.225210194593135,0.5398929666476077,0.1694516023362994,0.2074249140924479,1.029918376947774,1.0402041833313571,-0.1311686646320525,-0.2758000959385908,-1.367139262643552,-0.2673014139506579,26
46.27779428461316,32.81034001968515,6.946566325093156,-6.398851829611422,5.075471210965855,3.7092968174591774,-2.959648953939454,1.5667870908184356,-9.32415189330108,-1.3927545960021792,2.5445817923861918,2.9625827092749097,2.0251447654290566,-0.8997489507182631,-0.7692542382414844,1.503772640179308,-2.2640144046424835,5.163789406295628,5.041984624913596,-2.53105204765599,2.4987652495343657,1.985585256835958,-1.653560580627003,-1.7415609179423317,-0.6056097112808912,-0.4024294879445462,3.2075704799312663,-2.6253128683272697,-1.3474843915775154,-0.6673668122301297,2.14260352709413,0.7043418422300483,-0.0443714013654307,-1.01293123727788,2.5142698525198037,-3.311981922418268,1.3805707312380588,0.7031670248204414,2.8639035769104217,0.5390940295705895,-1.8271769091727976,0.2658708809329163,-0.6488569045815312,0.6062422068039269,2.329341491342245,0.0448375866006459,0.0659796347788195,-0.0554803235498504,-0.0696174250014335,0.945834378289122,0.978410833699488,0.3134960718809202,-0.1644457310275918,-1.6908679395042054,0.0869423939648643,26
31.93690943713901,27.569319694960672,-3.112879431944166,-11.959880598139565,0.908324636258273,0.0963420782107477,-2.618960323821719,0.1411600135809799,-3.9171104417257694,-1.2636163725968232,1.6670248996591572,2.607002178016651,1.3541990641791368,-3.030699061132855,0.375555684881482,3.329343344920884,-0.0114910212880884,5.581435201317776,0.3952830600049611,-3.8076835044264112,1.4387445341479494,-0.5003418511775788,2.1130855979909886,1.4183907354427767,-1.044921775415511,-0.875792205798036,4.244933297784493,-5.747859937762864,-1.427355394443273,-0.2442047216571533,1.3285476382681978,-0.9975031488351268,-2.850464431001933,1.1539351318706266,2.5245259578116395,-1.068817840819667,2.0898540663486376,0.1862769716135666,2.638196955636602,0.5539273908229636,-1.169710159466684,0.6732540150058106,0.9026098589773588,-1.150354080589315,0.6637479606115951,-1.0355707979446835,1.04360041796959,1.3131575652136722,1.9116400912137512,1.532943282085232,-2.037321441652543,-0.1007865640431222,0.8978891744957258,-0.5193183621465828,-0.258884685226329,26
30.66199450160452,31.611606702331876,18.391008205903425,-3.854438572703729,-0.1422664625459458,4.561252595843729,0.8296697136805787,1.6829882199798532,-4.817464298983163,-4.249697167735223,3.7123521263089687,-3.925342986175703,2.4640504261332388,3.4380797232681206,2.902401396774035,3.29393231206332,-0.9122633387539896,5.179728099169973,2.450869095376172,-3.3674707187883524,0.7405612948444313,1.7917521835154648,-1.5059185329900322,-2.6100288101921163,-0.0172369929505396,1.925818845892302,0.6297204392372199,-2.174472140261709,-2.6915550549553484,1.492470746906809,2.568739650365272,1.225393255053679,-2.995372282895616,1.9369569012164,2.5210181128542426,-3.866124180407844,-0.4364150342961361,1.4749189088258998,2.058247215756197,-0.6066405015284788,0.7667771847700864,0.6146662184830507,1.6624027020186125,1.4341899131554772,1.0659008578149494,0.1963337673022259,0.9725173103766604,1.45494351059892,1.040540211835287,0.3951312372939781,-1.1304662827791303,0.9104743186005598,-0.3410001660789379,-1.120653217343036,0.2095348289564763,26
27.160034037797956,35.860243547292626,12.070625800784862,-4.738219968797054,-0.0500332361310138,4.865155359298438,0.1428388912609819,-0.1962494630090193,-4.665365333316113,-2.936797862222869,3.2697387644036717,-2.073728512496804,2.0932440770236447,2.119432269429512,3.2303327220648432,3.4933066183144064,-0.8681864653082499,5.544391646457452,2.1525361821417657,-2.5970365230469303,0.0458766323601297,0.6306350791962048,-0.9449965449143672,-1.240342195512082,-0.4216345377842704,1.3945434303043478,1.4376575020295466,-3.3219582049184395,-1.9540468743361536,0.8747285647185862,2.679895095516863,0.9781465656299578,-2.744880262582188,2.0313051996699043,2.87758582327483,-3.145266659790587,0.0360105722635994,1.3180841253241855,2.6003956982885352,0.1421123335120893,0.2299609925684994,0.5729904762926111,1.4184808973369245,0.5576413998022768,0.7178796789518502,-0.3502606500786626,0.4631640167272597,1.0356285550494029,0.61573728303153,0.909926173367465,-1.2567668431731271,0.5308674850174959,0.1073941949360504,-1.1587556586914485,0.2836920247701228,26
24.77525335278028,32.70326339182718,0.0013876164627153,-9.299556685554592,0.3677096294553297,2.0104424576552367,-1.543770221115648,-1.3945517251326558,-3.994409848739719,-1.4731228639090284,2.1648216286022635,1.6514791258784045,1.0687888433326636,-1.5652839718624914,1.4786731819903036,3.671707118430862,0.0905930990561205,5.591221983810111,1.3630589383533067,-2.4065216267100493,0.5190772019984893,-0.5129060277918962,1.051801926192842,0.8504249033007608,-1.0953182386112736,-0.3585382785365515,3.464511970403979,-5.395341283172774,-1.1492977496407328,-0.1052199989129409,1.993986270975844,-0.4274515635964559,-2.875254496831112,1.6890277498720176,2.5054185003813765,-1.442086850517478,1.7967577757554014,-0.0102448412277795,2.9110609896814545,0.6269308164287508,-0.7707083426868016,0.8666975169210344,0.9204440173767092,-0.8016854428261848,0.7688924026219043,-0.9280115628975016,0.5154902249268551,1.154871324590641,1.0465341653546174,1.549411390276938,-1.465118138429402,-0.0481147965964496,0.9560671937967122,-0.9727881231904582,0.1578165564010056,26
9.736054237830228,23.41376247118729,-11.225751615647535,-13.09151952808323,1.34976695084713,-0.0759404094598026,-5.673752121768181,-3.235613174490915,-6.720926483049905,-1.0035406506882991,2.243235759001556,5.468791615022493,-3.30366835475969,-1.473701111283261,-4.839001479822145,1.4043851269150556,-1.1357707234829189,3.915696446551828,1.6882892684762418,-2.4406121860254326,2.540766934017024,-3.69631138525816,2.022586436296984,3.1539789130082254,-1.3815461312628403,-3.006674515363396,2.264908142928336,-4.817889949697513,-1.1441190702663615,-2.5251899984903337,1.6224530135362338,-0.5263486028276099,2.318256465431768,0.7347338829502553,0.5657053219189612,0.3426820056106667,3.2981571750113226,-1.0293540413476283,2.3529131061031805,-0.1768795504991829,-2.611563353409382,1.4061529950323406,0.2271424820449177,-0.5290489784829404,-0.5362935313902844,-1.2182737506141106,0.0105502837373364,-0.117482789753581,0.7744266216006342,2.4586012484304867,1.324977090902362,-0.7767381728054705,-1.1818322930470493,-1.375598332144678,-1.2806815564743328,26
11.712230642114122,29.87958873842437,4.985581715950045,-7.818571355750335,-0.1113456263122622,3.886437716812607,-0.3462516141608742,-1.4916497050421675,-4.029647097706737,-1.596411331991573,2.059199916304717,0.1412740317202158,1.3339906650079445,0.6320827475208616,2.517406024101568,3.3028927260159056,-0.2136986455845417,4.861259892617052,1.9581019152522268,-1.58069631572198,-0.3671506824696472,-0.5968560050084597,-0.3001596173768915,0.1132716757538184,-0.429482586064248,0.4342594515841631,1.9177218530557527,-3.845510121951874,-0.98569980206957,0.0555293794658325,2.5712755430646546,0.2685867038393155,-2.157726671951252,1.8166172150126303,2.151159384347501,-1.975299316560882,0.9978559475564616,0.4499614293362225,2.244759693037069,0.5054493669548723,-0.1075128904841184,0.7963725498818872,0.8617173935583078,-0.2188509562706591,0.5860763224025529,-0.7473345517351263,0.1310077916903654,0.7866191578517874,0.0135301725604195,1.3697654946483182,-0.9405681980522628,0.1223810125678586,0.4294770733655703,-1.2840286491024415,0.4332176660646132,26
19.298027379212627,45.82212296875871,12.980133158146748,0.2872200871728839,2.796271168474646,11.500672801903914,0.2744887511434649,-2.927487431407676,-5.304222168178897,-2.1334835910274283,7.43543025720607,2.276596466358692,4.50559062184716,-1.5517890841842557,3.840792032353862,3.413638990842073,-3.0619388949117408,6.540708874577292,6.372202374832601,-1.3433635503393644,-0.7508503726890031,1.9983077146217003,-3.0855705451744373,-2.2898893034649466,-0.1156058207346914,-0.4062413600809816,2.914228771062878,0.0364556068691103,0.3204189189456655,0.4369478835928231,2.797694112585083,0.5786275613523885,0.2387924244253435,1.588760014529979,2.81101672754342,-2.556929116642457,-0.3127213405244709,0.0512370699564972,3.709516776908841,0.7321509374639101,-0.3150622767722643,1.5869405107329393,0.5114675687345178,2.2297143813534737,1.5515576757111902,0.665133019164157,-2.069727199083372,-0.4633488578119356,-0.3441670261713927,0.8110279778852338,-0.886570475028607,0.6427769710285627,0.1025170829109119,-2.7802142688061484,-0.0408038456427276,26
6.135570790548785,36.28750565443859,21.518026643661035,2.666291811862392,2.610508346266585,12.95034687423938,0.3045776026559406,0.0362014985165057,-4.093686334872053,-1.7529437075750989,7.481153912912807,0.2750319292867179,6.927634897392991,-1.7095741260504176,4.83912419240744,3.0107136847989677,-2.555378614558681,6.005029511722999,5.208931907974106,-0.7363659875377101,-0.511320092798655,2.8212393530305504,-4.2507999097698255,-2.221677286138062,0.7587871124622587,0.1995733648454734,0.5221222428059944,2.635024265350907,0.849867193841894,0.9960037115057108,2.200248883606433,-0.8554369836526078,-0.9794189125240086,0.6197967662326473,3.2675753395276885,-1.7218214918209152,-1.369735536012554,-0.6277972940888553,3.237726229507999,-0.4846013026331163,0.8276869242459205,1.724772825569194,1.9661544392190928,3.8971129335254986,1.660775861388421,1.4895651255395652,-2.180750309311918,0.6583493389939663,1.407796870541261,-1.7219117922891167,-1.285887352301696,1.986552134661387,0.5960374040558458,-0.1872398975708307,-0.2147044961897604,26
-18.31392513239365,13.230696865547776,24.445770535311308,-0.0966505449753796,-0.0960862870160721,10.650768949560426,-0.5619884702643894,3.6160932774076513,-2.5707170477590275,-0.301282766110318,5.678401668710813,-1.9755278087477517,2.410038594828721,1.1860347659923858,2.136499467908154,0.2864262074049298,-4.288673944847802,2.448807067580697,0.2639877559869211,-0.6848126448780981,1.5116894721533412,1.2254130857086751,-1.0781548953377669,-1.0880612250538322,0.7848940600681369,0.5877974432755073,-2.647894431385277,1.9540010867644384,0.910996879427166,3.3011341265314216,-0.636887654513349,-1.5316981789016049,-0.4715095130552783,-0.0743983841389791,2.093738618990208,-0.4840839858727247,-1.836364370089017,0.0051974812924392,0.958642572892236,-1.416507611936796,0.7419297712277004,0.9574538155843412,0.9934067511642468,2.131626010784507,1.1355533486989018,1.3586106039126618,-1.285034243037904,1.511140860219642,2.3735036514454384,-3.104157213866189,-0.2310176882589624,1.0318686163300714,0.905462989179128,2.4464198156761565,-0.0261477718088928,26
15.335382752491729,40.74702589062828,-5.85448760020585,-7.595715076778234,1.635563602193425,4.467781882595081,-3.195495624763644,-5.452970571437185,-6.171839928693027,-1.0496304709911704,5.13317968717861,6.114145377114075,-2.9020972773396174,-1.977041717629012,-0.7621788016306777,2.7477229980450275,-1.967063872949904,6.04764136177486,4.021996422176847,-1.403235304512532,1.8690491597055972,-1.333528121079838,0.4922248162479105,1.541418475686064,-1.339632703248198,-2.7913119515123945,3.8856622020503977,-4.6865528586923215,0.093175224067221,-1.617972336374581,2.6468330456615563,0.4580674920389587,1.047322933315355,1.305656412572044,0.5746458089204691,-1.396469375100226,3.564214968740533,-0.7704439665259918,2.388739526509882,0.2687364625069913,-2.369759544690924,1.68441153193207,-0.3097925797727491,0.1619886891433424,0.55769330817516,-1.3089157761985597,-0.5166704230984392,-1.04679778738504,-0.8323199015908608,2.0323967764090094,0.6557951954888083,-0.8619706167817378,-1.0411703790336353,-2.324952591845316,-0.658174996588768,26
4.653581548654876,44.14524605952206,1.9128496621352724,-1.6019866627830284,1.348494612908957,9.393941830716658,-0.6895142908419738,-5.157245850268579,-4.221957918074216,-1.8336347233419288,6.956305319491226,4.168972825955213,-0.9349950141508392,-2.702333033850736,3.368585981949762,4.464088810181301,-2.0891936420313697,6.160556128321176,4.90154560402833,-1.5643518002405246,-0.521538872865929,-0.2516818530783254,-1.6278480967094724,0.212345157924405,-0.5857033683469963,-2.2119443050938496,2.8273341079721277,-1.8009205235081704,1.4985109731944013,-0.0574285447653348,2.5998771755683543,0.9796302727520216,0.4789477883129964,1.6448742395839815,1.037754022650611,-1.724368286311872,1.8185147782627704,0.1568327554588105,2.37221523567413,0.1617318731396221,-0.5474155974103087,2.1614127053991865,0.233437249027691,1.830078233427996,1.0007275735930814,-1.2561547553503576,-1.7757792336169935,-0.6978314665163686,-0.6660840555121579,1.4582518127801287,-0.3140515248828366,-0.3438605694268504,-0.2927640809127364,-2.816371284008521,0.126735645612777,26
-8.46811622519502,31.126587383684,-9.989604375706008,-9.513852569845117,0.5867241944526937,0.4058093128947303,-1.085007448059946,-7.928200409825801,-4.681367989325612,-0.5569499980520011,5.229167577121567,5.087796010214356,-0.2122053658166221,-6.847008437174263,0.6072879995274242,6.7570345633964095,0.676624851945294,4.721477076380223,1.77500342962488,-2.6382304117266746,1.1874920081838476,-2.847996273134955,3.7235205675407945,1.5245732000578749,-1.783555082929651,-3.4838920410693164,3.359100297829153,-4.246749525563926,0.7942420777585982,-1.5901746352295347,0.6909190746319056,-0.3534505302100502,0.0817231730477207,3.721208122977292,-1.5634278966625308,2.350238289058843,3.684232319042026,-1.0528120685295264,3.1645343910349646,-2.041798885291582,-1.836483443260153,2.781256830000776,1.575765349282449,-0.4242785190868248,-0.5301849341168476,-2.0062308153804604,-2.4653349642231457,0.0603964932639704,-0.3910807092035703,2.401364196334541,-0.7990556819037898,-1.5330058231210637,-1.0006402219677506,-0.7077575349565343,-0.4109466439146891,26
-0.4299390046286185,48.81833764448661,9.969948597290925,7.390290393321169,-1.5320622497346468,14.069357127565263,0.3582148631333434,-1.0657805112048746,-2.816460369103143,-5.332380625897484,8.880165824111437,0.2919616143350772,-0.3852164478983346,0.8755702196861417,4.499972028127496,7.398663903126239,-0.4690035316891758,5.867046305489649,2.6686196288095285,-1.854943286594856,-1.9820814911339824,1.06403895892616,-2.788394877494942,-0.0965981365256988,0.4096147819249675,-1.942916569207307,-1.5623565802855095,-0.8753238578698471,1.174383809173986,2.331907405786256,2.4210474062339884,-0.7767066153631179,-0.9075947827224062,3.908255322742701,1.8464305123175917,-2.347975039692064,-1.034340438155959,0.722458008173725,2.984782497118335,-0.703275976927827,2.532170426499595,0.773025345378176,2.875255394326221,2.6939500264021974,0.944727551294766,-0.0452779181972037,-0.9581093547225488,0.0228761161824946,0.8688008127757956,-1.3071136602068163,-1.4186487890328612,0.9275147531286246,-0.1586079729110244,-0.6062970665813461,-1.211242213194526,26
-3.4793753992327825,45.06806258381757,-6.909480865240065,-1.2579908421072876,-0.7381533278889231,4.4575979980635045,-0.0842503332375491,-7.530598039368441,-4.6577696709330425,-2.4481627418008705,7.897810548368563,4.824612741996927,-2.2685282634969024,-6.073067672857778,3.562286969930527,9.406903513592198,1.7126895571790877,6.478205199495079,2.1205428238413595,-1.947333387600636,0.7946206807793614,-1.4819427285007258,1.408082273254744,2.225757174255812,-1.7333836240944098,-3.922208851178865,1.7927358224907843,-3.1012275134921943,2.4787594599699183,-0.066726781421541,0.7986293530995677,0.4699483195872977,0.0338897328056586,5.341685665265338,-1.8272479621118696,0.318265835906138,4.2225151571156,0.3162254016169509,3.1298464650324536,-2.3728495920481434,-0.2430861703948845,3.044226346330192,1.8113579429078943,1.2340676012566691,0.3441200877780034,-2.763227125212275,-2.631286269962189,-0.2406589836778467,-0.8866350036833851,2.9160293509180457,-0.6075761528752075,-1.077580756311948,-0.982895016458275,-1.8470667555809737,0.6066510353758735,26
-4.035827738689511,52.64699193081331,0.086922788071083,9.24927786149318,-2.508447630309928,9.424269749760734,0.1855473777577903,-2.040012199689368,-2.885832084939108,-5.056308913071992,10.000504286854126,3.7397678839863246,-4.021049806440338,-4.033922241744621,5.440034522894745,13.546866983831617,2.140985171170128,7.559976548645429,2.0591031527784978,-0.3028979023498203,0.2471646271914697,0.2189991812068583,-1.5243455491669535,1.9063801497182864,0.0493847386874541,-4.846313814165084,-1.7873019654324676,-1.9386217461763224,4.448784878305378,1.2622182775165114,0.7537715893304211,-0.6917127518960967,-0.0530769399157301,6.679143341651758,-1.4087196497387873,-1.35469285231333,2.163011318786099,1.1032651094845751,3.901529668108689,-2.769202419362876,2.116759264717446,1.3110256422079416,2.6971200698394693,2.792338924165623,1.2796758053603088,-2.389547527384408,-1.856251863092484,-0.2435282235401191,-0.8573825561704769,1.0973557545943071,-1.223486611148138,0.1020056680290028,-0.8954280577541006,-1.707847544072236,-0.2103497193627277,26
-18.783110646352625,30.294539117715548,15.836755570983508,6.817848441267532,-2.7464984458714268,15.001377261741087,-1.2437973354761191,5.596571878281639,-0.3209292276802064,-3.975386730992603,8.349659848940718,0.940955492975396,0.2563648214498094,2.104724445388224,4.1160430554652025,5.60700861698541,-1.1983849475681505,2.1980855625518942,0.9208954577585836,0.4371862436879962,-0.038029197108045,1.519619833787016,-2.615603103932595,-0.8332969076880601,0.9541181383706838,-2.232080764679795,-3.9222180070681856,0.8015765652449428,1.5730819934475022,3.753190233190364,1.7905644655755295,-2.371132045492671,-1.0718152216741843,1.520314467224845,3.149724432642069,-2.949817654305823,-2.279509661712541,0.3052667958769532,1.4807820746588192,-0.4641742707786205,2.551209056008844,0.3532792620414021,2.268336110505065,2.836890120812252,2.454398779636857,1.512768006456665,-1.0535465535086486,0.6644499086848503,2.082389565286292,-3.416888470446518,-0.989421568775867,1.3390586555840205,0.3871447482819218,1.4376213171780112,-1.5841944090161162,26
-15.435062983904269,31.93006193603977,-10.318070194992648,-6.108261719601154,-0.3112747069621063,-0.5542274537954893,-1.5409493595128605,-8.641141398502965,-4.00397813737499,-1.8744660378553484,5.715549680467771,5.3878395549249385,-6.3386706470090814,-6.565030601751252,0.2855257965813947,9.514175521900526,0.491140360600639,5.195511324589858,3.169585264589928,-0.8682684430335705,1.5974295927623896,-4.279377398515237,1.6187239037670202,1.3878075810799817,-2.0615231455684606,-3.4965559492764937,1.8562666214017487,-3.790797842952642,4.265544572321694,-2.251982246582625,0.3022872225695154,1.7946305717127429,2.817325491938911,5.397780070470933,-2.831502558406682,2.300806297429129,4.661976448882515,0.2305552009289054,3.4435417857984887,-2.685985453947894,-0.8208175147593949,2.75786276109143,1.807512284645398,0.5735990515948087,0.5015946369164692,-2.145173815002195,-2.247862876350504,-0.5133777676599015,-1.9682220830051904,3.37867504247485,-0.0802883290592641,-0.819764365322767,-1.077329344821733,-1.7796527105697062,1.5829408764597748,26
-19.805084794730732,34.313622108798775,8.185012192644749,9.070428269853767,-1.390504456903305,11.626992557345469,-1.1196347013142858,7.733931803938861,1.4299151387865374,-3.1219493404410668,9.406929471277664,5.139151735837056,-2.8350240737572405,-2.811346864934825,7.212541414556884,11.75379830619317,0.0784266157880578,4.065189665815579,1.3546961895332696,3.10544778760423,0.4388904813056177,0.1052504034086019,-3.104715164043676,-0.1965575663473507,1.1081219441480683,-5.218537472007499,-3.873195788793234,0.1715041239523001,4.360560190963544,1.673889278814651,0.9708360039922436,-1.2451761779798785,-0.2560276121831104,2.2123698648305234,-0.0579765896425557,-3.163037002412154,1.1386484741522729,0.9188368536663394,2.761686128964079,-1.710437946817395,2.499156264388358,0.2865128588873841,1.656007908414692,3.945422744448984,1.6360991052141225,-0.0315931993289353,-0.8775160669054529,-0.345288067426435,0.7892075782625301,-0.2071983272317414,-0.9683955433439064,0.0212357100329713,0.2611119269561942,-0.9243793025222344,-1.4715966782589898,26
-18.519853058426538,33.79224732277076,-5.894887428237111,0.4870539267162757,-1.3838915963971856,1.7214303589355349,-0.7687949003917356,-3.5316794491215884,-1.915262920075997,-2.7814519855581112,6.946188197225948,6.333990867944945,-5.633274706842441,-6.447151284559395,3.156997662296749,13.354214998965386,1.4635499050266558,6.460428170683077,2.527541967003024,1.6018881074003408,1.5472890254858782,-2.4823492766718074,-0.1011235200846133,1.98595560665616,-0.2084986300327604,-3.622583467072288,-0.7714593298657006,-2.380478311534145,7.006559670793443,-1.9795176543265565,-0.0252467592566977,1.7318177478923773,2.0987597074969173,5.989486307709534,-3.353975262141137,-0.0229016016521475,5.103692761859356,1.6255029810460764,3.446376778000928,-1.960677164564285,0.3329601652916031,1.5838873006958738,0.27232548848748,2.3503993496314504,0.8677371530360308,-2.5195958289153304,-1.1888240473253453,-1.3072344044268152,-2.6668983272847933,2.936882529337337,0.3145936660878828,0.5175428268006912,-1.3949211084852349,-2.0785988725450952,1.7471145005157638,26
-25.87539315590524,25.989871771570392,1.5446900622236917,3.998803055645951,-1.329541467812528,5.277460863501931,-0.8359144570027018,6.851218083519638,2.920444805650851,-1.961259491868732,7.103881672505221,6.402227679823063,-3.7616140272249856,-4.081447538332413,5.522969080206374,14.441519006789807,0.7298760243408381,5.537902700506833,1.4637333704613624,5.4776744204719465,1.2313480864752533,-0.3619459650868674,-1.4044780853181806,1.3315530088245753,1.4620605302824163,-4.764476813374276,-2.92455395762548,-0.5174403930068695,5.166062822033556,-1.2828152356268154,-1.9172497839945863,1.84120064790652,-0.7785836524284095,3.649832352297893,-3.251089166685088,-3.057995912289932,5.060526653262727,1.8121438659224676,2.2185557466968664,-0.8772075511677442,0.6699647850174698,-0.6273215518911001,-1.09023587407982,3.4161434085541846,-0.2501729858101285,-0.8531502212499448,-0.8564413599453246,-1.3878632790529095,-2.1254181190614267,2.1227585976575893,0.2585199889577779,0.3306461657989244,-0.6297091186781107,-1.3306454613043788,-0.1092171099600649,26
-36.59427046662144,10.455618353633454,5.123713581880491,-0.4522984899577032,-0.0734501808975572,4.807801687928474,-0.4721589331608138,12.12606704821501,5.635734279282207,0.0989324444400354,2.116098845482582,4.409862278989795,-1.2923313370038276,0.2436341854214479,4.836538801765757,10.743944011530845,-0.7573900321647871,0.4304176232345144,1.0818933212867918,5.186180870702123,1.0208571002197702,-0.4424261437538882,-2.299055148851344,-0.0215526723159009,2.564586135875272,-4.128442318319714,-2.480000726679713,-0.2727983968682633,-1.432567109512216,-1.0679847257003816,-4.220896976808873,0.9181969458987692,-2.9130485314154417,2.659627919226589,-2.974040801576732,-3.762467722081992,4.051528632955929,-1.653152981557659,1.1714404436240895,-1.9583321578341644,0.399099867008496,-1.671232997136434,1.3671720345466696,2.288036974358608,-2.249930147247825,1.289020859594048,-1.7674138864718534,0.3520031011104619,-1.1163981861466632,0.2269956142320408,1.5901463391691602,-0.5406545951365203,0.256239972878118,0.2838356145720004,-0.300944423157871,26
-38.099145843115245,3.266698660410481,7.34951169322954,-6.379095573007182,1.007606365322899,6.047561242345759,-0.5153234666791341,6.545868105625698,4.112593847874602,1.4339988851838883,1.8003265485550788,2.6388078695438626,-0.4289671018775868,-0.9319978553785878,5.482611478608983,6.125780222389635,-1.4425824392504605,-2.726637471356929,1.3458207102335829,1.5702576966147603,-1.3871179553380524,-1.9854459853641,-2.600298536436572,-0.1650657605409866,1.6504376473159776,-2.5163411017192443,-2.881707248853294,0.5339748444345241,-1.2896057315953473,-0.2695455366262335,-2.4809172237593766,0.1906144788665938,0.3089237968878381,0.4214167797183301,-0.7073865441311319,-3.848892875194656,2.180289532855283,-3.1788664053566102,-0.1845133387920441,-1.413376057172261,4.458734110162724,0.667207177632962,2.1305058689684646,2.421726819422099,-1.048107222176092,2.0553280953630546,0.7588808410361619,-0.4057209644320412,-0.6820942315224917,-1.6287960147324798,0.3733377922228035,1.4359664810500372,0.9689571557905586,1.4431735368549332,0.0827403326239063,26
-38.32524005975314,-2.082925711767857,9.70017597460883,-9.37096043671622,1.4209544470786857,5.055606835526674,-0.4828066888377327,3.004694290157457,2.5116917856135603,2.1082310030115727,2.749465789221913,1.432408917602552,0.4007969488530545,-0.2637553870688157,3.490683432320938,1.6735645120729503,-3.324262426576196,-3.3891249276569937,1.7354543514913725,-0.0812962605593978,-0.6153330174312569,-2.4006911586494817,-1.7557372683418475,-0.1051042813421893,1.860810704444825,-0.9777164894622564,-2.4224029188473906,-0.3626455688778409,-0.2814940171958327,1.878405056740617,-2.6557402678062445,-0.240899267838189,0.5344137079709368,0.6690981577322174,-0.2457181754145375,-1.718857574726629,1.0466577830538175,-2.8782567971027406,-0.2321001695496669,-0.8927535679858063,4.56659152237456,0.4818003629140502,1.9716387946138985,1.5597299362618895,-0.5563075137213641,1.4934334303445511,0.4787790799195738,-1.2825204108575836,0.9333971737044346,-2.718873932708886,-0.6755588926598759,2.008532715777938,1.3959760235744336,1.831493884640552,0.4673643399775623,26
-39.25013292411408,2.731100343495624,0.1126440715971152,-8.983642790419726,-0.1620623752710431,-0.8178848607919337,0.5709388841215416,3.2799768064055628,2.2370790280514345,2.076227321385718,-0.1624246131725727,2.8227123624313357,-0.5175477929969521,-1.4781319062387126,1.627393651662174,7.099300827905672,-0.1350824813717111,4.436038105105967,1.67504652644976,2.9916162827419805,0.0581104854947094,-0.1006222669889513,-2.32848958138968,1.270063502786593,2.470351587333708,-0.5018145949713929,-1.3679339423496228,1.5499246231157155,2.498934927657833,-2.291535920472485,-2.4036862947531894,2.801935964112116,-1.6821788529993031,2.167617477986782,-0.7475150014219751,-2.86171913064558,3.561532776436676,0.2596380726648044,-0.2698172844668948,0.6257446202448939,0.986383413887354,0.0218554223867387,-0.4361248899051758,-0.7293948520403221,-2.0088036489536667,-0.9361735562341648,-1.2434951890973711,-1.9155869484221992,-1.658059756080477,-0.3292958666563343,0.59128765193681,0.9232065975824668,0.2485591279607474,1.256722824591621,-0.0132226016725817,26
-42.76394215139401,-3.7653678258983496,2.6778873720509098,-11.441668083833235,0.1140297323023718,0.1460036986831,1.2852288746816845,3.7384761875705945,1.82737159109348,1.3156937058986886,-1.7823054407304522,0.4294665712130014,0.6492563458378412,-0.0786816302330743,0.9921443782960772,4.733742325062687,-0.0923355479456043,0.4746636323583176,1.68611435089547,0.850574104933541,0.1571928706523148,-0.7830995473707276,-1.941125629553444,2.101463278459907,2.0185238095533897,-0.2012275696270739,-0.9962003319406704,1.485892446245331,-0.3644624004662958,-1.1680483979754868,-1.1282994565599735,1.774754261722392,-1.4275255115838776,1.3721608651526074,-0.2744624174888007,-2.0316807251988784,2.774243250151472,-0.9739806721720922,0.7984105274481147,0.0983589041939635,0.3738435047049396,-0.0765637729602149,1.040385517496669,-0.6770876150604038,-1.5172542467465586,-0.0473592493437901,0.8275068986885498,-0.0742221825728989,-1.9082448029752928,0.5775496413866213,0.0562395154282827,0.7311552035860212,-0.4525205654852941,2.1704039863962468,-0.9458757953816076,26
-41.68495142209253,-7.240646121472018,3.554923184587197,-14.21480623817902,0.1710566996490183,0.5476616851516953,1.1559262663513188,1.6240592644451664,0.1084713968280001,-0.482274092304587,-2.056589301446524,-1.0436320962143386,0.7498291896206167,0.5211681158439082,0.1163237146021679,1.7090471503790845,0.3412148255908117,-1.0778763612139377,1.4426449115387394,-1.362710053372736,-0.1489541737215471,-0.3349565268611125,-0.4538154335230403,1.8964094812822003,0.6318843112573354,-0.663487933002881,-0.4658899648911198,0.3188444520443633,-0.1724428641329251,-0.4971833533005313,1.2614022687074815,0.7708020139680652,0.9575718451703632,0.3669174829539203,0.3784742143478834,-0.6027927394836519,0.8148108142058708,-0.9871649280129552,0.3186492704654537,-0.3958775890347483,0.0837033084666857,0.3324598955052413,0.1903296370826409,-0.1241780815160053,-0.0208936198321243,-0.3466968987559441,0.9990360530911584,-0.0918899149781223,-1.0814991139541812,1.016949805167637,-0.6974281983873135,0.6247035706665099,-0.0005031271739738,0.6785479963917472,0.2103536318500267,26
22.32169020429412,9.060035918942411,11.815416609506228,-10.00061022924482,4.480132211527389,1.8139555235298284,-1.7137559968458873,3.9406452169656414,-6.630414376559198,-1.889352217681295,0.1446379508285084,0.1951629605448443,4.812745701766773,-0.1560156344336443,-1.2134037706641982,1.531132855683807,-0.733491940541171,2.9621550960396057,3.26040086785281,-4.407865801804738,3.231310770835786,2.122388450374288,-1.734054570661823,-2.341417587128347,0.6746652169327867,-0.1430390764480396,1.1684126650933724,-0.3553724399169988,-1.8482050570842536,-0.1848425394648903,1.6154959695373012,0.7461908644313962,0.6653157216775331,-1.4730676678297654,1.0347335844992436,-3.03738300939549,0.7676501011812343,0.8351850818265388,1.6455155421390435,-0.799448301507827,-0.9315001554774238,-0.3293844714654699,-0.0923876822137848,0.9187866059789264,2.197174430288092,0.1357546637085395,0.24747720366741,-0.4002245743514769,-0.3869284942507425,0.6672908237006716,0.8561804079319495,0.5824892500037746,-0.6350430422490758,-0.3069918739622668,0.7322901205511925,26
49.668103983495726,12.45180332656234,2.0676201074433065,-10.98303783189042,5.0676450789035465,-0.0618661910851044,-4.502869030628361,4.859008272185321,-9.297268335106851,-2.757570928330709,-0.3596804923627632,2.9919177780984048,2.045793649895337,0.2019844066042365,-4.747061176531535,0.2314070652034309,-1.4526239593748311,3.954092215985449,3.169298330624507,-4.8131826214919,4.603691300838625,1.1296767266362668,0.3092685471951507,-0.9940428138889904,-0.3925068454958353,-1.539551017486786,2.3440078584429824,-2.6394540829436037,-3.29410924052015,-0.9618338835336392,1.4239393312432074,0.149624452684103,1.652951592055142,-2.602967149379078,1.5701130835183703,-3.2528886015605334,2.4067572268934736,1.1242296736121573,1.685150346792078,-0.2337776080169367,-1.4266219508495428,-0.6604655252640875,-1.0839710177761122,0.0346571954094683,2.0389890741804955,-0.142311020134489,1.190107504267681,-0.4717967483128139,0.3500164568699964,1.3963950763565076,1.4974718815772905,-0.1218228643571384,-0.5337116887083564,-0.6876634716134381,-0.4261501421850893,26
45.87239165510171,7.564687464732363,8.767836331563295,-10.943288404832488,5.667933979181274,0.5225871025836836,-3.2759459584298667,6.187586280845537,-9.214084754927518,-2.9488142095849077,-0.3636531307118344,1.6296579121177577,4.403261278876415,0.3529124727357873,-3.842140517182924,1.2732695962850795,-1.2269946739781017,3.723790642313792,3.179789440133044,-5.679314675388106,4.878125736516601,2.1161401462311287,-0.5441624689905615,-2.4481007361011384,0.5229063806081858,-1.3109406813298434,1.4245769953073286,-1.2640241350971035,-3.160619841948826,-0.703901902666155,1.498377327007161,0.6243484402677074,1.540919069470467,-2.446543702487046,1.284879214789542,-3.665084951757114,1.901662628906324,1.2783540885586322,1.7748401217641308,-1.0452159033085449,-1.0224279535331533,-0.7995807309760186,-0.8474968144264352,0.572220693882102,2.584759212674078,0.0062132463923849,1.2472183037793805,-0.5949746160807354,-0.0078485195262759,1.080673154800743,1.4628453235170176,0.3230993322342966,-0.7056614150951469,-0.5323783230379814,0.4793731743180404,26
37.418490169349454,5.801054870670858,-1.6019059201973924,-15.047958111239964,2.4122051274816347,-2.450843269197073,-3.9501462008672186,4.627362954293522,-5.150994596060412,-3.119769151436621,0.5791900668313379,2.4428679158809987,4.391679053819468,-1.281312739164758,-3.5794804216935234,2.083782409622545,-0.7546704702862078,4.525726313623557,-0.0254264875891624,-6.208701424338104,3.153429425009814,-0.3180186030058419,3.072248012019296,0.7841976579948241,-0.1919155777717167,-1.6891785569283462,3.9417012706782857,-4.206571534363973,-2.7613277169020143,-1.1253991114542858,0.4529244048491359,-1.4740501255731573,0.8079855055217032,-2.0074667760264133,1.3499395463243429,-1.942034924731863,2.7821180186061305,0.4137493872440823,1.147750703646622,-0.1965690375730064,-0.8214313830058949,0.0005185939413624,0.3306365460916379,-1.2416180763989444,0.2628597481004365,-1.4450287282939902,1.7907883689699189,-0.6650414018081849,2.1998907867618067,2.5007372682773465,-2.172469665962419,-0.4112832043900151,1.0601160156500071,0.7539322814713113,-0.6398791123815865,26
37.16417967159278,6.253857449921133,20.821501061478887,-9.06596666766406,1.3639776322791206,-1.016698849087185,0.1933749297564455,7.333421423599724,-5.235997891508723,-5.745333970405026,2.471314722109673,-4.974641320862237,4.529255314172381,4.082723196603816,0.2428206596009565,2.488835186542151,-1.4528155586867435,4.111250273172756,1.022369551316972,-7.280785085311097,3.090602389737091,2.034418144287714,-0.5196647980072358,-3.880273455838413,1.7447735714638537,1.268465725109821,0.0787117896128814,-0.12986934400842,-4.112731278633977,0.9206048849967294,2.4148882916394894,1.930778188981044,-0.6338959875350618,-0.6364783977006948,1.9603211951515307,-4.064131078684814,1.234488072327992,1.0567639928808787,1.6717210161861586,-2.004819062882531,0.712463583784462,0.6534663733204126,0.8686515580676153,1.3077377221958402,1.2311488578766467,0.401872786290649,2.039521032796927,0.1825840867985229,1.0475708782565227,0.7241887352407907,-1.837033929201908,1.2711879941221618,0.0236427515992479,-0.3116035794689689,0.1807889266201079,26
45.61452266292792,-0.0003041791639434,16.155302458970038,-12.098737043171932,2.2844578814685157,-3.0275791731906394,-1.0553208567744203,8.811950210861836,-5.676389562444549,-6.208473485100704,1.7235592884896336,-3.2427268269553164,5.149550275878627,3.219846475385216,-1.7031130938571704,2.762981903975932,-1.7262335511271685,4.483919099383701,0.1441009387309454,-8.021111436216176,3.991847371455749,1.5695348501985331,0.95341997790335,-3.2140424056686268,1.5197411780799046,-0.2110107808312709,0.7505717738825357,-0.8932543344768544,-4.240554437228173,-0.1565205490424516,1.9981071701953472,1.4417224776452866,0.4359024416536087,-1.4048750927781994,2.293399845250758,-3.984452578979328,2.034392335504514,0.9414618358153208,1.920752385664241,-2.11332412719519,0.6135738239685659,0.4938634110800363,0.2098065145452816,0.4491481879747406,1.2749375261491198,-0.2996704486123377,2.491404884110081,-0.4397498397376153,1.5337797494537209,1.1611435548869276,-2.255650396777741,1.454180634095172,0.9532631205347462,0.2300329564672702,0.3622457001980594,26
41.06246448698569,1.974789632612712,4.504014033595106,-15.122571548252845,2.6373961491848563,-2.318253995268274,-3.007943774738964,6.137462013252423,-5.050674842226384,-4.050890914618229,0.3213640569893687,0.7803318418400272,4.687685629574614,0.5962736968973535,-3.3238880437164706,2.594816727532673,-1.1564389534520498,4.737981055820433,-0.0385896941683784,-6.873578277021525,3.712532832859135,0.4993787448642727,2.279893528728415,-0.451232690614933,0.1911073536921536,-1.3991116816762474,3.022029086326862,-3.1780833892457627,-3.364115812387368,-1.0513250602761894,0.7137923295095042,-0.3297673306131075,0.8142903402254554,-1.6848845302271285,1.6237596582376996,-2.941943121584932,2.784177779071422,1.119340624104313,1.5750371462185686,-1.1051559914970688,-0.2215347624985623,-0.0137986890304524,0.0460276514604077,-0.6078319384849367,0.814087814338357,-0.9634287373320608,2.225424743777912,-0.969772079572423,1.7303530760489834,2.200607221200679,-1.936669356708682,0.0137905670744368,1.255613928064009,0.6039186100125729,0.1362422690019666,26
22.49294205035486,-5.29155281889742,-10.020162539169329,-19.06571348874448,1.944804448364016,-3.694149331439808,-7.22220195596171,5.380924562286597,-7.211896295263339,-2.273376517242744,-2.062948946781464,4.489736002707578,0.1066496150334521,-0.9478201770021772,-8.589225087860909,0.6113141657672251,-0.5196729272847549,1.329104589004047,0.4201729212077951,-6.277638120058447,4.248995029368206,-4.01245915589354,3.921155597689764,2.990056343685482,-0.6249776047530609,-3.500370437818367,1.3640904678513008,-3.432239886759392,-2.4605447657134194,-1.6465280578585224,0.2503665548167237,-1.938527635871468,3.752777136089157,-2.396757060454845,0.9038338958123664,-1.8748408195528936,3.1677639668102624,-0.9249548441062398,0.3628631392459303,0.3748651572246536,-1.0964656342302996,-0.4146039391835859,-0.2886487527966029,-1.888547155330038,0.0127724354445226,-1.2954278574667015,2.207591192173796,-1.0078609447660003,0.6318884496767324,2.0672068319310384,0.6496811000688142,0.2378437227384526,-0.9940007210715368,1.2322919010684286,-2.516970427575254,26
40.991288346628494,-5.434998011514357,10.351023531133778,-15.126462982237548,3.1099053411177238,-3.7760558348127553,-1.9591567953034392,8.386941431647363,-5.052275989483524,-4.994387841696472,0.2957012024987877,-1.287176130345178,5.299414200718876,2.2866233551471047,-3.2668478079982437,2.621254588065828,-1.1970628422868144,4.231349568237012,-0.3460088891186871,-7.949851574961812,4.098239606379941,0.94809039619196,1.9298712573241423,-1.7573138795328471,0.8885336094931944,-1.1799689324809977,1.75393618910011,-1.5036737873816517,-3.7113138315086656,-0.945360018145102,1.3499024513293598,0.6401595580412651,1.240028993337956,-1.7895316809528403,1.7463936627173413,-3.4999592164708915,2.569074433828808,1.1034765679479923,1.7688503850869317,-1.9932798718415636,0.2456969897334766,0.322392132753629,-0.0788032853433962,-0.439358190898203,1.1250304876769317,-0.6545658759220987,2.7277872812857558,-1.1968942232432298,1.7060469103122806,1.518912622003142,-2.1349863024781084,0.9767783033713764,1.4385753856712498,0.8817570828927458,0.4954067787215149,26
31.04297039982994,-17.51725923358946,18.15144274289121,-12.039993713399609,6.518119377763545,-5.196852189903777,-0.433599777555739,12.004089695158468,-8.360319195311044,-3.664287581999819,-2.401500035251209,-2.153370001591689,10.431370284769873,0.1823912537177478,-4.515658176511566,1.617321373895068,0.4783840098747939,1.1343993726911366,1.9007243816430364,-8.160406376575713,6.469787088126295,2.8023106555785,-0.5747509523512263,-4.877343556223415,3.434414804100798,-1.0146108111059566,-1.312046167893839,2.957765047854654,-1.921995579327081,-0.2663607834651379,1.5574969095587188,1.2809976932414644,2.189887369849054,-2.728072651920301,0.3668904891396297,-3.365018361829741,1.4899570819603236,-0.1637322129195123,0.9233127171778248,-2.6785350562741463,0.0588130072675034,0.0559278785283211,-0.8524014874001149,-0.6163321020584125,2.6737489852070877,0.2674398649295642,2.7316668976213627,-2.093727404310849,0.6017625962763039,0.8139742092833081,0.8900652542853383,0.7109181403895565,-0.8360842752387989,1.2781984743181232,1.3996379245014532,26
12.707046119420236,-14.6960077030157,24.93864670665421,-8.046736920532055,6.685357706563301,-4.606818030318272,1.527808809653017,9.16540562372526,-7.259439958496398,-1.570149769333357,-0.7053115772065238,-4.066596388335682,11.680704060019494,-2.2378053237368407,-1.803771448815863,1.084426945714405,-1.1056903656209491,1.0984021454207542,2.2974364582585256,-8.077418498688136,3.9893694515621223,3.4538795111076164,-2.151691254192374,-5.595441485869282,2.7036960385163806,0.8861717006985398,-1.138919997526327,4.493886051826569,1.9845665717088463,-0.2657440216944209,-0.1690033266635183,0.0662206928881566,0.5784009784211859,-0.7625558608071447,0.2527181740962836,-1.54379252869541,-0.1778676281190016,-0.9348146915538718,-0.4849011386062072,-1.9512541442552844,-0.1990734437024971,0.612379116387612,-0.0042997606554076,-1.0627723641988491,1.863651086643123,-0.8704661553323951,2.338310434661985,-1.600687177909351,1.2372620750612398,-0.4771928422551516,1.0313969207232612,0.1523093589940888,-0.1908022711216922,0.9640891430295814,3.5343654306368326,26
-22.587164123696763,-9.197586222131903,23.520124248655595,-6.644289686310867,3.12119457220635,-2.1790694535448045,1.809200091893376,2.9815560090510407,-5.209442641740603,1.754221698142105,3.5791035295495868,-4.145178080434144,1.7708229439425018,-0.5292049837391785,0.0835351067618401,-1.516527105893719,-7.243810852915475,1.2934861123165875,-0.9913338808276988,-4.040298019902312,2.830113356777653,1.3751415104166402,-0.1195592210955451,-3.4049970904043745,1.9182785615540856,1.8798597873982013,-1.3160237311526266,1.3579633988668716,3.357351904473099,2.3897560564034004,-2.1435611010371014,1.0286797157694476,1.581386091518998,1.4626162216167384,1.5408784879223263,0.7772993873108764,-0.4080033112221172,0.4501517060863848,-0.2023788241206319,-1.2324163873547638,-0.5094477215207758,1.0802939961115825,1.275367098324991,-0.1363585994487544,0.0346096419522716,-0.009910070825414,0.6440963556106967,-0.2278748850474455,0.4722784283654483,-1.2857928108673116,-0.077399072680955,-0.4921763309498131,0.7555348977667684,0.5257987463050784,1.3553768682367422,26
37.102763728240646,-18.58298414680957,-1.291986514674656,-19.64746447878538,4.421590376079853,-4.778451223480954,-5.119254282991043,11.769347494236678,-8.682322945263316,-3.2808654436769027,-3.1426992770307227,2.8906116689159007,3.345197310261381,0.9004633717952211,-9.296251658245088,1.602516624043472,0.2133976853189819,1.415886970623954,0.4281282948176066,-8.810091666159247,6.37934916667175,-1.4073374349530734,3.2375315407733147,-0.090546009031403,0.1905638791997937,-4.305993537047409,-0.0423612118168873,-1.8255833070958136,-3.599432913771205,-1.719345320979419,-0.1871108715690663,-0.7233156041194719,4.22781570435434,-3.182738243566303,0.312548344440495,-3.918027961928573,3.655103395415469,-0.3563336081760392,0.3849748538267571,-1.1938235097833862,-0.2519288587833901,-1.3860121010650603,-1.1892684861199072,-2.1743536141462783,2.113752904880667,-0.0737830674343491,4.028394226920886,-1.8823342598417745,-0.0542687203366805,1.4142924371889491,0.3399357301977967,0.7398521234915668,-0.7212189557709827,2.1447838446822027,-1.7005786297879273,26
31.009990531110702,-29.109459666019443,9.170948773456807,-15.361554345999414,6.863899827647892,-9.130633347980549,-1.068642968159896,16.089120165005973,-8.073486135270684,-3.449887290756452,-3.4799192598957185,-0.128774785090682,8.006458869101065,1.6616807839653605,-7.114877046970912,2.492913284358524,1.900216661179185,0.9018267644070944,0.269851144148083,-9.306556025759116,6.985978027031257,0.6466801836184555,1.9581806956595589,-3.816901440704747,2.0859542594832976,-3.714236914936258,-2.649838362914374,2.132952933580743,-2.823161728105931,-1.284156024544577,0.5391447296803348,1.4656164781085883,4.044253918370107,-2.9239237443097505,0.3869563351477206,-4.376632339618578,3.3668308565496505,-0.2477097075542291,1.081964161145565,-2.3497141727484983,0.0815144251596269,-0.7486405235716119,-1.3017585546347523,-1.9431731495679467,2.868017010075872,0.9454389771512628,4.483260068886606,-2.8766538541414017,0.6892115322566299,0.1577285870973397,0.196269676831979,1.7921574484093334,-0.5726458352550609,2.123817941955838,0.2853111255499403,26
6.874802354211421,-21.13039608332534,-5.905488575145518,-22.22466114743583,3.5237051423498205,-7.104269268754647,-7.959071460751571,13.38993227580816,-4.715464234527495,-1.9560390303547,1.8281288626382548,6.182471795887,0.6670761691436539,-2.248740556040924,-6.075537235087716,3.4934061574595554,-0.9477161480515834,0.3808038088366552,-1.380254460061711,-8.581358237462048,4.6916564055024494,-2.547009641697712,4.833555677270112,0.9397563509437152,-0.2780353936318453,-3.3081776986447533,1.122144821765062,-0.8083408418490209,-0.781024069637618,-2.7314319192298013,0.6625058392881644,-4.860919603031514,2.175933968038165,0.2739394021454496,1.4097658732551044,-1.5442620817491732,3.177411387996759,-2.254349833192438,-0.0064942614516238,0.6290517944239631,-1.9604152548444675,0.3358721755545887,0.4971428175633207,-3.686055407881497,-0.1179733139554461,-2.0291262890185573,2.5670355459852017,-1.5074739700721644,0.1581430886650724,-0.0185646238368142,-2.6230213271768816,3.061453085374548,1.201791523991565,1.7708075531942105,-0.4902385222762671,26
11.935431137115737,-28.343210213214483,18.366298420018957,-13.103525309398428,6.620209050993247,-14.394493844323565,2.23422053120278,15.132087523362172,-5.038480445424952,-5.041488677752068,2.541915200376759,-5.194926103044954,6.6026201721436495,0.5146840905272478,-0.9875504050732964,1.8396634187176348,-0.551602986482093,2.6581689887757616,0.2689578210819386,-10.411083825242113,4.417994149442004,2.057529126232616,0.6053619864563159,-7.0966027247755,2.83506048164176,0.2447012780833706,-4.109150770357148,4.390524533020933,-1.1532625313819556,-1.199616376769452,0.1537382191043018,3.401772173369569,1.435006679831531,0.8049360703725872,2.302211702321578,-3.01628337043773,3.8942264207198383,-0.5559452829403887,1.197800067132723,-1.585917824169384,-0.7641752154449943,3.041004996108919,-0.1982413592287401,-1.6860918429238223,0.1193097434755592,1.040053059391683,5.334741118291877,-2.5584216996385782,1.7955776241310877,-1.1062721778049824,-1.548231922004704,1.421973572211849,0.6691744275418856,0.6958348201800983,2.57362134974248,26
11.68651967585248,-30.6298458489124,0.7613488889201177,-20.10242373724271,5.228138993958259,-11.26482071673964,-4.271286862102311,18.27406419560572,-3.557432166846892,-3.906832378703896,1.5703682533197332,3.633684998585879,3.0499453641621064,-0.07679293002324,-5.038310095847479,3.625307383381815,-0.9949818119084228,1.7880533170023942,-1.7345208583212195,-10.831879985529133,5.877705177219911,0.9560326188387278,3.675548431535451,-1.837340858411673,0.8442730315172691,-3.3740396476781984,-1.230565557369764,0.8456258044247232,-1.0690203374678255,-2.285936590105695,-0.4968345264909302,-2.283996240652737,2.395130683708774,0.5838345970323912,1.7218576083642414,-2.527103968282974,5.037146685622869,-0.355647600036813,-0.0600448580226615,-0.3058571607009247,-1.8565329257025844,0.0420108698700492,-1.6166838389193752,-2.9946205769871006,1.342454261158418,-0.4519977332587598,4.060736902501658,-1.7283242066982498,1.441976656003937,-0.8217757303281136,-3.510303429706079,2.134354236377105,1.584634048168471,1.0518225745724052,0.7922710616971382,26
2.4724082817954494,-32.75509298325689,7.430178318148103,-12.91320622344956,6.723328318565208,-14.371323522456205,0.4680775222262374,16.487635987761223,-4.261618616403205,-6.239174820132808,3.207123409949599,-0.1948631676992645,4.235725902957372,0.4171025600512337,-3.538040728396641,5.11695711154672,0.7386704131470889,1.492392250018471,-1.0686575280142758,-11.01974530221773,6.184056206410929,2.599966445970824,2.5213527662763817,-5.704992626341849,0.9285863660558878,-2.013117319216941,-1.592623622023023,3.9716165257436633,0.6981835682004538,-1.2139954689597223,-0.217673273542209,0.470600006696167,3.1876194534123017,1.64201156553479,2.1246895294158903,-2.175460262811308,5.363303041045033,-1.157370198177123,-0.6621428303142819,-0.9631762733532208,-1.2857407478056724,1.09037891164454,-0.765436710110738,-1.6982534891736238,0.338376758987617,0.4621181558456619,4.848984926406288,-2.8601987236560484,-0.0861887384289221,-1.3315435925380452,-1.7167717755777108,0.7772598423592381,1.3382070642112722,0.5600781725624979,2.600489089229385,26
-13.162218810635288,-21.871551404286414,19.01013289204773,-9.128859716111585,3.8564123078285495,-13.4223693059705,3.1813443614092938,7.052449194712413,-6.356538901419525,-3.316408679171522,4.6527465004867175,-6.332662203307272,4.015328787872334,-1.5038015951033374,1.3577522204407442,2.1808769055710338,-4.005838045739061,0.2777537308657487,0.1385507897125835,-7.752223364626299,3.934864994818689,3.200920687659352,-1.0158196725159592,-8.143343902126922,3.3412770119017687,0.7820346292136522,-2.476865977441314,3.30838054104826,2.6016179177448424,0.1632579909945777,-1.576726299272499,3.105570131269993,0.7576397402132377,2.4308659031213766,1.9979431895657875,-0.7349340684522211,2.754137590896089,0.4397902162581297,0.2725594504979294,-1.3290945007501815,-1.2166771890104715,3.1306429520675145,1.0102138525679596,-1.790421431150362,-0.4187864953196736,0.2485758681321327,2.7835291078307023,-1.3967059340374788,-0.5925543069628809,-1.1620571210778232,0.2906357901967973,-0.9932807357932696,1.0112161246048283,0.0784405901755833,3.2958300980826487,26
-6.4370323321789815,-26.580271338883065,-4.215062999341258,-18.715771078866773,1.9994896738628904,-6.959759559188771,-6.288520570152267,16.101936228514255,-2.7994916052522227,-3.7441411766279495,0.9417824313733688,5.162069441528794,1.5372102619376755,-0.8009826241279562,-6.181387141427344,5.002450842699592,-0.3015760162729536,-0.8334646019377506,-1.7965113997374793,-9.423899538732906,5.340840049242487,-1.572123466379989,5.217565404451729,-0.2821134440233598,-1.0556017896496566,-3.783725525676776,-2.474618289352797,1.0454073925836151,0.1979349782537071,-1.026672260236515,0.3921830676999366,-4.732695225870849,3.1206356743401065,0.9087722517054606,2.664954673283702,-1.4690641294460711,3.929878736918617,-1.8013357354763733,-1.1001082034825935,1.6682758943146732,-0.739136106138372,-1.0537021651689094,-0.33971189806936,-2.8525249332227958,0.1313157504283945,-0.8841316333984817,2.4678222319252763,-2.8993946413802143,0.1191528578917195,-0.6595170858027716,-1.697008167714498,2.184346726336917,1.0831970697785722,2.028383068625626,-0.1542280329979996,26
-14.232192690206151,-25.88579865174652,11.579826853887337,-9.004549075459737,3.8774805948718094,-14.712475485345356,3.207202685234498,9.779589952760883,-6.550504454995441,-6.855480620352101,2.760724010596324,-3.746395641138169,3.524204120377362,-2.27220676701808,0.0787168732766893,6.900130435810535,-1.3524678696099062,-0.584265758164477,-0.5368231594208478,-10.250681550447892,5.717559652898566,4.305036451777286,0.4587845996117747,-9.971837696863908,1.5531853585216906,-1.9250601873227828,-1.973729152417581,4.587345279920512,1.8930991302961968,-0.7034966567179023,-1.2653729206087292,2.945602929986101,1.6291890628673578,1.787819731499622,3.095260735862593,-0.946618283901977,4.3617881846615685,0.3201273349333033,-1.570105778893705,-1.6975347548467965,-0.691465765667246,1.6059974249920983,0.1071433568653127,-1.8628605228470207,-0.2209473845755427,0.4538370994259806,4.339041324251913,-2.7651936406048807,-1.5000721495119766,-1.4199973097495735,-0.5038437448324213,-1.4166052455632991,0.3577045379840022,-0.0408416751670499,3.437006992924506,26
-14.922939947912656,-25.697191357220287,0.4953724586798662,-13.85942155534749,2.055712312515424,-7.675642552320795,-2.586445000115034,13.591254800567734,-3.1919929716755497,-5.693580543104193,0.6596070574453025,1.834180802295696,2.7520800034991435,-1.1939705277565027,-3.969933692578591,5.789872642854692,0.2563598811778826,-0.8658319883309403,-1.3613695983617733,-9.98065960883,5.411958419802475,0.2956592214773432,3.8410222318749976,-3.155517280505961,-0.9897765777268605,-3.3456454771889117,-1.9403674053036,3.1282968611673927,1.1035684649442734,-0.5323725354974846,-0.0562586892323089,-1.0083105029386814,3.6097388162647994,1.030808115567619,2.76399937050321,-1.1634902073772826,3.991549060366778,-1.6478009085330194,-2.0837640539945057,0.3660465461790176,-0.1557468542233887,-0.8349025919678493,-0.7358294886325182,-2.416396474974481,0.1310803445964586,0.1458693677682749,3.392576881099932,-3.5945529716780467,-0.9044318470974292,-1.3567292164353053,-1.468324797937764,0.6126797626162483,0.6090560209662916,1.223997209375789,0.6536197032781447,26
-25.120012191886364,-22.05036703014685,4.530369889678564,-9.134231413172229,1.5628759356612547,-7.706075357285552,2.117325163473858,6.381289659558875,-4.30113128192487,-6.339988976973603,1.1014787347498052,-0.1292677109896522,2.0398620071905103,-1.5194332433827602,-0.5896829796645497,6.928364329712916,-0.6872041830168636,-1.3457210193578495,-1.7812679554638515,-10.05160571385084,4.090162044844251,2.994471078855763,2.147507086183558,-7.402919764569055,-0.7596411122294625,-3.350616709329099,-0.5147642481953624,3.637711172828813,0.7836078536767577,-0.313283716928585,-0.8381583532582465,1.8622212270897696,1.6794528055393363,0.4889558071753021,2.9977740395826067,-0.0828410400353647,4.450682409616825,0.3237793187287855,-2.939639748859156,-0.3736633683860595,-0.875404212661005,-0.7146620310759815,-0.3992026917499522,-1.8589567918045995,-1.2699805265561093,0.3573472653960338,3.3564990912419206,-3.784313627458025,-1.9390497334627488,-1.627619094734145,-0.3901480104180629,-1.3633161029805985,0.0982665635907508,1.218224098157063,1.1017086522090722,26
-39.74205086430825,-12.6760386032893,5.181424215574884,-11.248152152997234,-0.6222186802090441,-2.670438106719551,2.6661472920711367,-1.364599315946473,-1.803430619633342,-3.10296979243686,0.9672715500159924,-0.0745225828529034,2.01360800776443,0.3967422703744712,0.3857282454997521,2.6727973644512777,-2.255792096659505,-1.4834677857450194,-0.0662832975300811,-4.568395351255448,1.5270808114353174,2.342461453264873,-0.7113812870510782,-4.500679403455628,1.0393143461764425,-2.120312057196421,-0.4185664927127935,-0.1194001375646666,-1.040041376247099,0.9583811266651084,0.151657148036009,0.6865819806517768,-0.3438046582853981,0.397287755381236,-0.0516178164465016,-0.2162745007364775,2.137037890976802,1.4337028133749754,-0.6673225654949253,0.722540702419651,-1.062578707653641,1.2670634087590602,0.4358059754175535,-0.9839521769370828,0.3988839924263241,-0.2176443871788785,3.460047988300538,-3.37216816641039,-1.043795024437807,-1.3582408013173897,-0.3659555981773787,0.2967326493241953,0.2344462542249118,-0.3992821294380773,0.1140738718310086,26
-40.12950298489124,-12.425321153023198,6.179274895086506,-11.7602387244661,-0.6489750398381504,-3.2590081090910537,2.824208173754664,-1.6588645858857194,-1.8088256720436324,-2.795096814511621,1.9308359850619368,-0.1217839400267846,2.5779848524780267,-0.1996979662587908,0.6876152482515739,2.1550576670856048,-3.2174939515198053,-2.144557768805721,-0.1527404772100149,-4.077024006888856,2.174910568120973,2.3492843442573736,-1.1831104285564789,-4.998326775058273,2.190636662228383,-1.960666346280825,-0.9285330800099508,-1.463837302600909,-0.776818235541007,1.915972026631292,-0.3795768327825081,0.838570020437093,-0.5399140638040565,1.1111570494327412,-0.6238772265288739,0.0130381449123641,1.4423250230414997,1.290579473356524,-1.5665035205637965,1.5590735866990535,-0.0030343259812248,1.958974744684812,1.3342506380508528,-0.9067084145131704,1.18224626753978,-0.346103271112311,3.3912147556112884,-3.6632975853960903,-0.9868397998745218,-1.828368230255808,-0.2663153653366973,1.1447834104507524,-0.3031293677151913,-0.6815797666305683,0.8068221813916135,26
-42.79212211151894,-9.21151863476931,6.2936139423769,-13.168664127652312,-0.4026794611090865,-0.4711972690589946,1.5675889325068386,-2.12432828236176,-0.3860514449552898,-0.3569442203778168,1.4814445813901114,0.3433506447710622,2.413793368241633,-0.4169863749203435,0.0950668782762357,-0.5324770147872834,-2.543577003168473,-1.4116953774119223,1.2301163344889197,-1.5211079963919254,1.806036808401446,-0.6366930096354462,-0.800782183999782,-1.036613127092569,0.7867175744549944,-0.2165931457140366,-1.0694117888317898,-1.3004427669325886,-0.5301752917118038,2.37667846773112,-0.7695171013472546,-0.6830002868852197,0.0065707103494164,1.831389835925616,-0.8986428571940019,-0.3387736269217515,0.2638866019492719,0.0765059051472674,-0.91565339782391,0.3617085532962412,1.530854631533782,0.641989076589718,1.238180545819619,0.4992844610841895,1.2038902086743868,-0.4889679658171537,1.1547026858221576,-2.037461460273312,0.5543996091159668,-1.5635215271997505,-0.3754252760571135,2.228900401190731,0.1848489364774974,-0.6297497270459819,0.911459890954034,26
-39.436592752281065,-12.457981896266835,1.6496863912324484,-13.48586525713887,-0.0996779977795212,-0.1879387975923627,-0.6748397031348798,1.353771365362108,-0.2292625334910408,-2.7804707087943035,-0.5093874623057321,0.5615629725738366,2.107510656283421,-0.7732579510532761,-1.3916612703366515,2.43035814704012,-0.0366136152608098,-0.2145080315698824,-0.3811130622847397,-3.990472481802256,0.9915747831147472,0.6301687509095852,0.1462951898253578,-1.5674817028897516,-0.3022391103393116,-1.869422854382679,-1.1306363717602337,0.3716114950503359,-0.9091317712033218,-0.3020516474498006,0.4866127334544413,-0.5154701573542986,1.4198611092585345,0.2924924759988279,1.076510109612426,1.2602094469495468,1.8580235374956229,-0.5368366191400586,-0.5601318930495578,-0.026597838825357,-0.1098284280776587,-0.4129072884499608,0.350075701586762,-1.579948647340448,0.0942318436179475,0.6881669385319574,1.9218317228270103,-2.4638086271136013,-0.6662794153510865,-0.3797598201293165,-0.615484292833342,0.6826982829751452,1.371604822270296,-0.2565133930491098,-0.4707865148161423,26
-43.46867833887568,-9.956593465731777,2.9166972228889847,-12.443247992393037,-0.1826281226247286,1.1243918475851156,1.5795046256565977,-1.9810872570083768,0.3487724677503649,-0.535628084765564,-2.060851387023052,0.5042154979154454,1.13690028339412,0.9749229262159012,-0.0344700428868967,1.161393862799578,2.0839198205632488,-0.6526356593036661,0.4768781930670995,-0.9366129169448622,-0.1146015712757363,-0.2603612273957419,-0.343125778038483,-0.0742890453977137,-1.4322660773460871,-0.4846101655492784,0.4897443261046915,-0.0255024351722664,-0.2527764410150997,0.1805314738106499,1.3773455323507562,-0.5485798068226129,0.4216170805774332,0.4724074126245315,-0.1006970042247298,-0.2206335592994512,0.9601562397633476,0.6864434140786222,-0.2356938448031802,-0.6435208328819991,-0.0317919935796685,-0.3380382614740703,0.1967997949664092,-0.2028290672554016,0.2759703979742891,-0.4165519797328909,1.1220157292271289,-0.8431409505522619,0.4704477429178502,0.6206929404208607,-0.5620669324052663,1.1119206090628857,1.2573734913429315,0.4192743031938559,-0.5378385477687238,26
-43.93094458356585,-7.821995821437991,3.353019538310912,-14.3289464027213,-0.5146037744198992,0.6166831460065144,0.7697634640402933,-0.2594024350642613,0.2048780632076444,-0.7225842383918957,-2.3195599610633173,-0.819499576070414,0.7435747636947938,0.6823927150203033,-0.2867925616882575,0.733917721629989,1.590920545933374,-0.3282350813691371,1.098903526412512,-1.1040217276814055,-0.0326777509447886,-0.8990756694275776,-0.2328022044550624,0.7502042371813529,-0.0064801528142106,-0.3421889635302647,0.0127992098707087,-0.0646945963787264,0.2472628825134345,-0.4413010669905269,1.6951269124698238,0.0808501951939373,0.6970870108610709,0.2158875009827225,-0.0627542197173053,-0.9806584459514244,0.3423147260606341,-0.0675581920524339,0.0517573759403709,-0.5667835807111056,0.307531380343094,0.5346876171670888,-0.3476711728484186,-0.2123403018290441,0.1975808540348622,-0.326246241041196,0.1665734298738344,-0.2777997726747436,-0.286123167942422,0.4406720571930519,-0.6585519168660184,0.2408202454413029,-0.0560882782129905,0.329208845005195,0.0754693401105177,26
55.94443045809498,5.099185538360509,-7.463152190796124,5.283880457391547,-11.809474084794267,-3.217455795625237,-8.70317124123168,-2.366217624195993,4.2724251436172125,4.556386688787107,-0.1592588301115659,-2.769199730387896,0.0511198494113908,8.200798179059634,3.9809475566452814,2.222780006628156,1.4769074297735332,-3.020188678490677,-0.6175744576643759,2.127998016988766,0.5933639418870975,0.5790062633273109,-1.8445829320646296,-3.1773592252809992,1.3464281519136987,-2.4984499084007497,-2.389166443062327,-1.5189285658614242,2.7743215794433738,0.2678295314427167,0.3392966017672441,0.6095227897324933,1.13755545469212,-0.8730662809128362,2.312838624552938,0.0414533523039376,1.1656393764271833,-0.0843302765815386,-0.4920194356743771,-1.2218229082233314,-0.4521814925781299,-1.607743660724548,-2.766966052098278,-0.006368961222054,3.554714801546877,-1.344139196310774,1.2413768506212446,1.5496697842970306,0.5882809498163777,-1.8176874482805128,1.4543755044018811,0.0544347025195195,0.9252181506580726,1.934190093333912,-0.1873720212211951,27
56.80421494574362,2.9064778037588312,7.95418820433997,10.22146271933117,-12.429647565655015,-5.056968676522834,-14.040048316610587,-3.8940667921371466,1.617160896714849,6.278828833187404,-5.642600110808307,1.378641677322827,-2.476748650593327,8.5406900405726,3.264244034636305,2.2992830196710345,1.7213745839867318,-7.390755529314879,4.139021820582302,1.6761186665960528,-1.2783450419735751,-1.9973377214138732,1.5064867758987777,-2.1854678688056524,4.092791481928845,-1.0296810259878837,-3.544150285270407,-2.284838615762624,0.8156284905387602,2.1543368485605745,1.6864232850195429,0.8282150832282947,1.4588894791721374,-1.2599194765312,-1.2144482078858343,0.4375797660863075,1.5640416840889328,-0.6555911714770857,-0.9953308202211468,-1.3174194616533572,-4.060495434790353,-1.3837030063155726,-1.52664435168791,1.5370648740875892,0.5685426028695865,-0.9553111228744456,2.269424241717138,1.0398535735476542,0.0436045333148156,-1.7533909759186377,0.7904621071501028,1.3961407880455683,-0.9123292321624494,1.9990603466405443,1.9104307477129383,27
32.47536875537062,-4.850838429074784,23.146856525344468,13.526749988005792,-5.849707916543255,-2.989820552139994,-13.943668594866123,-4.7116823792752704,1.19827426198013,4.636646598419074,-8.547977549359494,2.436004812735244,-3.705100784747783,4.223961632207343,-7.646684844684548,3.73736242057468,-4.243239687703425,-8.471590221954795,10.999799019709544,2.556548907447801,-3.7523303607977865,-2.0988258087465685,7.620974964462519,4.555384706235472,1.7359783554110904,2.3673611740245937,-1.4426849412414384,-1.1715227451003114,1.4357056851373085,3.626523273063137,-1.8280010471402957,-6.931274544279841,2.5561446272358403,1.2047913588643964,-4.168069591742987,-1.4349929260271086,-2.0914183450381936,-1.0861819996792066,-2.183973583162755,-1.726129177006405,-6.487491776190372,-0.8939698824414263,1.551820825955868,2.06868024665209,-2.4476388598935124,-0.0433856358858458,1.8002820021352914,-0.8777375731300441,0.8371526185493036,0.2222746002180463,1.1769141505254432,0.5744075488292903,-2.3286501466149048,0.2581475232394151,2.610678850036056,27
-38.05127280060219,-11.51739802416922,10.690155033025611,-8.060893150036692,-1.9367233644952035,-1.6902408716495831,0.4550316452760826,-1.0245235097241854,-1.9168570466187795,1.1425795288599645,5.467660649019628,0.1900989949739007,-2.2526742085236373,-0.1679549497580609,0.4995303931160877,-5.233348641399468,-4.952074630288662,1.153007804323562,3.903861450140138,-4.269392620783719,2.3551483493213867,-0.745364349486696,1.039576474595982,2.0234111313958456,0.9098192409013058,-1.6734578972001972,1.0586461569256904,1.1435551805980255,0.0459015911572467,0.4300265362170729,-3.639443101044241,-1.072873277069084,-0.6244270326393089,0.3379964290070662,1.3327308231145505,-2.383612209613522,1.018060941542022,0.1648556504474933,-0.8974420144689556,-1.8250725023779852,-0.8032768878044496,-0.9747879993965328,-0.4214744255290011,1.8749278333273924,-0.4806102386014887,1.3613739796279625,-0.3593875109165969,-0.6530762319795494,0.4865615859912839,-1.2815158243979698,1.5445568957690388,0.5200883579247568,-2.0042959373515568,0.8440480858142875,0.7101164746343559,27
49.56586827323444,5.864606686376965,-18.97308804022681,0.9482420949385576,-10.66486727886196,-1.9710144556844529,-8.274368540701474,-2.5276866104222955,0.1167466183397398,1.4964005642832734,3.384660487222896,-4.371553553680389,3.751200375403258,12.466075314515118,7.520465732199023,-0.502353750186237,1.0552378110455918,-0.4539777182912216,-3.365106901785783,4.164639291635469,0.0978816937717032,1.5467693031880478,-4.867931301273435,-3.717677385271047,0.8912448165230306,-3.565515834317683,-3.836470676056447,0.2702570791367005,5.466419964626773,-0.8266694241326183,0.5410239427642505,-1.2702027734541663,2.656484217117155,-0.3040125876932777,1.7840980069144687,1.799762833763093,1.937808323984796,-2.018128934865661,-1.6267851052170803,0.1404011147013088,-2.4980857336434874,-1.277483572212604,-3.059588001341072,0.7449392247955133,1.705820503895615,-0.7922351952280764,1.4017965928726148,0.5879876635103775,-0.3398068292187647,-0.2577719836404905,1.0499044958943122,0.1448742603003652,1.5840331052233176,1.5575777370696444,-0.0840904582447838,27
22.712924731342056,4.1614895489801205,-22.76618133459989,-5.36609483953917,-7.465424390374817,0.0688953964018063,-3.754379480442516,-2.7024736134049308,-0.9901846352617396,-1.5261142453414578,4.926972974621756,-5.29887285968059,6.077257875871486,10.96427378225067,5.724828661950221,-2.658469842168862,0.8564214590024336,0.7382367539957435,-5.048764304978617,2.690130855605252,2.4327399809476127,2.9874013068171954,-6.7954023181328695,-1.9616078576197475,0.9777979486294376,-3.455270007104237,-4.202666444192247,0.9124421775226808,5.319964163027865,-2.558048977525668,1.7573673299831514,-2.261951055774638,3.09945575082709,1.125418251123184,-0.3167440698369171,3.447130975384071,2.161879231089404,-3.2476090331717065,-1.490190353388558,1.3421893820152868,-2.818129211387301,-0.7159380469681936,-2.679510594503836,1.3608957204287198,-0.923912418407702,-2.193276915723483,-0.9540529943033664,-0.9297996160450288,0.034450655386688,2.131949883684616,1.3420060028000416,-0.0288883671364896,1.873547695490311,1.224358492350179,-0.988719128740138,27
58.23994352169182,10.878732238204876,0.2879302804169021,8.730847980722409,-8.964113298841703,-2.384841136550756,-12.24927094945116,-4.986668240246626,-0.5883968264152742,1.9544786721311476,-4.806463089404097,3.3138295376152147,0.6051927319307175,14.289366239419188,2.9015537213117075,-1.2679035761822142,-2.3634606810110013,-6.82767113777454,2.566541097953484,4.484523191696227,0.8233699792681816,2.928154628214589,-1.8123815770348155,-0.1827510044066872,4.327360099382834,-2.529500712394211,-3.973472107999575,-0.3252126748730473,1.4278720767371331,0.5272402626177294,3.469465043007191,-3.109361186981467,4.061191102955347,1.8964896411652796,-0.5141295367559563,-1.2167328418256886,0.906192998806844,-1.0204248850008752,-2.0261954783622502,-0.6046479033240257,-5.181372486236971,-1.605644990638808,0.1323452097750233,3.423584736900018,-1.234926792306578,1.0193438845197127,0.9141618303564176,-1.5198723918109798,-0.3404976212024712,1.1612732832396544,0.5678567740969831,-0.5708447900580146,-1.0484540238656392,0.525233302717619,2.587044377016377,27
50.190810627841095,14.253150173131989,-12.437871424193547,3.752816531932544,-8.533775393365655,-1.4799069216778309,-8.292391910579164,-4.253292709655488,-0.0187404070786035,-0.8316061362215732,-0.0004056929788257,0.4558939154389702,3.194568165540033,13.790850709514814,4.650755884709636,-2.6616974415699177,-1.5119849976295388,-3.4992605189755914,-1.5569756323243016,4.062542429130681,1.7295636356930817,3.785650556304363,-4.9902135657269895,-1.5940456861528474,3.3333406701663084,-4.114919360464174,-4.280783967852355,0.0045428121342984,3.839178050551724,-1.2715558722808586,3.292706848985736,-2.6033711491893707,3.819965230582637,1.333195279307981,0.142430167644349,0.9171554654378689,1.8876142184087528,-2.47198636876727,-2.157478406960597,0.0479073841238547,-4.261234782260824,-1.854642431637116,-1.5867666813996115,2.3802766904547568,-0.9814360450897924,-0.1632842832963843,0.2922389638105525,-1.2078040076713412,-0.6343787662884685,2.449876308167817,1.3537700961570576,-0.5012230164974564,0.5278214539022404,0.0794255328430585,0.9869597486464584,27
64.77190861674353,23.90920551950448,-7.352714176139282,8.768782174861439,-9.012554068698558,-2.5197794595540617,-10.878627135964472,-5.536168803975473,-0.3365825943321699,0.5406799998810881,-1.3299950297349707,2.943381737894602,1.5445719385248529,15.954256087776065,3.864598378795576,-2.8480889628850217,-2.1393831288817045,-5.815177139141573,-0.0987725272084913,4.383148589314523,0.7224258652977356,3.73717836817294,-4.045802351243146,-1.50156116143369,4.651999079619592,-3.872455896870264,-4.033202391490841,-0.006189013559978,2.584748255953727,-0.5558065876892644,3.6711027084867935,-3.229418359194011,4.7168601353182025,2.0449853470194435,0.1509735370164265,-0.1511041198340925,1.5346028509879444,-1.9404633180174775,-2.667560486549744,-0.7479765959588,-5.673597704933624,-2.079345095265354,-0.7418154036475362,2.578769595714052,-1.3325481260661391,0.5561774263933383,0.3191732945061963,-1.5950067457434134,-0.5888419427373728,2.1717505565771478,0.932466187006486,-0.4465980425295669,-0.0701655594633301,-0.0250098390045175,1.966862848294871,27
40.55240321647224,20.354613846902836,-18.840325900741476,-0.2590452303526747,-9.685797888731956,-2.96381171900303,-5.578731819221487,-2.6191021284387728,1.8087153214491407,3.2374299292224444,4.09305110568768,-5.5850999033739,2.9385718603864555,9.870133175140166,3.9992368577415953,0.7186363143336058,2.60349435941879,-1.531234611944314,-4.4719846648878,3.038224345483058,0.1134526281455716,0.7918857107872027,-4.549320939202332,-4.308865479941215,0.890505583800555,-2.058491134105761,-2.106826947989642,0.0645825966819706,4.472815979610798,-1.132055768202462,-0.0462475787195288,-1.1606826390386564,2.254337899950272,0.3195631493583586,3.0776215264852644,1.2871353160786203,1.299938011715132,-0.466201975546649,-0.6220016623273873,-1.2634664153750998,-1.070782714976965,-0.9846769094685844,-2.780047780458985,-1.7824701077760865,3.683986569413134,-0.5259063492642493,1.0915676280337083,1.6965707788383324,0.4755175122674442,-0.7926555000714023,1.3683986442633662,-0.3610993792661801,1.838000448203037,1.0836125200162556,-0.9003302532906934,27
54.45352749460631,22.76380991949653,7.442270355355577,10.564705403188,-12.337159657401909,-5.772906324891697,-13.692771686676274,-4.956325653270061,0.6203805518396196,6.2750159875456895,-6.29920560883886,2.08847234200349,-1.9653558557884347,9.873555669043707,2.2244736371740883,2.043518256669673,3.1608853029207657,-8.23243604591381,2.9690286424612915,1.337186141701426,-2.1769295121709566,-2.2969787211771893,0.9004621941623349,-3.3346090063024048,4.438066030633045,-0.585947027486505,-2.711973109437672,-2.595764028748237,0.5985637922287828,1.9291453387232416,1.359159969845243,0.455743151144886,2.1946888002584224,-0.5696894636154224,-0.1117202102386378,0.2164726811291296,0.807940447040134,0.0255224056123834,-1.3272922244979364,-1.8641327788286528,-4.327782132418784,-2.0468973358454425,-0.9241700590751286,0.2075168947367049,0.9667462152299384,-0.1392622937310013,2.556564232537511,1.4464619261626122,-0.4455852743408372,-1.3464028248578364,0.8312949354868086,1.887175224140707,-0.8073789141667094,1.0491243161683914,2.3524995854127377,27
47.19915406689646,31.02403387919765,-0.0937590435196393,6.544027219810014,-11.017758676683092,-4.9745999409292105,-10.809228627259255,-4.741757048999415,-0.2888477261039942,5.203809849468848,-4.134528132278536,1.6191840312307677,-0.836130232092133,11.666938315835532,3.730054531574224,0.7801413903327706,2.813264689825896,-6.985395287173703,-0.5142040625354082,1.618594714138758,-1.2090374536648345,-1.6050639004155485,-0.5827187765325587,-3.645575620673089,3.772776144725648,-0.9277103920974332,-2.080301601524249,-1.7412665162678318,1.0937440871180786,0.4741440707269854,1.7594734132117014,0.7257810226424318,3.4527311266679366,0.366444060375024,1.164709169395441,0.433759117248381,0.3999126741966212,0.0324065871883464,-1.307363131143341,-1.733958360963667,-3.879315655623981,-2.1017199110164784,-1.2390591114462264,-0.8771954358922466,0.9802883018402644,-0.3386944979157926,1.7568703224728937,0.8697999108204023,-0.8446711442676433,-1.7220249597180652,0.410655366580582,1.9425425502543288,0.0281763355215717,1.074992723706288,1.8757698216114176,27
34.672284615109184,28.384713016352286,-13.493457249097949,0.6805811989739232,-9.110865989277167,-3.735322539639234,-5.52999102613935,-3.679431872793869,1.6518123724753628,3.1485827080803843,2.013306905452645,-3.77838980488002,2.5869893680346223,9.65916199316555,2.606862265194932,0.8939578526186964,2.814351275115145,-2.794043865200674,-3.8204310266584223,1.998532283023713,-0.5422061331769088,0.0609468202046182,-3.7120306216749546,-4.154846070577038,2.0119759808981983,-1.89072766992881,-1.5224402215706052,-0.7825195825013435,3.409692979949041,-1.1112823820235198,0.5030302822454937,-0.6931232525628729,2.405335931342288,0.1246009087220797,2.922145496005058,0.5584034319458603,1.2512072907408256,-0.1753561606089932,-0.649496170876904,-1.5156335649405632,-1.332490136098293,-1.0389989506360828,-2.390152997311709,-2.384191447638329,3.366356563961578,-0.3083580633432436,1.1758627053331203,1.5487056721201091,0.0467362992609439,-0.5094809161119584,1.3205171092024317,-0.0064239693512075,1.694143652795865,0.6749609110049296,-0.5421489767590097,27
8.352566948387194,22.27484726475536,-19.983596039589468,-3.907128046867312,-3.4553480227056546,-2.728338334403839,-2.3262531076742508,-4.760003509489608,-2.8585205830821576,-2.973236444839965,8.244306201708714,-4.756966261953646,4.204739796468375,9.286576636461954,4.0533723451431865,-2.055088994897436,3.2874226276914507,1.0541241913192378,-5.247259085639366,-0.8451237620448553,-1.1269651578922315,2.9779464615796827,-5.992810532780539,-2.5090180683698384,0.7300745099628031,-2.2368138369442976,-3.837939030956945,2.193618113137481,2.35405067876162,-4.187698312762804,0.1555061830717001,-1.136363369971165,3.152124526441142,1.1427294878986065,-1.1572775288123185,3.9120521581890704,2.222966295658518,-2.736810885078093,-2.1159427804236124,-2.4673645402937363,-2.9765427616771025,-0.5001231232328569,-3.304631128328176,0.0714653094476582,-1.433905999666632,-0.9487539843024536,-3.1949948881741763,-0.247024394928605,2.3109176038781225,2.6960807645943894,0.3814395057403048,1.3469305031008352,2.0558073185428998,-0.0653142305395315,0.3062641598497395,27
23.386407896271827,27.483186275640936,-5.650070001377223,-0.1390001084887565,-8.226783133972525,-3.2725088720269917,-6.171628881877934,-3.936961112978559,-0.1732200818706607,3.398677749163312,-1.1500024553699884,-0.1969565456983584,0.983487474781646,9.931293875023693,2.815881545474071,0.4255106193531873,2.3360642806944645,-4.452037469304035,-2.362209850081924,1.2889735383775986,-0.8735495797502397,-0.9465182714017016,-2.0009018017902043,-3.165090402512956,2.849191968861273,-1.252106299770561,-1.4161005295591156,-0.8178689313777429,1.9391226676589297,-0.7882452855003277,1.5538889918471614,0.0634872127441364,3.1634226490622885,0.4026002228731297,1.5219060866570575,0.3389661739563669,0.5491730809456826,-0.2886100035165408,-1.0808820440957962,-1.442790768113903,-2.644485664256493,-1.093210260392483,-1.5578831125637904,-1.7602476238501843,1.4677250133780737,-0.182661655707248,1.2098229631365482,0.8374229681663371,-1.0513391093679385,-1.0270861997270109,0.3761886191374714,0.9035148709125838,0.7246629811345947,0.4726421542529312,0.6204802739173046,27
37.81032244682651,50.063784487701696,3.980582441153524,11.78990152791739,-5.991436908702051,-1.2363181292954275,-11.948400236595797,-8.652048778123882,1.3582444731332497,1.352260675895185,1.284261151317258,5.525337530195306,-0.4689982103667275,11.99996649467682,-3.055194513837595,-2.98301570305139,-1.3595514387937422,-7.514187498339639,4.271031337404104,-0.9022673993843096,-4.314631731559175,1.6774093605909233,-0.389021109165569,-2.4778248642463754,5.339369679598472,-1.53456303376708,-1.3282052605352652,1.4100517334157847,-2.531254637919897,-0.300425329754686,3.040344263303829,-2.6092991046391183,6.912745333799221,2.9901384697656224,-0.5220295520959167,-1.2210315883370513,-0.1804098655395111,-2.014159115785067,-2.9357621599858863,-3.566630538384836,-6.608073838358624,-1.5501065363211586,0.3414146838138976,-0.4570530444377845,-1.118239052285234,1.337772814024409,0.0224542996268887,-1.4801275138644048,-0.4850254068043885,1.3607472687307005,-0.7709799661070385,-0.3699187521968572,-1.3820844171741693,-1.760458083771152,2.4245818804605874,27
21.742731671432647,39.22497343744903,18.27923292639173,13.970769156908643,-4.808689913215402,2.0705548414733106,-14.112120876967415,-6.15053374019796,1.7584413304149928,3.435646526859351,-2.49772084302195,2.6861738377447764,-3.737046944201561,5.891506060892872,-7.498710388082667,-1.7861876395878562,-1.8843625343602743,-6.601905969454991,8.358313520865007,1.78381614633609,-6.815012050839746,-2.0731741614286068,6.224248828111215,0.6238668820808064,3.7202274501209702,1.816818925232211,1.785162452246014,1.4696030906677902,-4.049806646835652,-0.08858511663605,1.099058455766105,-3.3896408814205583,6.554291762765972,0.8894901749569537,-2.814325789290187,1.0793776516588094,0.2574145110213492,-1.983046972642469,-0.6560286694040713,-4.489546904304596,-7.0735012187815824,0.4235488209874034,4.335553985824197,2.7031733131764413,-0.1670471974869747,1.9251364163054527,0.1345300105823231,0.303086648645574,1.5798972011868244,-1.8761570862221164,-2.7160519456232777,1.346589617549978,-0.7232512457307353,1.900779290354448,1.498017453902057,27
-8.050607037099338,8.646065857882737,26.246507606244347,7.794548510951256,0.5182255694571578,4.295317328502908,-10.022435206764454,-1.60084308733834,-2.4475982865249546,5.780378457390678,1.9021939811578843,-0.7256657483544833,-6.4293767449797325,1.6025245148518303,-4.715959550177771,0.4482730001012225,-3.697618622676906,-4.462061764385219,1.2283326647447663,0.1680952964043324,1.076610073812505,-1.6377790480655694,6.3098139662194335,3.982883579553311,1.1802724365469646,0.92021682004638,6.264121240072066,0.0946469001628509,1.287833109177534,-0.857018019539864,-2.608318814914056,-1.5943542000621544,3.9811771368902367,-0.4190744433707727,-1.1480304679554518,-0.6325762741605594,-0.6872722622725899,-1.0300155441395265,2.129664408948608,-3.821282807634592,-3.329037731451301,-0.1455867760096611,1.8775458008774375,1.9860798502539416,-2.6251210471567186,-1.8339657328101784,3.3438895925037966,4.063062586193626,3.092500710191634,1.31431177384817,-1.5878344587191229,0.9048411569845544,-0.1367068268505135,3.1850725466460483,-1.4263017352585945,27
20.56735919209351,43.87353074124978,-15.487810113826368,2.16639075447594,-3.583340615476378,-2.994403376045069,-5.220497381106116,-6.698273413506639,-4.028951939462567,-2.104302613155112,8.621178884587819,-0.5082780350026354,2.152816117040556,11.6124418336838,2.596016514595756,-2.0619133963619856,2.130504210155204,-2.0198219339738186,-4.544845828234878,-2.866269303994553,-1.2678639765571191,2.7408243805988195,-3.449623514239176,-3.53909603267159,2.0039812994532418,-4.030052652805066,-3.0519124702555085,2.937695890576161,1.326831049199006,-3.826662449469439,1.1821057805000044,-0.3283502597246541,3.678875237392875,1.0819410239733098,-0.6522189880517467,2.154511357450612,1.790663722976641,-2.111150436235747,-4.225333780215467,-3.704616076860453,-4.07254924899292,-1.513909939540822,-2.76385694248352,-0.2609724842519825,-2.254206955671278,-0.4872560467776108,-2.8489727137480747,-0.0837122426426346,1.6719040286683935,1.836470075812781,0.3133235634407456,1.708489997932077,1.3174712641528117,0.5230338109842403,0.4076401983427838,27
13.590236148423832,52.8192851361693,-5.770544728493421,6.638340048448629,-3.333254765722909,0.4019490177431256,-7.864612364348416,-8.10105029508716,-2.7646225696038926,-0.930811517605128,4.552869359765728,1.7852566149173152,-1.3420129943947146,9.525614308810932,1.0758919290494635,-2.6968702342351025,0.8102058134993146,-3.5470333339068354,-0.1690863121376569,-4.6918606558256055,-1.3537322946729664,1.9519455348088808,-0.3099460576981684,-4.563598325961875,2.2871929222618355,-2.427507537052172,-1.2406305844107588,3.025605083557352,-0.7197156698562265,-1.4023556213848365,1.3466427654250428,0.5055087471998746,3.594464424892946,1.295131947238737,0.7859785513291325,0.2776675447939005,1.2594520650504266,-1.929841221941524,-4.940428045408599,-3.388661489125824,-4.978295102056891,-0.7226729605423039,-0.8809385736178657,-0.7700286730851347,-2.271134018930162,-0.4194774061613666,-1.5309306759711814,-0.0420751344282486,1.4919458485179713,1.1316547398745391,-1.4375977005513814,2.152136415416725,-1.7566741196907036,0.4334751007137754,1.7698368689008146,27
-10.797592959788442,33.72188730439153,-15.65464747752094,-2.5011222883303525,-0.6293396374677008,-7.099875364484651,-0.1494240580589837,-7.29298220365727,-3.737023524715304,-4.908606784424392,4.43611739795049,-6.002561721532325,1.5096894786946506,4.849329066693129,3.6860083359408526,-1.068534951660321,3.24300255749718,1.562196431221242,-2.86484928913762,0.0222002576636266,-1.326701817021942,0.3291667415039071,-4.713893167988802,-3.606346581640613,-0.2526433440281909,-2.327672453841312,-1.068997511545779,2.8145511247380965,-0.0679432974473028,-2.3954354481249407,-1.2287653434766526,-3.062434019840275,3.067710534928144,1.0842469009069515,1.9220232106051012,2.766271773378989,0.6062407227560681,-0.2661666155530669,-2.072425602250263,-2.858653335801994,-0.9865248641392332,-0.3911715445856286,-2.830332500338523,-1.9734928020643772,-1.1832208486423612,0.1354055275506266,-2.031958865813549,-0.143770627057011,2.1903614842311687,0.8383599778599677,0.3278820183140348,1.3118296963077698,-0.6585378134321419,-0.7043910820768428,-1.0907333986138072,27
8.779628232605171,60.93003111676843,2.9929640818639327,15.871213262509976,-3.200189841971321,4.493568552260311,-11.834220027773933,-7.715254280669098,-0.8563345355263509,1.2993973627220852,-0.3263839919416703,2.030718401176713,-3.851080650278412,5.43537168141332,-3.649562432115295,-2.1447581134175477,0.6577321264545699,-5.734198829967769,2.6079760519635418,-4.766405542981515,-3.622033705400369,-0.1148508861188958,3.7903297028434975,-6.570197400390716,2.6818123599679176,-0.4943155395175146,0.3410946837418119,1.5879578916230128,-3.2995472040189155,0.2352148222806591,1.397945609983218,2.3535271979219665,6.554540110447026,-0.0445605755822392,-0.0339760699119663,3.005932673884174,-0.561451689380851,-1.409778533716879,-2.6259446084916847,-3.44031625828438,-4.018691662030975,-0.2147750802502413,2.3393182786107447,-1.0412700353477604,-1.5828738855193067,0.7277869421362902,0.3736762641520783,1.4355991478645318,0.7181020414755389,-0.5776867231850209,-2.15671227694723,1.5108835491206587,-2.3934522640714118,2.1279624393998,1.6778346705506826,27
-0.0721102999980911,54.13826544308248,-14.645685197109364,7.89856238645538,-1.910421559840414,-5.7740391261311945,-2.125455044588616,-8.479941672273142,-4.470032603568501,-2.6433331178802275,3.472697443300706,-3.814549168149299,0.1002981118269309,5.52757526612333,2.751779034199118,-0.9792424926595562,3.388853941170636,0.3208566917855022,-2.2097396659364,-1.510459358064251,-1.704439356441769,0.4775008623758787,-1.550356407385996,-5.858670983250443,-0.1053385682864033,-1.743021386711962,0.154061014441793,2.2899621554917595,-0.6185416187202035,-1.6337225191838358,0.1691151499312131,-0.1665807160529664,4.171247242064808,1.2901749336335873,0.7071006760998688,2.441713538450084,-0.6271808414941937,-0.92596484096517,-3.44339684464821,-3.822071318723944,-2.6349165690556413,-0.973545943626643,-2.0584415072258384,-1.9314273616651965,-0.9339332993890642,0.3723530392672623,-1.2968124522260214,0.9733994732862687,2.34429331623453,0.4360140588350014,-0.6185512481780859,1.8935044446913465,-2.1996793647847066,-0.4051132227575942,0.2998133175358003,27
4.728842834196613,67.78633080379628,-8.928321519685408,19.917007772873266,-2.3355756266727887,-1.250414796616784,-7.450616698603213,-6.657267586686837,-3.879811830169432,-1.1689623055995202,0.6217529298099052,0.2115434579698766,-3.9360079378529695,3.953404737319998,-0.4777217850272454,-1.1391568698838406,1.505785488434493,-2.518022003372788,-0.1781124160358784,-2.837329319984751,-1.6778379031405102,-0.6482315234856131,1.6520500824612947,-7.649084755196939,1.9515202890679328,-0.3576883513472504,1.3795403285500052,2.5595462050109794,-2.2506856212569373,-0.8282416557466058,0.9228577281524,1.3908636703091366,6.414100738726669,0.1232742021813386,-0.2416037795056102,2.5738154277983565,-2.986434437139778,-1.1823390992373668,-3.0464116859079287,-4.486772496718623,-2.724908375068784,-0.2763348437756216,1.3031435894961183,-2.380928632883593,-0.5223056110519483,-0.0841118408670113,0.4593281887772009,2.5747772978758943,2.5993296518299163,0.5460345511999517,-2.147297069793611,3.295109867670973,-2.274345966856556,1.4793309018383989,0.3161704852539508,27
-10.859588245900357,39.80259799339801,13.279731842253636,13.068143079828223,-2.987958491185217,10.260251680692148,-13.303028479638176,1.3058008066563245,1.3716360213667116,3.5433690828581046,2.0822478007110705,2.3207904905846566,-6.166644929422993,0.4425225017137209,-6.821641135116565,-1.935907304595763,-0.8467231378010103,-7.160230314695184,2.3437775892691146,-2.590488013705495,-1.84339701838751,-1.9238729455728505,6.672774476933491,-4.612752924605296,2.235270728182759,-0.8140050103114846,5.033007042651769,2.0722551632888364,-2.524294770798863,0.875555337344585,0.9553089615218836,3.0583302729798585,4.755004000594376,-1.7612513378862091,-0.2602912969949444,2.851788089164536,-0.1456894176169023,-1.3133221370850503,-0.8317241896891455,-1.7832720956791832,-5.290124739727789,2.851858489573187,3.943463371025695,1.4000952378142602,0.4865109292702397,-0.1659257791719025,2.623498244248584,2.7775883592254305,1.8720084097567464,0.5969967337236493,-2.5953056238429477,0.4600742980342473,-0.6338230435639702,4.657945813251445,-0.0640784231412556,27
-12.414076520622729,40.26150457673469,-17.464562778612898,3.57636445377216,-0.1027496070088145,-10.248655228175307,0.9714091493360636,-7.037825061512287,-2.727576210273607,-4.295270054235028,5.820045320399243,-4.2082413640698215,-1.34879382270993,2.1866647834928896,3.881685700309888,-2.941760427849333,3.412259186632721,3.612785162855313,-1.1909243878355884,-0.006503009621387,-0.1263453847767013,-0.3929260240671522,-2.912193960273997,-3.0303413725646937,-1.1771475684084969,-2.678486675945832,-1.1428775995039562,3.0505109341871703,-0.8848609496779015,-0.4780470539067779,-0.3272662151196631,-0.8984820397618833,3.53404300045944,1.479653032735636,-0.9774811213794212,2.5816405978267247,-2.1711931063245986,-1.6721517191573276,-2.727137165584547,-2.452699921231955,-2.648429620701087,-0.8198763567315387,-3.412670578038268,-1.2335214275445263,-1.6977651853489966,-2.0010351878888617,-2.35651537413694,0.2640052558684065,1.352154305017376,2.194836781986204,-0.1749585881288038,3.1384787521334885,-1.5392442069309735,-1.1251815790226691,-0.5974705562324558,27
-7.921711830371992,51.77436493492283,2.969936082357388,20.717046971706004,-3.092339404770235,3.715118614911207,-11.636590572512125,2.376306640307296,0.7960384988536464,1.3684858373836275,3.7163679425253857,3.602464779907811,-6.720083362523742,-0.2192581218660822,-3.718123545163224,-2.4650658691273803,0.1147431877004896,-4.04705442793582,2.349603950336116,-1.3249974476269273,-1.152901709156883,-2.459660467684848,4.767323790550483,-6.535191115646678,1.079801961189586,-1.9701320145696493,4.232862194404584,1.9696894719661704,-2.9465794297169534,0.1717502016167276,0.8527646660169559,4.400964466095046,6.357151403073129,-2.946155638559966,0.0022758115761597,1.167734186012081,-2.774212508686446,-1.2834527674454257,-2.419634814558908,-2.3084197076324013,-5.036394833967743,3.0556878977504454,4.360727900109652,-0.2583699523441125,0.755062469851817,-0.737546788436702,3.285272671522654,3.738434718402386,1.3322063134035245,0.3819459335393216,-3.635046006713399,3.072549147028078,-0.1391202442196424,2.0289164894605047,-1.5169328553039567,27
-9.64005260036277,51.32184295604382,-17.12805928042938,14.172348775334669,-0.2226651425455747,-11.210965928067257,-1.5771719957181278,-4.762641996986754,-2.237503508650474,-2.13108023693144,5.021998917941616,-1.9015452467612968,-3.545521356624746,0.0475331506931952,1.6473793497976117,-3.942347454642592,3.308791280988773,3.067877534161769,-0.3047787824908898,-0.1701845948740321,0.4079895242891053,-1.8876813403292267,-0.2442406562417549,-4.312467808215214,-1.0231927123100355,-2.3722776082623667,0.2906322319411356,2.1438018438199014,-1.088030427608662,1.174234320068791,0.6746050057901563,1.8853629234636748,4.944145277063551,1.0162699686348855,-2.036386814040797,0.8179795846225808,-3.6842083178469007,-1.7136116883339776,-3.271485378978415,-2.886182458231489,-3.739871862509633,-0.1201484660257185,-1.5489482146658058,-1.9007265144442345,-0.9445593590384304,-2.23997324746918,-0.1486567547771274,1.0624119446937457,0.8595466273844733,1.586081582790602,-1.5010835415787702,4.543452439246347,-1.8995504028248185,-1.9247465342544592,-0.7826701322358383,27
-13.340921142736889,51.10640200088034,-11.1288249637995,22.01002243685525,-0.0494573076553854,-8.434095591227939,-6.412902461248848,3.1166110767140887,0.5668208070976921,0.5344860336505877,4.791573429731602,1.13998193972537,-5.790307346551328,-1.7434485194177656,-1.520918777961506,-3.8287464084003298,2.393939957974174,0.440423317971665,0.3369666354134439,1.1260731797558767,1.1250373213953733,-3.946719834714516,2.413648402362538,-6.117531121403784,-1.1096867210950891,-2.9611453910519767,3.627279938311602,1.152991802652468,-2.7642197706638307,2.049978237269792,0.6421345767510604,4.9983209001249245,4.845293923876909,-1.6422949053081668,-3.112823257216687,-0.3940054462658367,-3.96208649227223,-1.2520837645640956,-2.4767802589222145,-2.743884969475009,-4.696860509622315,1.6878092346945976,2.1556561703993653,-2.213077712827879,0.2147677546675014,-1.775540680403448,2.659225193750413,2.6304930925598566,0.9189365689815104,0.8670708211534555,-2.803711190758295,3.724591744993619,-0.3479209776749345,-1.620922135362528,-0.9122372584828976,27
-23.84887467301283,34.28028131445977,0.0300201378141824,17.84073012373948,-0.1170989419568595,-0.6768555341587339,-8.217865144932547,10.94374497484598,3.6672172468818687,2.7287324031885487,4.603799421725441,3.344264153758989,-5.838317175242156,-1.3438115239573156,-1.491744304226418,-1.5461450287516032,-0.1733870281928722,-4.337471533089915,0.7604605000136396,2.69407617511334,2.0683525228633277,-5.495379992003967,2.243708673209209,-6.231488496196128,-0.5437553493307085,-5.033019181100521,6.158232725549594,0.2738227861284851,-4.224531208367316,0.9165377058655022,-0.8830514855413258,5.463002725622517,2.018800324656144,-4.463810044880087,-2.3310244568966056,-0.2224318571622874,-3.422981811198309,-1.975849188833485,1.1000111657949647,-3.861819576941354,-3.3356732918446155,3.6362489910064033,4.02177803654687,-1.0636089180577986,0.318339833511119,0.9555650980263644,3.040105850946329,3.37587141596694,1.3114758746705324,2.8051709716195616,-3.139358591210369,0.6961722745229357,0.552906523320826,0.4230679737579421,-1.0872852223511165,27
-30.370416913472155,16.58121278598414,8.99823477063831,6.2920116798869605,-1.6629032921831997,5.883785691665045,-8.051602282042092,8.308138898957298,3.4939540854100906,3.4430621049380505,4.954139151725174,3.360876930996005,-6.219474959003716,-0.276202323916374,-0.2411573676385169,-0.3466014571507672,-1.0479943462635573,-5.756371635901457,1.8572102319286328,1.403535017619187,0.7126823709430994,-4.723196672654418,1.4644068121181917,-3.377668478907636,1.5313938112692809,-5.524589691560824,5.613457941418441,-0.6502729874189257,-2.5969358527422464,-0.1612654583800941,-3.0375532885615164,5.007368134677429,1.5077943530372602,-3.966808784105036,0.3357198296499221,1.2738120005984264,-0.720582564828944,-3.3009281603268508,0.5148640532527842,-3.25719234456243,-0.6331159513674524,2.793917434527116,1.6753167856736602,0.1124553375958393,1.1237905836602553,2.8635072939572974,2.3095519463322423,3.4542372750010832,0.4900371212610134,2.4752753708417106,-1.2704856906022817,0.059987327814797,-0.4515165824324665,2.6297092049807973,-0.5999126910444584,27
-36.729613457829,-0.9883151498795992,10.063323298934812,-4.132959120787159,-1.263117265475533,3.851160112494709,-3.918728094539215,3.7409401467876418,1.597076418521589,2.641293228456297,5.811712719372301,2.5121491503543014,-4.857658864823471,0.7020119706151454,1.0869441696386626,-1.1821485674547008,-3.4107957872362142,-4.287896666435076,4.374790148203136,-0.1460182890635608,1.639830693925381,-2.52976566767974,0.3921062281575969,1.0099108912358958,3.358862859821849,-3.736954099891502,4.363211663054345,-0.5992556608266256,0.3849933433855275,-0.2868509043423564,-4.285995557626395,2.853359902271934,0.4535181162899953,-0.035213024457703,-0.1488295910887953,1.5289246013906188,0.9097102929101704,-3.610266265257129,1.511995373259892,-3.053927977176167,0.5223815148095683,0.3674636682031429,-0.3652791183209282,3.1676717849745493,0.1375029259990722,2.4405511632956136,1.406178688158654,2.426950131276587,-0.7980200007941965,2.35240382479313,0.7430007608494587,-0.1046918825363924,-0.8304341766993149,2.031668723296026,-0.3727381330760286,27
-26.67230416766754,32.289603401483525,-18.49440758746827,12.294536995188365,4.193552718713214,-18.98916290145104,-0.8511247453270456,1.46371989914184,0.3185074572700863,1.1898435731629606,3.567688234464802,-3.1970418518728807,-0.8194339745783515,-2.3986591859779285,1.0243681435012069,-8.672997179025904,2.724736428838295,3.260861922293272,-0.0537791647777975,0.7351748955176016,1.1443977468526674,-3.766760117949402,0.5964099815099182,-2.253342451736792,-3.635589870789274,-2.275744378010105,1.303314077294016,-0.3007945496344841,-0.994187009043394,4.721022824706163,1.9561913423730968,3.596276243770244,3.01441080398438,-1.201022528455603,-1.8118491531653071,-1.4241176377502938,-4.264069524304554,-0.2856660336845822,-1.6051470294602197,-2.7870307356719684,-3.7529230166937255,1.1769275047328034,0.4062408458823965,-1.4527456228274969,0.0266903177673071,-2.1135391924718534,0.6709513740261643,-1.5546369297275142,0.6922853965621846,0.1690177079241148,-0.9692882638883724,2.404701704726318,-0.3760644348485689,-2.7835757511919845,-0.0424012386592249,27
-34.03214566013517,21.14179021279454,-9.758758691257176,10.736577146031648,3.618717522162214,-12.869793804831213,-2.587041300908425,9.456660011024606,3.1285312408456862,3.393410320569453,2.398542665022449,-0.575693395321908,-1.3031945840581178,-2.234051443652194,-0.2622695643613417,-6.909989849090323,0.5587027642954333,-1.1188618415217175,-0.2945046645430542,2.42226876870752,3.117543411037724,-6.251701134928607,0.3841930355154811,-4.098344354060718,-2.735949901558774,-3.8475631893265914,4.581328187495987,-1.1037208371920335,-4.288487555180577,3.4105358562998744,0.8769652748636593,4.412902527600054,-1.6937995666963623,-2.9603918561440543,-3.276814834951646,-1.4093370699174703,-4.434109917570392,-1.128409884371512,2.036808413761684,-4.856477651058492,-3.216781975019438,1.0480409586791295,2.2849937252572934,-1.4624969428977277,-0.8186457411043161,0.0780967765836179,0.660092751118302,-0.7907997143497011,0.01523897810267,3.057307548768178,-1.483667179249654,-1.201359259569308,0.5515579217068862,-1.8622715178465865,-0.0551955954540909,27
-38.166402842546574,2.074085872514916,0.4357541987471804,-1.2891913230550032,2.8695023197103904,-0.2194205958676325,-2.8737085998045337,8.278011841644641,4.494985859186016,2.9236136926166,-1.867006018400253,0.6739815982394596,-1.21136785540304,1.6713622658122418,1.85741575411295,2.53884049428643,-2.1982049251537217,-6.003017281705121,1.6571150616804065,1.761168275532209,-0.3999892370192338,-3.8160638513103526,-1.5048619423788314,-0.4799554935889278,-1.2265462199729538,-4.8574110178121135,3.8833247644433313,-1.307072170056767,-4.052157104485951,-1.5090921257069851,-4.237400784369138,4.153493655616243,-2.606529122075409,1.6030584235514185,-2.174027012368628,0.418347832216589,0.1151810016230821,-5.134947966334351,2.5384464122300248,-4.472417286057614,-0.2403517818039292,1.682330576068544,3.569198141488498,-0.4303309707700538,-2.2811335793303504,-1.1893711450420617,3.268919555039472,1.3511116360130608,-4.896772599910965,2.9080850561445075,-0.5053368588917987,0.9174697574785738,-0.8744059347216673,1.8706962128795472,0.9323300388693456,27
38.10057676113636,-4.693974928732295,0.8295443860738104,3.873838989454014,-8.442911578100672,-1.3663502669819387,-9.643916154503314,-3.687196781780968,0.4259267080931174,1.8557188730007432,-5.22710657943043,1.0982668795853503,1.7756763701387284,10.722978228283512,2.491073743218853,0.6347177750241539,-1.94496193435032,-4.988704819326086,3.014623419795967,3.523100675980156,1.323531234113456,1.6891926947881644,-1.1995082553242449,0.187508772133734,3.0651368491658,-1.939997712078018,-3.632841142837045,-0.7548797499917105,2.042697019645617,0.3275617129727666,3.153597740210374,-2.5739062850685555,2.7828250229824345,0.620222039278721,-0.778114416359978,-0.7804694099496987,0.8535427566491972,-1.1322009737109704,-1.1720888489688897,-0.240527588958311,-3.5809368904072354,-1.1012880384063926,-0.5463253543166,3.181687732029559,-0.5914771234230006,0.6672289059976266,0.6862560115669007,-1.1123536362042503,-0.4635805235647436,0.9894773803777932,0.4369291790758714,-0.3864706667009701,-1.0793173087841434,0.9697262573737871,1.468089291534203,27
60.227153088591,-3.491346448746693,-14.536618685366188,4.67300913234843,-11.2775606626163,-0.459357902313412,-8.74286250947864,-3.866326510451736,0.3534106754200738,0.4438453553409885,-0.7995111247917079,-1.401111083933907,4.630649455590886,14.099535556530531,5.472235853376338,-0.5328191539770433,-2.12544736614624,-2.696804580403473,-0.975787487409286,4.5317148149589865,3.1421527879913502,3.81578517966367,-4.763366249038928,-1.2639219498873415,2.2961092372561542,-4.144560477379697,-4.963820209522474,-0.7825031016724141,5.210864357391569,-1.0907737137587137,3.305799358646884,-2.950326398818591,3.0245721376322487,0.7258090540942757,0.1977066530831424,1.3978776571990323,1.886584252970301,-2.741567490860781,-1.848978347504857,1.1129383576680365,-3.3602523576087777,-1.906044454912703,-2.2598332764117584,2.942458045678909,-0.3823912379321171,-0.5058906813025327,0.1821915438269743,-1.2641429536430384,-0.5153308328593202,1.947686783509472,1.7186169469158197,-0.44321427074275,0.6023352544604127,1.3520180364063954,0.2717412283458912,27
60.87840154259583,-11.746811093637085,-7.327709443701092,6.522566781684279,-11.22112733671134,-0.5996692626294279,-9.992137267036906,-3.7622150981164832,0.8141388677554967,1.575733061678408,-3.896578364157875,-0.2870293277611618,3.7933996801706096,13.303870009372128,4.732456812514196,0.979463846297594,-2.793298729242995,-4.101226181249865,1.5503681775708789,4.667034183901815,2.8255688112389112,3.137912395646368,-2.7545757614791677,-0.2974664099650149,2.4860040687582745,-3.570389479649014,-5.08209173513492,-1.1309405168230389,4.546959162278055,-0.2636045776583948,3.5800160895753788,-2.881240132148015,2.7110414010886137,0.3152837051436943,-0.3528163210491734,0.312474114526519,1.5039910551146232,-2.088305749385679,-1.404437361224282,0.6866934393510373,-3.2858783203106188,-1.6130431941265082,-1.791837684271947,3.6593711831906446,-0.2902352125757576,0.1747529766777291,0.6396612629791917,-1.3113548280673375,-0.7486906012018913,1.3957210814679584,1.0953840474629182,-0.2472161026213845,-0.4248372115722139,1.5696317474336678,0.8285321494142098,27
43.08412693675484,-9.51446949215116,-18.216445445780167,-0.7386095013184162,-10.413729237194897,-0.6061690069751191,-7.708532076287202,-1.2736749987265623,0.6322185635644136,2.016071662419043,4.112275740678402,-5.113862972070227,3.321763716535546,10.779899839812238,8.212460066735849,0.3929279878499792,0.660023067303171,0.5188755426662935,-2.762207105185704,3.7749655190250913,0.1739106340884278,1.2470663300313105,-4.222909496629439,-2.7991886334599427,-0.0874346074254848,-3.7612094133468297,-4.072276153878296,0.7768878890470886,5.334662898313754,-0.5450922009025034,-0.1705684356754853,-0.8704714895702617,2.05437731943052,-0.6197536284875745,1.0138227919167202,1.0886099896642332,1.952713657389746,-1.9940265042004577,-1.4729852942710442,0.4975334012605499,-1.98466057401281,-0.3645597347176128,-3.115049323938129,1.3480050089647255,1.9970173386145356,-1.0826634154928485,1.7919545243145172,0.6031918593173035,-0.2731308757600876,-0.8362668273379923,1.09202799203737,0.3929650698226014,1.0953498466963056,1.960894797998606,-0.5088645295046719,27
59.94634915750988,-17.58439082459007,7.315353996375609,10.637356010282852,-12.424358114029165,-4.206068801867456,-13.985387090914946,-3.2026848714665634,2.860193345629878,6.827795430269345,-4.577633990642288,1.4161246573145692,-2.7183751586582,7.854631028483461,4.671038642146963,2.8929238648194726,0.0435664183870368,-6.138246531523186,5.316254844581015,1.5598708099513994,-1.410483856108929,-1.9649482248585937,2.505847466622174,-1.2183736372088332,3.291793134095765,-1.397678411879621,-4.478561012199267,-1.6323944129694314,1.3257063518400736,2.1424359000350672,1.3822550869100216,1.432663259878454,0.6564462407692117,-1.6577982864665215,-2.305588168148061,0.0540621200437316,1.770145236400983,-1.1691997513666608,-0.5072783639119618,-0.4382601062643706,-3.4169505971858443,-0.6247444877328181,-2.6951330326587897,2.322848602810023,-0.0637018063324681,-2.0083291386941764,2.704736350385209,0.0636732795580503,-0.2390511024987539,-1.6312598283918007,0.5576622570010994,1.4806158204937758,-0.8579539063435576,2.1331504800028718,1.5951395149060077,27
64.75792126476428,-26.853673174393087,-0.9353340172233724,9.412004836524206,-12.845674864038438,-2.3203905595925423,-12.671227616995107,-2.145784198048079,3.4530276018036328,6.246521587474328,-0.9028056675242604,-0.263708462748648,-1.2753355718857808,9.383226692980866,7.4411410704024785,3.112387485004514,-0.2746320990489334,-3.8311151252732096,3.873419782662696,2.0543042802683327,-0.7664249748846886,-0.9115568776308356,1.0847108069479927,-1.6660790051644765,1.7776348787731782,-2.9576520095773358,-5.28726459281566,-0.3431684632255941,2.386489055377827,1.8633934833622925,1.151992460050056,1.2057523049684735,0.7043322383146448,-2.15836840062992,-1.7154742717902596,-0.0373078205974429,2.3555688462192674,-0.9133663034636836,0.0525188728864954,0.2884086090427498,-2.5983105055832563,0.2586730052047576,-3.26346489187343,2.8372128317526557,1.0075163820930857,-1.499753129244611,2.481062076366835,0.0854536095627334,-0.6243353835853267,-1.501925978778207,-0.0740072869025074,1.5710154286154392,-1.05929516182212,2.133710109942933,1.0854939687008711,27
51.70376016815055,-17.626966763521978,-13.447373297030008,2.2389829096579548,-11.249518881268829,-0.9591711910545032,-9.099899549826592,-1.0255829850488218,1.6190251967064646,3.639012175385005,3.0991058125196047,-3.74088260446118,1.6451513409003262,10.508195792612437,8.44243278156634,1.636135341681514,0.1745313500601245,-0.0588989647068049,-0.8447476046135912,3.734279631840643,0.0838077695826554,0.8818097025767088,-2.851619001684928,-2.372893125328038,0.1787426252782628,-4.071795700136693,-4.653040710258406,0.2474502870941774,4.6327438086553405,0.0741783283214591,0.2450836023338661,-0.1811906887389295,1.8604388529718172,-1.2162191429046536,0.4272503966755953,0.2000590010533152,2.052383441503671,-1.27954619978804,-1.0820194898830149,0.3113008983740121,-2.125596268020824,-0.1270354182104382,-3.145551053160393,1.9832582242309469,2.1079594026962143,-1.3688681543065784,2.165204114414542,0.9109981781258438,-0.3405552283615781,-1.199498779200226,0.8219866513785804,0.9851729048296936,0.5810407169499321,1.986533814444918,-0.326813612435631,27
15.402671378109735,-18.734148191786534,-22.938031222031668,-4.589609297246093,-6.285297552251589,3.980029043545692,-4.464588873354626,2.645898494095789,1.034808242910238,-2.020592875811961,7.338159727950205,-7.885730521675397,6.302449780160919,8.216176497218157,6.211397619852132,-0.3665426853031222,0.577085927771419,2.2552680260959432,-3.1948199834455098,3.606007321960976,3.679073182469861,2.959589567956201,-5.788647320702752,-0.8645988520990341,-1.133439058306201,-1.7662058122235909,-4.790055140766874,2.6551389691759386,6.917159296004411,-0.738156081627547,3.836537288427464,-0.7399549421817263,1.8526229737749729,0.4574300575805009,-1.539462035330361,3.145523194754551,0.9188328995319732,-2.897441172063376,-2.5454369459998247,3.893683259846622,-2.5987738450877944,-0.0602833426070395,-2.2226957584974185,2.0317274520092696,-1.0160637347613364,-5.752930481380325,-0.0856572038933385,-2.344919389445129,-1.507523522353816,0.9246087386533292,1.4822787127740429,0.78386252977621,2.2073460008104515,2.328901190242649,-0.9076014826652072,27
54.09460865544414,-31.44279625430376,-8.028678528665981,5.169381551887121,-11.24615380908075,-1.4657139448996177,-10.444279634036144,0.0448776904769807,2.843872482610861,4.891294419575528,2.5984556101865017,-2.258631171692337,-0.3362102615655539,9.316334257119758,8.722421063238698,2.998440305909244,-0.176725809662355,-0.5475067737814809,1.9057134173459505,3.3919187808526274,0.1685880492578261,0.4827933299443401,-1.14799176605578,-1.182253157392324,0.7103230485302122,-4.034860355339543,-5.4537254327061815,-0.1861065000634168,3.5950126477601856,0.6198488358846064,1.4264168490956497,0.372372634521864,1.9354328906470588,-1.6262939826759917,-1.4965623044161978,-0.4678663692779492,1.890935610996724,-0.3392477166846777,-0.2578212923124002,0.5435892894191792,-2.1064380722957905,0.202692438181312,-2.970149466320383,2.7327456672725923,1.7207154475891002,-1.8723468034777688,2.210356018292909,1.4851810328765045,-0.3535448167157833,-1.1802756564862036,0.3036321307705486,1.6635507645180705,-0.4101693498727956,1.6803616746911425,0.0989194637293016,27
41.348060021798446,-48.82716995783663,0.016572978742289,10.508836929644588,-7.304361463684325,-5.334754858577306,-10.060248599864574,-0.2260748686128741,3.6817604426407193,5.435459766577803,-6.482252711827288,-0.9526292338329054,1.2147541199117442,6.249569142170934,5.856937511080021,4.097485494294952,-3.93628858957162,-3.5130639746827828,7.920471886386746,4.246578958713263,1.6792253825166044,-0.8901796117034776,2.2940450773959005,1.1187596337846903,0.8127498872878575,-1.760064963097022,-5.45684703942358,-0.5716928329040624,2.2820959982166977,2.0814773142742604,3.578608935947429,-1.9628390324378548,1.3401739149189942,-2.7857477114916107,-2.85981609058539,-2.486653259690101,-1.0644526193337716,0.3838496486107923,0.9166780141206816,3.534108722166704,-1.5104553263724885,0.1145443552862462,-0.0631129122059668,2.601005519938677,-0.5916881079991273,-1.2522283692707954,1.590429007709574,-1.6871303851536512,0.6513624561653696,0.6186469627961472,1.445367281853081,1.4876319267215787,-3.1803288884508065,1.8459182032008976,0.4569182937731816,27
28.150665970893822,-43.74095795663355,13.765817584487538,13.007969014717894,-4.090941604536198,-9.476757680963082,-9.136026278400722,-2.934476089426311,1.55176262185637,6.062991554709529,-10.1688433604572,-1.7254642673892977,-1.20897296754719,1.5423507601651003,-0.3092657298981564,3.046429477242136,-5.098228392905482,-4.330607052751045,9.470927880215198,2.3625635151413578,-3.10595207505336,-2.4426693163373256,5.580010710316243,4.013492676703605,-1.4330354427030945,-0.0079848160247348,-5.967243330726544,-1.8641846971162372,0.3539473956362555,4.147102588926108,1.064714167846104,-4.879273288200228,-1.4475902187512026,0.9340146976319924,-1.1438444455728118,-5.225804636757094,-3.587838669539041,-0.8704648698706314,-0.4978524510111515,2.2854431965128588,-2.1841732333517885,0.6817008650776375,1.0818023136962238,-0.3596855715616643,-1.1003509662084725,-1.7901393848729747,-0.4609593231439381,-2.656403342941966,-0.6733275387122624,1.1068454657980027,1.138220158417909,2.6293454696918075,-3.814558968941361,0.8202197576779889,1.4975473718644137,27
-9.098272155066647,-27.767731439585845,19.856150235962826,5.253943919033801,2.856387405338641,-11.4027648545586,-3.429167885851568,-5.599025394637877,-2.582054703663373,5.09954091193121,0.737715984567111,0.0674823028064912,-5.744028771672969,0.0985176905499768,-1.4412712987812526,1.8796777058215508,-4.822844743111602,-3.0031123717063406,4.697003143266209,0.0963230952074804,0.8731314047760705,-2.241625654737628,6.194948816514545,6.234026469042592,-0.9416522000690196,-1.0690955594085176,-1.7264807369237156,-1.5269149346846953,0.1666095848732244,0.5119135848380775,-2.768611149153508,-7.503087733352167,-1.5001972881162005,-0.330463072660041,0.5361606338105072,-2.13548868515542,-3.7242466427995167,0.0465372310380053,1.1793801283485896,-2.247981061107178,-1.950993978004372,-0.8451911386604802,-0.0482044649062558,1.760516262750205,-2.9427468669327803,-1.773274681172212,-1.275423699143109,2.1495690987877394,-0.154580555337463,-0.3812580424716792,1.5789398652105222,1.9261190630147171,0.2047079844441989,-2.432692779596228,0.1465716923440021,27
30.221821056038223,-42.83421522761977,-19.25499010895543,1.7307853340140102,-7.735257130949483,4.26250519021258,-8.577447281406805,4.605503404403493,-0.3772409715266755,1.2127718548088358,4.689823034424214,-6.460243228442816,4.371240296595204,8.328891492023617,7.924415629973588,3.3762249876709944,-1.4365551301460433,0.4770342964373388,-1.5050739003430522,4.306864201068994,4.4443682338366415,2.942200063728948,-4.095746843497821,-0.3077824351227897,-1.1073912560909835,-2.3043563541841805,-2.8266819631929887,0.6133946976695803,6.791724895032895,0.4375846541186631,5.705480987016235,-2.787896100629814,0.8599708522961276,1.1641572677231224,-1.7792285702051616,2.2838005787503146,0.3881123639887816,-2.489474828363121,0.2307235131765996,3.80644960095805,-1.0815457628266028,-0.8251045477707782,-1.6217988710122035,2.874554655750237,0.0470540077497102,-5.034125717454632,-0.5644944499095474,-0.9981649200860898,-2.3123137481124045,1.0731146445273456,2.5059397161868717,0.8294383500732992,0.2416942695608686,2.2043363924306982,-0.7175024379354791,27
31.548969621048844,-57.34142527448249,-11.937563745722969,11.161131774914734,-6.77646896358893,-2.363340309625148,-9.26359805131128,5.161220766123958,0.2221637076846923,3.694891465887627,-2.037394434287612,-3.8497815090285776,2.39617472037601,5.484400952935028,6.884369634093853,3.5439984172976207,-2.9972213739353637,-0.5926160815543567,3.2569832537062404,3.5704794214525237,4.700678054274412,1.115536984867785,-0.0174664537818796,0.450404533526165,-1.3757060341305074,-1.2263747612607097,-3.320854037091675,-0.584915326980135,4.489767422977343,2.12482526615886,5.765235534472167,-3.1209434775914957,-0.7376678168153074,-0.9747521158869304,-2.7787261343545056,0.0309267066531481,-1.472594815720375,-1.7918488443857865,1.1895894612522837,3.414965648450924,0.1613237831602095,-0.4453740306251924,0.0151441242363243,3.064536186675339,-0.5061311135131555,-3.851270939671669,-0.6245856049384888,-1.0878432063069654,-1.4000395792294322,0.7085269969520674,1.6414508619766326,1.2618633563584356,-1.3969775575332477,1.2471374903064767,-0.3791324543452073,27
-3.046803341648302,-36.38443668812656,-17.589477481851088,-2.2393535344151982,-5.5731946273128,8.349564509855288,-5.574978421325645,7.123820824410118,1.1649754535568726,-3.482514424456215,3.938624454082448,-6.908499212612512,4.209439500425739,3.801115787985209,4.7762680494709295,-1.362611991109998,0.7120912964861853,2.6886857913772246,-2.6120711861906214,1.137333729004624,3.3973648061165496,1.802760111404862,-3.237835581220005,-1.3462718298762788,-2.4866234768804376,-1.173977112585496,-1.5850292128600143,2.390456562843119,4.894249464121459,-0.7290789566629152,1.6371907524550684,0.721407335516718,-0.4583917742166046,0.143565358897562,-2.402394942350864,2.170280360787868,-0.5922301399681925,-3.984637754279718,1.2301287770358973,5.099629093184789,0.957207832821196,0.8976490935142198,0.5734268468800423,2.5077257766109624,0.3047445257011065,-4.28575019195152,2.324397702590931,-0.855133590924468,-0.1581045414576961,1.3798938362222668,1.8543081730462616,-0.5735906851275119,0.7415129098291969,2.795452813623664,-0.8213601652548239,27
21.59279625794472,-58.09343047567186,-0.5637198320104339,18.357660795205792,-3.136117606585333,-9.33738063511383,-7.913228873529035,-0.5229219164189141,-0.4879088075747415,3.1115445660036887,-5.765406812643611,-2.5761165411013884,-1.893356928206036,0.4185512111236519,2.7925111386439063,4.605211586661798,-4.312105196825957,-0.3433079819310171,6.383112592509241,2.8507632781065597,2.449868673921203,-0.868970526399039,4.362361717145827,2.168542299428358,-1.7858344491316245,-0.632281237484611,-4.365850785232411,-0.5463590766770369,0.7194354139678353,4.732187837664998,2.268990363179198,-3.971260671411423,-1.4888413721800495,-1.0255455350813538,-1.4065722211493688,-2.7588597292523978,-2.616513787958545,-2.462157048118597,2.197437769665308,2.2694269221131425,0.8790490805384286,0.2166701303390348,0.6508673192905683,2.71104232945678,-1.1468929503017111,-3.132993741390415,-1.248160196807887,-0.1412008090607574,-0.6107457942127567,0.3649952907938253,1.516464342230318,1.3095815995772428,-3.480182049616985,-0.0820754382072225,1.1229479618281482,27
9.058374260610211,-50.12101227140368,-17.217469189131148,8.899637835178055,-6.517680942239029,5.731649191905009,-7.560739160078137,6.452345921811569,-0.1497262842062719,-1.73939214233434,0.0459508413577932,-5.900900444828001,2.943032244460743,1.9016645764184563,5.157309656717097,0.321167484630796,-1.3507971891513868,2.476144477204414,-0.7608773435178483,1.1089842839332311,3.569010516119969,1.7829330978650637,-0.449990032452736,-0.7912056893402769,-2.4440116557371003,-0.7016287376956271,-2.2764421776711945,1.813717965759012,3.937470422058554,1.2368634545440529,1.5363099971329732,0.2806593461697333,-1.419110955390663,-1.126615576389817,-2.516870348180829,1.0243053278370275,-1.2557367190433568,-4.13233981036804,1.3946972065766277,3.9010721439202345,1.6228087419023602,0.7645022192622395,0.3101487573744549,2.9598053063086462,-0.0363774958416285,-4.020520129711352,1.5382437865761274,-1.1504297663036214,0.2119835638085816,1.3084377427128804,1.501132803957648,0.0827366799790235,-0.5121123206993224,1.9691615853266489,-1.2533491138308124,27
6.677054366078819,-53.51094153444531,-11.64134682481927,16.956126532027604,-5.942444675915789,1.2695665031538137,-6.851683839464251,1.4356994712532691,-2.200849159259365,-0.4494344818252708,-4.501455295742126,-4.368664464053544,-0.0084354742076252,-1.3052058170358627,4.2800895135948265,3.562004494850044,-3.886335798067124,1.9614582594237335,2.4959143781358,0.4580163227005511,3.646187813581985,0.6185792211940817,2.527914158254598,0.1096181301832546,-2.970488061223448,-0.7121868750056729,-2.90235288924028,1.019846620260135,1.639935291828011,3.2090796117879345,0.8408307855652649,-0.7644843763595544,-1.1939117365339065,-2.056200141808588,-1.5765325285191665,-0.1602804408542781,-2.068854402553037,-3.356123919892647,1.3268604334954108,1.4840011802998352,2.447066650224233,-0.1396434918854298,-0.0662263585441564,2.564124017108064,-0.5238618978956965,-3.0089768332348408,0.3925191345170803,-0.2371436477617886,0.7773213743207921,0.6092396594033181,1.2762204515390436,-0.0892242364223391,-2.3881771137021177,0.630923685054235,-0.8429219830606213,27
2.0597047678508025,-45.41730769449292,10.43778125270992,16.113791232440747,-0.0330808595745352,-14.179932909369574,-2.8158441493025763,-8.446308445879215,-3.637571889889406,2.9825100028802347,-3.1566004847878,-0.9052559324587932,-4.519241048043905,-2.1766636474206487,0.3767460588822905,5.711483501409752,-5.785090610429465,-2.532523138970176,6.683288886161639,1.3471017251941555,0.8613205546913631,-1.5567785565295782,5.252340876320099,2.624349205342767,-1.6301252754318285,-1.148069800763046,-5.152042008904882,-1.1309008270308605,-2.0279482794447943,1.569624341637433,-1.2213948810604356,-7.167559614713464,-4.095145944458493,-0.8633199028148419,0.0521230688954868,-2.840232947152239,-3.395300619995504,-1.0609651768766477,1.2569011515324056,-0.045431914010481,-1.6680560160605695,0.6647362169368917,0.325806337823331,0.7248305709643016,-2.2939106721967284,-2.795733069047999,-1.6710993807658647,2.6328958622815746,0.2154465518292515,-0.6796457594563543,1.7125618510669658,0.4561884641984025,-2.8971137752788603,-2.848752924541522,2.878355397217871,27
-13.092974432731037,-35.82503986243929,-17.276389902069823,1.460942107405671,-5.743513012515657,11.187002683152375,-5.460279266576654,5.650255574753634,-0.0022982125649233,-1.265259690665153,0.1622334061123294,-7.617731502114624,2.436416845307796,0.1355677472323771,3.7344266898528864,-1.3407108254240427,-1.0339474999233744,2.8096470203298,-1.4088565528026613,-0.4850513482066478,4.741173950140222,1.144821525166149,-1.095216102209329,-2.3433738136445155,-2.7037369011905663,0.6989419268174233,-1.8122683762945877,2.187873887593922,4.130930736020559,-0.2407842991363674,0.296253834656886,2.1143077918137614,-0.1754703216567517,-0.8259625489019617,-2.2627667830790426,3.1660018967357826,0.3119760373478924,-3.0422505393637578,0.6742816739119689,3.192449107949345,1.510203590025166,0.962626001549883,1.3701885139787422,2.387827961085452,0.5565927092845208,-3.199597449795593,0.5683451232362481,-0.857010314945229,0.5080348466340233,1.4205751842389762,0.3748928349479685,-0.6034912535103416,-0.2517149270596134,2.456269324147843,-2.092518080976854,27
-4.017322062434412,-46.87935346893406,-2.103063904426578,19.29812810735105,-4.537558513723327,-4.891082770207776,-2.9561297955842467,-5.47432837231791,-4.880209328057415,-0.996948800363666,-7.879313800926033,-3.4751874245776646,-3.095866256804708,-4.929394539106402,5.355558152347381,7.317587312291022,-5.672119124142298,-0.0898923473650533,5.050109048597342,-0.3661473219809025,2.642651827085089,-1.3985821619130927,4.593341711547845,0.3921985186696269,-4.129420589605876,-0.526672569100962,-1.7856513109365582,0.4505367646022526,-1.435385763344829,2.554097292846124,-0.1429776866738723,-2.879944289355239,-3.432812292144127,-2.356277233265729,-0.5783506832541979,-1.906245821614912,-4.674441586438675,-1.7442630420855902,-0.4589229359081326,0.2114403133223722,1.6243956679184517,-1.2013870964484623,-0.8473455743259912,0.763696114901715,-0.7880330442667256,-2.439229500114455,-0.593602097446859,1.4845301992394206,1.84922346121961,-0.2084958949073647,0.5004652875202961,-0.6287907402691888,-4.065438421834381,-1.5009708038989276,1.3770701863443109,27
-15.17409265460974,-37.9520545125398,-14.437423089649132,7.312332732911463,-5.891907494314581,9.65897403515218,-5.409779491111679,1.887007996252272,-1.4773042841113615,-0.7702183982660962,-3.537769544412785,-7.219044767368769,1.073191337836647,-2.8202408208151515,5.079816231678651,0.6608223604436976,-3.1253198681367875,3.2926717448834366,1.0406327820205037,-1.0355270630082032,4.309385631850247,1.0864737667008697,1.379768467869117,-1.8055903711302608,-2.5365464553104893,0.7650219833394984,-1.787908915744982,1.488576313394708,1.745780286355788,1.1764692642706311,0.1926364503400354,2.209664071109879,-0.2941540346318374,-1.1460163753150228,-1.832353539476847,2.6471808882073025,-0.8264021427939198,-2.345261294213538,0.2394186604731776,1.2325568586623905,2.0981660847681147,0.1248674112419471,0.8955351106138157,1.7708882437008036,0.794156848332411,-1.9554966306184944,-0.1659772234075101,0.0570608906419854,1.0053185707970262,1.230393019750847,0.3498150370950823,-0.9253976335410958,-1.4793615205408537,1.4388486323859069,-1.045823781543613,27
-18.586732332729028,-37.51452678363731,-10.0518087752964,12.558046378095865,-5.401254483886997,7.174625828792537,-4.133062531015288,-3.823255163517752,-3.6707245765998047,-1.2215803627742154,-6.193448796661748,-7.262963220582833,-1.1801051991913625,-6.332166698704452,6.811278272664431,3.029441131276513,-5.891458103370787,3.269001665534096,2.7752179288773795,-2.2810204737139586,4.0927178237577,0.645247049706078,2.518792158525529,-1.6811393088896065,-2.924412980035701,1.2250127571507654,-1.916186265783212,1.6582180401858289,-2.48495833970687,1.3046538687903182,-0.38750846487944,1.740606222786627,-2.568877862950135,-1.9535034989511573,-0.4228605297251239,1.737498716504987,-2.543687469363872,-0.8769763918494178,-0.5354639994261148,-0.4692182019576087,1.305469374355103,-0.1804988613012693,-0.1427653620875184,1.2018111918267504,-0.1829689885039689,-1.6796159453166986,-0.2523352645384201,1.2442835372774887,1.432214451729931,0.7982878401641489,0.2802009223396517,-2.4563762275095127,-2.9442770999771497,-0.1081830882017708,1.4498609408492678,27
-30.34497708073047,-26.79007006590271,-0.2281419461786081,5.917422088377991,-2.392954128835722,1.0836662943254904,1.1463160922572615,-8.06627325899496,-4.288483659920782,-1.3012337712223851,-4.319792895731648,-3.382948033260021,-1.8174294039689525,-3.602877702379149,4.895290038195462,4.452618516963637,-5.736967371055904,0.8323596243002184,1.4364035467039593,-3.327340759569743,3.705460764982216,0.2028532010071854,2.482823203268296,-2.59946884161801,-2.7243982072821686,-0.87285679050089,-1.3167400917984584,2.381497803542508,-4.481289047540699,0.5020381320576073,-0.7847847949650134,-1.1075369237968875,-5.006509918759514,-2.5188081154194166,0.2242684712750295,-0.0849042918842183,-1.305348744104566,1.899931554495296,-0.7812436747438586,-1.7240984290057608,-2.087861756356013,0.2373682632503159,-1.1050694004138035,0.9535441336496672,-1.2555755978580996,-3.0950642734635694,3.1450549754479717,-0.0759934936156606,1.209156173869553,-1.8461497145925925,-0.7948907693248554,-2.5016679065870457,-2.848440506695112,-0.838719229524414,2.4300650575697844,27
-29.15973480229324,-27.09599124516134,5.059723900556559,6.196950584323887,-0.5375426426526618,-5.056941508138197,3.318268041579087,-10.569899328425487,-4.5182858703995405,-0.9555740662019292,-3.34204694689879,-0.3852339139918495,-3.177259811049606,-0.786419069762975,2.811748318301063,6.338540518065287,-4.289955332205103,-1.42498197895814,0.9705788901320508,-1.7397810313391902,2.905489895895283,-0.0665758186453067,3.243924620080447,-0.7578762855900433,-2.94429751589948,-3.345999356341079,-0.0359337917890675,0.6277118457194651,-3.057994132115672,-0.593938011245126,-0.8007492575143507,-4.362413209240046,-5.976435571243425,-3.869008390049979,-0.8432739076316549,-2.9456616143741425,-2.1114601063441483,1.1315612668496795,-1.699783229422431,-0.223012023124222,-2.315436166200531,-0.1532153309392748,-1.92021912590753,0.7104389165917108,-0.675342271991995,-3.193257622233257,3.5418804063923344,-0.2167453389257927,1.1677309252788557,-2.646314492511606,-1.3147435939679444,-1.4917962257404265,-2.690151544349159,-1.5375281072745253,1.6801587241709948,27
-36.0358317946873,-17.92998619080151,7.208183296874532,-3.0490646765593743,0.3037518118509407,-4.1313122541466685,2.1016505382228727,-6.9625884391395685,-2.8879976469435764,-0.5733129891385893,0.7619008006305468,1.605328285124851,-2.254311237068273,1.0188362180391275,-0.4529070619034388,2.033573867002471,-2.617424038803011,-1.983079859965714,1.566368518215271,-2.1733691583420884,2.6950305992976458,0.0452361547238741,2.630715338292508,1.7076088527080766,-0.8341614040213291,-4.1422130783496165,0.8010133742242803,0.2598973472194874,-0.260104585931305,0.0457122150417539,-2.024122912296399,-4.870424640002931,-3.981244060002461,-1.633341499037027,0.7656092202393365,-4.345336649824092,-0.6445591245516963,0.9959875862909446,-2.2250009141797253,-1.0125674046029445,-2.1115958105946016,-0.8604554491883336,-1.767690602145064,0.8593330606006543,-0.2141063802439965,-0.0615975808641907,2.399801471601628,-1.240006469027168,1.4099283487001526,-2.4443449221439644,-0.5523752072820358,2.2741594934166804,-1.0682348725302926,-0.0062521910891883,0.9207361735301496,27
-34.80204619491756,-22.662516305075965,-9.266746432377143,0.6492696111035795,-3.73451973251832,11.87801188672192,-3.5582435726004555,-3.892247775831945,-0.2706704869432326,-0.1003384892977259,-3.642367608254925,-7.693714304048915,0.6769433919437008,-4.038612792140559,5.257152561184219,-2.0447600285132514,-4.268253267126933,4.98982623432101,1.992591756523978,-0.7977016016904876,4.213885710255073,2.1522013685336834,1.340541459970437,-1.580864119916777,-0.5503334542898263,1.7389110426554977,-1.894100888456473,1.0614235436074226,-2.528473392721271,-1.69925600341272,0.0912936322592579,3.270367549874721,-0.7460165646414598,-0.2856821387298321,-0.5387006828693046,3.4828692317550387,1.0974717142067147,-2.1385337362688173,0.5514499767586003,-0.1071876105443843,0.1820740657742177,1.4064828089282595,1.3777745040822391,0.4592956617340236,1.338097959598758,-0.7266731745460215,0.3822504431939606,0.3210011776608187,1.1559276306379982,2.025237541583656,-0.5410803418617582,-1.919282716530733,-2.302701546195148,-0.717985027435879,2.171814395220271,27
-39.15708723254522,-18.382839805925254,-3.83555800116898,-1.7077060932705248,-3.0839332897966085,8.060759676801034,-0.9455361281973552,-5.919492172012745,-1.2812589803487715,0.1926981835630798,-3.968732989050833,-6.195167156406641,0.5254667023335706,-3.52188600443132,5.048409370101414,-0.7018365901164179,-4.700582635581863,3.127348843148114,2.5504381959631086,-1.0976257873161523,3.956212262220453,0.6360279637486916,1.7822002151370535,-1.7344926242230423,0.214536285467895,0.6995934595292481,-1.6741453976684546,0.5568823775081716,-3.7391554551649206,-1.6944957575813118,0.5112711454441178,1.3794987126315466,-2.770397995812233,-0.2239591426050087,-0.1769959237692762,2.2024445835587567,-0.034378599591665,-0.483559910943266,-0.2433483345858908,-0.9754066161283405,-1.7532076378046022,1.5384441877632598,0.186301986865047,0.5806134078970667,1.2107817052549037,-1.0601969130355724,3.3234787340410423,0.0129715369520501,0.4531718925657378,-0.2654631918124147,-1.1351270016753816,-1.6925441031402917,-2.8520099936897343,-1.7723048863560036,3.4595192696053894,27
-42.48490098963371,-11.7370167445805,1.5078070711034035,-9.161017059656215,-0.4695080056901458,2.093476139024414,0.8748239437218727,-3.980883719883645,0.2634178937100991,-0.1608493847034874,-3.2125023285177385,-0.8799211357529215,0.7493642601409252,0.8590638619459638,1.3189789786334691,0.7874451580561432,0.798438071567305,-0.3971192680087744,1.0361851319026154,0.0917540125656223,0.9529492774142212,-1.2481781131541658,0.9734799225116588,0.261407045057381,-0.7082328151208411,-1.370522415409231,0.1506163606314852,0.3872254123746468,-1.514744940345481,0.4567791345999176,1.3228868104208065,-1.7813422861794883,-0.8802658226589006,-0.1259126226285241,-0.1364551159459821,-0.6818256827284769,-0.0425169789027399,0.9294766993759248,-0.3121043127797894,-0.7149151908444852,-0.2040011256299717,-0.0696836963957149,-0.637745155116229,0.4661235367148666,0.1989838354776376,-1.6919574945367526,2.1026345642201645,-0.5510047523283839,0.8724387960915383,-0.1133378065968139,-1.4128308943891166,1.0755795629670424,0.3347612111869814,-0.3725670242379262,0.5861437489090506,27
39.8127343630972,6.0067738065777005,-5.639238405588652,-1.604784434679496,-6.498806054068239,1.989343391483818,2.459505918258974,-0.266983668081634,-2.3778744994358485,9.235833988754006,-0.5986899478628492,-1.36673640055525,1.817168993358516,1.550463169993376,-3.448623398995972,1.3052837183243362,2.6461391383864563,1.832298199840532,3.681630082191465,1.5852152771762529,-1.5431321717225976,3.7720693760003714,-3.0422273931779857,-2.333629570368787,2.5476842373715747,-1.5421772757523184,-0.0855147540189152,-1.3625420728537354,-0.98902382896892,2.611327427829728,0.0446661732754653,2.4098081038737065,0.7306163783881292,-0.0610729913929575,0.1883816051602798,-0.447898012283631,2.7128322327762806,1.8654318720375296,1.0628763211788734,-0.4955886772442611,0.750640776034969,-3.3273690897017603,-1.5655867028792698,1.0850583819151325,-0.3843197704162942,-0.8596992199570681,-1.441545650118349,-0.7873697375285551,-1.6943235971413848,-2.0412930341421665,-0.0879702457641849,0.525690859408057,0.8770119524860173,0.5833937566948716,1.0542281842097136,34
38.05209275282007,5.430063203378719,6.094953516316473,1.984864783497543,-11.867206849077212,-0.4643227006405799,-3.379287576884002,-1.5770131739981126,-3.0367922470754456,11.326169519333089,-2.735391686323604,2.361603302593503,-0.3080658123266934,-0.9270589681644802,-6.232549360337445,2.532094881621193,0.5826042347712099,-1.7733495200497975,5.104446171205057,0.9131094008860698,-2.025503747189433,1.7775483528288407,-1.106798587305504,-3.318872463590259,3.1424447875008856,1.068360073824469,-1.042705847078874,-2.0187746679266416,-2.5733723450114296,4.344301472055854,1.623469179053698,3.540414314054086,0.4335305842023565,1.0838588032516885,-1.9864580594711057,-1.7425667614315774,1.6124795850034697,2.5115781077529964,0.3375259774135613,-1.3076081960064447,-1.8216839627175565,-3.553275638166219,-2.003145082696156,1.925548856651877,-0.7078505239532087,-0.6649272201779266,-1.2389369985915957,-0.6238967954280261,-1.950163608904225,-2.830745461432365,0.203775835978615,2.182300264079416,0.2441602873748023,0.7448608848776653,1.7558916735305914,34
20.19589513149728,1.4155665895194511,21.99027881456364,6.8164298351249935,-11.37061780549275,-2.6495414329527947,-6.295427553277111,-3.1402157380582145,3.0370081493357737,6.444406947458835,-7.349100465027884,6.574099298907281,1.1319342229335685,-9.39664596553798,-4.084179091480211,1.2320911828587728,-0.5111038722932562,-4.235151082380528,3.897227972931981,-2.747824911555364,-3.8908638431275455,-1.371278254413712,2.161277410326748,-0.7406764859337602,3.2884574046078647,2.8226763998687057,1.0156545081616246,-3.2049302841560348,-0.1690912070658129,3.0973706258237343,1.4704567565280686,3.405024995541502,1.4138936710814791,4.202724333134983,-3.5218788399441654,-2.079146469498573,-0.4672065290426995,1.484755960186512,-0.3916700661273987,1.0959127783621938,-1.9751200015251489,-0.3211536900854698,-2.213206631561326,-1.1505046662129317,2.818401544419437,-0.0226238896990824,-2.784249378213593,1.042394192884651,-0.3378819533794053,-1.8124704949471224,1.8752862128997012,2.1173701913355893,0.410332242120398,-0.5270721003756867,0.5508699026206457,34
-34.19884644173986,-8.507064813108663,15.395369500331103,-3.847383880773832,-1.3585985255874489,0.1275206136660923,-1.6567159543666248,-0.2178671435223895,-1.9542376748917047,3.779821253516586,6.083863839190226,0.5528946743948622,-5.164647097190657,0.1221205837263698,-0.3203021427901815,-3.8935731841727206,-2.915699171971873,0.3295079164821128,-0.2763153872876935,-3.007579047435218,4.655758623527918,-0.6408865908747229,0.3463540155853171,1.3533043134883418,3.625919523586712,-1.7197588686518224,2.316448764575016,-1.898257174948643,2.4254982712078754,1.4346620958982,-2.319694134132674,-1.600871195974476,-0.5515884911899133,-0.2905858624497496,-0.8599955658160854,0.4553578291869235,-2.856768897313997,1.244718579049685,-0.2907698340627646,-2.9182012179298007,-0.9173284201843698,-2.696196794745369,-2.184663785273938,1.3912860277641368,2.78641380724128,0.2927585502600991,0.1935168950067958,-0.2372310597266198,1.1597689220906575,0.1649640372695153,2.2325230270012213,0.886891501436337,1.0747822821900148,0.6842633596696567,-1.5501775120655463,34
36.31309646657672,5.202786305727988,-15.979997108248275,-5.962689375850353,-3.7360768425444255,3.5539443439464216,4.802579371735567,0.7509744293092676,-4.243245384791709,7.642237478457765,1.7644399187224271,-2.7928983356384216,4.097913779270964,5.201643573979324,0.518899767719556,-1.2168784949873743,4.842847737655895,4.486854316592878,1.9998823220696509,1.608133439541481,-1.2876853472111014,3.704249547050865,-4.826887380704454,-2.572485158316697,1.3103195346871994,-2.962722499867272,0.4435636755824264,-0.5108211013805557,0.5003572728490195,0.1135377888441224,-1.074095256962358,1.085354988552241,1.84272922032372,-0.0689503107089243,-0.5591447826718888,2.452981042326292,2.772214048320357,0.6668552529346925,-0.2367795587845906,0.1927291608277742,0.281904274819619,-1.8904323437740416,-1.0388907239017555,0.0993400814001152,-1.4059208132542658,-0.6790096695822563,-1.8371176631176092,-0.2666744061463058,-1.4128650555315363,-2.650125498105405,-0.6305727545925234,0.1759572404169715,0.2345037447883819,-0.4633856673735019,0.9827723172221772,34
18.15985517941436,2.900905715127029,-22.03135100797021,-10.2796540326514,-1.7895763077413054,3.3251500548106034,3.2540599280102933,-0.2994031961577017,-1.313843977437462,6.416317018742295,3.995525767221059,-5.79075192321429,2.170731463963566,4.683468874965708,0.794731022671118,-0.9669955064504152,2.553951053473074,4.564784389284124,0.8227955041299103,0.2313026334794422,-1.5669220934605497,0.3244995615198584,-5.895034505040504,-1.559463902450835,-0.1450785787160337,-1.3266379787036946,0.0445717739915685,1.869732854256989,-1.7126985197932043,-0.0785145366337115,-1.6575015203785373,0.0795351718167086,-0.0833812845132913,0.0491138123735699,-0.7872609009709346,2.4585213975902818,-1.0992821981153231,-0.8209868016148462,-0.3786008408117604,0.8536164166190762,-0.7631293338946492,-0.2631883259210307,-1.0798172449161612,-0.9109477092028812,-1.4512642330480403,0.4923843474286445,-0.957038226677617,-0.9733444350061476,0.2428988702117643,-1.634665807181367,-1.32626248022543,-0.2899723174101131,-0.2822937229074523,-0.8400882794894178,0.4104535480032489,34
38.95867959693252,11.733338976016803,1.3156515884262352,1.7022964373919245,-8.856383626127808,-1.3210711136572062,-3.7229811361729896,-2.8356873032399963,0.5732691054750291,8.086009844100243,-2.81857847118652,2.5882627340319133,1.782611726484473,0.7175327304010541,0.6650907455091882,1.2709989231357266,0.8551394546095518,0.432816829618479,0.8008536574733369,-1.5844700074678566,-2.1820964035400423,0.0025022113232025,-2.5192774220638747,-2.781249506259716,2.43600507323019,-0.0280290588658599,0.9416534370216756,-0.9086148865474042,-1.5452247894167,1.6363207713517978,1.6039708410519418,3.2824328086148054,0.626066897283053,2.222893252228454,-2.114197186152753,-1.1799117677922777,-0.8797015913657117,0.6728906855729236,0.564197785025476,1.425361197098877,-1.165956528647628,-1.7218693662828792,-1.9363481914399,-0.7731374652790725,0.843609038195276,1.1611227255117575,-1.9606586965817272,0.0567367310870987,-1.076621773240974,-2.971891083056441,0.1924097346219362,1.2054171378809737,-0.7930813517138423,-0.5572730060783043,0.5659030491839891,34
40.62356086879896,14.487869530341555,-11.923207115817505,-2.36342089220772,-6.572019449598734,0.2008120867340157,-1.0025757929985584,-1.7449154811431766,-1.0127558690800051,7.6616789308111635,0.098915328000101,-0.0574747137340186,1.9675321744726504,4.258018453603003,1.868287272196396,-0.5516327526265591,1.2026633551901569,2.671600965550402,-0.2444328686848793,-0.2914839262422962,-1.4320674728212397,0.5486555920477181,-4.627498289487946,-2.812461166422042,1.4053981683354706,-1.4310058044657394,0.7630128672531731,0.5252495948244553,-1.1752211496480354,0.4482617493717857,0.610430737954037,2.0957493069740383,0.3919812320195072,1.2591076461536097,-1.4250020677241708,0.7280748622978023,-1.0246711515381768,-0.1428792074973215,0.1559822624679976,1.3717212133866885,-1.0241750311356457,-1.4146568228641188,-1.676427736371254,-1.2801884569502286,-0.4264052438588668,1.055234147529627,-1.6703936223119311,-0.2552000809418875,-0.8591957862684255,-3.146851242171357,-0.5292673760182459,0.3845714935723542,-0.4879464472742899,-0.9251967816702924,0.8467581812598063,34
46.504104535343,21.900178463582957,-6.219131794221477,0.9153758898877674,-8.127012676041875,-1.140481881897229,-2.233886321994797,-2.8087693147188424,-0.4031568956938576,8.75197684570516,-1.327281974605703,1.838287426480588,1.8581900942870089,3.129787411870256,1.2612771743916344,0.4652130604682608,0.9949090404523868,1.5122684654073737,-0.3108290274932993,-0.7480301255862047,-1.964453535780968,0.1488326352814534,-3.685328358700392,-3.2797670922481528,2.5581736184072343,-0.7573746367620614,1.154734819890414,-0.087691415154141,-1.373066780378684,1.0171326582644986,1.3232503936144493,2.425293979578982,0.633181268329152,2.026258729868119,-1.548697565384498,-0.3296724220419648,-1.1544713312095491,0.1933255235080723,0.5383754613409762,1.635219552000828,-1.140682338852937,-1.902559404521653,-1.862316130890552,-1.5947060430628357,0.1277511793938691,1.268888058229947,-1.932510237171513,-0.3252164800627118,-1.289096047784862,-3.4359317488771075,-0.1799349615552529,0.6340054716046499,-0.7396419454102533,-0.8374534386488797,0.7739940325588432,34
29.406836808882147,17.391607405843214,-15.509342157670854,-6.161456474863334,-1.6188315000914812,2.5660024178086376,7.131054795594287,0.0945432857985623,-3.0525857255241786,7.464692965160538,2.167510347265057,-3.7601696272160834,3.679387031010049,3.6886605949235096,-1.3188557803872247,-0.3703186921179413,5.320066585748174,3.76841933313382,1.7820005437802355,2.0444062267819016,-1.933726503816148,3.723572549587635,-4.50487496631267,-1.7355685615433256,3.173260623716664,-2.874061726957091,1.3418079737656368,0.5383514599422484,0.4377964050343105,1.0311781068628518,-1.0039179098440525,0.0095202980315949,0.9917514976756115,-0.4760364201761404,1.0888416098829226,1.0205164091882664,2.908081821858952,0.0397385757898871,0.9093931708880778,0.6740913792112315,1.4005927308896238,-2.231012465946609,-0.5009625149325627,-0.9001790818104994,-1.0274947329731816,-0.6765153146230941,-1.5158603711967775,-0.3734980345274966,-1.4726666136168949,-1.570572179349984,-0.438527417790692,-0.8811602298923165,1.2026979286842443,-0.5337226691079253,0.6920935974340929,34
36.41887109844554,20.5456596686225,5.665514479729297,2.2472197531210867,-11.799496996531431,-1.200649790399699,-2.9583752691889096,-2.6656953178430274,-3.1933365923056622,11.562546215072585,-2.3305010949598963,2.494287451834323,-0.2449951125090616,-0.2990749282935719,-7.096407799119805,2.350357692865477,1.0017770881102468,-2.0224810385929786,4.352381946397508,1.3063834216025068,-2.183659296369997,1.6284849870778728,-0.8881499642573739,-3.7160376006035496,4.198613084259857,1.2989820975885884,-0.2890250265872053,-0.9772099395004236,-2.483209510208137,4.574936086863193,1.9320311111327035,2.5511743301380108,0.0999110867955219,1.4702833381343707,-1.5125061495652417,-2.416429603671657,1.0411818643446162,2.055295592870072,0.4424652101747219,-1.2737104121173437,-1.990787494932652,-4.122337223952327,-1.5273508048688271,0.7330985743310112,-0.8170846046482096,-0.4743350849403343,-1.3074676968702303,-0.818708794097849,-2.297045290038039,-2.905529617621239,0.0195289313777976,1.883203038360333,0.3567028245758873,0.3376238507823693,1.84077432081505,34
30.55314904017473,26.31454708415136,-0.0131315719005893,-0.2394346951904013,-8.979449581664996,-0.6493967229482599,0.1933291464761973,-2.49466592561322,-2.7580796177623554,9.989360002084736,-0.8951969708647992,0.8430614218546649,0.917285382273138,0.9333594639395784,-5.870768312279473,1.685173774421893,2.239613341532088,-0.568239648045629,3.100957412914596,1.4386691207699596,-2.147112423835483,2.012550070141109,-1.6157844212582446,-3.4822576655842736,4.353435010270445,0.1316612010402843,0.6003373964078756,-0.2838211540173961,-1.6005685804525611,3.509040085323226,1.5075978499270233,1.540742788554298,0.4484511844277356,1.0776911319595748,-0.2707961346735087,-2.17641173429135,1.3932625566252332,1.1702997788035336,0.7213559027484301,-0.7290954159178367,-0.9179226284817564,-4.038876357489143,-1.3117027233672192,-0.4332465359977268,-0.6524244108219156,-0.5219131887955806,-1.442859145780104,-0.967260829762187,-2.4169552537385144,-2.269175302030576,-0.2768514207495958,0.8559055027948649,0.5585302406651846,0.0752831306170001,1.323148753307548,34
24.840733927436407,24.619858187361583,-11.526996374926425,-4.930635162645505,-3.1595010984594505,1.0192185826179392,5.623993633831162,-1.0321114706914103,-2.703227861886463,7.432990292039563,1.5438447277436602,-2.3790996435579013,2.716418181440252,3.010300294914081,-2.582063387190748,0.1931140834197468,4.567760301401365,2.3036045501674085,1.5537454764520373,1.8274601526844343,-2.0065885139800206,3.0479653749634683,-3.5583562931447816,-2.175546312674065,3.8663776868902793,-2.407985858397217,1.5416444933644242,0.625392898501506,0.092905270219195,1.503537842656303,-0.0184283690951902,0.13102993578222,0.7820471492400486,-0.0363652005172631,1.043434966823864,-0.1571796621115688,2.536767522357616,-0.0216764653699885,0.8208838172689402,0.3782328628268404,0.9049736590377772,-2.691231078550955,-0.6406443835984102,-1.2839663070377454,-0.6875212978593248,-0.6025351636337403,-1.4653738169431465,-0.5685856988139879,-1.8581948298772053,-1.6323772801881191,-0.3450632288591126,-0.6592169815142942,1.1364960736370222,-0.5157811152151203,0.7499905069389518,34
3.4254008391689474,17.494076509077367,-20.547517139052527,-9.479394973961975,1.433747056207924,0.5843345886737347,4.582305182636699,-3.2811124759554544,-3.3768731162345884,4.922589839255534,5.654319032181515,-5.514785100802161,1.679823983132389,4.646831461111625,-0.9766953510002314,0.2039814282020992,2.720694184790144,3.837956769883216,-0.7715055788557974,-1.4386745783319133,-1.9087926955840204,0.5218096619598439,-5.185181216305811,-1.58674146669698,0.7021968833806654,-0.3621574871896494,-0.6688557592435649,3.324262361097734,-2.9908383685278515,-1.8062930673967164,-1.4772662472888458,-1.1486514762612217,-0.6411311968774136,-0.2380481062708897,-0.7193642929926192,2.6885195554528245,-0.6711924258297343,-1.623108348960805,-0.6031504655987295,-1.2431821172737323,-1.1268842309618334,-0.2073802685913508,-1.135452727025139,-1.5611917603490977,-1.9879749363453396,1.1938930474875595,-1.5721390768055212,-0.5408441126624323,1.4854943492472668,-1.0739017485093854,-0.8005232035229708,-1.0083661248941016,0.2301704212429925,-1.2970169635494246,0.95816248184092,34
11.900705384152731,22.63837008718573,-4.391011072168886,-5.014239941676116,-5.075105133330587,0.1653577116584425,2.964375873430651,-1.781510384813802,-2.033207694772331,6.938182089508716,0.0764335179682442,-0.7407198259494021,1.6005844344915698,1.951557654242647,-3.59534598503785,0.8665154105923996,3.04719598765949,0.5301035911560973,1.8104558134734363,1.1531040430624775,-1.8371287610939624,1.6563402632773083,-2.0915168504237203,-2.289841571464428,3.733625325634378,-1.0324198419933552,1.1245032285875074,0.3461363882305129,-0.4256289574171547,1.8485286011803637,1.2334238805960118,0.4785243533505894,0.7741125823784915,0.5273458102830748,0.4028454255695311,-1.3408994536709171,1.6205187928732736,0.1522266160680264,0.5173587296795116,-0.1484750472583759,0.0873781231579268,-2.8215757210835344,-0.8433614248462727,-1.0301807769782545,-0.4109292400418295,-0.5439113344714905,-1.1873302985722451,-0.7002313812670445,-2.1564737738630395,-1.4138309296188452,-0.3843539947218912,-0.0564261325877412,0.6128552598188834,-0.2735402534574036,0.8782881563027549,34
23.245564744714976,41.85867658076796,4.185717690744439,4.563362670311962,-9.483502084588809,-1.3016998007267089,-1.9487064627710875,-5.635275194962408,1.9111850376531665,7.224728892195662,-2.741033927410179,3.914987861412899,2.750963006001998,-2.255054878968011,-3.2489827049976383,1.0653058860855742,1.426581201971686,-1.707765012630813,0.1343291364357162,-1.3236362583898866,-1.4999087651213523,-0.9986498130226832,-0.4420313662149856,-3.324114942472555,4.890615488509565,1.476054119432704,2.2049849377538715,-0.5903760282302357,-2.613721416814145,0.1057843382689329,2.3632815098057534,1.8251237226737096,1.3053589477976846,3.732836087017367,-0.5550275374554232,-2.3710230864167325,-0.807428628345548,-0.1238009530922089,1.1870264702126303,1.5203814366536763,0.1625446114215888,-1.5162216436173872,-1.8578340047130857,-2.2877767664535003,2.1777019609868025,1.284247043831221,-1.7467305728854918,-0.2168460660596573,-1.8657040480292135,-2.122607213536837,0.3528844870237297,-0.3450414170927909,-0.6196314461536397,-0.8577495964370476,0.8225112105036622,34
10.314172412381904,32.242205476643925,17.72438191068948,7.66696973800825,-9.788483036898766,0.376133706498657,-6.488403676978767,-4.820787016153841,2.803866563233719,5.427426619416356,-5.996268755113289,5.127111198211596,1.4622802733573828,-7.300329009588856,-5.482267265630026,0.7358457187820368,1.6457325409262704,-2.9995319046013087,2.3758967638074706,-1.2571512337571191,-2.437799404591116,-1.7684565199308142,3.149174707264302,-2.2915838531114723,3.3917855962775088,4.281592478372623,1.21712787550302,-1.281224050814987,-2.4725678232767887,0.1580434209849367,1.7555145379230297,2.3408715026093265,1.7227244584434331,4.163022888948246,-2.3584379759525325,-0.9514614457144142,-0.026534245602347,0.0185725497644493,0.8760657675020407,0.1601800385328513,-0.5687234441946057,0.1284602780838481,-1.5192305657999077,-0.5768520896566691,2.8954808010490987,1.874695436490596,-2.4006645204443955,0.1695967280099957,0.0252021038388097,-2.9951636422259944,0.2173299580525876,0.8431573787065314,-0.0030769953315994,-0.3952174436309296,-0.9826079906505985,34
-10.534362085519422,9.19454038784694,21.93295485974291,3.878517336512598,-6.355216284567093,2.796128736616534,-10.224462713562655,-1.192917272572275,-4.357927148513103,6.453800382357134,1.7258838492271615,-1.6673846732009507,-6.186840049603535,-4.362401424921403,-9.299529211724057,1.4697646575264598,-3.112425811524239,-2.867702175931621,-1.5349391305745552,1.5544209057286722,-0.1365345227361892,-1.939905908880465,3.8565328428015113,-1.4043893958423623,0.0312670308562551,3.6343717030085543,2.189101796326161,-0.0200813662289019,1.2605336046728963,0.8785538543077099,-0.6002468442983024,0.680042542482796,1.7000811548387915,2.919388117097639,-2.878903126079822,0.1664704744847006,-0.6244520376449673,0.5864215346634161,1.2591886066884672,-2.602727100535851,-3.481507935255199,-0.7988630863360306,-2.2338278030900343,1.4782800977408816,-0.9946427048279188,-2.053927413881188,0.5923877723580574,0.3973994688878854,2.1706931149684907,0.5768638683763985,-0.4676857114371556,1.8164351197348447,1.554081234746869,2.5635246112584813,-1.400745098532332,34
11.952476487532673,36.56362827840602,-16.36758513025749,-4.367379027845839,-0.8375817892297213,-0.6993977170224521,3.781652868284438,-4.772142342139157,-2.850099300182404,6.034169897957529,4.537346678060013,-1.8932262490710003,1.669609423356301,3.476002473499145,-2.2924618846754528,1.22084585582304,2.108103140435812,2.400771714502526,-2.313697537043672,-2.4340040226994355,-0.3150606571930471,0.5466174761056237,-3.586587927776691,-2.762481753543366,2.367959013520696,-1.4519330139057052,0.7545838441584886,3.3030718851643472,-3.005967212279759,-1.510625795788293,-0.0116938778797238,-0.81187735394798,-0.2405964239320125,0.8620282442158931,-0.4638534573623797,0.7366220979316929,-0.7193075934416657,-1.420302755542691,0.0420744062264089,-0.7239270616112587,-0.3131924867013915,-1.3540405192440623,-1.8827592352774916,-1.8405523390667295,-1.612996404530983,0.7981457543724716,-1.050662356620781,-0.3067656275393643,0.0151049785807273,-2.813670799285007,0.1837792612459357,-1.6081204791942956,-0.1987303092505398,-0.4868307654864158,0.4048835185154245,34
3.336357018035158,43.209312531526685,-6.859312387271281,0.3226938520433501,-4.468967494259958,-0.0685688750883413,1.5336956575658942,-6.054590307025181,-0.014836820532644,4.937458672690931,0.833225065107599,1.478370358747721,0.966480136894705,0.9246419365153614,-2.1748932407580144,1.1399255641224948,1.7953802758312083,0.2176483160113596,-1.3099784362484437,-3.183778175138088,0.5417688846737077,0.077494551201221,-0.8961716240630317,-3.1470676616737068,3.2006123469926027,0.3671369577154325,2.0138373083850407,1.872677904486385,-2.452702958108497,-0.5660973289901868,1.1105279990934065,0.269400275825556,-0.1799994292145594,1.4384462563351954,0.2598849151720578,-1.464906765245653,0.2266816677232793,-1.0710440993451178,0.1687250857119261,0.2913342201667586,0.2645589418721485,-1.1508778211845625,-1.4020149457241986,-2.0551494651389977,0.1388706565242009,0.1226909499996654,-0.7920733741663805,-0.1107267197977803,-0.7577368439123074,-2.3373485267366827,0.6745289827844054,-2.126495340130385,-1.1802390914532093,-0.2178602264510023,1.314211069299407,34
-12.888950196921904,28.33703189110299,-15.52934442098806,-7.42345167147292,3.747269931192915,-4.5863539579895525,7.280168897190055,-4.321615109593299,-5.649144535124401,-1.4512611768375965,3.1837271848040074,-5.744354496196822,1.2211957410592322,2.0922385098127574,3.303470814707977,-0.2077765026600147,3.9394430792595623,5.105102077640597,-0.0267169460900623,-0.8944217819055316,-1.3279975231166794,1.3826556718749603,-4.193257455057163,-1.4672588926447918,2.520833144385984,-2.553291452336384,1.2870682781199256,3.068484322038989,-1.2655411377322872,-1.2986919522716405,-2.65512634090448,-3.168993951708016,0.2629251874523662,0.3328512734210695,0.5549660605805564,2.7176308081134923,0.7130740127254523,-0.99024637783237,-1.610734517588764,-1.0237469087070603,0.556564173618224,-0.3233863471469491,-0.4277474008133189,-2.900646031908104,-2.132770859330427,-0.0201347899104454,-3.066104878005578,-0.1428197857096076,1.1303262791180615,-0.2585016541532657,0.1174228853152914,0.1401835138791542,-0.0952605086247495,-1.1846708201348166,0.110753817037031,34
0.626406655632692,49.99938212884249,1.6730808990095414,9.198253619871316,-7.006652956208394,3.100430796435763,-6.894120753318224,-5.709393900935441,-2.2072658743019207,4.794913825744229,-1.101085221976582,2.1705832721751466,-3.981450635623217,0.4777278216087874,-7.024247091193166,-0.2171713381206486,1.5835538778630085,-1.7607089044685156,0.9362009701294384,-0.0202774018136661,-1.0037414898247852,0.6123335067247411,1.062943998050701,-6.690480248581686,3.818966528522748,2.667620516857166,1.658100040004159,3.115948336275658,-2.894118508874836,2.7358198035429218,1.3530367268565229,1.696435411393893,1.7847657569194872,3.0178790790976944,-1.8260321289439545,-0.2318019322414759,1.149643914306983,-1.4098034427556547,-1.575512741387311,-1.9066088086866488,-1.9133126688075317,0.0191049372417042,0.8372798072489599,-1.448851434744975,-1.6639239221283086,0.4882774723572194,-1.4877272311178769,-1.7408730275373072,-0.1788327752601377,-1.7170848307812243,-1.591013092905846,-0.2508328386814606,-1.1749475144265011,0.5862254718356424,0.4974114242253676,34
-5.040103100118047,44.4148224444069,-14.927103042257684,1.3092689608788413,-0.2335326944780287,-4.455264248029899,5.386437426774171,-4.871464344455324,-6.274373203447839,2.5740361147564217,3.082625166262862,-2.556684536577297,0.3326917534763524,2.516596587048549,1.2382998003397343,0.7545602700893748,4.170163988761448,3.973188667261558,-0.7115195865048066,-0.8233928884439025,-0.4767394603220374,1.819570488555915,-1.1049297364575537,-3.560585405885325,2.5213992568503265,-1.3972340263058185,1.7607105076646707,3.343447069108009,-1.1494607281481692,-0.8279003215526108,-0.9362752513425308,-0.8769206591303298,0.1822129520509662,1.0815530875753636,-0.4371172626666361,1.5048402197765816,-0.2799580029159885,-1.8454320504006128,-2.079818426642967,-2.113818801964534,-0.6145277923567003,-1.737465271122656,0.4374099114054188,-2.2244866303951323,-1.3922176610279056,-0.0466451378871936,-2.3256682390131878,0.5997930593385781,0.9021134943134212,-1.6297476866915104,0.0479457761929152,-0.1348526711354266,-0.5845370751941941,-0.782037904591145,1.8817111735099663,34
-4.014337237741437,55.89347728284462,-10.406355898457676,13.792124693325183,-4.124861788213174,-3.162580669311452,-2.2847824505643395,-4.177730985837828,-5.147045200464243,2.7752035262320014,0.3954132834259263,0.115701486399701,-3.4163417571621104,0.0062447150982109,-3.80290095064424,1.6333194848595227,3.1503896282988646,1.8535509383661863,-0.6896181586868662,0.4786919843409488,0.5222204082543204,1.224124359107948,0.2300272122092648,-5.720919075550233,3.416357644755798,1.3664117557776898,2.4044804484845805,3.1839969498370837,-1.774652959568834,1.486989880965695,-0.2354783382627692,0.0202525283938968,1.0764673729303664,2.310400854356668,-0.7117203786169464,0.0657267991055168,-0.6454934350493307,-1.8803053980611195,-1.8478090458852523,-2.584944112179716,-1.0961960978388725,-1.0753657506845165,1.6725745922581268,-1.762384154211753,-1.6916932737087709,0.4353022785711613,-1.303594603167251,-0.3553929503122443,0.8669890257301226,-1.3853951886849754,-0.646351706006711,0.4140780768666107,-1.0397365812420745,0.3419015450187986,0.0988022020788638,34
-15.485304326285677,33.425900322434266,11.960953416278318,9.433604632518191,-6.576765333255472,7.860800390657228,-11.340657120825536,0.1651116812373637,-0.7251026473232469,4.615361592011467,1.51334253846107,0.6409267337913169,-4.051955658498357,-2.162197424038289,-10.246684748968509,0.1404404453947211,1.0464809087422882,-3.721565761453165,-0.964872560385728,1.3266135503703615,0.4061383637428356,-1.0549166018509073,3.250499384877492,-6.81902721777726,1.769843203324619,2.516543861772836,3.4722641021523164,2.881628007747601,0.1838227629185844,2.1242743331793195,1.3772078060394783,2.086393399482408,2.1974329714401044,1.419887740631346,-1.7042291703361254,0.7922087931989944,0.97338523256619,-1.247580329137112,-0.5692759108980281,-1.014723430875029,-2.772239982163321,1.4706899149239403,-0.5574451152873096,1.9847391782516943,-0.5146910775707787,-0.3900790797161478,0.6699773944338807,-0.9691260785148051,0.7917104333571507,-0.4248921279200766,-1.7505204952999125,-0.6562007929222489,0.338409932592649,3.3392767858212795,-0.3417877122426043,34
-18.844529008525413,31.769151068634287,-18.069279694856665,-2.1626132234575755,3.6166729940619824,-9.135853227696751,6.786591280056679,-5.51573568471562,-4.63252539884093,1.7248707567923185,1.9382553399441949,-5.36461166942652,-2.49585783066053,0.8359705066982968,-0.2877845329768778,1.5642125278842531,-0.3449370698659923,1.612899493062975,1.2974097340524384,0.2597071307691024,-0.6875540973813332,-1.6445455585296271,-3.397960960422469,-0.2532598091534981,1.007533732543552,2.470707465479198,0.5969155476280692,4.481443256534979,-2.013678831891187,0.4221374481688927,-1.4100031640459791,-3.260225847374083,-0.5604527936657732,0.4496321915317842,1.3570475528959791,1.241727344647815,-2.144049577989229,-2.093979107661477,-0.3575736399620625,-0.6704248504310039,0.5177385005854447,-1.519437328712332,1.0304215637880012,-2.407993088798262,-0.5949088910422651,1.7302911766196918,-0.4066956190024712,0.5887681596416023,2.334978009686984,0.9796159662328572,1.4395289116064254,-0.938376834317132,-1.3421702771547717,0.7317741988776333,-0.1009716017588024,34
-18.75283587766105,38.93390844019488,1.3507606917287136,14.478482793889295,-7.156004177589377,2.2908368827651704,-4.257738746384836,3.211291098164525,-0.850723534679805,-0.628881154612986,-2.787974129643412,3.888281624880056,0.6903316354487479,-4.328397776818867,-6.92153850165747,0.7777723329655662,4.478826486043336,-1.9827233130945108,-2.0179178253102203,-1.1610109056495466,3.836092969988362,0.4907803899745444,3.091297191991465,-3.4961196553184366,1.4465979644105462,3.942406120186869,1.3403958404709666,-0.0802586936954793,-0.8209326584412386,-0.9918237713460082,2.2267257287381117,-0.5430806092398478,0.4550714463864292,0.1780919263209296,-1.9513879994473295,0.2023389908089061,1.9350597358480852,0.6234631478768683,1.1962806594314304,1.0911711749780075,1.5437908746384987,1.7563561578022426,-0.5184835940789493,1.4198084821684798,0.7444413037994709,0.9239956742565328,0.319296446393693,1.121722963694311,0.3999331794524884,-2.169972968437547,1.2128245818235546,-0.950454234982187,0.1806746776113332,0.905264164766464,-0.9732018522848128,34
-20.305696303940906,36.707172944784,-16.59392519462883,6.194641145029154,0.7184538018875664,-10.119723470725674,5.07177760848608,-2.8045212491023355,-3.9428389647424447,0.977640070120239,-0.3104985213161785,-2.6079403699268453,-1.2601803997661782,-1.1580006485634908,-1.8310887225830088,0.7333557421141489,0.9249403862172132,0.9453042898273296,0.2015997930636213,-0.2396636412489731,1.5070905105835075,-0.582180053847407,-1.2656394290101984,-0.707744302914158,1.6244063263767623,3.846329875295391,0.9897610569930752,2.680295035633363,-0.8291585888670002,0.5478073352006934,-0.6831948494032116,-3.0670470849942286,0.4180505305715579,0.560942738957999,0.8091613756579402,0.0275813445773333,-1.87470723681865,-1.400140760947471,0.5839896618741272,-0.3140472605695451,1.7001617252324264,-1.495534450049793,1.6000019292452252,-1.493561406269616,0.1065427117501396,1.4878700186480776,0.3045067661875121,1.3530044470497131,2.1551302355937296,-0.2468125435710891,2.2384322690549445,-1.0951984251074736,-1.2854822459913895,0.8207960144915007,0.3073846733596062,34
-47.97625083943764,-8.410338982216675,3.140929171679013,-14.867037552040722,-1.1050568998956014,0.7930682264163901,0.918824566678986,-0.3960524294199482,0.4356746319589982,-0.6327482546087296,-2.735858746802128,-1.2518818057465089,0.6031902511128447,0.5717433108365694,-0.2660551973057319,0.3323360309649392,1.3023371386460414,-0.4876430814091462,1.1383859660987163,-0.7044466058225802,-0.3196901940711165,-0.9272925521746976,-0.5582430581770176,0.9973884140756272,0.3256337237056111,-0.1457380475499051,-0.1873736649967433,-0.0391950452763592,0.2683635104213467,-0.4655502074272363,1.7626675232860691,0.4066488733605514,0.9773621433694069,0.2530235417014926,-0.2837032364461442,-0.7894502461949199,-0.0807840947762478,-0.2003549224846199,-0.0697350563819442,-0.5570256007271283,0.5160606434543255,0.5756992415776526,-0.3867454277507471,-0.0405055060913789,0.3424738872509808,-0.292322696763459,-0.0977673790857947,-0.1505796739326159,-0.5444406325194895,0.3827963155619737,-0.4467909868406435,0.0353066978130829,-0.4050627033627916,0.2718268912084554,0.1418752273138059,34
-30.52179685713385,25.712779337035364,-0.6347603335034537,12.704140419235324,-2.8215807858940134,-1.538166707859027,-5.6216101770571365,11.049066437940182,2.230646225976287,1.4918624774922298,0.6468591419498386,3.3786649477509494,-0.4488474650658284,-1.8557035031887896,-4.933479120127777,1.1710301473048506,1.004304163028422,-1.4836374856092358,-1.573855638581844,5.242067535080776,4.633178149220215,-1.2402453045741884,0.7684822958346881,-6.292411559785285,0.5809828322512544,2.0258090172380654,4.606581556378679,0.1864471271128294,-2.054308983713343,0.3655634928111078,-0.0570834982075171,0.0438078221305713,-0.6362391422854196,-2.8465028378746946,-2.418748750992987,-1.3396486082313857,0.0202720956220097,0.9914078056115802,-0.0405282921338554,0.062753198933076,-1.5124582130925586,0.0733368794878726,-1.4547900466578352,2.139383829665191,-0.0385040153987263,1.6462504497402008,-0.8064963632372447,0.2477974839277693,2.924884234640155,0.2008400864159792,0.3066427098083793,-2.641852353546778,-0.0542416230221273,-1.70702125190134,-0.2664979916692215,34
-34.95463875465767,11.866919485866816,7.79450846337736,2.648455699992035,-4.523429983873867,6.053648207509152,-5.413714579269177,7.861425144129339,1.6539421573470292,0.876603301972812,0.1956478892328381,2.6266525459166163,-1.0990091760856433,-1.977245403518756,-3.703854060402711,1.830057804432476,1.84626495894714,-2.6263037570546817,-2.2478810553785817,2.9720307522010865,3.590022443200892,-1.118544699505987,0.2978482367864013,-3.8260271576107767,0.4791157314500865,-0.153649748195637,3.61821501551318,-0.9410514396397124,-0.8412868503791046,0.1583202028670096,0.2852897511918111,0.5156397088795939,0.5802489127417272,-2.803881534325711,-2.279184625062111,-0.3447938530864791,1.7449652343928708,0.4719435148302461,-0.5445410804899797,-0.1120340401842606,-0.1995221839492927,0.5005741261851689,-4.287057993737174,0.8759507941268745,0.3524386672310014,1.821218205623113,-2.4140279857348323,0.77228178831314,2.4947511852382247,0.5795067899926551,-0.0443925491697793,-2.539099428335853,-0.1733804612997056,-1.2183610735083434,-0.1762944952899273,34
-36.23531887732756,1.5925744008738152,12.215755422423888,-3.195316012038723,-3.067480005024721,5.91662640668777,-4.249356034097047,3.2102320289051325,0.2962462005265062,3.4835253312053216,4.668482213305629,1.5153695528541706,-4.315222923210517,-1.2640263470332218,-1.3856421787813542,-1.4953465594928066,0.3811989204049411,-0.8325847879168127,-1.1931606875792224,-0.4643131717419966,3.7704743519763433,-2.2665407358967067,0.195489402751884,-0.9306767261500376,1.9599190653599128,-1.6229617026255787,3.851871126173805,-2.005756809698193,1.768824108151967,2.2670416192014926,-1.1081867465459372,1.8488681187210831,1.196273848802495,-0.4917443729981707,-1.802999601362472,1.3008495500719133,0.8572307848727364,0.4026449445607675,0.35535954839914,-1.096908816842214,0.4160736224510077,-1.3251276000837326,-4.022730756711186,0.5840179391609784,1.180210967978689,0.9625119273010272,-1.479750835031388,-0.0066072159221836,1.3058612169062824,1.1765225816906577,0.3418193582579885,-1.639653578094609,-0.4312491100086595,-1.0272697571642364,-1.4566720948447949,34
-33.855718812835526,20.15148022176674,-15.306270915752748,4.70497345049398,3.93703538039563,-16.001939367953383,1.937770349924516,2.7943017288022625,1.3559552520849725,1.638357384232762,1.0186553346660578,-3.0819959896015447,0.9764646149896202,0.4162617990743211,-0.321343448778264,-5.008824227090464,0.1409340893294619,2.2502050005953143,1.8097434600215163,1.6002071992782818,1.1083344577749887,-0.5217490280872454,-0.7453693240229367,-0.8338623904335924,-0.1549957445347382,3.0947076765318,0.408070027663415,2.402053209639386,-1.1713152132731546,2.459545184957369,0.3963380303611461,-0.3671844349374713,1.1584848064910558,-3.3826851155326225,1.4140111109952578,-0.3387537272953855,-3.902512056293941,1.0988828453273556,-1.9757304154821091,0.2003687968449529,-1.462496655310813,-1.3923575956303471,2.008820738937412,-1.663168031398646,0.4679970473416143,-0.4247977169233117,0.9665221301947204,-0.2052941045430909,1.9149699259700097,-0.9239685358668196,1.5208847275200732,-0.6775854545455128,-0.5791504420725282,0.5082301360402935,-0.0028243380345285,34
-39.23925524021176,10.210359543536514,-5.764415152426457,2.8666736385350253,1.4552902214762369,-8.964555955345924,-1.097961811258726,8.572023405004133,3.3522143957114534,2.268874188366472,-1.2718253424260693,-0.0044368354666066,1.4188802293264664,0.5296973165341077,-1.3421676900660489,-3.4587658006018493,-0.2675323777667378,0.0899142685604343,-0.1719976342909709,2.7267377990827595,2.1122871807912014,-1.6696353294038169,-0.039562239760366,-3.627886233578549,0.3398672102419938,2.2902177342802386,1.814389078370399,0.0116968515186896,-2.8711916119601213,0.191160681849097,-0.1410358593787918,-0.8525015717799646,-1.4682048866079975,-2.7761898324472423,-0.8931019189722754,-1.173561031923064,-1.5673328675591844,1.550570485423646,-0.3978428602991382,-0.2005265993649323,-1.777102890341172,-2.0700194283758093,-0.224745308779185,0.2851129777999355,-0.241869512687639,0.702869734435319,-1.498373141394109,-1.1197172459476086,2.314907631838069,0.2810359210891459,1.8674390096304672,-2.512862063095006,-0.2060030781774625,-2.311366222943248,0.1018733672855698,34
-40.86568343723496,-0.8867899555432447,1.0345757162080504,-3.9790893735319406,1.1476244823013608,-0.8057185801459207,-2.377962000193035,7.5106005449422515,4.015340897852808,2.4660484268072875,-3.5660339908619805,0.3423977853123848,0.9433442683508084,2.42513609425872,0.1684869594562529,0.4011394877725755,-0.7045131442972488,-3.3056150437963523,-0.2307036523016195,1.304206640493579,-0.4885149655640938,-1.7539976356086808,-1.1102931477921736,-2.983108731900045,-0.1898971557839459,-0.590045887786472,1.9804690149814808,-1.658927900216765,-3.7054023439985593,-1.9840514843479389,-3.175322136148642,-0.0699227748616848,-1.7027369843456484,1.355906604525259,-2.21431486434131,-0.3619083811481396,0.9753485236256956,-1.5162932624952892,-0.0077755214706703,-2.53738243332165,0.1358860076634604,-0.3450927924049917,-0.1906042756794011,-0.6878300925715938,-0.8625741766901057,-0.9855966024819722,-0.4841173683960273,0.9474292605362588,-0.9795346162284884,0.320161216206944,1.8425132837629024,-0.354876354945811,-1.65988022640751,-1.1930270774938598,0.0790118676209159,34
22.82078717655569,-0.8670462869584072,1.734179070671,-1.6398138601789816,-7.554133839443909,-0.1977209015791839,-2.6520869632216035,-1.7966845128008415,0.6935130819262924,6.357018506012534,-2.532192451485217,1.6366438795377956,1.564790133005988,0.2673624092236548,0.8461821734616135,1.1256440259167737,0.8352401599833184,0.5238417153487372,1.3966036311869754,-1.5730630741167475,-1.7522440769183971,0.2013879745447367,-2.227310413418469,-1.691467743986402,1.386443528078362,-0.3377178199401937,0.601370279393873,-0.903235658952102,-1.1874290006804291,1.3344437576886188,1.4317387938983095,3.2666854207517684,0.7528739422240114,1.645080216972162,-1.9862713190344967,-1.037404397402631,-0.294666069511991,0.6206079357443186,0.3294334591852653,1.0285081201347877,-0.7479696354998039,-1.0185610027945282,-1.7377680361348662,-0.1803651105402372,0.9594176667935748,0.8785984264775886,-1.743671127234518,0.140441495783772,-0.8549773363632345,-2.2283290848271307,-0.0215114443105225,1.352975909616945,-0.4828782920627185,-0.3982822332238707,0.2996620092966541,34
46.06573830171341,-0.4106847672677569,-11.999443083738775,-1.9386297409567996,-7.295814371682884,1.894712756640356,-0.1274429548172047,-0.8964425954652214,-0.2572396356048909,8.499808527434126,0.971944199110054,-0.895681020122792,2.039427646789488,2.9552929382395337,1.9334380447253576,0.4925417714471788,1.0972887488090062,3.3298267720704846,0.9652728507609112,-0.8878745045608459,-1.6911021095553618,1.220457721219927,-4.690094555220129,-2.4190721807358644,0.3011152510265247,-1.6464997212458858,0.6128141841242254,0.1956904956490867,-1.4360380656538194,0.9688736475828804,-0.1476672211891369,2.901096200357549,0.1647592527965276,1.0229702465046482,-1.3670836011476917,0.7431158970482569,-0.7312308978223587,0.3713596997338897,0.2478739425965112,1.5132305375127948,-0.6991139505473024,-1.229021961035432,-1.9790517550404008,-0.3997709559099627,0.4040523926024901,1.113882652107043,-1.8877701258268664,-0.2274420953867451,-0.4023508889169904,-3.012251341005849,-0.8391781380922096,0.9557012725502996,0.1320841342899785,-0.9845928778593724,0.4345510509934476,34
44.434158629917206,-5.708094671431559,-4.965479264162626,0.0072173838649756,-8.40975673768083,1.2460116837425008,-1.5339955585284872,-0.9475869801462414,0.5695227553505476,8.375039634166315,-0.632090304452913,0.9367061395484604,1.7801518911993404,1.5640524431837806,1.871959199092232,1.0459161038553124,0.806220242298905,2.3084553508207537,1.5083873605101126,-1.490452686358509,-1.8853296075430424,1.0863296746960056,-3.5594377514634816,-2.201661363128814,0.4682694130409638,-1.4236718178430892,0.4970351278462538,-0.5610769794064419,-1.43258141698925,1.299696457176474,0.4632398390126344,3.9500787125486063,0.6734581684253801,1.4123166627786363,-2.006286058905688,-0.2519881775718661,-0.291522850886453,0.7634395545321371,0.3684496542228225,1.3704058592512771,-0.7410565689560388,-1.08967142713471,-2.079403182761913,0.0799934146548031,0.9774548624543244,1.1881523572259631,-1.984501829699916,0.1792617249223072,-0.6677591172580156,-2.9265925441285923,-0.5128539427616733,1.7868735944910266,-0.2142265042729571,-0.7982096974577483,0.4097907968104956,34
31.59640060953468,-7.486649497679495,-14.986152218982776,-6.955195262056289,-3.101074697850148,4.907509147377269,5.103837346584263,1.6698480826091855,-3.694284373809292,7.535683908126725,1.521351178452885,-3.19341773363151,3.857079393595938,4.463615020099764,1.3096301112051558,-0.5578960737744583,4.409543347819755,4.525012950124714,2.552723841540122,1.2979582208480906,-1.1270635258521529,3.270882354089154,-4.708324001977247,-1.8703380370743103,0.2176572644984119,-3.039957994588165,-0.4871507363492692,-0.6849918236991114,0.2067100139975031,0.1344656241567585,-1.3499568253578689,1.5352969337580855,1.9791835397839623,-0.3425067554157166,-0.7415218318122766,2.399063795850888,2.8469267111145844,1.1096509568462487,-0.1449623322859616,0.0129033924933328,0.551242962344002,-1.2987821615979254,-1.1707649296090417,1.0589505732532989,-1.2438394057640814,-0.6127809226308862,-1.3014973203446665,-0.2723033123264846,-1.144590250053989,-2.4576909235263877,-0.8834743055467409,0.6475368245424411,-0.1308556920024285,-0.1701519024668775,0.6743941638835461,34
39.96590660942255,-10.044902605935755,6.204090266824247,2.134651638294646,-11.84653706983005,0.2535837544565166,-3.378176681625081,-0.3470188573641243,-2.8417792274463105,11.595172777892513,-3.2266838042127635,2.489876285360885,-0.1244899765604763,-1.1846606689954262,-5.1527667838296685,2.425314399516178,0.0106967266674209,-1.2917747969895406,5.918458628463873,0.55741336283008,-2.1339685535756483,1.855198346073712,-1.1679148333158489,-2.850637836048648,1.837592331782922,0.8396173867135291,-1.7196185337917829,-2.743017688634075,-2.64113276691771,3.887829984684872,1.1996958840081224,4.611459494238633,1.006971851297585,0.7962199146198924,-2.6324853464274622,-1.069773311803381,2.091198315900077,2.939421511534406,0.4982820352411486,-1.3963493477532656,-1.404119575544982,-2.7280252599965222,-2.7955825012836315,2.79884046220083,-0.6727791136019198,-0.8585213355299959,-1.0242887158487988,-0.5678551647612059,-1.6620372185903614,-2.5084529425980566,-0.0057134584200885,2.830554508062621,0.1235924122924504,1.1286736397752348,1.5728389280070978,34
45.55863621820456,-17.865737753818397,-0.1391317410913065,0.8977913132990114,-10.078158915858456,2.080119775716013,-1.055417124035083,1.2690951219736664,-3.529427862662125,11.639454657345896,-1.824046338682057,1.537071216692146,1.0811471291947952,0.7750989896002471,-2.451195067427229,1.8604615472059165,0.9394617335096084,0.5053633839293479,5.474273880074232,0.9059349599579094,-2.0709949337439606,2.546804915680829,-2.013425834436608,-2.6591981119476227,0.7427522128530389,-0.4970044104221087,-1.9761874293987447,-2.5960173058525973,-2.375677662142795,2.6225524986418525,0.2831831461598779,4.656379855717312,1.8875848654973253,0.096447002841881,-2.2627414725981003,-0.0592552915932671,2.5533723587953103,3.059225077948712,0.6090804872201668,-0.9896688807802156,-0.7274709417623141,-2.0012790915425653,-2.7664964058328114,3.1938359547967123,-0.5487767593350271,-0.5681571552988656,-0.9768700936473144,-0.5315113591210091,-1.6289192922328548,-2.730527245391281,-0.8128430873936792,3.177721031281313,-0.2455619514180063,0.8298372672980859,1.4999920486469294,34
36.8930379132202,-12.89343773701146,-10.367094862659394,-4.486905913711434,-5.073522848345006,4.6375437643315855,3.759821907288664,1.6990354350347383,-3.117478813070752,8.763074040172857,0.5457528462080584,-1.9871827169266,3.063413916935824,3.135889522424037,0.0976275776808006,0.7869577775129541,3.2803108552223765,3.603632538589901,3.753244132807907,1.14832854070587,-1.4753170006661886,3.125702495981897,-3.880867796609055,-2.023518977483581,0.1212819693390065,-2.649432177802548,-1.0436345386223789,-1.5598381204851253,-0.6336863416102342,0.9403491324842854,-1.1123916834107603,2.480024814084584,2.090938286908892,-0.388161341700144,-0.8496769945064375,1.3796750095284818,2.9300589626212235,1.976321184147935,0.3881003797869362,-0.2885182523229729,0.5798215585827707,-1.4796396741805724,-1.7423926810511827,1.9598089987022096,-0.738386761953804,-0.6056692451257729,-1.1661753555705263,-0.5415308154261421,-1.2139670639312556,-2.3904626309024644,-0.9298987096683632,1.433199008655137,-0.100771466128779,0.1459860800618741,0.7465304337158315,34
13.595624302697605,-16.577624745573956,-21.402943909696685,-7.687806533507564,5.093236139107739,8.041131451337264,3.779945315611574,3.959577903969328,-0.7827885509733677,6.796757905192616,7.275258553566876,-6.585031464860187,0.4897018365326988,2.204420697547905,-1.9044144484836032,0.9408789750140674,2.704449815284755,4.83943545745834,4.528191760218732,0.6632713100421516,-0.9112882478370052,-0.2568152032727165,-5.770646338273427,-1.466333011695522,-0.6945069345336343,1.7656395536137075,-0.1826984369562361,3.105702574606225,-2.0578960032552462,1.0309365050804096,0.0947354233272266,-0.6462289141119685,0.8586263947335249,0.982437140229212,-0.4338002234687156,1.5547840942238609,-1.579886033180447,-0.2405523366102106,-2.1831212205120503,0.8480649511958004,-0.5600587830035048,-0.2028725502573707,-0.1396221924094432,1.2899390429767654,-2.017330537263137,-2.220270539712719,-0.7110167270491835,-2.0851442355678067,-1.4620037664793526,-0.8570670262743112,-2.357065085209984,0.7466824675816258,-0.4404587482875206,-0.480545264421047,0.957840847433016,34
36.72013432462232,-22.18754453963028,-5.4967967879939135,-2.3350685265412627,-6.859953722634283,3.757276513688252,1.8104526622164243,2.359994815114544,-2.583794628302942,9.738560129729802,-0.5823402327730768,-0.4543150561170586,2.117918343850824,1.882620197928318,-0.5045239530715134,1.337414866665454,2.0224539510731723,2.280471244581128,4.77396476853737,0.964841566161466,-1.7151101405103115,2.680588845652216,-2.903647444450882,-1.94732410226199,-0.2559996001308716,-1.829836806084935,-1.7459939209416644,-2.2769476425738984,-1.534261251381463,1.2747341185105294,-0.5968819734631755,3.5778565878605777,2.438258045499305,-0.5120281555794279,-1.596982223895692,0.6396548619724998,2.7426870964746595,2.937935789815985,0.7211575210683989,-0.6904570885196335,0.2937377234751817,-1.4322595055999965,-2.349207078868053,2.8017445205715283,-0.3585352614976058,-0.4956681071291745,-0.8788394052157057,-0.3049487466933926,-1.1224157103649932,-2.20887362493766,-0.9720975293691366,2.5876203506007074,-0.5130026710478074,0.4266017629808762,0.8518322563401375,34
29.51782962444017,-32.91385983171168,3.574212830231947,3.66773738047862,-8.43127281408883,-0.8776171077166316,-0.3540581914733269,3.198813710080728,3.1405069771066563,7.666599399302167,-2.327417510999672,2.333323855109211,1.6776590140506074,-4.67529813572661,1.3319261878036714,-0.623537421395044,-0.0019363897061025,-0.1777718182930882,4.684736841705266,-2.5310155422172307,-3.015112397046721,0.910709484212318,-1.4053733036159877,-1.0024734903502297,0.4348395099424472,0.1573190135899409,0.8311428396654977,-2.569220547115448,-2.061158269463527,1.1683436936695797,0.7394662491388813,5.017707412633155,3.285843210249367,1.2517264725287398,-1.9227864270892627,-1.6027974903664584,0.4089375533354975,3.7190255496380273,0.0861690122376719,1.4694950372861422,0.6188513083067634,-0.4846690936951645,-2.664345751534736,0.7219319383195806,2.387426717231863,-0.0927293208327364,-2.412452641880041,0.4761061267799876,0.7200807655255828,-0.9055785409603496,-1.1805955822876262,3.866921794777348,0.3463536872656069,0.7120903513897731,-0.4581666783586648,34
17.55616011273327,-27.603680869279312,15.29762484927032,6.159810400914985,-9.189405011588573,-5.563754555892747,-2.894490885243005,-0.0500884247398205,2.576095494120428,6.330136290191501,-5.738848066545366,3.763989006376919,0.769021493069229,-7.560783372149278,-0.4137907153169008,-1.0671900443054938,-2.14596288461668,-2.83672489004301,4.346231661192048,-3.3200139298182285,-5.137309916920899,-0.950491072251362,0.97122424037069,-0.1683192038749626,-0.0062880039510729,2.689429179141794,0.1312683279745697,-3.0675747574296386,-0.3571753212573788,2.45469600648206,1.5292836383944002,4.3876481006824415,2.433089263214529,3.9537499679468566,-1.4533304846472157,-2.944329611959841,-1.09246267843504,1.0896236537063804,-1.2668855505673566,2.1900606489244816,-0.9331882284018744,-0.7947599047256416,-1.7615583943325748,-1.903231145676914,2.217609450615545,-1.1579333117140551,-2.387718646097858,1.514872847441174,-0.0837981256858292,-0.1578442647147822,0.908433163221562,3.670800981096021,0.1416013959808928,0.85360572422972,-1.2618351196027335,34
-12.494465138863063,-18.72029051320577,19.843752281452428,2.043225798185935,-4.419322659274018,-7.541449318812436,-4.18154786718792,-2.3504534609105723,-4.678968331477008,5.411124495374524,1.2216304496021104,-0.6472860877786799,-4.931993907350898,-4.180817881738721,-4.7542530822956,0.9352760812032584,-6.202115202269949,-2.7059341806544475,0.997218703262509,-0.5620097102592825,-1.9001926214264275,-0.6107471617099154,-1.1648015223404302,1.563901017436241,-1.7866667090935635,2.485715473331767,-1.64295072335454,-2.650626311487659,0.2785561016424456,3.107171831531302,-0.6339158057817907,-2.035004610510046,-0.3271268948544746,2.659676365715159,-0.1400433867762665,0.3969539003336439,-5.103035940506453,0.65183630466466,0.865684604128861,-3.2220747265658893,-1.9538889964384063,-1.9400592274096264,-3.406847790446146,-0.4263387153912667,0.3537062301518727,-3.1758820252946736,-1.452079268164063,0.8961237731902202,-2.046126675005428,-0.461959401202819,3.168756930157663,3.263042640122341,1.090745169946049,-0.6059633722681238,-1.882845218757794,34
25.710040315787907,-34.00296200087946,-16.600146403157684,-2.786861235755727,1.3655995949324735,7.038771652795241,2.065566130585814,6.14934476390614,-0.9308507205563512,7.833533117849016,5.61526993217632,-3.4356655413817747,-0.2940174633853349,0.5676491087272909,0.2993693320727267,0.7328771999228283,1.3084322450444923,3.847078629389702,4.277551906276126,-0.335614728693271,-0.7574882993703128,2.6108605291779066,-5.776130839630085,-1.0234770786571772,-0.7393294740101631,0.9350991248334158,1.8325624635558049,0.7648841688179785,-1.5596975059006966,1.347821692714087,0.8672884176715825,0.0922663306819472,1.6901153271906488,3.087888242772945,-0.8191126008154291,1.2252438847996696,-1.027442022101973,1.815982424221648,-0.6932777851265409,0.4507917067592507,0.5185652970320599,-1.4508355548254612,-1.1211837598189225,2.706183541925626,-0.3307521745074542,-1.5848697648423908,-2.521556759087756,-0.0688597301218084,-1.2433529932395115,-1.4625015876906586,-2.925343565932665,1.504987215503599,-0.2133742427785601,-0.6283227291412494,0.962922219530528,34
24.574008374986583,-45.44291321900516,-7.636639730768497,3.6066483833869327,-3.012096843580921,1.4192984306822207,1.0447482849563967,6.85609493699432,1.7073751395219396,6.865557535470537,1.4466502197235274,0.1633058946901093,0.298919284467204,-1.5506099091222303,1.5589376132373731,-1.011942251318267,-0.1316763142082855,2.237838011919777,5.208877754580091,-2.6068610023243752,-1.425483577223785,3.126344782482504,-3.2324555603775544,-0.3832298779540479,0.0089266202666284,1.5004961117026403,1.997615480568813,-1.1747449098739478,-1.3327779970795477,1.4403251397097427,1.040368020983108,1.0840312262466671,2.5147751187750127,1.919791002841609,-1.2534468723629553,0.6679758895546865,-0.9292544147046582,3.662334520881863,-0.6749082851247569,0.2132773783355167,1.3635495262365116,-1.3464136412437102,-1.4556914819612712,2.5263805013914,1.2700249251947926,-1.214968169113271,-3.277617892439655,0.9926464743919192,0.269915521681379,-0.8534683700399143,-2.327483791739049,2.415907039439948,0.9591993144802842,0.441194302728573,0.5240872896317401,34
-0.4501848144175417,-34.28565477915476,-15.768928498437212,-5.135847829230814,4.224439317785635,11.94397833898384,2.55353033745199,8.707508539068822,-0.466419738565016,0.6787799926183363,3.969586031735041,-6.211132784293801,3.047034783920937,2.743108377036616,-0.8997796143489141,-3.5198618885317368,5.887908927521003,5.286224010438484,2.6805977359184694,-0.4099345767069724,-0.1827279162341022,3.19357538554045,-3.3538381398597696,-2.1132063916211488,-3.657571644127912,0.6567460994305067,0.8119162977657274,0.7532084892874412,1.1486642763883674,-0.3395383688271057,-0.7072185880530012,0.353627984747879,0.917645720271728,-0.3639740038858217,-2.676232185283258,2.3344329627903933,0.6389306625575577,-0.2155393461228178,0.4078984890774739,1.749821332671616,1.2785215718405094,0.601479066432745,-0.0212467407213943,3.495546384621369,-2.140757935736445,-1.6109913717405662,0.8720812582577521,0.5199199208733353,0.5600623038358297,-1.2293470678534006,0.06969161228196,-0.7278973260948207,-0.7846372495968166,-0.0303193929112605,0.1984477196796163,34
11.666142035417066,-44.97795017761148,1.7806269439400635,7.820812687173513,-5.397173957652655,-5.639785075706,-2.4375894343038724,2.9325284024118896,-1.8813051638575584,6.924429717881576,-1.2692754451083896,1.276907971372622,-2.4470662719674032,-2.745715262129538,-1.577401036929929,0.9232305964411612,-3.3619546112257543,0.4719269454609447,7.161453468078393,-1.4949592353852763,-2.9429332166935604,1.7593778904676165,-1.1321791437091984,0.1714873958688908,-2.820901819755737,2.5476406354811005,-3.322273622573235,-2.5132824293077816,-2.0463512228824,2.6412561707724973,1.3965947633694051,1.7271327226529347,1.726543565911311,0.7614449408932323,-1.724940871971323,-0.8994726811229377,-2.0263700074293123,2.2235592038450696,0.8652788104922897,-0.5455205654257892,-0.0534685995606646,-1.545326822080479,-1.6482999687822282,2.454558598685573,0.4457109751729869,-1.6033704847602566,-1.213722479712357,1.6336068992650166,0.3984762813909639,-0.3467707886381339,1.6851537226870137,3.0819360273237364,0.1768085999714119,1.6502252951680842,0.0232292611577459,34
7.099225507406368,-43.23783763450904,-13.712085672284216,2.463279173293267,-0.5936169661116952,7.808584429825577,1.2761909606383293,8.044404910983916,-2.496554355829881,4.314219246237121,1.9892009645899864,-3.257200013770281,2.531294269693316,1.4732237330241384,-0.2374817347984347,-1.298487372163578,2.6062957246246485,4.428181366691399,3.739807784045531,-1.2645438455051552,-0.577223167617378,3.554357752012464,-2.3144464048603504,-0.9686395538198976,-3.064427035367475,1.3499266290252674,0.8870279448629619,-0.7980145292897388,0.0224278958261615,0.1709574852273774,-0.0285998613396934,0.3284192635463505,1.233474921313739,-0.3200724227597951,-0.8764242216644853,2.288680178762082,1.380135582358276,1.4073495274076788,-0.0328325912416056,-0.4248358253228571,2.201823569469681,0.1565729741888387,-0.8084803799524536,3.5413891782683846,-1.6763206598730922,-1.4799477970816264,-0.5802075965714516,-0.4117877335158512,0.2578049390182647,-0.4080135484084776,-0.5199913210971681,0.7596791266581107,-0.1953091476685331,-0.5093194681716631,0.3238075165415688,34
2.1009384644730025,-46.04236467593928,-7.646449397799283,9.211459934119034,-3.603336191848185,1.6517967129978863,-0.6888970726103477,4.192484937230559,-3.009020970507563,3.239909927411236,-1.2170583677592226,-0.280064754745104,-0.4747547768229002,-1.866484918961364,-1.3474381373595594,-0.0758341978184464,-0.6184019646617304,2.012055603362076,4.824494217303844,-2.0091895021765787,-0.8638627983405095,2.9886756017136085,-1.4249066204166374,0.0175264060320912,-4.2929620879528025,1.945910028710008,-0.5735143245796949,-1.6933301569168948,-0.7251307915636814,1.69520864933452,-0.1230233786133234,1.6324607884411522,1.891695048385678,-0.0379423727485255,-0.9599345592758712,0.3300738983151565,0.1030315098443771,1.3476037648700765,0.3393064118112348,-1.3306572719486065,1.2620187914751202,-0.6647761430526689,-0.9150915639231416,2.8498904446178166,-0.3769566555874067,-1.0565308973262864,-0.2264236371985245,0.6468917212932207,0.708218585313664,-0.5216475015373898,0.9146503384275998,1.3164884398835028,0.1526906541292177,0.8619522221115017,-0.4874554778949311,34
-3.8209763280973297,-37.04804406177559,11.262416603303404,7.913283241826098,-5.9170320876715845,-11.827974625258287,-2.1365595046471326,-2.4183801566585945,-5.061308324588125,5.266315878412431,-0.3463396896470255,0.9770282930587402,-5.235865043657002,-4.6028710872848055,-1.3456523557101492,2.6987636089103995,-6.377002520174943,-2.1380354031615525,5.8709380504670845,-0.5217126010076485,-3.72536452355728,0.9058666107516968,-2.1270970000464158,1.1531804527426783,-2.167273557194982,2.118751176594962,-4.829884471335289,-2.21888451042073,-1.639086603999783,2.8061444157755435,0.0543322726950601,-0.4175806463957178,-0.90510726971922,2.0784750279398483,0.1323322080933524,-1.1723863621755917,-3.6356917490095193,1.639088005541084,0.7721867539949301,-1.7857831107696778,-1.331749527654889,-1.7401417467519775,-1.9799938649775168,-0.0405162890573997,2.0905154095511542,-1.752091585569537,-1.5137044024423956,2.2568969069334623,-0.0314931242701921,0.6265392741574277,4.21339550237237,3.4061728597484784,0.444548642142222,0.3536873934542644,0.898448942965933,34
-10.633238480900475,-35.656212397217644,-15.873219737214365,-0.1957992430069762,0.8909972580641933,12.88686232604641,0.0061097227635522,6.971043566639114,-0.7807064087251102,0.7152537827201753,0.694742003884229,-5.567644406574064,1.6691364643010749,1.58961741128023,-1.6264646033265768,-2.9686487307428515,3.986839828456593,4.212105883267703,2.667286203495029,-1.3494322027115628,2.202262001835196,1.7251789224701726,-1.6748562878909514,-2.608696572180936,-4.210315364772918,1.735610813385554,-0.1089836373367498,0.4650368076640037,1.3766150682443756,0.0951877553880518,-1.4016373254069014,1.339466062512472,1.1081969672043626,-0.7236141114138838,-1.589469378443765,2.9136052010134423,2.143443703383549,0.5485469095565592,-0.5604161965598582,0.460274862922389,2.058165850179287,0.8771244967409212,0.1643151157169292,3.713333371505044,-2.662357937733704,-0.9213025472981752,1.1177810509040684,-0.7328715048033515,1.4111714833650468,-0.0623711164404476,-0.704846005271307,-0.6017694128654225,-0.2931433397982497,0.681239644263207,-0.7182529218871719,34
-7.600840183555798,-40.611838917237066,0.8551597737560331,11.2432628296571,-6.377027476411626,-5.5944277245654295,0.8565685040971549,-1.072342118294971,-4.825881531701037,0.8807789204635028,-3.2438385155637377,1.7937020543105746,-2.6340142623529488,-5.191533359343658,1.2950321891331609,2.5128672792476263,-4.260934900613549,-1.1822155963060428,5.095574189205512,-2.5822114023681206,-1.7173960130648476,1.212903602347016,-1.4079122595604945,0.508388496234867,-4.036790417679503,1.7356768733332186,1.0193832705549062,-1.199963708525419,-0.987576130360654,2.041625444093518,-0.4937310684131626,0.3376646624202758,1.1444481493468444,1.8488369793753463,0.2101400848700023,-2.109149872314694,-1.4754820456014486,1.395542538344472,-1.895856785089185,-1.1032400568973126,0.7449334209733174,-1.5448390929365068,-0.5753524581448256,0.0373205933033872,2.549350358461406,-1.1603987926531305,-1.7129652620029938,1.7794242700712373,1.7516085268400174,1.1689249536058537,2.292981264992051,1.5724853948662527,1.1566885054671634,1.5647650532498512,-0.497372615797228,34
-15.258217268542149,-36.19560609630782,-12.007448229511564,4.237076078435451,-2.2326383561631635,9.090766898365054,-0.257963197890584,3.756130720747128,-1.7623219313097211,0.701568364550241,-2.090999659847358,-3.413728209426047,0.2449782424792321,-1.2176356924830136,-0.1181400347346651,-1.2047257996198644,1.7043793098222189,2.5875767190919965,3.305927363705832,-2.330763310662011,1.793722240695968,1.658049996686301,-0.9399612076424736,-1.4043142850702373,-3.981963951281645,1.8433265106614352,0.1491661581137425,-0.2055545491729131,0.4368113035566218,0.6574705729465806,-1.4301588230892228,1.505199171748406,1.6370769040051911,-0.5733806851697197,-0.3559446231241661,1.5825752578206247,1.7329070934457806,1.068125319063063,-0.8680888063093607,-1.1172362813251713,2.075268379058735,0.3871858080939898,0.0660626497475253,2.379586524953953,-1.1697744009526925,-0.6930277969970892,0.4196815782038763,-0.4110349211097081,1.7523395395143828,0.5346716351108753,-0.1523448850953668,-0.2055862793224495,-0.0082160487346643,0.8307731734758369,-0.515384377344123,34
-18.7144524370252,-35.591939036661124,-7.164395904017254,8.525643390362625,-4.443823663237873,4.434185431951892,0.4633526703532238,-1.3798437086580777,-3.4551844628906534,-0.3157442717768965,-3.487187275659967,-1.2380329488300374,-1.9044484852941963,-3.6136156649795454,1.9504738471579848,1.083515120190668,-1.576949756822866,0.8674444922484366,2.744342797057981,-3.413052327740973,0.8656581664425401,1.719619976488054,-1.458044181244948,-0.8403667640568541,-3.93053763734909,2.191783976468077,0.8026681817721162,-0.1963765116343957,-1.6485759433835023,1.273676925863655,-1.5642221436181625,1.174339759462724,0.6882763411543806,-0.1241724829990822,0.6288614361338137,-0.5113388401068102,0.6184588300434612,1.742279482816612,-1.614726581495092,-1.9589549537497284,0.5937201982138857,-0.3161825945863973,-0.6217613303570098,0.7833887897565832,0.4235090979689276,-1.1111679573541386,-0.1715310488407321,0.1766890241891957,2.0228768720816634,1.286299967763606,1.423291127887771,-0.5040626286829029,1.353538711507169,1.8536765479425377,-0.1665373977597794,34
-28.92429976159972,-26.799067912291378,1.1866668458995593,3.516536672929811,-3.7745163671127786,-1.2736196677014464,2.757511432208808,-5.562911840591707,-4.223024177805162,-0.4488222605591067,-2.79218753916772,-0.1580938560612185,-2.0036297765929096,-3.3164592914174134,1.9030339311280944,3.5950820288898746,-4.277230819741307,-1.0985516234439952,0.7189492607966091,-2.731944536058119,0.4321650098844811,1.2746408124467874,-1.7471150393688608,-1.8749227621313556,-2.543562259882341,0.8648147728611538,-0.3937469015641009,-0.2711418455329689,-2.7207195297718805,1.3616772298435946,-0.6460542465165338,0.2988077062186363,-2.097315978509588,-0.4326870494477622,-0.2714771573284283,-0.7578390504507593,-1.1059005497772392,2.4114571355101773,-1.8092790868372912,-1.812126334714477,-1.9397853216953769,-0.1254404938237508,-1.0903429802728393,0.1993698326857463,1.8680925812196283,-1.877077391060292,1.668650606154262,-0.4871223594044345,0.9043794566193756,-0.8600565843588128,2.336914559531436,-0.1123843519926358,0.8228035301268749,1.118456136502565,0.6694354570530179,34
-27.241435689967496,-26.47474880886715,8.032538869168217,2.895052616097729,-2.998251652389015,-7.727002919785326,4.820172057591912,-6.651992834438348,-4.564555400521702,0.030859813436777,-0.3035578504227169,1.3510348669522594,-2.028582470884228,-2.793766330875222,0.2094584543761156,3.479519125349161,-5.922404068891699,-2.957715450249298,0.8227232173897878,-0.6783806326372711,0.0264390505561391,0.884871423971358,-2.9830042484653565,-1.869785525030299,-1.4147958103945286,-0.2027874943958936,-0.3664769230414471,-2.0152560017134125,-0.7046381145059893,1.6863508704743078,-0.8834779632270117,-1.1666109780592846,-1.6721535227610305,0.6581139637839052,-1.3445029265793145,-1.3026231882785573,-2.008877412263669,1.3700394163501637,-2.772454980548226,0.3404328641187929,-0.8254262505964315,0.2762771485931278,-0.3652661759505918,-0.517633710048935,4.668169068125824,-1.6762178247597623,0.8529311789342098,0.4402056461687809,0.7377583568405587,-1.5167521822299117,2.360860893865908,1.1600208602958055,1.439870799559061,0.5785538873891296,-0.1109211150997653,34
-33.49425021348324,-17.054650725929534,12.990576826750228,-4.16608378207251,-1.261478786235927,-6.555681875084836,2.656030796362165,-4.689042440972988,-3.2742945596139226,2.8064925790316986,3.912935323368712,0.9965249735115038,-2.04940254449833,-0.3041506969211676,-1.0874032617342764,-0.4721504222807919,-4.088291057001373,-1.7489576092083652,-0.1773541296823498,0.5554914579768899,1.3238476140965243,-0.1580034082936613,-2.104493342559553,1.217504400245379,1.5025761948963827,-1.651151260113357,-1.937312944086449,-3.169471201290944,1.8851576487558583,1.1247934722930746,-1.7823127081017531,-1.2702024527698792,-0.9975914063915504,0.0642723130998129,-1.5738683578905652,-0.8684931894655938,-3.541377451619073,0.2430389401728366,-2.241922422864498,0.8073564540049737,0.4412257465888305,-0.4404766734218222,-0.710521084609507,0.5687087707699376,3.865405180886467,-0.2628409536900076,0.6268682235571611,0.2669925839310251,0.6900118485021508,-1.2055711796169102,0.7931755112261832,1.3566286433399648,0.2868438852850235,0.4123538019143452,-1.0947435745316083,34
-32.0591198893783,-25.24143006001412,-9.99709442849174,1.3729944813389217,-2.745447325073386,11.934127829226536,-1.1936862983748786,-2.936990631710487,0.0454165987185151,0.2145047221034322,-2.658422315880002,-4.93381370098103,-0.8117161416050322,-1.7077952410603612,2.871226237698678,-2.143749488486774,0.2803530237983225,2.049734684104165,1.4947627601537004,-2.113114594915777,3.101667311114706,1.6466995277260257,-0.5043660741513167,-1.4921222469992008,-1.262205589172145,3.0738872775215342,-1.4356040742944924,-0.4683354057617003,-1.5014927193004683,-0.8101572891830737,-0.8091497480175417,2.6539583318718747,-0.5177176851570657,-0.4851164969742483,1.2684235013334586,1.8018386531892323,2.7443567834394367,0.162930416497011,-0.3139652976053252,-1.2538769401926104,-0.9017223100195504,1.3654000782644615,0.996953073037954,0.74419968351014,-0.4736704966744757,-0.7167264520227002,0.7245852474754225,-0.3852881839381918,1.4972034054051393,1.977777236340286,0.3072485747915097,-1.0840656619674698,0.2480284500021507,-0.1233926354266723,1.2294463961056368,34
-37.15304575107897,-20.41982174784477,-2.7989508933270284,-0.8847423467472939,-3.00375156183002,5.65535825859161,1.6630120543862068,-5.738578476676655,-1.2712938799191946,-0.1326124902226113,-3.308443829180813,-2.3323545683290554,-1.3622401104041686,-2.057804362110648,3.4533416996038984,0.9134313555561344,-2.383641561836675,0.6627454770351457,0.9040266122098723,-2.820742669665367,1.9850754960461607,0.9061491280611668,-0.3670142028450358,-2.102593740317209,-2.0067465077328497,1.332279259767283,0.0927266927904661,0.2146826118199863,-3.33126512709182,0.6014773550149562,0.2678707267818534,1.0265950663120933,-2.202831382872972,-0.4890758290144494,0.2008308347658142,0.5256349672418532,0.7561666106619944,1.982197953934217,-1.4900954331936411,-1.4920180192298682,-2.5138668746326984,0.690328574534203,-0.589858929639527,0.6392598256066154,1.6395509174246148,-1.2198680915295363,2.134006590142198,-1.5107566724895547,0.7776733585006238,-0.3561968157504118,1.2166655709312235,-0.986183755223864,0.1197534067191049,1.128876336027764,1.3021721485279336,34
-41.286131130716704,-14.575285268855584,2.9080469468655434,-6.436705776792996,-0.8629557278012548,0.9069670791489212,3.5920429387768067,-6.600795532093455,-0.3741162278962195,0.1382490270575119,-2.1907627497415785,0.4581890728630554,0.0188785114887483,0.2836713455519045,1.3272132095088252,1.842013332819336,-1.6952483700006726,-0.99112003601549,0.6818443189540836,-0.6893924059443911,1.2191792228333818,0.0008320487498544,-0.488848966252401,-1.3791888551582072,-2.2330985545876216,-0.792698515081841,1.242333436220676,-1.124019959241375,-3.110710502781618,2.073454481036184,1.125710193173211,-2.257841331057206,-1.8009569805981838,-0.0828344825108966,-2.2292209276869275,-0.7344005285332608,0.5253957463345493,1.882910616150019,-2.114421238079945,-0.6570400074398097,-0.8312445607645103,0.1133482745109659,-0.853704415270172,0.8555755245080077,2.9071918334372104,-2.60108897321867,2.877819013896974,-2.2715380222879613,2.0600821194428214,-1.9301772573608675,0.7717830180733752,2.59388804440992,1.5406514064954375,-0.0327501901974023,-0.0073266874592554,34
