PC_1,PC_2,PC_3,PC_4,PC_5,PC_6,PC_7,PC_8,PC_9,PC_10,PC_11,PC_12,PC_13,PC_14,PC_15,PC_16,PC_17,PC_18,PC_19,PC_20,PC_21,PC_22,PC_23,PC_24,PC_25,PC_26,PC_27,PC_28,PC_29,PC_30,PC_31,PC_32,PC_33,PC_34,PC_35,PC_36,PC_37,PC_38,PC_39,PC_40,PC_41,PC_42,PC_43,PC_44,PC_45,PC_46,PC_47,PC_48,PC_49,PC_50,PC_51,PC_52,PC_53,PC_54,PC_55,id
16.039712173365437,4.531131305282466,10.17671139433216,-1.84907487119732,7.388776989522109,-0.1994614980983227,-4.155863993061504,-1.7852811022979005,-3.055659177260574,-3.0336776058520227,-5.338267520867983,-1.8186448773883,3.70219188737947,-0.674237269468121,-1.751650619966681,-2.6914841235164397,-0.1120880915680963,6.620731507526738,-1.3656860742891532,4.503877098990227,-3.773829642132013,-0.8543357779828605,-0.9998908342669988,0.4969238883196988,-1.943574156354981,0.8141308382698212,-0.6769926821560649,-0.3891084087096366,0.8629437951002167,-0.2900141475428314,0.392226834608724,2.2440122046976905,-2.2318015678890597,-0.4512591578052796,0.4523906274977097,-0.7880138206549995,1.1005580355327889,-0.4907775604427334,-1.0469042963249224,-0.7080216594153498,1.9742195979392163,-2.179191662039347,0.2181514909336304,0.9802914854218154,0.0776610066227962,-0.7375773510922214,0.6306463950189692,0.0689534364238144,-0.3756320269740464,-2.07445636439902,-0.4399904958950827,-0.5922878717562772,-1.7302941010539143,0.5270989693553512,-0.6524049079009745,8
12.24108932851119,4.467686239099447,20.564225837137823,0.3401761450776163,6.890341775641564,0.3082497070048937,-3.754711304346552,-2.228946828015572,-3.275481950173064,-2.167296237932873,-4.197983609755646,-4.895644781151122,5.086097869296806,-0.4178794002694104,-0.8828045392907131,-2.050903157793485,0.1288880944994577,4.867844927687015,-1.8301069995650407,4.700063774951792,-2.8925585791295463,-0.1646924727249695,-1.9120458470526829,0.4228496212143344,-2.331869149629125,1.7829887415273185,-0.8236130090116033,1.5721594768279508,0.9010673623506272,0.7615530267957928,1.1188551841865149,1.4526451669901377,-2.888086827748063,1.6461609923812424,-1.310259899711998,-1.3127481803015877,0.6451766960143799,-0.2777838055094175,-0.4939141537297562,-1.7869182540418374,0.3714178872231922,-1.4754536127027789,0.1773840827201867,0.7813588430381373,-0.5600564261623618,-0.532040081697602,0.4889351618676064,-0.0098281591624205,0.2783164093318667,-2.4048686904982777,-0.8171059955557548,-0.5374450339247068,-2.428493510149456,0.4540227417335407,-0.929399734039638,8
4.820987837743412,3.0047326183888803,29.51992084429493,2.730924303289957,8.16812223245443,1.6200189475487083,-3.669980232387128,-2.35203420538711,-3.301477413887847,1.9584004348683173,-0.995915087979735,-6.952339195280119,7.605290757339745,-2.6773105509707253,-0.0263832352793189,-0.8811911008242069,-0.832177902625337,4.641575840974763,-3.767063833177161,3.162845751797166,-1.976832750194296,0.3104860416746773,-0.8773143099582306,0.9661536955861902,-2.890892675336868,2.468127846643557,-0.2578560472485668,2.4274719489967502,2.458516816413875,0.4045300752080166,0.1259519541527799,-1.1177050503764296,-1.971942810011468,2.392604128569625,-1.8561341851224704,0.2041820849105812,-0.0649714339980299,-1.4044294080999418,0.141229828441172,-1.7166233555994517,-2.142611058579498,-1.2679823525145266,-0.6074264723834992,1.3787075890196956,-1.6167262202459602,-1.1748677635064644,-0.2680441321134688,0.5498882251243705,0.8109802438513404,-2.4720655241629617,-1.0745172286242142,0.2571091630217818,-1.3119363538218412,1.5505940638108693,-0.4299147696014365,8
-34.988313355695695,-7.848429524028885,16.540217219987646,-7.242777069082506,4.020385938647216,1.6515101211129324,-1.0947316401644724,-3.1617982455141496,2.3804033748712,5.5207083721908194,6.563176319277797,0.0412523135673963,-0.1022746114964266,1.6133093677531882,3.000840246781025,-5.585115241725612,-5.732342929325148,1.3657864689155834,0.2649564210649719,-1.805921038380144,3.778968626279751,-1.79248722875789,0.2573162296428204,0.026684763234154,2.4427383426138465,0.4676705658175071,-0.7192023739506891,0.58355056783647,1.1486661616055929,3.559964997790376,-4.591420313413546,-1.4699644105762308,0.8988111591654895,0.9350515065220604,0.1021275208478335,-0.8749134173010825,-0.0622967792817743,-0.8576869962976038,2.618055216812208,-0.6924197578151036,1.2331143446162156,-2.3202559038952657,2.452466126851593,1.886292406134058,0.3657947526503458,1.872630811395399,-1.6801898171315015,-2.3035303220943555,0.1870821223169121,-1.3792969972929865,1.2996845024144763,0.6405518694410886,-0.6821748809453135,0.3372123427326732,-0.1594779484527163,8
12.71986674547342,3.413029885907412,0.9754279334410086,-4.288691501674823,6.383676979984092,-0.80726778391264,-5.194561337057586,-1.7582103841874217,-2.3711642448661228,-3.1685202747083463,-5.909160924299132,-0.2072999504762071,2.837646716028181,-1.7824267183904317,-2.970200534849423,-3.3523100712747937,0.3123365451297108,7.238805639497106,-0.2484628718876767,3.520379419315941,-4.965027795756535,-2.153705103681019,0.0202301067202276,0.8970179861108845,-1.247572284536176,0.0922136814979141,-0.6382124364102785,-1.6648797080485966,0.8343177579558475,-1.002423694765086,-0.5587225313760079,1.9858140802890587,-1.0143972515988704,-1.6579195483351514,1.0448811960249091,0.4248550411320017,1.1488185080454605,-0.9999375051869696,-1.5977191264513015,0.2684132175022755,2.444876953434419,-2.027685243536564,0.384390986225379,0.9673488380248824,0.1189843409787027,-0.7330259213623288,0.4656715266921154,-0.0968944523354784,-0.0587690341095817,-1.492111983824769,-0.0899192057346168,-0.400676270631374,-1.299294630058765,0.3139251113270375,-0.3221011504090758,8
1.8099689123301443,1.3294865720052242,-5.391614768887895,-7.388470676611387,4.809715053319243,-1.1432125641138648,-5.214294182773883,-1.4672183558022984,-1.4420865601130262,-2.4971464953372147,-6.074625534866375,0.5176730993971349,0.7576015393816086,-1.89712398192082,-3.353489721819848,-3.643466694346866,0.6600817874597255,5.94138156999295,0.6028472111907488,1.9073655166449133,-5.304810726596257,-2.827339163808285,0.9349901144985492,1.5258951268369758,-0.4397146820673908,-0.3484455707539114,-0.8162756728347421,-2.109902354976779,0.7973847549216292,-1.1239085977096064,-0.8915200873914143,1.6871574701076428,0.3452667500712585,-1.902023152867447,0.9716286275393016,0.9150342653993052,0.6878295541036117,-1.1323632203045657,-1.635894322465304,1.0023818592983058,2.326037165426416,-1.274920368951923,0.481461143750029,0.8450115454981253,0.2695916013883324,-0.4786200303550159,0.0598592599254582,-0.3946302579533571,0.2609881866392201,-1.1865362286294243,0.453624224431418,-0.0276801310162297,-1.109272857028782,0.179186746383651,0.0460321405287762,8
16.3013672753915,9.26673909046638,15.583934236023884,0.1293304212849806,8.581827769180606,0.5406745630296363,-3.8850539391027175,-1.6385754222003146,-3.1672256946313846,-2.027358923351376,-5.240033096484661,-3.2312789091588376,4.355835833124105,-1.7556410869733072,-1.1124705256240692,-2.8366090594276177,0.207956628522196,5.806670163839974,-1.8463733969303584,4.000566553434947,-4.227905197516432,-0.2083994583391704,-1.562738783078091,0.2067506549506035,-2.734714122482377,1.0786619002416995,-0.9110757576255696,-0.0433152738660149,1.8337054686072536,0.1643679264794946,0.7435255690997016,1.9014799711135848,-2.798156615050279,0.3574622484604734,-0.0577565505053636,-1.39863737630297,0.7491630435973092,-0.4529255062393703,-0.9425557117023766,-0.5213016318567565,1.0123442594838772,-2.2823377065855595,-0.3432238185713501,0.9594680773881163,0.1924753185847697,-0.6481726736167644,0.4809665203977225,0.1264032939551011,-0.2520752568546936,-2.466394449552171,-0.3884643278169194,-0.8476549261732593,-2.1767239488539194,0.4762716012209643,-0.5745892508734307,8
15.80743009511516,10.140128187495524,5.160890629224874,-2.399798508470945,7.576107900633571,-0.2236787441350213,-4.556857884921073,-1.3484769942017798,-2.649793859226788,-2.757561948050559,-5.879126775038404,-0.9763970157818312,2.5507372318521155,-1.9512524601485464,-2.505816802006496,-3.657941749302215,0.1019018430867685,6.723485973906257,-0.9660875481321656,3.586771885278212,-5.285941893465143,-1.454227005584917,-0.3715092669589439,0.3925317593376092,-2.157631324156409,0.2069852383010078,-0.8397572992638653,-1.6475037354282844,1.8217184201393608,-0.5636376780284915,0.0591748794127066,2.316272635891184,-1.734300873831207,-1.3135206112417193,1.191002034497168,-0.67692771089831,1.1297955324643292,-0.7866372634838,-1.3186296804708662,0.5680146577433629,2.125998877944732,-2.261938585845415,-0.1953812462294636,0.8169375423821247,0.4130322101203863,-0.6941112611511407,0.4275837431809896,0.2506514595353975,-0.2425672811967666,-2.1480704883035298,0.1893297051518583,-0.803279911842988,-1.2468712134279756,0.1811966219180916,-0.3533063206038214,8
18.754527437315588,16.058822026317078,10.638898131610318,-0.2693910135790933,8.430774347253124,0.5362810848983527,-4.238401838651815,-1.3987674722868897,-3.0368358203366594,-2.1652942453280257,-5.678165193607764,-1.92099289522418,3.601082061731584,-1.6108486561752022,-1.6955329973104032,-3.848297988070577,-0.078614990008546,6.712464249492655,-1.4794085796166352,3.96065872675439,-5.241605217446577,-0.8205947338966842,-0.903042713497352,-0.2435359209182918,-3.1372634400669943,0.8965428256148331,-0.9249328913775968,-1.296877059295236,2.733383120101182,-0.1816782906015345,0.4421176870572077,2.2378044715512333,-2.584478608943405,-0.2708622505060684,1.0122783434162608,-1.8398236775433916,1.047031224340091,-0.6798428161782668,-1.222430517986457,0.427108742475658,1.7706994668485778,-2.578890191232824,-0.4830838122272252,0.4413363253459967,0.2518291036209658,-0.9659513042015458,0.6176205298668505,0.11428477205318,-0.4233688260817427,-2.3118324169661304,0.032855812003855,-1.046230273333831,-1.5646614033603992,0.203907519551003,-0.382310025880045,8
11.73176596603813,12.972920573488484,1.0291768632064209,-4.032825086292636,6.273376198330153,-0.6444488357118363,-5.51003676906586,-1.8104729586371016,-1.963256092898064,-2.7313353751413127,-5.47996604630556,0.3511635192076653,2.9400627281348277,-1.1661179039063416,-2.7363709738185844,-4.269841041301575,0.2255075939109712,7.395822209136019,-0.5454981455467663,3.347106848444292,-5.157099361371962,-2.3009519363345428,0.0076207686032173,0.1936536667648048,-1.8367056627475469,0.4912025859449183,-0.5251292358705991,-2.2275329711970886,1.959402879467366,-0.6910717339140908,-0.214559157455904,1.872493140208436,-1.2937267967004211,-1.4147810671485928,1.231797796477832,-0.4106374156604619,1.353637984500084,-1.0847296542003946,-1.545033503310732,0.7336342795178414,2.577455964559217,-1.965202942388864,0.2962544504055403,0.1586174962951509,-0.0890481928515377,-0.8332511929185192,0.3700192236243269,-0.1700088069171085,-0.440661316022137,-1.2084813383549406,0.3334840034080474,-0.5581167767647984,-0.9216321331449764,-0.1480948635099542,-0.3902918939679318,8
10.832515403943772,14.998122100216571,20.205180217188044,1.1276305134780658,6.598017267828508,1.856369290413672,-4.309533792302994,-2.0346992891612645,-2.716581691942037,-1.8150984088534277,-3.9614991854752337,-4.806615783890203,4.971568629520918,0.1243696443715241,-0.7573521846035826,-3.3692816497933444,-0.1563219843318655,5.101522816236586,-1.6179663917927825,4.469497685720212,-3.3144068104373603,0.0230524541705086,-1.7680608417441122,-0.4645452315094882,-3.598253801691844,2.510252939456031,-0.9272571318314464,0.9831429009898836,1.9649947522348936,0.8930680920878725,1.1136384421935903,1.1970302206714132,-3.090917704334782,2.1175313186566487,-0.5927995597636447,-2.45037897828336,0.3376181889359101,-0.4279572819721976,-0.8142599124266083,-1.1661634881593603,0.541380777607852,-1.5979443870004382,0.0419385167359677,-0.3642362453642612,-0.4042351855408915,-0.799324471234297,0.5019722327362984,-0.202286711619991,-0.0873612390546139,-2.526065736910328,-0.7628788897294809,-0.3759644303982406,-2.387197036775617,0.0444175220534248,-0.5307364446411424,8
8.456688639933356,19.60498654046675,14.885027098179762,-0.2781815765753215,6.141951936524131,1.958357989901828,-4.220612356977116,-1.9185110851974088,-2.4579719227251218,-1.974442914014768,-4.287953510373369,-3.069603857616071,4.275574780486319,0.3553972155214521,-0.9090143071020794,-4.089598284368762,-0.3256242459628063,5.512707200949476,-1.3765030703562011,4.182399360888797,-3.867972290962793,-0.4753591637221764,-1.3581346928353577,-0.8780324669012626,-3.674137444520106,2.1648457505468905,-0.950716418533342,-0.1934801391875052,2.712995095820519,0.4437077665270494,1.0058857954972835,1.5687105103712833,-2.724692950021758,1.6156675593045875,0.3005752884135133,-2.895764732393144,0.5898111823958843,-0.5448443608891883,-1.048932609505211,-0.2768746888989864,1.1741360361667552,-1.6781149224542145,-0.179654208755573,-1.0122969596186515,-0.3931502116021939,-1.0717164918541298,0.7309546603468695,-0.3881372686521224,-0.6361588429717572,-1.898945465519233,-0.4740205220530581,-0.5992707368675867,-2.0218191044301075,-0.1534868707086112,-0.2634581599436371,8
7.812843831199969,17.67473785722947,4.47377978415554,-3.4055362137573955,5.906243931602379,0.2203868978238242,-4.747772117249551,-1.7570993784600046,-1.8866802022996625,-2.32907338797568,-4.834152820988052,-0.3467987094658948,3.1696244449286923,-0.4080334734738596,-2.0355387393625315,-4.371053604953464,-0.0530098748351741,6.693061428045206,-0.8050120670677035,3.420284943965248,-4.760084559885812,-1.8298835892502987,-0.3700193632398763,-0.4397822167166232,-2.447046942680389,0.90364284356598,-0.6845016776603737,-2.063054014601342,2.6148339585597724,-0.4688537686013783,0.4347256204030967,1.7656279830385793,-1.5884012180433886,-0.6179464869354118,1.0832617444837247,-1.5476747776726782,1.41571822057795,-1.1095895235308215,-1.3213121431369532,0.7354579537817517,2.074270762435982,-1.7498474929054135,0.0064300189464107,-0.5377317850488169,-0.111752298640302,-0.99700751028886,0.582363355499187,-0.3391157211802689,-0.7634917518508859,-1.1741843600014668,0.2305681647251603,-0.6777343899504954,-0.8222394688147131,-0.2302709601688871,-0.3850079496622968,8
-8.853804371310241,12.148400621083008,-6.443652768962466,-7.709932210913804,4.451342693925742,-0.9528472133417129,-4.468698136943426,-2.4117394209263097,-0.8806370137484849,-1.675444305581369,-4.018308249367864,1.2684229703713938,0.4049392943874551,-1.011416354880916,-3.514978662762557,-4.122975251797246,0.347213383013795,5.15944952517061,-0.4952485148151015,0.3316826901872557,-4.454283402487636,-2.080638995304219,0.8239824551498117,0.4793420062553122,-0.7997249540546376,-0.2033654911895995,-1.1339926928954949,-2.594984892727377,1.1088828831050697,-1.391069748927722,-0.52996947871997,1.2357274073155509,0.4966820804624704,-1.4947187682725516,0.4405794564562337,0.2799350197767073,0.8205794450049033,-1.0443671260701592,-1.877055983417181,1.043150537300461,1.3817587369969533,0.0028914713672038,0.1127251889124186,-0.1058388794030999,-0.2302691096307499,-0.7603106103853323,0.4340528472406054,-0.8396661126796169,-0.0725032338307242,-0.986946526501514,1.0024313180139333,-1.1026168291471994,-0.5873398107869054,-0.0594051516728957,0.1558476467464004,8
-3.6277950008864126,16.56416161085281,8.150325147481825,-4.125469940915679,4.547423830985808,1.4290265958129056,-3.453703407231368,-1.6099271387003855,-1.6224291712255372,-1.680436871932796,-4.044179270059644,-1.4077439869217403,3.1457464532662827,0.3543495369404258,-1.0196743103547463,-3.8096891401804953,-0.0118478104551736,4.872860389533331,-0.6995624279225313,3.010524102155115,-3.70978780943581,-1.1594095598837035,-0.7930270000167939,-0.6601782314795466,-2.536064986095615,1.2867144798773684,-0.7898582812678673,-1.1915085144710738,2.7081893053031987,-0.2394247798017827,1.0837782080283191,1.489403411412031,-1.4503740000262462,0.644565494431876,0.5371667737257498,-2.369409991127293,0.9920122353264442,-0.9071540141520944,-1.125797064757157,0.3821382304688738,1.2763343633942044,-1.2235276945140028,-0.2309053756899756,-0.948337844175272,-0.0545450626964161,-1.062714181100829,0.675800098337316,-0.520402710525529,-0.9178803107367765,-0.905598047879771,-0.2235983434748752,-0.6646340608819681,-1.2430034331354087,-0.3178243134275918,-0.0938730672405647,8
3.098747704742367,31.47231948545373,15.49639801585074,2.912110003062027,6.624226592462011,6.436181564356371,-4.174619865486188,-1.3337047848406267,-1.6540183162747242,-0.8509448911020978,-2.938747891468046,-3.617498852774951,5.205732149414301,-0.8091428562968354,-0.8146937580452689,-5.192664582790125,-0.4423372300782787,4.768129882082191,-1.598985743210272,3.115122104435728,-5.304835990221993,-0.1542181870333158,-0.846257262545257,-1.7811864374760902,-4.983685064300371,2.012071030025829,-0.8027048482846417,-0.277247343417182,3.941679171519943,0.4909205467265668,1.2595616090309734,0.8927934130440832,-1.8065358085892051,1.960036684158449,0.944181328288402,-3.074007028765968,0.4838943548629156,-1.3131507204973258,-0.8450071951798727,1.3391454612873663,0.4925055669858474,-0.8854217461108129,-0.7764050800336786,-1.568406309399374,-0.1402899469355553,-0.5573315856189354,0.3709090831870624,-1.208062707192496,-0.7950954475608307,-2.073802000789643,-0.8208913830080011,-0.7745681758114864,-1.9458268103153695,-1.094323732285404,-0.0308072122983493,8
-4.178654846059888,25.1019409278904,23.49406993800924,4.348371599510073,5.180555618428769,8.604350492599742,-5.25329927619388,0.0596148800626485,-1.8193772876025232,1.1180242061151116,-0.8312160579615204,-5.755625590650237,6.3758539791698805,-1.684983874793246,0.3614078688852176,-3.361404508280915,-0.2835492574147134,4.6519084448393695,-3.507612420438253,2.5578951985677087,-3.248904387930996,0.0385442969671201,-0.828717522937162,-0.7192587919402085,-5.1479234981015285,2.925500155836694,-0.6457755406574323,1.5089319411057314,2.8121035813556143,1.67322507680994,1.156212358856073,-0.1883709956422714,-1.3314951871134035,2.593178361125656,0.5658115475330906,-1.511227390067872,0.2496774516156167,-2.053896983681627,0.0002967142716046,0.0915732395072026,-1.289970148982607,-0.1129097282636794,-0.5832860943352701,0.0198006941262815,-0.9083143837169908,-0.6018324241170144,-0.7369715979647323,0.0284293578071602,1.2279430382161596,-2.6225889273294043,-1.5755740610375348,0.3063560006513281,-2.082849640172926,0.764363332433269,-0.5816647257775381,8
-15.03919400088347,9.8627244999539,28.71970894207156,3.297222633382024,5.048298784899762,8.155111920625725,-7.167408558391741,-0.4864601562474787,-2.316370278172394,5.2546816384934685,3.4311182630353354,-4.284735218565499,3.263551405216993,-1.1551660752345565,0.9864659341210824,-2.9133736514796533,-4.286501710122748,3.667084409396073,-6.284553355919524,2.2341890657999586,2.8750200950483813,0.8514372773059196,0.1249142408717931,0.7135046014509213,-3.935599027173332,2.007905614710832,-0.0474320417093684,1.6755278572348835,3.2659187242431367,3.7902653442638807,-1.833539598665143,-0.7105059195247928,0.6833235422940447,1.7774797757699268,2.1554477140868165,-1.4846858345645533,1.4395611072158732,-1.8091336379565155,1.2510499020499433,-1.3911691278375602,-3.070028605958259,-0.2422742282970286,-1.4589657069568942,0.623486453562101,-1.816861440235625,-0.6505308517794849,-2.3656173483914635,0.3538845719639697,1.1366425995603044,-2.3459857904220334,-0.4493966829577311,1.1156751119708757,-2.2828442629940784,0.7000066621723665,-1.9521044504562295,8
-4.235978696227088,26.03377808886094,-1.1438343941908216,-3.262060166843949,5.954779421995649,1.279637350363465,-3.980441964134068,-2.4264952746472868,-1.2799516406265758,-1.5179570495734336,-2.933116718634679,0.8736777372702272,1.270858098325528,-0.658533332197264,-2.690387884405124,-4.840925791780574,-0.3911268190708977,5.6655971308326265,-1.1932330619414426,0.5863732655443553,-4.379348193452726,-1.1063508147141232,0.4724653144111975,-1.2385077068637482,-2.768869770700212,-0.0809322046518003,-0.99883064998887,-2.650473542197602,2.780682123940485,-0.885009714608942,0.3824928708558134,1.339288268466337,-0.644337792087037,-1.045978257476768,0.6602032525456171,-1.9353066500495923,1.7062770744827669,-1.3200746564566284,-2.2574485389317207,1.4952794698707623,1.0034984379848475,-0.4623173263961063,-0.8975566756965817,-0.891966798270248,-0.199084435643183,-1.247003293988404,1.2783420087582356,-1.3151794479103815,-1.0886272263790204,-1.6334971509152687,0.8236630278246196,-1.669005796674594,-0.7187656798312593,-0.3787178083351136,0.1014763020257354,8
-12.846671001943522,27.939352172832557,4.593300291221695,-0.2478119869390534,4.458657037244081,5.140748423078645,-2.792008802950986,-1.926053222257874,-1.030676839636512,-1.2893666098747052,-2.1763989540395974,-0.5829815569093083,2.252236675588676,-0.4686483357942583,-0.887420981377813,-4.361340136322431,-0.5715658496393757,4.05608760494993,-1.3285618337944676,0.1856662131346231,-4.237833221980863,-0.5492945297699068,-0.0544823973069537,-1.8497397496211885,-3.831855406704205,0.1459269612415704,-0.8018882658537768,-1.255656203522387,2.942642883079393,0.2332822900476428,1.0603485438516005,1.1717635426654225,-1.104227645655654,-0.0544677430309101,0.8476083981991619,-3.1659186481894364,1.3610373843465209,-0.8129075907638039,-1.989857081844796,1.4618747060365729,0.4601834607483098,-0.2132289852498347,-1.027839673315736,-1.3296684364994458,-0.3084102688233092,-1.3802399963445446,1.0997539204836186,-1.6209052900264125,-1.3629419785122,-1.4745237364147696,0.3266072913332945,-1.645825046939407,-1.5097900806567324,-0.9120536655060688,0.500204619850666,8
-47.327423643414576,-8.633262001063294,3.424488548008207,-14.495232638012922,-0.9382000240181636,0.8824691519631239,0.751930548236558,-0.5398305779490993,0.3964812824046989,-0.4440779430810823,-2.6753781848473506,-1.5150188834244076,0.7058754042767753,0.4752427567732859,-0.1602221189212991,0.2227384490593245,1.025383356514186,-0.2311253850798005,1.0436817146426416,-0.4962360275385777,-0.1326360135504445,-0.824067597360224,-0.5100096207627501,1.0209823527358524,0.2816591365688397,0.0483311574553342,-0.271687765656728,-0.173408144251693,0.2231203571624323,-0.6958210629915137,1.7366927186920236,0.4884407857151702,1.047118042462348,0.3399157294179052,-0.4799705045287138,-0.7761145171008274,-0.0066678092200248,-0.4379104470657363,-0.0128726280301901,-0.6004436103382873,0.5269745282621681,0.5467881774915735,-0.3586786908290957,-0.1364277395565229,0.4362100175826912,-0.2278017796502801,0.0004451988906676,-0.2052529032208734,-0.547920345479982,0.3563435611490857,-0.5374347061418832,0.0226332900103423,-0.4388245217453451,0.3849213646161524,0.174116481605329,8
-4.477877619001842,43.407110732681176,13.248667949619188,11.748480423273262,2.894475499262983,11.375849149061482,-5.533971962212986,0.3974741762788808,-1.14815357826382,-1.9340491900491508,0.7869690294473228,-2.560893676558138,4.226034114305422,0.0104366249441051,-1.086925533521274,-5.178736031907342,-1.0091420055447975,5.317310356200211,-4.550668399205277,0.6876293698843831,-5.457196392589207,-0.279517417642106,-0.5511614516295508,-3.114033491298624,-6.5014409050580015,0.7461808551956474,-1.6708691755781495,0.0426437016923676,3.068957170287072,1.9234093371290448,0.6503691710853214,0.3258039137861541,-1.487940767197941,1.1980475955267895,1.6893463910084576,-4.024140523019389,0.8172787380849271,-1.3444058332757167,-2.0312777392177432,1.12426052501457,-0.0851288197421508,-0.10942954409828,-0.3948837090767602,-2.286487935958468,-1.3508479866214016,-1.325798186875606,0.7749186141804675,-1.5495250039928283,-0.6384277483906207,-3.1367734105150964,-0.60533906877023,-0.5594804831225345,-2.777459951262653,-0.1989891834950719,-0.0518400859437786,8
-11.69162762281986,37.2214661328288,-4.45418791531324,4.374356865942047,4.201346148250401,-0.3324402798736911,-3.547712026339453,-3.0081193045434698,-2.193407268266128,-1.0125085226458568,-1.017798944441569,1.402962283773369,0.9823313066521784,-2.068852622280174,-1.222549659197458,-4.24362144815087,-0.2737961832712201,6.468297596603327,-2.064338466742035,-0.5853782229147751,-4.458501136564197,-1.6726759557036994,1.7665858251124744,-2.8278157387361,-4.730192838869118,-0.1397838587375562,-1.4486026386194164,-2.0331451648028147,2.9831103557991847,-0.8479168575610407,0.1375214096547507,1.7951999351520298,-0.4874918302657409,-0.2948538941453512,-0.0588568943618791,-1.945641589323419,1.2265887065932224,-0.167660572621017,-3.077865440707536,0.7991414195578591,0.7802607924543381,0.2360193800427548,-0.9660926244043568,-1.1375603474499012,-1.2669235563296812,-1.87301614876728,0.775362363223781,-1.7067161521761278,-1.3231208621880897,-1.1329015336958232,0.8107198504301604,-0.8943141021324628,-0.9146238484413928,-0.3203006145117132,0.7479593815792368,8
-7.680348805114511,49.61176510569069,1.5137059231999337,17.00601175304743,2.6623014049335705,4.129645315847259,-4.995944930305067,1.7190123052070256,-1.5992123395380404,-1.6444960046799526,0.4047423224349576,-0.1113180457346158,1.18933073219731,-2.312164942619284,-0.4635675645079347,-3.878202393320567,-0.6025549595150846,6.609075454764226,-5.2154324739920845,0.9759371351791488,-5.780723876260058,-0.8077513297873868,0.5689953187676241,-4.011507656929888,-6.922291437613195,-0.909238640821863,-2.495946679502841,-2.11980817821451,4.458945075993622,0.4873926984909459,0.2194087421975905,0.8070654560517526,-0.6652198741720385,0.5922850630055895,0.7341338077994061,-3.4542440259802745,0.5122293395769477,-0.3265225733034903,-2.9307882950052337,0.5007749576673867,0.1384117745585306,-0.1414606412309898,-0.633264247791885,-2.0845478524413497,-1.548020283002539,-2.3134104904130277,1.5663099256263069,-1.674147714089829,-1.3361565077286408,-2.3512172812183305,-0.0863528990007818,-0.1936479858137922,-1.6700685577952292,-0.5294601507458391,0.0305390026132349,8
-16.782589200289994,30.386781629139332,19.958857240171724,10.940656394893065,-0.0035888444212386,14.264896763542652,-7.995591086577969,4.625262072420889,-0.2468861374491708,1.3057248831890884,4.400510346453222,-1.958897306537332,3.8558871986360352,-0.8204986002265672,-0.489187352661046,-3.0630036783012584,-2.109231500286326,2.345264631431474,-6.707269967941034,2.7507424987738136,-1.8661901134713672,-0.6949136074592331,-1.2323401720589775,-2.334997614240203,-5.9615575774723935,-0.3933322037706148,-1.1305433855335671,0.7601227237826765,2.520913679116912,4.036217105740653,-0.8613193405516172,-0.6460429678871474,-0.3237553357150281,0.9715621298881444,3.158848457259351,-4.679007179930279,1.7821928717868312,-2.6739013167155736,-0.8991745056562507,0.4916288096797368,-1.7616022569163383,0.155092746278548,-1.8188292084118576,-1.7287324008583664,-0.975774850654115,-0.0963775442440992,-2.045160227912288,0.0743394661508067,0.4235392091827857,-3.136869051656599,-0.9831706664822198,0.2698475489837482,-3.3328931981316408,0.1025217148835979,-1.558645735906925,8
-19.58609999350668,31.860539165832417,-11.404856692188003,3.072627365294015,3.4764123512081517,-7.721040853677,-1.8951092561075888,-4.005471777931916,-1.109209451096154,-0.3266442545651871,-1.3407980950001657,1.2253901007425514,-0.98778553621394,-3.283393646848481,-1.7219849117156678,-4.027126072970255,-0.181296294665621,6.249180938726119,-0.698713450224044,-0.981657118698536,-4.075126759301474,-2.29544690673922,2.826499853386967,-2.85138340128886,-3.533392956476281,-0.0986084326659639,-0.8743828562922151,-3.1553140952767005,3.106930955981928,-1.9332174211426552,-0.5038401969806615,1.6781353245286927,0.8700535371110042,-0.978252503066518,-0.4034544237129762,-0.0614734517641729,0.118508189325598,0.2603579901652846,-2.90832188477614,0.5966865538356246,1.095154118609546,0.2331820973784262,-0.1792918755494393,-0.933508809514494,-0.7308878186353052,-1.1431053608929125,0.4951039012505531,-1.9216780552452613,-0.9462477624993922,-1.1255221849051942,0.8490997804370153,-0.5650562501048579,-0.3404766579109892,-0.0269245068582627,0.8273402247137087,8
-17.763145145380538,39.3018592388101,9.083372212827314,18.146965252721035,0.1765731161910871,8.840179369385876,-6.341790817953264,8.932119501815414,0.1291303706391735,0.0146225239851707,2.4648063851029893,-0.3244142239930738,1.5051202581982417,-2.702172240793212,-0.2088499199691137,-1.596534041799908,-1.3297984421369031,2.7305439208135387,-7.485864655546289,4.109622213186582,-3.947207165855984,-0.8032108712515055,-0.6839870394432014,-3.801724091126515,-7.821949014410644,-2.1706635743888785,-2.3368107137125698,-1.2788652311216968,3.172285534767452,2.155052576725426,0.2205912147887533,-0.5600181227195483,-0.0006578743324839,0.4839944707265278,1.9856609093427944,-4.822733121124922,1.5293165589585502,-1.4731917159855132,-2.048203276497756,0.8813250416985785,-1.2605801723095218,0.2242312985729422,-1.8127036137828896,-1.634922810117419,-1.280620353569481,-1.354416387545894,0.7939242882575511,-0.9457965029591716,-0.2327576898572181,-1.9254483834506009,-1.0812034741238017,0.1058934624510345,-2.9440441545370035,-1.1465107377529589,-0.9629306476996212,8
-21.23807842206573,35.83512759264919,-8.806184546483172,11.217669258997008,2.4647163759359265,-7.071256212948599,-2.0522642448584465,0.7623541027122408,-0.7110963397064186,-0.3147112792750397,-0.7480637343488199,0.7171329517489163,-0.262379091427997,-3.461309941667652,-0.8722209861867171,-3.697551005707711,0.3060576642900212,6.396107653316871,-2.8819482927166047,0.7161864709762059,-3.842478065676591,-1.9832479236800995,1.7797773075641152,-2.899173691819824,-4.720194903068704,-0.5348987098533464,-1.9416274450878197,-3.209861707460488,4.3244904236265285,-0.4927274357255903,0.2008627074844822,1.397988816869978,0.4581940561105811,0.1122083427846475,-0.1952169591447895,-2.23949846327256,0.2209176987851537,0.5304647372288644,-2.398434256215258,0.7591587316546622,0.3293657773795206,0.1637085152588722,-0.2915141394898584,-0.644624212225088,-0.4270093940544045,-1.8516868888900504,1.6919035514771528,-2.478448806650834,-1.6107703549636074,-1.5895823653814094,0.6513418579981355,-0.0852275707684157,-0.5101019792218531,-0.9296880630417672,0.7002739530781561,8
-23.709451315301447,36.77293230164352,-3.851116168869412,18.6431704967042,1.860521415301256,-3.8506766969008304,-3.525810887001255,9.386374949750724,1.44599237041009,0.1795970369146323,0.5872584503433159,0.6303746779332293,0.3535376700342974,-2.866945866576504,-0.5595918048094541,-2.0044735651117653,-0.2178126933551775,5.512589475841506,-5.602811417427567,4.040686023005195,-2.9750739644806603,-1.3234533819582832,0.4141718092888807,-3.667790091920673,-6.375132411039765,-2.9259125712044045,-2.5631121280888016,-3.342159938113197,3.146975206995953,1.086970594834803,-0.3089946595974302,0.3735201202166737,-0.5491290968710296,1.1935002777266932,-0.3218559463748514,-4.184825616903126,1.1724502190532675,0.4146239464730566,-1.7921268108164827,0.9286958148331378,-1.3770857212432754,-0.1659628722978773,-0.9563201736332914,-0.3790434383766422,-0.4004654043703415,-1.7845315583408252,1.5527167964214272,-1.931621165315876,-1.1332021257515084,-1.1661645997968673,-0.06733002453313,-0.511129581258659,-1.1978885704121125,-2.3068881959669825,0.321271048258057,8
-30.084166972212,25.926517832731367,3.461046501244714,15.38114624486666,0.5818924753688307,1.6160662208779748,-4.877985917030326,14.967061172783271,3.8125070299125934,2.194356791830528,1.1210345076353811,1.5747396095535466,0.6921960815296071,-1.832022767373669,0.6562505999102607,0.0113766402347777,-1.2511329149099824,1.5855424071145965,-6.739040124969133,6.950936704753575,-1.0718688579649296,-2.603554721777346,-1.587336073277924,-4.080617211771854,-6.113725350164171,-4.431252443240046,-1.7266888222163783,-2.476876419124776,-1.2247847971973511,0.8374622318423331,-2.8705307578158257,0.1464729964595082,-1.1548583180336434,0.6121012415418746,-1.4772847127360382,-5.190150043931191,3.5983854244479483,-2.024559599876413,-1.9753771608465072,0.1322489671717934,-1.3833443163782972,-0.7155610447768005,-1.9246006988855515,-1.215695487259023,-1.7825582762701817,0.9803647903998188,-1.1624974111367654,-0.4007943612170738,-0.5444482245714453,-0.7090142796172193,-0.4188803239497847,-0.8658091310718048,-2.284709822511264,-3.4556729496180387,0.4298638377816953,8
-33.72713917332162,12.094826821326276,10.097524834942178,3.628823990170917,-0.5978005007560184,7.740002198532485,-5.228448243810413,8.955865062922577,3.051439924491899,3.38092140568212,1.4850415889513011,0.8668595934285691,-0.2285194936157329,-2.543241477848433,1.4473244657488509,1.132962554983211,-1.5406815207268738,-2.015888597360404,-5.587459296025039,4.978635917629843,-1.4775804263166197,-3.767177682431904,-2.198728746579373,-2.63269129523159,-4.190151770033681,-3.3856575482178983,-1.0925408816414477,-1.7800318611916213,-1.328017543270999,1.140830464537306,-4.127555734417164,1.0581411133004228,1.0330987586633538,0.2239273475833657,-0.5057849404573057,-4.884681977514895,4.822578850549492,-5.03262016738059,-2.53270618223039,-0.9112989541872992,1.727803781436977,-0.0431377606356839,-1.3854077041753678,-1.3983158058437664,-2.4628083604883546,2.452535609230419,-1.294162778683993,-0.2521441828981828,-1.243591661040952,-1.6379473244275642,-0.0916782132627286,0.116538746037378,-2.757954291959938,-1.238400835298209,0.6014671998613118,8
-35.1125770783514,0.5634934457027437,12.815431091114146,-4.227637920071479,1.3303942179054098,5.733371871166895,-3.996718968427368,2.3933619013278844,2.030611840255496,4.983088737930155,4.792408454689317,0.0686301622655535,-1.085189052983745,-1.6638808914804577,2.582196676665666,-2.221826802267534,-3.493129888226084,-1.1015783249220346,-2.147985642586828,1.1329002652356257,0.2430326009828926,-3.1984522521390444,-1.4068142411152964,-0.1997901384502149,0.0516529908134293,-1.3382699106930875,-0.6509135606164728,-1.9979190634049668,1.3936048664851102,3.344041496679574,-3.688806953863754,0.9286763154926664,1.3593367970078842,1.5532293781837794,-0.8643597493140417,-2.417090970659064,2.436386342441323,-2.9476955909662,0.3596722568925549,-1.4215046846510382,3.00164692375228,-1.9136160049345303,-0.4835301098685345,1.46700596092254,-0.81179840849666,2.330429837416205,-1.8166605427269096,-1.3556834905543629,-0.5973204941144195,-1.176868802066647,-0.2433510761992448,0.1423597497031249,-1.4237845646117342,0.4812235971368361,-0.6711900823307494,8
-33.12063668784146,21.826323726461023,-11.488242940612388,8.375351700348618,3.8952794458691713,-14.563949973967008,-0.1262274866068379,4.74823491632447,2.711860503650572,1.9513114098374145,-0.8779689445056433,-0.91104182248362,1.6195331790501888,-1.966261325656851,-0.2840655951431646,-5.854066657601974,0.0519512752378045,6.042867410287246,-2.077812098526321,1.7657946307732222,-1.5778192175969823,-1.3923786204111317,1.496992599258442,-1.8384180697161008,-2.9290526507898798,0.3148949860105248,-2.0449468418425694,-1.8964995920793004,2.2018512320760864,0.6421108258145298,-0.5121079033482634,1.0706304611100317,-0.4156295604086612,-1.5427928071808887,-0.140416772610725,-2.4418470128960923,-0.8630086699663162,1.974675652700027,-2.3004264588384387,0.8489969547510661,-0.5820583841271224,0.3104049110501253,-0.4037024809345716,-0.0177464988086297,-0.0550107877119919,-1.0448719279551557,0.7781785720924114,-3.325497619864632,-1.276347868171295,-1.0665001806330512,1.0112773078395194,-0.0391730490140877,0.4228450909980557,-0.3983188187464274,1.1293153993886544,8
-37.9704789304934,13.731170175847383,-4.164143863058095,7.228155726153175,3.1909977149346216,-8.500853922021548,-1.216475097888245,11.731706367561552,4.838433312057817,3.368617339965572,-1.7722251710581245,0.2639172851179447,1.438395501500312,-0.5844015648261132,0.7773051892898156,-3.39885914811342,-1.0445894346656128,2.951632032523293,-3.678458856769727,4.060031270027794,-0.3149030848962342,-2.198604488137553,-0.7827181016465992,-2.836070867558315,-2.415685684518584,-1.7879472849727711,-1.30005930835451,-2.3279725662569435,-2.097718248162999,-0.0116812239420201,-2.023021432630556,0.484644305048494,-2.561742813304233,0.576232912240123,-2.198592465737924,-3.762754210616626,1.355860007831359,-0.0758942303670481,-1.0281628975460366,0.0696417593929444,-2.158129455923364,-2.0563722670997766,-0.989217003052916,-0.12478087648704,-1.8055712770270136,0.1945975782231565,-1.3112680272107,-2.139659328492591,-0.6293389231574751,-0.0958191402638931,1.1015262945602384,-1.3267811824588982,0.1411346779347843,-2.78234732048202,1.2489164579937737,8
-39.9167767509208,0.3757561569218908,2.86905374163975,-2.712385904161254,2.359357837239763,0.2714638127413211,-2.205309178198762,8.175172222181319,4.415021672738782,2.889520664392052,-3.0005879585607342,1.0727145936272782,1.0174510853430434,0.25449121752138,2.4439870281535927,1.456998245379687,-2.296267355601,-2.2045715631132574,-1.858132793333843,3.6321192290281066,-2.042137126806942,-2.08806284447078,-1.7404384144161924,-1.980754986040631,-1.3055193450143157,-1.2454843771130808,-1.0098642268870974,-0.8995400875110786,-3.2382058809516403,-2.2940655768919,-3.717391800212809,-0.6237546780541986,-0.6759488841764442,1.2896607758312788,-2.587343082617598,-2.893832182686198,3.678672260123111,-2.9909712534384023,0.1430914571418157,-2.326475484013193,0.2051779343561199,-0.880201304992973,1.0525351154514888,-0.2202260382102908,-2.74651917360132,-0.0543884172084805,1.058350736479137,1.3558114882001224,-3.857504751971805,0.6917111110993246,0.918076007376288,0.5414948008959966,-1.6148734765971695,0.3078995040331424,1.8192420504765956,8
7.823309813322526,-0.4996287836807634,13.635918821917189,-2.2506639515343814,7.253038864131436,0.1902151977945263,-3.081242314220216,-1.7083098350198924,-2.803815034131776,-2.079913119154718,-4.959417082013202,-3.127696968501848,3.856775897517122,-1.678960286936041,-1.072950984261159,-1.7695990848666312,0.4678194751474814,5.1203943086786765,-1.4391537439018516,3.56194193224417,-3.311828769322158,-0.4821528811687932,-1.282788935700641,0.8945816394694711,-1.4034511359299044,0.5070374916693428,-0.8580596845395052,0.2833577724382622,0.65805138275973,-0.1814186917746161,0.876005452857164,1.907895472149728,-1.940963663987356,0.0365581640884697,-0.4324186224960107,-0.4339652694326389,1.007999468246643,-0.6000259244684688,-0.4979510680150592,-0.9968022209115962,0.7884056188554903,-1.6397775717420733,-0.1735919479800716,1.309095638490576,0.2604602251936161,-0.2917732976231001,0.3325757951849741,0.1323761598018215,-0.0592261258545779,-2.204702809630517,-0.8183176686406971,-0.6001992745544172,-2.134832638035736,0.7248126946659865,-0.7015823067838024,8
22.526140350911074,-0.3737306638725168,5.370910775165198,-1.7848876054616925,8.575414313494836,-0.6355186210218728,-4.545234075046008,-1.6370142085893835,-3.311936310624917,-3.1835089232160327,-6.426651260193053,-1.077120247776055,2.959084570531125,-2.317380210973911,-2.8131584142317934,-2.8935001330619947,0.1457137588312732,7.60541343512957,-1.0107119959265356,4.273893623802964,-5.217471391736916,-1.5843587066390905,-0.3344099828078052,1.2320886696403377,-1.3078632979121962,-0.2188142985711779,-0.9333360914023886,-1.1482088976333706,0.552460216997478,-0.9023405605287546,-0.4461247244596962,2.598271776887896,-1.72033840966943,-1.6029978343778994,0.9654502314247222,0.2963573858570407,1.2221439538843135,-0.6420935104201435,-1.32755932631026,-0.1923441306403325,2.3255318987602016,-2.5671312572072016,0.1483313805183526,1.6177122666994304,0.8080083841235669,-0.4841002203943785,0.5875174046310024,0.3432847983115294,0.0423102869198046,-2.504727125976871,-0.3183683986089577,-0.4900518400436402,-1.633472374572273,0.5560165170065731,-0.4239313647739154,8
19.87537317877142,-4.452385557172274,10.287282825603624,-1.2401305406560843,8.571338813248632,-0.3573329505562727,-3.849914495360789,-1.802263150112987,-3.4277134380441208,-2.969878557292555,-5.984466604294989,-2.2300449368437336,3.691761606044441,-2.054219766145633,-1.9834674060839077,-2.056373162443798,0.2717880495613847,7.024075492198881,-1.4149190765772697,4.462183785908726,-4.327382626754785,-1.1460787841701998,-0.7263030834059054,1.3788079701038871,-1.117535774781317,-0.1898334639250774,-1.016906338057368,-0.1973554515081605,0.1253827547024799,-0.7294748702039231,0.1857746831377421,2.6179531102147164,-1.793233012065753,-1.0121311796177688,0.2043929971787381,0.3213541538470491,1.282535032202284,-0.6708833837250329,-0.6524762796678569,-1.0037058698870918,1.640361615777428,-2.0887531566227024,0.06244341363346,1.8106018573033849,0.7527709764750079,-0.2253222517048191,0.5682777155211641,0.3822008004662295,0.0492400864062027,-2.7188432164298386,-0.7892931890801524,-0.430075957100184,-2.0234344756782114,0.8340948714318266,-0.7036615800277878,8
13.953812779495683,-5.543262862988596,0.8585735455506398,-4.545692200803409,6.713505155656717,-0.893269472018911,-4.848220574806656,-1.7696576819216865,-2.655540531472277,-3.303641901381232,-6.328004148071538,-0.2126015899622947,2.9257605693623736,-1.9520826421154016,-3.0400707679184595,-2.503182252503123,0.3592037020355754,7.448155650556365,-0.1706003475744979,3.667110403634988,-4.877958481229863,-2.3642906264717194,0.0752850546018591,1.5905702366827268,-0.50204784589494,-0.3257801733686647,-0.6372551942190322,-1.2016319029011826,0.0379946620413613,-1.189585554234089,-0.870725397200789,2.15432063165182,-0.8096314652060147,-1.8856888933899385,0.7804773022038773,0.9263334798601808,1.0958765455679311,-0.8602233899973001,-1.444418415405533,-0.2686667177450723,2.516940977306783,-2.0572110475354557,0.6230679654982579,1.5019796000376524,0.5240097815100443,-0.4927771385058666,0.7143711160526356,-0.0605605806188145,0.1204890101476568,-1.7653771563832994,-0.4830504637968521,-0.0938467210761107,-1.537685126685531,0.5701979863398008,-0.4247807700661872,8
20.936758644424625,-6.181571003622391,22.14699415109733,2.162776819040636,8.501283056587035,-1.081982358806843,-3.59559956549098,-2.7002380640415606,-3.9503366165738414,-2.4739831971463038,-4.969676239870804,-5.611743008758137,5.697845616958667,-0.6436589474594437,-1.0147552747332262,-1.5071167179541232,-0.047108902413335,5.644837363900727,-2.260772870895742,5.717407051732857,-2.922365031457835,-0.2349468386545302,-1.593516791054974,1.1945205581661646,-1.2380222989554963,1.5755599796995947,-0.913225925321272,2.474336477266037,-0.1111465574622687,0.1816432106662694,1.0319679965340287,1.8083339744243192,-2.695131657609997,1.0333739216222042,-2.006813146224672,-0.0879984312726135,1.0645508052257215,-0.6273106733117149,0.1700041113184854,-2.5941026138565664,0.6268472034057049,-1.100497727828677,0.127211878031839,1.4467632212518893,-0.6108274969648317,-0.1038310639550063,0.5684302227650003,0.1604118625562311,0.4285580745158606,-2.590789390328323,-1.5159890450896845,-0.241184401142349,-2.8117393796255405,0.7708439421686213,-1.2180889129602142,8
24.13599201014916,-12.368462344088252,16.271497097302674,1.0356598979158171,8.691142224266027,-1.4384251243936153,-3.6677313573498704,-2.4265432733307115,-3.988054114995632,-3.266697232112297,-5.990961796945638,-3.977045843840962,5.080950494489454,-0.962392695543248,-1.5113811378462347,-1.44423984795694,-0.0348438448374214,6.791670437693968,-2.079177554696856,6.109299812153173,-3.2945124426546357,-1.0278006805506257,-1.0662095978391757,1.726690474927643,-0.5124396625845711,0.5047543781445585,-1.1023040593973488,1.796169260675901,-0.9682225274727948,-0.5587848280774838,0.6640147224007125,2.4482171536230517,-1.9623530385457169,-0.3163936487250384,-1.210114355951376,0.6913668926997439,1.4069486250833143,-0.6865499130741519,0.1180076628152127,-2.602749229732604,1.5160698289056416,-1.1859357010436644,0.2425204813290505,1.9340267478160948,0.0726158793202712,0.2332949123518382,0.9044718513588288,0.5591951402327563,0.2762388228835083,-2.7312042471351887,-1.8104336444223796,0.1754649891171614,-2.856796777635184,1.0525671194382933,-1.4427106933319225,8
17.415112131501466,-9.113531190516024,5.338722431802262,-3.1984799844487117,7.526699086343445,-0.7906738494151079,-4.186595211605922,-1.9432808709709009,-3.247790180983695,-3.366282071196508,-6.214586780570068,-1.0906159568971092,3.6218413922740105,-1.5644271535627452,-2.6195272226946167,-1.801327841188357,0.2433571212492993,7.636144305994736,-0.6554895366241529,4.51829878822657,-4.390900851112721,-2.030360454067084,-0.2521036199171013,1.6073121308976306,-0.5358182814502589,-0.3823141609988668,-0.7593351731912061,-0.4816071122193349,-0.3090274534636336,-1.1624788815715537,-0.4989250658396339,2.565088355851167,-1.226215528435788,-1.43950496866138,0.4899190930297813,0.7856002653832094,1.320179636703459,-0.6607540273786201,-0.9701691373913112,-1.083604860293633,2.405875363581309,-2.0609133261268173,0.6724575852551674,1.743596238985209,0.6417814502400444,-0.2399781572663177,0.9348728613892804,0.139345480685394,0.1768371069514836,-2.168500099583939,-0.8500800634533974,-0.0731454360900314,-1.7541641729891186,0.7359883405333029,-0.6264998813608891,8
3.21712788213998,-12.985212790917148,-7.999601972367477,-7.787867282568795,4.977605202651189,-0.876013254070366,-5.691625075066613,-0.7468812126292828,-1.1115888808670844,-2.614280021453516,-5.788636124562279,1.099870935412695,0.3159955629660104,-2.5400330667073567,-3.3717162190724226,-2.2663558523360265,0.2388642146362661,6.254743294658572,1.0867073014919977,2.489854271712194,-4.850505178070269,-3.658737805444883,1.0649418554322705,2.521819900820166,0.7099564570323889,-1.402514272617553,-0.3338373455160907,-1.449280823406864,-0.5947759512269107,-1.3927726590053184,-1.67796107702702,1.823611448646627,1.471655462300866,-2.664432347956843,0.4894140433769566,1.6414900368500709,0.3478920953532287,-0.9743852011023224,-1.626994830749556,0.5134639590294973,1.651581066946252,-1.7758007337494606,0.4961835342989069,1.4355946324632314,0.316242519114553,-0.8753375887189236,-0.0695478433777553,-0.5927842996251907,0.650149020252915,-1.0575903917437894,0.1150980624816539,0.5517561166108992,-1.640603610805159,0.2040791601067851,-0.2139933485520034,8
18.77078849135084,-16.135691321273914,9.72586594409719,-1.635099919725753,7.8895068481672626,-1.2550426065507878,-3.5452129624178976,-1.9783602297928145,-3.577627110777497,-3.332933126417612,-6.227025503386441,-2.215384744850607,4.248925356834479,-1.187172381603102,-2.006994459053247,-1.1943039810067515,0.2424855618220966,7.088843005402543,-1.282382370421837,5.356692829609538,-3.788129605414659,-1.7850643011712155,-0.498828289053602,2.035513093897988,-0.0186293121394281,-0.3377164443219748,-1.0748648673930308,0.8547856179776683,-1.1110200088664377,-1.1808362492721358,0.0982435640536041,2.5702068629780723,-1.024106286799543,-1.1594153911626377,-0.4700447943055817,1.0281665433396563,1.3214983227513188,-0.5939197047682214,-0.2278186448749827,-2.2728544731921025,2.057192270698864,-1.3420881438733243,0.4596089529496905,2.0207320565842823,0.7407284918750986,0.2625487964985709,1.1057694609645623,0.5736642807282479,0.2410928055212244,-2.3509330516044065,-1.5404060897316298,0.3806569073174753,-2.455943768629084,0.8746113494577413,-1.0498411727539412,8
17.347956359759486,-25.997961632139933,16.76195637221704,1.6921688851809402,9.432074032367051,-4.040934432282347,-1.6933341247766518,-2.134239284914276,-3.516631144854377,-2.047644391062918,-5.096307773690844,-5.126256182042319,5.3702753991775385,-2.488650064672038,-1.504712083831665,-0.4642841729551484,-0.448026719116228,5.661317990813096,-2.552947568534023,5.673466124781575,-3.189036981987452,-0.8527560375870621,-0.6278704231670935,2.6132158537354724,1.1888517578777171,0.1511980258834593,-1.88317804863562,2.5814833906818064,-1.255806007036767,-2.3181545780736776,0.2580591577943696,2.4659137310698687,-0.6913400516221749,-0.3804416757780314,-2.134578260742934,1.8721613788242493,0.3135437815251142,-1.204423211388466,1.1627721311589077,-2.7855563226094526,1.3668973366744914,-0.1291298527286676,-0.2440898140426191,2.0321511002534285,0.1690509799600364,0.5082305286023897,0.6887673133334965,0.685096814086731,0.5851534414302786,-2.423848012093575,-2.307959399477248,1.0060596538150728,-3.051787854433265,1.3553722301606488,-1.2338176996360457,8
6.16872901496612,-20.87043053080165,24.78522105274327,2.0444414962646684,8.766242984020389,-5.470906967375202,-0.90437055935599,-3.1099470639912377,-4.183874698318063,0.7165588583828149,-1.892862165921383,-7.427107223205578,7.349419089607059,-2.5840367583205275,-0.3900935745322174,-0.3086340529715451,-2.210622512803721,4.837902507011605,-3.950656140428722,3.792314147085942,-2.1941827558045546,0.1167735387524642,-1.0232963805935325,1.922348072797578,0.464262878497523,2.3389542712199973,-1.7693809189512617,2.6018703312206024,0.9139417770728928,-2.42529603519631,-0.1689024423286844,0.5126286236681883,-0.7743557573885032,1.7518570638966573,-2.41375629425642,1.9975339247163333,-1.0738033196439796,-1.781744800193739,1.0388937900258108,-2.53997685913726,-0.5938650057855097,-0.2222790496134979,-0.1829897114554526,1.1889136722256048,-1.687208528026808,-0.6768087001619437,0.3033807073425751,0.865054913289456,-0.5632348932442025,-1.7684470510267916,-1.6943500573210692,0.4050884560199669,-1.976131541778103,0.9537344293885658,-1.0687125445541126,8
-16.399810729295176,-13.852652866922888,27.389586383522214,-1.4684577151059108,8.591140665734796,-5.051672214943379,-2.7948090526843177,-4.059602782441773,-3.902909673734732,5.8549999229480285,2.939507044625843,-4.747372937723518,2.936149482121362,-0.2730508983275659,0.1258926941674371,-2.2345246754580943,-7.120753819470331,4.129418249371222,-5.76465494918843,1.022729005462362,5.977323360790785,2.278103743673161,0.674652347566041,1.3431260169766264,1.2800976343602142,1.758734797482113,-0.5996039897922796,1.6553764018965604,2.8602151001898752,0.6678246861235526,-3.030109536802151,-1.0396004893149606,1.422086584429424,2.750275326765788,0.1224863797849529,0.2109802270330782,-2.2359457282537365,-0.6496550560001713,1.45569315583171,-3.396591426909425,-2.336957284944985,-1.4032600820370829,0.6009255772903563,1.892300208721864,-1.0346023348053832,0.2036596859157816,0.2275024212300868,-0.259692619127742,-0.2348207765857328,-1.0517641992163511,0.0015105422655949,0.9122382227565304,-0.3860608263632429,0.8215293106335131,-2.093124472937535,8
13.88812560416353,-26.497995621950498,-1.761549196220957,-3.614027787474377,7.711895876809986,-1.1692406692300938,-4.468938885303471,-0.33034646994024,-2.3927189125754538,-3.1427412975009497,-5.42787523353167,0.3268631506457251,1.4422045059763182,-2.7674346650661605,-3.03363950626482,-0.42094264361739,0.1099768230805083,7.20612792939573,0.3379323946705813,4.510527852972842,-4.471236917076647,-3.0894328990645663,0.1218547013653904,2.8635225502675383,1.8284885783503595,-2.2572564951483938,-0.4633603893095507,-0.4187336442542713,-1.7832528189428902,-2.293675049807243,-1.4455134501551483,2.274221880178203,1.453422071481671,-2.574345385692608,-0.4560677951580659,1.8867748314787256,0.4336606216954596,-0.1009475613570449,-0.4584260435437826,-1.4581751523463249,1.8456173297872407,-2.8095175063038664,0.15541640686318,2.3739810209637064,1.3850180154091123,-0.6069792367362162,0.3516224360773613,0.684140986313459,0.743717118343107,-1.688067630711318,-0.9572895638939714,0.8500421590413038,-2.095481037934212,-0.1293376388515547,-0.5698963192780196,8
15.149069384049191,-37.62838466559452,5.680394701826451,1.776702793733322,9.456764879574308,-4.931716184637468,-1.876684157179444,0.3030047740202399,-2.6408883107524947,-2.730250383530666,-4.604127215350222,-1.5468545983128577,2.802733656063158,-2.1279978260685284,-1.571772573731724,0.5349571718997562,-0.1195372964491465,6.611483588747781,-0.9233840132147474,6.047164512606377,-3.4424960757986915,-1.847169926594276,-0.3993365535944659,3.498074723997726,3.611512553717365,-1.8358120772791668,-1.4247038246745265,1.4758957317645658,-2.9734825587770803,-3.307016207648136,-0.4637634264862957,1.7820866203575798,1.6475649891008597,-2.114326441370418,-2.2424325963137184,2.4234372687792454,-0.2011926021124917,0.6919843138685744,1.2705522881492086,-2.825313396421338,2.0052652468476198,-1.982167306020076,0.1103033380786552,2.708253832307857,1.3022031084650052,0.5704132460405089,0.9352097436826422,1.9999001740474376,1.4328441718180445,-2.1569523352405406,-2.2093765363337083,0.8667838759096215,-2.663397344021864,0.3032390019005455,-0.7028445774993742,8
6.499814794771694,-35.082946408734855,-11.810702819829311,-2.262341118857308,5.109089705425782,1.4053909965958211,-8.726869308329949,2.9279576746878533,-1.1302372927174114,-3.168719711102241,-3.311486749599203,3.2033932976149977,-0.1825417526220722,-3.845799109368562,-4.614139580369253,0.6240681951433723,-0.1821687035712475,5.744496838371546,0.5939631811214133,2.8567374361636166,-5.348311911231367,-4.502557610083866,1.913993316523969,4.460823917258018,3.317181041136629,-0.5284595632331832,0.9376847197444526,0.1367880894591258,-2.168315107129722,-1.7466073843931758,-0.2661618309732531,-0.5036405075130469,1.823757251380372,-1.8678723399017807,-0.0778527258218942,2.7701625469803624,-1.2247090278310688,-1.4736463734711498,0.3013705239092869,0.3486214627260653,1.832502547356898,-2.6007015623354635,1.0500810771874325,2.5978912212873784,0.6249209002044875,-1.2625958836242457,-0.8871800175942883,-0.1105142833982825,-0.2197179621200097,-1.269449778945681,-0.2287245805119082,1.3960021862718734,-2.4069728468627205,0.2905649860821524,0.4215961555866812,8
15.02592239946032,-43.192635682825056,14.15032077702192,8.035783627137304,8.965160441673405,-11.00740215911586,0.3039487172188607,-0.21169643711482,-4.171200541138026,-2.571818046209725,-1.7477562380500518,-6.64491521787019,4.896142583806261,-3.376815034571113,-0.2866645325132174,1.2626484939864078,-3.5079033727365,7.051945805931934,-3.020928575957816,5.435497442902096,-3.2993700595027,-1.0847951649961851,-1.9810252675298627,2.847976058927551,4.652800386764083,0.5414626567567359,-2.8237712934208714,2.686620659833487,-2.890175781949296,-4.423345274395392,-0.5191955535866569,2.4997602239198864,1.6507296372936138,0.0012030047186253,-2.99053172839745,2.3494658175984817,-1.6673118633675663,-0.297626464218528,2.4642182066695413,-3.17205945068408,1.3290466366193516,-0.5000001061268112,1.522177928491037,3.082482834135987,0.4748254516079399,0.4290336600007098,0.8984866590437571,1.675727839452864,0.9204806420147004,-2.6862329549349293,-1.5821070188083586,0.0921206087492893,-2.8662320891064548,-0.0373136528957802,-0.5878174621119628,8
3.1467942246740006,-39.99160072755402,-4.300508854272778,2.7475533463048114,5.358853297530591,-1.3325260990046677,-4.429561887994034,2.0087088564012348,-2.8199892796468373,-3.019953595578045,-3.7288449520752,1.2353822372381746,1.421874228885274,-2.64673810427784,-3.2274817183351603,1.3269392238269035,-0.0605509800126683,4.983134174013147,-1.212357899807092,4.214441773396143,-4.274011733735407,-2.7537952086303483,0.201741745034854,4.1883426600074,3.575254350363351,-0.956785297110602,0.0078461458756876,0.920605668737144,-2.745038522541289,-2.826645434401652,0.2967748409191865,-0.6625940356363798,2.2739622921072966,-1.1965018888460308,-1.0105946381830495,1.939647160477328,-0.680813944636813,-0.4550036878015895,1.1619601130824055,-1.9109785551983527,1.4960630717449543,-2.713987081768678,0.1667347028021875,2.2404764842728397,0.6905065467747876,-0.0369452456693553,-0.18572139225691,0.4850956761120996,-0.1783344878102083,-1.9705518759525729,-1.6930531448221562,1.20773244162211,-2.3277525299245863,-0.174886789791358,0.0161758035706838,8
8.513400970463891,-48.95636394683637,0.5565202390429413,12.555620907565077,5.857131464960097,-5.935863922622625,-0.8513291600154502,0.460231844161221,-4.837546267361295,-4.389669808515935,-2.945331557572516,-1.6979437259351988,3.106656880545284,-3.841509292391557,-3.4441550441002726,2.496754044084909,-1.8897772888514224,5.198578199084428,-4.309525851998119,6.205645284029901,-4.030026534104731,-2.035039793520643,-1.0758420865477532,4.202531979886947,4.920599525649512,-1.146558553065337,-0.6586398737682531,1.554755738483718,-3.0435007994056726,-4.41741364576291,0.1753276744532517,0.1063110341052633,3.134571139101956,-0.4404164671853235,-1.6316566160690378,2.01815351458593,-1.156492788358764,-0.5930089137170138,1.9420721624748671,-3.422446508038097,1.671409185352569,-1.5431303113689636,0.9254481011167464,2.8988265511590656,-0.0160355623038744,-0.1175340772922554,0.607452589510924,1.1039951199200089,-0.686442235828794,-3.157950880328924,-2.502091736587197,0.2125292666224356,-2.8268383517823032,0.3762891988680794,-0.0355768481336725,8
-8.011209952740225,-31.13232129886273,17.917683493443775,3.736767652643932,6.510026578282508,-10.478655542218716,-0.9741814161115244,-4.578513415386939,-6.156818767422824,0.609623276261701,2.6834586098027087,-7.360484759899775,5.06179730934958,-3.696412078501213,1.7856175649406494,1.137405635252651,-7.796019708357667,5.000403468883025,-5.762359661279824,1.6114414612383805,3.067977342883728,2.2377546179585863,-1.2896552431207955,0.9310377552885954,4.972671870024223,0.1986932792103544,-2.969465235317927,1.1019576240220113,-0.3538187270011646,-3.664192017678214,-2.5492578219423194,1.1943989836874749,-0.0474743598616309,1.4714654441140484,-1.6856973204437866,1.6297871746389296,-2.582292609495913,0.5769888182999531,1.2936944184292931,-3.324581058803272,-3.382840001819184,-0.324386914485443,2.177587410527032,1.6807496532241533,0.7441400891664507,1.1376730646388804,2.7692330554018008,-0.305748955802684,-0.891663617417569,-3.2788965178702734,-0.0994449589712355,0.6593408160446909,-0.716127561750011,0.8316726885623402,-1.2953783670848704,8
-4.176462014544809,-39.70561029508103,-12.368699963087671,3.572772341613582,0.7520602993030137,4.794970666050488,-7.174366370881316,3.4133040440818125,-0.6821318452912165,-4.248587450560806,-4.057208694791382,2.438687482430575,0.2970434066726968,-4.189497092287387,-5.119232141588522,0.5552175197721813,-0.2539399390006226,3.6815668307978,-1.518122147000742,1.5059391977881174,-5.469825385670726,-3.7580062080328687,1.656605491204894,5.53361220911401,3.6646513402231222,-1.5927423629794717,-0.7447702112958007,0.5298182875423862,-2.3520089139872797,-1.0480108831320545,-0.648117009043572,-1.3238529835974755,2.056572879038362,-1.7695076821734086,0.1498187515712841,1.2486605566559257,-1.085958905206236,-1.4328173062955512,0.9943963674208256,-0.5792506592732941,1.265479587486281,-2.537774167517305,0.063680913355504,1.761778806193034,0.5781867447488488,-0.1876708243822124,-1.321319959438555,-1.0536638846076156,0.086678295228787,-1.3701806009813675,-0.5386669276809722,1.0230036421784654,-2.4971825970315686,0.0256580351352967,-0.0004910008469529,8
-3.764954793568691,-42.54016032276648,5.78021596374447,13.635908252044455,-0.2057662050743789,-9.103498005148332,1.477091903534107,-4.858961538373278,-7.667001255613139,-3.486908406516422,0.4524809555220321,-4.797724457899431,3.639852909666839,-6.300636554579448,-0.876410455501683,4.046721552821521,-7.722937276612891,1.344763091876552,-6.934668654304515,6.0000825379755005,-3.8544341571319856,0.4835014102455865,-5.007035410273385,1.439560486248772,5.245278421235604,-0.5520295038840926,-2.154404954757737,-1.3379378510090352,-3.184369557875881,-6.4673947727630665,-0.9281066917443892,0.3303988534792189,1.5535063127091036,0.6542494335876111,-3.741058994553004,2.630354069878647,-2.6716507972881613,1.549030322030086,2.086501893148385,-2.958295749252236,-1.5895086855905078,-1.595999615903779,1.0202398606313878,2.0164391371639687,1.173361883075589,-1.233621975513198,2.639578537014609,0.7480534956696403,-0.9003160710896053,-3.6933733477981376,-2.797983592043793,-0.6160545355628607,0.2649267625985341,0.9523087485437768,-1.5353853781328872,8
-5.377919301220922,-43.7276653972922,-9.648658471289288,11.504630324822076,0.2877582295504354,3.343367530624298,-3.866422734090554,-0.2595696205438189,-2.78165393670156,-4.730775121024742,-4.130961523188992,1.070992830023492,1.457479748788208,-3.91542385023242,-4.021270376188491,1.832903959511022,-0.9894021279727018,2.9279492917830496,-3.47303938616609,2.80153359578343,-5.425677669694649,-3.4518065771768343,0.135767203812799,5.453536746349321,4.344094976021483,-2.2616774617114084,-0.3483129643096914,0.7795795744169434,-2.808608423841671,-2.5033877846286723,-0.3744077342397591,-1.1457624348700772,2.640215713812343,-2.079613814280196,-0.2306205163846307,0.7220568091930978,-1.2452922588895532,-1.0400217187129135,1.7107442635856658,-2.8743410719048748,0.9703138782245964,-3.2142055050936458,-0.6046116129183305,1.2572535739453354,0.3185270927262696,0.3812527904667042,0.1019911736052542,-0.8104410368383933,-0.2459444745510881,-2.4093551605508083,-1.180756701045052,0.5648500522542318,-1.9585482090543145,-0.2065833874451256,-0.6533614444079858,8
-7.816756470107743,-46.15134688656603,-6.701185649129927,19.40709618815109,-1.1134036818856436,1.4735762217885728,1.088147087701277,-6.856580508491964,-5.04084622641415,-4.994499647631462,-2.599319463698591,-0.3555515492827265,1.8791895178537277,-4.668152089750435,-2.231869418855492,3.620955243857561,-3.7692011388010975,1.0366106770960253,-6.502989244145671,4.804831471072065,-5.117302504141607,-2.1997757758119785,-1.9313234053475656,2.930006687462768,4.9196164145861205,-3.1902058457026734,0.4385738466177336,-0.0643078305925599,-3.663172528978379,-5.6370736595085305,-0.2449074810342653,-1.5548032483461085,1.865254711103828,-1.8780612884179293,-0.7987460448119749,0.7702131964583546,-1.1554655870645851,1.0254013586639728,2.1306949462303937,-4.056729798006182,-1.082786345870807,-3.4511996214581773,-0.9824362009943414,0.8305992000383139,0.2515520890201123,-0.5777985018340064,2.7385921424857607,-0.925877957854098,-0.5105034542453084,-4.268406709188609,-2.697900235908319,0.0755728454829725,-0.3066967420358882,1.1816132822136205,-1.1382974187864876,8
-23.159444131592892,-31.943370757488363,-0.0335576870340159,8.662824729104578,-3.170114062076216,-0.808516269191757,2.717681667315252,-7.153635818357621,-6.002175192476907,-2.1451625589160006,-0.6261311493905497,-2.4281726966820463,3.566016862574215,-5.434979124109518,-0.6839880354621327,3.408525314646298,-8.51951869859393,-0.2181166441281115,-6.1544249847973305,3.4555598420354534,-2.8523597441321837,-0.3437232280189589,-5.207412982086755,0.0661469456116933,4.611636796767287,-0.7940779311635796,-2.2366772350940427,-3.9195213479285353,-4.001691753309404,-4.681185756545812,0.2343198918803381,1.5421600435530074,1.237791334843244,-0.7447697013697553,-5.675704739973693,2.3995127028144423,-3.238039004147433,1.9203899081627336,-0.3625431272379,-0.5989362647024151,-1.315584955913098,-1.096922237623585,1.3473942540720285,1.2265151254047575,4.188310460123366,-0.8971549858914083,3.659464679482208,-2.558795665477948,-1.5298557820739425,-3.708041087567844,-2.386357339691926,-0.3690083300975473,-1.4586940289141814,-0.4459789816300373,-0.7608465499906293,8
-33.511696159127816,-20.498276610106867,2.1735405657579734,-2.556035636405717,-0.2017820313308063,-0.6582105266953927,-0.1353478421469835,-4.597291725311575,-2.7537161267838246,-0.0221681254505747,-1.6308969778060394,-2.573724219567008,2.684836334810152,-2.319037797145904,-0.6506483805798936,1.8904490960768303,-2.105027330433979,-0.5797996414398835,-3.048105741855861,4.268228271131716,-0.5523811868564836,-0.4097094557118024,-1.154740368922304,2.5224011556764565,4.2786867490413725,-1.0329329043092843,-1.748349743596654,-4.579412067463009,-0.6807634556236576,-4.097032809950017,1.6034465828844495,-0.2255306832716087,1.0604786640579014,0.5102294657821236,-3.7251312602230846,-1.347535624634469,-3.3466827266450947,-0.5074974849388741,-0.6119677577273505,-0.0697316374316344,0.7094523687266744,-1.1017726841173,-0.5362329291118307,-0.2482084526640353,2.850946596164345,1.1315553546585857,2.3149878418753014,-0.7172419811337518,-1.3109587694218718,-0.8145601239591022,-2.029428032603568,1.4609467922768256,0.0133714222664458,-0.3558350466839709,0.3158938753942882,8
-39.84896087600539,-10.98627345307664,10.433351862468868,-9.389433854733758,0.8251923485381782,-0.8479090973023906,1.380709453395854,-4.705043206142176,-0.4793955292479018,1.6334516762823112,4.4632958387643775,0.6260376935562326,2.620948797485072,0.523764372240287,-0.2471540566484897,-4.240848205042991,-5.810689220866814,1.152404837434717,1.4803620067853631,-0.6433607035262331,2.768115273072834,-0.5623293425168545,-0.5114244783542286,-0.2317360956760291,1.2311669496889457,-0.2135973170310718,-1.213974912303545,-0.0783248786062052,0.0003909166777881,2.4369391198271373,-3.0449501472259644,-1.0489741648726998,-0.1737126512003693,2.0614576302484005,-0.5983860200586241,-0.2218134120388618,0.8123069438536044,-0.4136582042965627,0.6669739763572871,0.2350159563226385,0.7737258811590019,-0.1697978193791674,2.4420333421985965,1.6020508625121666,2.2957643919598323,1.273470832449853,0.5932533913569091,-1.7790432887408214,0.6477794750232589,-2.154657496919779,-0.0956880824851225,2.2819842961873733,-0.5227009022268896,-0.3672593740010278,-0.0478617881583491,8
-18.698411421360344,-38.62386824369901,-15.49992394783703,13.793121151786018,-3.97811293942574,13.141156923850104,-4.4543614879376685,-5.368677473620483,-1.010097033826442,-4.342289880537636,-3.9400449036792056,-1.2107263492695697,1.505213475270628,-4.635012937538172,-0.8162584674812031,-0.4374869139778197,-2.8970078325037547,1.892707515487615,-4.440707511788269,0.7429357315383011,-5.057537847626526,-3.965738102998977,-1.2975818614314811,5.04232964822153,6.62218979927798,-1.5094308044234888,-0.6118256971014293,-0.0762627548331004,-3.682111103526848,-2.0508594762578585,-0.7512495202775672,0.26525813552028,0.9877513251537848,-3.3168028557803257,1.0031801033950858,1.538636035661088,-2.2440663737068034,0.1703361084742708,2.9383843516437405,-2.697779030552125,-1.5486882587914823,-3.388159994287748,0.3093963918535583,-0.2434141379746107,0.2762470606578301,0.9821306131839124,-0.4465820354035163,-1.9426372168139028,-0.5902466201163021,-2.199456544449593,0.1191838364026755,0.2677878516333233,-1.3901627988965168,-0.568071611201294,0.3706937713426906,8
-28.27500952039709,-30.17884348470952,-8.519642965932949,9.68947510112134,-3.5983857728622444,10.547022006832345,0.8148287421753244,-9.128225566919925,-2.2735493764825283,-1.51092465598051,-3.1224331106754613,-2.339063114219958,2.5663195631233693,-4.5981692000180665,1.08272841832072,0.1179267945324016,-5.44317511946404,1.673838637708221,-4.212741014407135,2.260725713460904,-2.843088803638581,-2.2414303391806314,-2.942788457928344,1.5319394889577782,4.70968268318356,-0.5514129464389318,-0.0683213832733915,-3.165959994749518,-5.846021199166091,-3.3239292205298083,0.5086947806240216,1.5079657449439008,0.1984051067433647,-1.728451888895975,-1.981359245531152,2.8889053736895964,-2.111631492821402,2.5851359615325373,0.5326748335849567,-1.8880788937698385,-2.276116722501383,-2.2843125964726565,1.036606420009591,1.2454042796007687,2.800826444631374,-0.0056400840533105,1.9756113107154911,-2.9803607699759778,-1.476209739678532,-3.085439814411693,-0.555026435653217,1.0575702437602068,-0.939219952315982,0.2818670245244025,1.1289980268076554,8
-37.7231210133458,-12.917137362032404,-0.2994423509778974,-6.209500661571655,-0.5249967377353778,4.333960459999798,0.3679825361053415,-3.995879516047233,0.4467208753711383,0.2815474626390844,-3.0960869106482782,-2.504399440140512,0.8207387249900389,-0.4007451457671579,1.4734512997159808,-0.388008417565775,0.4454619721917953,0.7263810736711416,0.8071414940543131,2.157911687938295,0.5679838171235604,-0.4764214063459892,1.118503012293478,0.6863023964012316,0.145489526915561,0.4101252393526832,-0.2146107132593557,-1.492954508727232,-1.3997842670042044,-2.6047753699704344,1.6873372616605162,-0.1496110831840176,0.1000094176121915,0.5966632724030105,-0.4992000229671982,0.1059666596270184,0.3055005459425229,-0.6203456237041115,0.1480171311541763,-0.8640012325946927,0.0650457146875578,-0.8784829063011664,-0.6464862826953645,-0.1155974457840354,1.3602775530535842,-0.0819048666269012,0.8912973065824908,-0.3610590699517803,-0.5556647050012576,-0.1427541423259054,-1.79697452713615,0.5178359578381384,-0.0483980214688722,0.5003323946537229,0.956359240300408,8
35.37853977650334,8.9769011488354,-3.2294980744266613,-2.4187724268494506,-3.2696249298524256,-1.543502131321836,-5.592455197710831,-2.093686870221248,0.8484025019910157,-3.2066685263334147,3.526831482385651,0.1331423503230459,2.954949894515887,3.0966364037943337,5.656543091860942,-1.210458539735191,-2.2255939805952263,-2.162844456281769,-1.0474787346577827,-2.0594932192987017,0.412513500537897,-0.7769786898977131,3.763277704502956,-0.9537305071568872,0.8573896639773112,2.4207532743493188,2.265904250165501,-3.848446332767593,0.5070319831108835,0.8142476610536873,-1.213530200365349,1.0138862108255968,0.6310216257817666,-1.5718392564621808,-2.063644598537891,0.1926962329655918,0.7969474916054379,1.805538249077003,3.002688452177001,2.067630885230865,-0.0849615516135997,-3.444846450589329,1.2463722139564222,-2.092620225962164,0.072413612726246,1.6279914473421686,-0.8939474557875299,2.203873190633341,-0.1854423916756919,-2.9225703033138326,-1.465299667906622,-0.7499724332019715,0.894682474807105,-0.0574564975496598,0.3405326520478569,15
36.36232496523896,9.17211760530329,6.682870001290361,0.6442312062171083,-5.284190732393846,-2.463747129956512,-6.25276631949801,-1.433391321388169,-0.7823258935228778,-8.078856015742536,4.964314448021429,-4.401886881442386,-0.4713471766100521,5.535513054177008,5.236656032251144,-2.8198715768976133,-1.426661418178102,-5.469544575976713,-0.116386270845933,-2.0188512796302733,0.727243644404041,-3.2994096287873806,3.427025375465929,0.1277191287010101,1.6297770617107363,3.6574965507969055,0.2536517269762976,-3.491491043302174,-0.992013817211204,2.264851172783965,0.3419845219385759,1.3228992927094374,-0.1276709692860729,-1.004785693904095,-3.482917953057499,-0.8476642634654061,1.0245098761526177,2.9543060732384445,4.550188250603133,1.6868105356982093,-1.476532282709153,-2.4198658543371843,1.03613846201622,-0.6776029775667506,-0.9166601941622988,1.8549766712012143,-0.4691974929778749,2.0008692468901508,-1.3350849293086355,-2.6048617465798127,-1.0628358725463902,-0.4778674420570042,-0.3799946169288813,-1.2050909841943076,0.1765610435298123,15
21.798091474306563,3.6942767276789823,19.024039214614504,4.501194755808444,-1.6648450856117012,-1.1872658663489526,-4.884231233341466,-0.7267771997604344,-2.7923301118909847,-10.969687199562747,6.652218146479847,-9.00127065029813,-0.4982700889562717,2.6920186061083724,1.3231591879464824,-4.335444981240147,-0.96945056022925,-8.42825847436857,3.5125447275552317,-0.0750932392903434,1.7645550450071232,-3.801977248959244,0.6149391026102159,2.503024478579506,3.099587662795759,4.309574555254916,0.901936093481218,2.2961734742063964,0.5238805428538835,2.7662848609046584,1.2300023185830689,-2.287165643686976,-4.284284860904966,0.2973937652222989,-5.740526468011559,-1.4685903460708936,1.3661312387764617,2.8741973985808205,4.310017139263434,0.1203763212664895,-1.5383854527869172,0.9625308614987091,1.4158223707959818,0.6572070217610078,-1.966933034162571,1.7968822184530673,1.2969551263712602,0.9508698311131384,-0.6840493601872718,-0.1494310048735173,1.011771840812217,-0.5365787468401957,-0.2662415798339195,-2.870759598995116,0.7793759238100011,15
-40.577672495561096,-9.937269091537448,11.366833741827792,-8.140698571601607,-1.182535818880024,-0.3036175001632346,1.9860010029552877,-0.936692745288882,-0.6805627379033827,0.9698631027491424,6.698657833473903,0.6259975612026748,-2.2039180559212883,0.3037208858425248,0.781630180928342,-5.376105296655108,-4.040222802801265,0.3332847352446294,0.8903519036627022,-1.764727382151861,4.340318870599113,-2.906918136419024,0.3796781312046303,-0.1785998389041226,2.001482934987028,-1.219237107120249,-0.0759979327394833,0.4135624297152846,1.1518436703012318,2.3860054388700127,-2.763798549924934,-0.4793499670314896,-0.942520370006585,0.3107482762046408,0.584586520280898,0.1547909958283277,0.3683159031514449,-0.0906947744737329,-0.8632792901841808,-0.895355070922479,0.056818414642029,-0.3425703203160931,-0.5177417184536879,0.6816287425014401,1.3820510414064184,2.009678993269219,-0.4565218943836963,-1.508744898119617,1.0426179765969177,-1.6593197364162375,1.5412023971545206,-0.0142767871582031,-1.3199538016803112,-0.5453034100238143,0.8107844379033204,15
30.336438210751822,7.473056072743608,-10.849593528623426,-5.592951777940841,-2.078922518923969,-1.3738332616640017,-6.329576420127898,-2.314874821808372,0.6337709972917448,0.2558670574294965,2.2591164887017965,4.186563459572829,5.123615518818856,0.7125285124592623,7.312134977224507,-0.6570086958442428,-2.08202266927884,-0.6351703505942918,-1.957092114387042,-2.1536168213209232,-0.3712065097758235,0.0757163581423704,3.91567583128275,-1.9553494740935304,0.5624324800619557,1.5864676169165044,2.9822047345668925,-3.95834900001954,1.611702627028978,0.0849745609382055,-2.5209397919985186,0.3090954044055473,2.029952031850404,-1.5837784920040865,-1.8762871239479129,1.641995682964472,-0.0294620135613215,0.166366683774737,1.443741632923057,2.943537946309468,-0.2322697130352535,-3.261298337617259,1.2519577051689437,-2.7144143268576117,0.2514928923009308,1.2596636272284911,-1.044448476343248,3.431713725946903,0.7013233955658088,-3.2662056586207897,-2.105505612673676,-0.5800808678061119,1.1488022012736896,1.141178458984832,1.0343354889684444,15
10.884276530979731,3.608854846528392,-13.928086542776336,-9.634051222952449,-1.0234182072886506,-0.6702058035069446,-6.265005347621012,-3.373261710850937,-0.0338090792094708,2.199300459643884,-1.3283064349690994,6.0656699724224605,5.320808899341029,0.1943694564392191,4.005588753003916,-0.9997898260794392,-2.544652680953972,0.8746219455634422,-1.2014453197357486,-1.9619151592793536,0.3006740284809511,1.0247906352608234,3.479377691069069,-1.0020051851981948,0.8584443956075418,-0.3435923383635635,2.080412891095869,-3.118237924757883,1.11781672985467,-0.5615305603114701,-1.0442515140540771,0.4756103667476216,4.439341124889267,-1.0422817273821383,-1.7179529507891922,2.34728095038897,0.1818147635751676,-1.7186212860807497,-0.5077724014865531,4.104053728694344,-1.0581424936267712,-4.148592305402688,2.199482764918221,-2.4125994622635574,0.4004282198456594,0.8253815678382187,-1.9916419779201704,1.903672987916179,0.6514226397670085,-1.3480864927871972,-2.3174055306147627,-0.6515204610870361,0.3106115227125897,2.372885372704877,0.6879561705307482,15
37.15851984048199,13.463547535033912,2.251747413634106,0.4620044995879039,-0.8368154890011756,-1.6816494135425522,-6.8403921456472006,-2.7655712458050408,-1.0116610877631949,-7.113273557160828,3.003361795988267,-0.0031204421524504,2.217176796382056,4.812695839721826,5.1787225530579,-4.115028827542978,-3.5027348889767733,-4.703594212393639,0.3128537219259159,-0.9992708525759773,1.498374720856912,-1.2018214989895832,2.263385417474574,0.212833895816684,1.6909826427530874,2.596312330292493,1.660745148993953,-2.0078005743468488,-0.1060894598829521,1.1295008773402038,1.4921749599479492,0.7569227615842471,1.1786454060460398,-1.4061521717612004,-3.081889106204052,-1.194651421550493,0.7653589653355843,1.595628358553797,3.867557996921721,2.7601225334218835,-1.2104204959667084,-3.1932743131404027,2.496095686377217,-0.8842771937390356,-1.3367465564485377,1.5330563442059533,-0.071884296924847,1.3725832776248026,-1.607470334629922,-1.1820850893306736,-1.290128198997414,-1.2437266549035082,0.2996372893878848,-0.9575226007184046,0.585658156348867,15
32.97074166050178,14.618785233246284,-7.268859032899112,-2.998542368654697,-0.3213496718441619,-1.643646681782084,-7.008269170046243,-3.615981775467916,-0.2169601953829783,-3.141613724251077,1.596406381806449,4.227889834098886,3.64978579179986,2.931336874164133,4.8665496261246215,-2.925313617294607,-3.665074864285574,-2.135669038132342,-0.7492677200349128,-1.214083083386258,0.9270794218487386,0.0786900243696552,3.029525041995583,-0.6723799519175659,0.8032547752306193,1.0026651097291184,1.969318772216436,-2.7916225715644005,0.5012502019237751,0.1868820189729595,0.5497430600680283,0.6041778339228726,2.7141433286866423,-1.8014185067176942,-2.1435874794932577,0.8119246904398463,0.841505477699773,-0.0028439269687924,2.0344123093116844,3.5932169840187456,-1.0880453810986572,-4.362782546534408,2.312925080757119,-1.9803566371634849,-0.6290655754362015,1.438847122253179,-0.7827978125843712,1.8883871029675887,-0.6824259211714898,-1.1464404740537024,-1.9835316537726888,-1.2216506728037544,1.029597754536083,0.5852960595766131,0.6163686189909773,15
42.24589802478247,23.03078027563924,-3.485316387782776,-0.008909054424306,-0.0624316229762945,-2.244719328825273,-7.28243937437106,-3.8976362217076734,-0.5814802146288718,-5.439972739133493,3.346368189639146,3.29438839450027,3.039053413073604,4.494594199240523,5.362200298288511,-4.408227826691041,-3.781992348398799,-4.029411773930126,-0.5922698279239695,-1.089517140367014,0.9109945773149144,-0.5866128316731761,2.7960637097923824,-0.7309672658228807,0.8879393821791866,1.8232214386112664,2.347992914273791,-2.761992140210052,0.2418997073338649,0.6463355948746667,1.4483787184028154,0.3481584482588462,2.0537987644898106,-1.9681624576648744,-2.6203568179992325,-0.099578791582165,0.7243058168936072,0.8842769479387196,3.2052686683357545,3.359284761431334,-1.2933149998817846,-4.240111631234899,2.3950437912059974,-1.7565598150316404,-1.3064456445671595,1.4759969480768254,-0.6451571685475828,1.553088846126669,-1.4095711515622724,-1.0524052042391747,-1.7825080321925535,-1.4492368766908152,1.0047008485758897,-0.3862703867882852,0.8571112912171802,15
23.181467024353765,18.340410152801464,-10.972428178856436,-6.5285492476522,-1.6232946849382377,-2.234109506028829,-4.669544966993231,-3.062357673033393,1.0013963919824629,0.7498935959991779,3.1818298026740126,3.912046331712402,6.2970737309951454,0.4419318527047087,5.391167131787628,-0.9350119364250415,-0.6662668643530816,-0.9887278359974188,-2.085974124182899,-2.0442624294311926,-0.3480959494501646,0.4710819350237982,3.748870028611973,-2.4338531424176346,0.5771759097432022,1.2414207968218895,3.712984644871917,-4.627026419066002,1.0093282428193868,-0.1262847500320233,-1.959907553722321,-0.5990094443449184,1.6404750085729216,-1.6544687464196854,-1.4545195792407226,1.6888838537191968,0.1278835512946531,0.5889192822065012,1.708319770181326,2.0876282763732887,0.3861201849399681,-3.248206285327565,0.8033072031247964,-3.061534901304439,0.86697438016059,1.1046673892453192,-1.689424644742844,2.6324858685654804,0.1822357028349853,-2.565835267312788,-1.493400619686728,-0.6453330492203007,1.102812872843286,0.992205076626522,0.6608703951704505,15
34.9233373612728,24.15485016674224,5.882957897100328,0.8541615272307534,-4.640373151392201,-3.19837913112905,-5.722117140446428,-2.4129089404766386,-0.6745440294845875,-8.297321887405076,5.447290457249055,-3.133364917612419,0.1478389490490874,6.179159652051251,4.319548878489036,-3.75257468447262,-0.5041318325375206,-6.385931976018239,-0.6428017278857637,-1.6167679746175143,0.4747686206979573,-3.194861574680013,3.420005258862661,-0.6359048403070413,0.3974899326183476,3.3660969737117727,0.7482560710756186,-3.843636590774336,-0.9751730207850564,2.209974118978751,0.9946762907096282,0.4086350588079202,-0.6300998568950228,-0.688883163690585,-3.1460021536303446,-0.96780637682211,0.2873966528944,3.367019869884782,4.66452209805673,1.438029451676699,-1.0751905629005796,-2.9802722013679723,0.7249617650706994,-1.3137809876312685,-1.056199232727256,1.7045756960500489,-0.3138473608950521,1.7987792705186476,-2.026982181126101,-1.972666060870868,-0.5743018236877446,-0.5924539087444118,-0.2937086628006038,-1.4427551411574029,0.8667842075351266,15
28.113670178388663,29.197730212823792,0.7242219813000222,-1.4622019808592523,-3.41490104964659,-3.1035206034966216,-4.719742901691255,-3.102230714490561,0.0935255414910722,-6.024620918927376,4.853015747224574,-0.6535876152798717,1.75859188484423,4.946163676128641,4.205261543385935,-3.190530796413238,-0.2555443291579326,-5.184735398142245,-1.4773228112411587,-1.661976027368146,0.1403331700214004,-2.295007856592224,3.33399410393285,-1.3051506348148167,-0.1709108982336085,2.463212271477265,1.722544945718188,-4.038076548215197,-0.3350488409602128,1.3936311282262623,0.8537405881091549,-0.0962623573862281,0.1728691114024775,-0.9590687568806756,-2.3429106574418737,-0.5738400571644542,0.1538427223700995,2.507285980893439,3.792405867055182,1.4114666507706906,-0.3732246733332615,-3.145612215968182,0.2859505661291975,-2.0627288767388987,-0.4681430926460395,1.088508653631452,-1.0281870966276905,1.6480615824612723,-1.8077919246545964,-1.7184672184235694,-0.8145543788399037,-0.7048031525766086,0.0415198864761757,-0.5449629507237038,1.081195561007052,15
19.183059143215974,25.31646600453332,-8.216823203948444,-5.653493848110874,-1.510378026489762,-2.892571939028661,-3.854942548356344,-3.4528756365973714,0.9880045867452166,-1.0284372361472909,3.6964776440346943,3.023861308256857,5.158557910699866,1.4208255061082469,4.445762188087982,-1.4978223707277971,-0.0913039968824888,-2.1913808374650383,-2.057611160902169,-1.818978142491396,-0.2920305944065741,-0.246450256237867,3.402901415366839,-2.160228931871862,0.0825644396708366,1.1746677924839293,3.094822960014694,-4.40639066099137,0.470834576160488,0.0809406856495896,-0.8699139266577652,-0.8280546079457621,1.253485764966394,-1.59464844501231,-1.3005530617058143,1.1857167839977962,0.2626969096997906,0.9831658981364224,2.089660641730582,1.5397972239091258,0.3803016063875911,-2.995225789571321,0.2668587749296831,-2.8675723224079888,0.4794936521672609,1.021879978123934,-1.3922396673996265,2.170127169786826,-0.5955134500770064,-2.120705318394712,-1.0486343532411886,-0.5239955768747458,0.9993539512570396,0.6359594181406867,0.6593293152864976,15
-1.5881561551972083,17.054472453354293,-13.535440476797872,-9.809608580484804,1.2403165520081123,-2.751426787082262,-4.456946085135432,-5.049987840862457,-0.8700500959854992,2.473527179562067,0.9005289356460361,7.230785068612537,4.902302409452775,-0.3417405234847933,2.653496046749611,-1.2478050012060746,-1.1910303204691497,0.543829833559651,-2.3711468041343227,-3.5263213650774987,-0.7762276653058577,1.6210617637353293,2.972699711689256,-1.8868434572689357,-0.0103455162140318,-0.1490223267018833,1.7373534048555077,-2.134160667301188,-0.6387976616053131,-2.0345626578212723,-0.6226248315005088,-0.1463294011189203,4.269051779532973,-0.9388050428388404,-2.045617085440612,3.5037874573380936,-0.0750395653741711,-1.979073902482966,-1.0849243955525218,1.806048776230489,-1.317109554862654,-2.6985767036257493,0.8524294238500723,-2.400150474788897,-0.8270356204469609,0.9410714172113578,-2.848581756969033,2.0364660426146988,0.9816721986275866,-1.2545704186858038,-1.924288302245437,-1.0228351005516898,1.0092727583387329,2.3255255398042265,1.0339924892848271,15
9.52392366850594,24.676633781819227,-2.9719900303445543,-5.728198198895844,-2.0082583214255743,-2.444611332111289,-3.0294812674109903,-3.0833699840388493,0.5496396275296611,-2.9481807594403846,3.28241215217563,1.1900069225857668,3.1137990682353918,2.923431599294207,3.380919040965019,-1.959342587277276,0.3408124351802244,-3.2503541242082785,-1.4918904564773086,-1.5640583148569651,-0.2409718841706521,-1.3440370521501972,2.6664809730841763,-1.3580542830923137,-0.135051503848654,1.328452604509484,2.137904499205772,-3.5933777200255346,0.1649414594099955,0.3774249185174171,0.5997743153594627,-0.6042880805280025,0.8321277930065518,-1.0481322067432892,-1.5621943362727428,-0.0098909427128694,0.1513109016292285,1.307754134046798,2.311258497712489,1.0900692437337816,0.1840354753641108,-2.415898592999889,-0.0570151133590847,-2.170417297132218,0.0163212359519282,0.5525455628400137,-1.2401471432793238,1.4701800000002878,-1.2763282464521972,-1.3316118229453484,-0.8316138118873413,-0.5782631236030671,0.2790931460552634,0.212054414040068,0.8903754575730067,15
21.49676716015937,43.622663915908085,2.2331834589424484,3.0258462522199934,-0.0313724855790424,-0.644836939659499,-4.685027773867334,-4.465316469690035,-0.5928599187748435,-8.785763657906893,7.452884634282444,1.1035957688208544,1.8185426276502883,4.822048203580737,2.919128240490384,-7.673911372208972,-1.1350222576431337,-7.255389701661825,0.6187003002716138,-0.4011698850566736,0.378383347898132,-0.8609709730794354,1.8586093894541,-1.1665055890007334,-0.9115110331272226,2.51930051772304,2.551677382342584,-1.1412770024662178,-2.4705912223679856,0.6400990703760654,3.369428572958189,-0.6842112485342375,0.4437143758981462,-1.0181184226015931,-3.01206914518134,-0.2221314787831501,0.0495254995644567,1.3860555832077548,3.9194343183984186,1.0121107827632163,-0.725262108949152,-1.5657206456197006,1.1370557459225603,-1.413122581205689,-2.1451387311610683,0.8452235531551865,0.7104135201245277,0.481281373780771,-3.434452031844556,0.5324560405527563,-0.500739275096314,-1.4652406880874205,0.5786126742875392,-2.4239706851452203,2.4375573044968166,15
11.388708177641142,36.16486575500924,12.415942979646736,6.073974032153655,-0.7035256176940232,2.207576073198016,-3.779331675040327,-1.3603292428750553,-0.2790267150627161,-11.441850888528204,10.236984983499974,-5.62680040117369,0.7516409765822517,3.676192240951466,0.3708155473506247,-8.039060579356176,0.98969909823932,-7.988840597323697,2.6864411983927843,1.067141939892987,0.5558573961253467,-2.1033181985424245,1.1820472801911166,0.415702133781905,-1.7995483083571295,4.114186240859806,2.7735443789099907,2.0306509984076166,-3.809323623424633,1.905773189238512,3.791769952751877,-1.8202956978169371,-2.3464244111840165,-0.1231640790075386,-3.5789647797585062,1.0550406245956092,-0.6152890545813394,1.4506484924521277,4.883130439143327,-1.536661221889633,-1.175384860704504,0.5322385938479329,1.5042390492186926,0.729992153014559,-1.4077757607458825,1.517982316041753,1.4725314522065724,0.689878762135882,-2.6380717280475463,0.31783569727855,0.1452521599448613,-0.2678687485193582,0.9486715287859808,-2.683763038674357,1.1833924787150034,15
-12.585028263243084,11.958045606782422,18.25631508780148,1.1097550963485503,-0.5664060716318186,3.73741301640185,-3.5474807229377325,0.7761501295008353,-4.12216475722098,-6.445974372364705,12.368140688946298,-7.084579734218346,-2.905455683575604,0.5661877446944567,-0.9110677717996132,-4.463508332529025,1.499991348434789,-3.638518648759404,-1.8691388606344304,0.3286916299729081,5.631310985595227,-4.439906575316192,-0.0501571376321809,4.033085503529265,-2.579945227031535,2.539296990470293,3.369006555749372,3.517678163940176,0.2969493347086715,1.472480592694844,2.193553993001996,-3.63103636694953,-2.7594179807625765,0.1881072661986885,-2.251207472049268,3.321787155670566,-0.1546771236459569,1.2771746892462688,3.416047122689866,-2.692805652215064,-3.7940029723406914,-0.688847875808416,-1.6475624925919368,0.9442433542177444,0.5572262458807914,0.0219306775306648,2.0573447325389096,1.5659913771558829,0.2683409455494119,2.666570908914057,1.2885294956469344,-0.1269638475941134,-1.1404784294210275,0.4077269166523593,-0.1106850490393258,15
7.396447765938931,35.43595601093843,-11.507659586191206,-4.744857271196715,2.2112606643639667,-3.27658333332982,-4.616314440217681,-6.162203677285824,-0.8465516675234679,-0.7894010137338717,4.154849265116396,7.106333291091705,3.9192148029119664,1.0422633047882623,3.0190536403280173,-3.2434838468409346,-1.3193061365423275,-1.821683345558209,-2.3956371593128214,-3.5134495871228384,0.3202468604851303,1.240429614597435,3.316694445850984,-2.5545730197543874,-0.86113517221139,-0.3631978055906888,2.3534991524596327,-1.6420598986560575,-0.8683409235259189,-1.8025058878090936,1.3609597196441998,-0.275634806430961,3.1448703503761006,-1.787101396415331,-2.003326262140316,2.415685843882164,0.1044996623313074,-0.8226376772973071,0.002517373855635,1.1221446560414687,-1.3252089910092044,-2.9891273132378413,-0.1545462635186611,-2.2549004176827383,-2.160556754658886,0.5175386376631452,-1.8088610528655749,1.8792159450871164,-0.8534738104396774,-1.3291166110093484,-1.6286110696170375,-1.534805314452215,1.1061375854135551,1.2958623911267035,1.2079223059756328,15
0.2822275173094463,41.527266336857565,-6.0234514284805245,0.0239713203736311,1.2573740769650232,-0.6712623098831023,-3.488402658210754,-5.595254301805395,-0.6648934856938589,-4.504001603819195,5.250523515900035,3.4841608697369097,1.4930728745663435,1.7951946808403694,3.250563701114775,-5.2992289603089215,-0.1131520241382663,-3.380439371079004,-0.7578270161223518,-2.7239140677174967,0.9342652795056452,0.1868483695878614,2.517684918719122,-2.3084070201811877,-2.019906482907961,0.6906787256032372,2.495359489366687,-0.7316376122606721,-1.8647627415284855,-0.7124856948869484,2.885941578193068,-0.2437343020332151,0.8851036825854449,-1.9175636827167413,-1.4116866175985583,1.3985739025123751,0.1917069418563473,-0.4827936177046311,1.1581684552280815,-0.1295928456908535,-1.136354004405262,-1.0653606257643786,-0.2406788630307332,-1.028044888705608,-2.79876758133002,-0.2508161950538845,-0.3350551407044475,1.0358254347532758,-1.988232343975698,0.1341547206236117,-0.5367485751893151,-1.249651394792079,-0.1771126317464374,-0.1312368146483487,2.615753186915056,15
-19.048406069552573,25.870478417624938,-11.104357868272896,-7.09466609279325,3.194281239387009,-5.909925456576344,-0.914726896882698,-7.016201543900141,-1.545730896408255,1.133572219451132,-0.0229666659012497,2.9482262833956883,4.156011584773451,-3.741352031108367,3.8274960124620057,-1.1504089660762884,1.29591449647733,0.2736127223022403,-0.746756218365808,-2.3381329600880507,-1.55552357978282,1.4902887979067656,1.7667581874453937,-3.9204545243748656,0.4516637252993671,0.0573655384991351,2.676838752499757,-1.1103195285828256,-0.7130266534431464,-2.7676933443111347,-2.2301121057494417,-1.7432533155149836,1.500622438255626,-1.4949566190798038,0.1461886585788323,2.301022825778292,0.4570353336054031,-0.2623225859818185,-0.4442460620213958,-1.0249058986143076,0.7395753030710134,0.000760236286473,-0.7322532745209579,-1.814935147426998,-0.5341061085173998,0.7955224121284449,-3.8047315994694944,1.4578840989021653,0.3614029933877442,-1.0146193500351743,0.0244008995156088,-0.4794163446233644,-0.5448023085351086,1.0946070444926108,1.1727556868544244,15
-0.338365869245521,51.58552880880337,-1.4640774577828548,9.024028561112146,-1.419518855575424,2.0607585369635246,-2.687112795150039,-3.821174438434274,-1.8706638300101093,-9.93822682738439,6.213693396630878,-2.730211563856309,-0.1000014814094213,2.6548296487810195,0.4901968761353579,-6.043043885105374,2.8575949036909205,-5.969861327885086,-1.9226661647138528,-0.937554466014818,0.984411638444962,-0.1526049126633309,2.3027757986005897,-2.0317974447629155,-5.11145801299323,1.508017582452971,1.0948631145486354,-0.6591678103228745,-5.030166590362297,1.82532942625169,3.9198945675016734,-0.7425474405762233,-0.6370360485738945,-1.3509343792057826,-2.521977296791485,2.7160529073694684,-1.540489811177619,0.2457403115516104,3.320810316464512,-2.060736370972502,-0.421498254880375,0.0261720290071115,0.0802201469559045,-0.2537028046406199,-1.929141814598219,1.9084578006686856,0.4411979609613246,1.087202405192443,-3.723752676643376,1.3433592550788505,1.4027861578011651,-0.9228410882134812,-1.5562583161413144,-0.322005883889516,3.5101739939938232,15
-9.962165172242102,41.50065415485999,-13.118152027949876,1.5193333869588093,1.7154530428803472,-6.013921523122204,-0.860072106802942,-6.435824257332334,-2.4705820258757494,-0.5641627419708296,1.846085079494048,2.312969661443176,4.125296643327791,-1.6082389446100134,3.854892631287962,-2.592454168654593,2.17407443157702,-1.1194637817246682,-2.011402902337468,-2.4178893140417,-0.4898874775709829,0.1781767009640141,3.3834796251383983,-3.702184644978773,-2.224399214424811,0.4045181327486257,2.3907292388246826,-1.0737294097096852,-0.6769280290117438,-2.135585171795573,0.3085157990053497,-1.5548014037040316,0.6540311268902954,-1.7848176587556408,-1.2499895009970974,2.046329074621622,-0.4617339006779642,-0.2673677427228271,0.7213432316435989,-1.88269130415512,0.1532511212557029,0.1663000564174444,-0.8476286955549936,-0.8672159681549177,-0.4728591066644175,0.355712851457846,-3.063015816748045,2.295999294075743,-0.7891154835626066,-1.1401901424290264,1.053892481871534,-0.3205470230952597,-0.8689427741838739,1.027674616508219,2.7748854666978557,15
-5.4013066820153846,56.30214674121501,-12.219385097335556,14.792665335177007,0.0089036081132306,-5.586901913060229,-2.16948236669091,-3.845543712727199,-3.5519138676382127,-6.334338196497654,2.800277899414405,-0.3135656145883458,1.4142083781724872,-1.0805234818047336,1.476013653942459,-4.479333591811902,3.9537869792351175,-3.3041493036740506,-3.1115106021401737,-0.5690052715980021,0.6880959718303251,0.3604111154581451,2.7194069928029423,-3.3033159225986943,-5.540465234316296,0.2062187492836972,2.264661853710838,-1.4193991161744373,-2.360761611171034,0.0744101023240545,2.7194135596873203,-2.6674213340097555,-0.1101011338484586,-1.4195215369011285,-1.9304865439733512,2.45533777787202,-1.6925656246523326,-0.1401869233537537,2.082209362644219,-3.5875338906819167,-0.0863994596079652,1.0319983128611896,-0.3170348211342338,0.0581807987883784,-0.9580642362911896,0.73836384123747,-0.7594211542550219,1.3334219777599698,-2.8365338004894998,1.0146484365791395,1.6860044614553122,0.3013753427713578,-1.5473205851789775,0.2770566183042603,3.4744358944240537,15
-16.818116168794663,35.365315811753995,6.314852416267996,8.93310591781804,-3.838420163323276,5.752967265775901,-2.91583357872088,4.231306607509652,-1.9383074360018564,-9.417826429624627,11.3668826914992,-5.270813527047295,-0.9098247635959088,1.2705827448255729,-2.253828009980268,-4.509072197660879,3.941639446651529,-5.917058563542996,-2.0368578366126333,3.093825890286352,3.3777490421138725,-1.1041315578374855,0.8857441834382266,-0.8068564116796298,-5.410228629977012,-0.8112316778802866,3.842304112974096,1.5350637236703946,-5.607855807867543,3.816104390628463,5.36114196485313,-1.9767000401360568,-2.451767120672554,-2.8595839743573714,-0.9275453049903812,3.5814228449948677,-2.3235954264010923,0.1001944987671274,1.5827703236168238,-2.2171396423236907,-2.5757600425472247,1.194357029972434,-0.5175333528183697,1.4692677231373807,1.643946305592837,0.9763818123819542,2.5377055547684173,2.6648620433805514,-2.2190651926922045,3.70618169744728,1.1315154107104388,0.0384579730701448,-2.05416427352071,0.0941368827036125,1.5777158188950131,15
-22.135315827222,28.90775221327112,-13.563520745298923,-1.6798363488430637,2.66108356890212,-9.439193923227233,-1.7223767150329123,-5.59803639278559,-0.9721298882176108,1.030295401708389,-0.1704359544186526,3.061713418305469,1.0828142625116022,-4.4806168900229375,2.808083230402468,-3.846866899320349,1.3209044494270257,1.673433846691729,-0.0963575154527936,-1.3922283355607985,-1.4585429434048716,0.5326346904431418,1.7681569349619588,-3.4179775265093557,0.6524722197471944,-0.4449029023667186,1.763622505770321,0.6292520242300809,0.1817671826827387,-2.545276680575104,-0.5355073310809615,-0.5886005547914474,2.338265793024595,-1.6928261544159773,-1.2280269498660286,2.543875852847276,-0.5883607829350115,-1.1076685444794194,-1.3297052825302689,-1.0708778648865602,0.1854393987621314,0.2535087049270242,-0.0852068284533568,-0.7114118962246766,-0.4819819824687282,-1.2967892179920644,-3.536467443186315,0.487155069021483,-0.2468519918028581,-0.1643958745466731,-0.2920990932602632,0.8748286814949906,-0.1451343785803548,0.7812997837528144,0.8652530115090414,15
-17.902848747608843,43.13137899917092,-2.471697602846656,16.078139410514783,-1.7255049277253671,-0.2010576288910094,-3.8309857050456793,7.545944426831936,-0.3021004823188815,-7.663985396394011,9.53635489802241,-0.8709107831885973,-1.1701246313966265,-1.4724918146792567,0.7197055309104614,-4.422152943163304,2.308901624547808,-5.733437089759768,-1.6144743156630168,4.6286683403464215,2.020078371089232,-0.7248337172184183,1.0138501917194591,-3.146846302176989,-5.868419230390477,-3.2130964784874427,4.281315482127583,0.0374756311785725,-3.295853954069204,1.5769357477659427,3.1178493119981017,-0.4502273951356227,-1.538694803044011,-4.62976071037811,0.2800201843778031,2.7267530137007245,-4.437409382120827,-1.773402561127242,0.9924664811251698,-4.1734747628715,-1.3609753269915548,3.0682220051423506,-0.682968849386131,1.8260828520802983,1.615821879496232,-1.043375946990151,3.2503537463201804,1.9303004722149288,-3.077650605390677,4.05901262992108,-0.0390074058768971,0.0185520604340584,-0.3809452798290483,-0.5405235325482421,1.1300272935381488,15
-20.808268185035462,38.11051918951043,-15.186972645599836,8.381302089144013,2.4157320406087623,-12.00704161267898,-1.9758441387308625,-1.7652428499949788,-0.7312849423513995,-0.3840392917436409,1.6979646245082176,2.0162496403021843,0.2954233881040176,-4.558476047814383,2.716206653389178,-6.179515174105218,2.254925071885693,1.1449892768225771,-0.7182009297847517,-0.3655873228872998,-0.6611534436982752,-0.5061783972748645,1.8202012078882388,-3.729269116253767,-1.3766352873710033,-0.4978683113676537,1.907029103285787,0.4376303395600485,0.5464626686084508,-1.08792519528278,1.213469051701745,-0.5240607848518365,1.6971554706681955,-2.4720394707712847,-1.3601324384439664,1.8655337646297128,-2.109043165325133,-0.6731094133376698,-0.7103507977419022,-1.9834599226709408,-0.1232357301035556,1.4544151632073117,-0.0989761367316999,0.2650456099381187,-0.0522122537287923,-2.2392883968628494,-1.138423207899378,-0.4025865492267368,-1.6441101438522472,0.0595660003320146,0.120931003520762,1.3396460126771872,-0.0550315249058507,-0.2929597307961513,0.9504039229284926,15
-23.907912239932543,38.91640309684672,-11.900535081937308,15.54821551788813,2.426140267600528,-10.91513856757935,-3.110466605158466,5.650513040414505,0.9600547067523936,-2.3372467761709337,4.011530738571078,-0.0238150423540131,0.3939177778947417,-3.601007365072083,1.40682775370322,-6.964138818839277,2.49206726925557,-0.7791726101595161,-1.7215679660757166,1.9686626254359123,1.6780452378579,-1.5580473994987447,0.9424796630252724,-3.693096278583864,-4.607044428584927,-2.357127126952758,4.044570223862734,-0.6873397713854744,-1.0046160177539107,1.4927671331862844,1.7599715370998688,0.3422655566962757,-0.3186433418376051,-3.9368272211699806,-1.340414562926755,0.7119052043292078,-4.663866284729515,-0.4812180920117984,0.5039999813197726,-3.991679846983523,-1.4048789135730029,2.986649158820415,-0.0827892538804169,1.7632156513030426,1.091760076839955,-2.692355590529953,1.0890050375432363,-0.736876554137783,-2.511126356700162,1.7975356424995883,-0.0558057104211611,0.4823344008334264,0.3564940250966421,-1.910942667144356,1.1411356681396152,15
-32.200543930013204,24.88374854694309,-4.021806217832088,11.172627401083709,1.145098345244694,-4.741013070644644,-3.368466577024817,11.169349525823565,1.767571531549115,-2.7802559374011198,2.004132936341956,-0.921534707976117,2.230510510156739,0.2453504165301117,-0.401951136655596,-3.945099054816056,1.0193893219782466,-4.224359835519702,-2.397862897857852,3.651342293114271,3.9241161678239385,-0.9061596278887416,-1.0845762506112633,-3.0761270810549783,-4.707256871145099,-3.298317556152744,5.779343483991749,-0.7124628542300554,-4.958461959974878,1.548941995646052,1.65297768874446,-1.1984095118477325,-2.899839940633468,-3.8248083192067175,-0.988965878957862,0.6100382404427126,-3.863591801036656,-1.5887013959788494,1.8179131755667224,-4.722269397253677,-2.421523011643358,2.271168299612526,-0.4723694041036679,2.136795255011989,0.9792992447505984,-0.5821183775309978,-0.991848370732705,1.080954494446959,-1.2945943818214916,3.775954457234294,0.0296408851051426,-0.8026880187531156,-0.8601051163843768,-2.9861151395888066,2.3619027183906747,15
-35.63419261226174,12.249053062618785,2.7746397741271243,0.7243635946167383,-0.0940891184965045,1.8150923592481312,-2.2932910105948983,7.904384121150457,2.481062971034158,-1.6675978226690875,4.860733775022538,-1.264434047694046,-0.195205610782248,-0.2347330433774307,2.510582232623428,-1.0534100343614603,0.8971833216451283,-6.674063582951716,-0.7252861756652704,3.8602655824573455,2.3414867525336294,-4.071008978043031,-2.0930937588493466,-0.2365354876310068,-3.37384747615197,-4.541982606745351,4.1902340138209615,-0.683653112984684,-6.029147388553968,1.3021874696984663,-1.287922151010645,1.7240809877730148,-1.902843219400293,-3.585583979850677,-0.2384005153106341,0.0038309880433774,-1.1861353423850864,-4.9083463753736005,-0.3273114985691678,-4.1823698962313,0.7782753885635303,1.4305689306598182,0.1503041977651202,0.6852725711406353,0.7142401605473009,2.5715700944613995,0.0073507414818228,1.4947864155324206,-2.048281620655857,2.2374494931886195,1.546774073679042,-0.1854420118775108,-1.398128050932937,-0.7458663874971494,2.749562185108011,15
-40.023976516780735,-2.452272209479563,4.647876194182734,-9.064333844894731,-0.5736785925376893,1.4382642234471932,-0.1177752618488227,0.7492624935104338,1.0781208153661823,-1.2929229746874866,4.128312907069248,-0.7265358922381666,0.2714348255488592,-1.2071909334997557,1.9968300938732912,-0.2064826080679489,0.0382777656905369,-4.585205938715477,1.5351500251125505,1.1366019259064923,2.693788049070585,-3.7852478018877065,-1.6625613090424272,1.5897622160408866,-0.6327595990834473,-1.3832249966390933,2.049062664500434,-0.7854602323273,-1.5552828930421547,0.7955850415293065,-1.0663601950298118,0.523124135912479,-0.8586113613373093,-0.0791736811531024,-2.1895579825538336,0.8985468531083728,-0.2287314674486629,-2.871809650291957,0.7513074544728486,-2.065706714527969,1.8779057420428087,1.018914258422206,-0.511448845436946,2.65249268985361,0.3702552648976726,1.6288301471095354,0.7774981857398028,-0.6773927399952616,-0.8040513400791893,0.6359383269433007,1.2354724913121593,1.1164669311136666,-1.3846677070933426,0.3159623709775491,2.0908465063521597,15
-36.4512927456073,17.781784212605412,-12.95088540355461,4.46275931322089,4.603712660475396,-16.045584920608132,-0.8291615158726597,3.5884016627718696,2.128995805023264,2.44219620118056,-1.249830171011518,-1.7603605327489869,3.3365521098871334,-1.6011342327271416,0.8236159121515618,-9.954359458745996,-0.131566119461305,0.6329157115489711,-1.0150097898158552,-0.0103086801215295,-0.5193951722944847,-0.1226173594344538,0.8128087464540018,-2.8787272884616053,-1.7822161965913437,1.260851449726989,1.1756967023938103,0.8684318249297599,0.1748198663523618,1.0264721769288228,1.391846602296297,-0.8633959546009353,0.6077835464584384,-5.326664956097466,0.5370487577379837,-0.5269166481486405,-3.4059289038680447,0.7367771470664862,-1.4231730425289548,-1.684541636076326,-0.2897034026135133,2.3407158264255825,-0.3085909659349722,0.6829281727497266,-0.4987483191073449,-1.1365426024477985,-0.8035666417975901,-2.294823741019411,-0.9584300720491408,0.3026830067422105,-0.1366456393491791,0.3688591507094746,1.1436442770620914,0.2107114470018624,0.6820048860928702,15
-40.5950917159741,10.412177370059958,-7.9798337738592275,2.527221255846906,4.158407490345692,-12.11804013937504,-1.1741049822196026,7.012178589967901,2.727137882040538,2.149358032300684,-2.1936122405278646,-2.241616444143212,2.811312452535769,0.2241984376348612,-0.6001328306405722,-9.216547077987324,-0.3173773347144812,-1.3419771427233655,-1.2071127797375056,-0.5737305619420965,0.6184317706751578,-2.395337243410341,0.3186073833956535,-3.268639655132635,-1.7564357243176556,-0.7360153316440825,2.8686060621180904,-0.9610608197377462,-2.990246433878673,1.3150880975495107,1.1631501650674558,0.09017376865404,-1.6104150776469737,-3.6111126483045513,-0.5121740100709553,-0.8664940086980532,-3.651409126439692,-0.4698603425493438,0.0190757242035315,-3.402579089192263,-0.5890610448426166,1.2464897815676532,0.1038632633246373,0.4711408354951172,-0.6255034940773333,-1.1534485125757308,-0.4883538642961119,-1.199735945655209,0.1075235963788563,2.065467620942687,-0.3162135016841982,-0.3840264769574766,0.4039936212648015,-1.7024709675910836,0.5236916806052129,15
-40.5510157819615,-2.987485238857502,-0.3078026011239533,-6.459698809245734,1.9808856521068603,-2.3309953075714134,-0.8091622177673944,5.029399251111305,2.3139679227953667,0.6069696001604048,-3.157030016869085,-0.8932396716228702,1.5307855652607063,2.438150645083616,0.8352106017457928,-1.9456397179767173,-1.4966324458852176,-3.4893046030073176,0.6343206744633385,-0.0280383789397708,-0.4849694840567429,-1.3977611890746957,-0.2533201865138741,0.0767092231067586,-0.3137367404934732,-0.7389097995983708,1.675555005579428,-1.1764905205294771,-2.755150769681251,-1.0351095061880875,-0.703140023806712,0.8490154226577616,-1.202113363155074,0.2157097916352209,-0.3962821122849824,0.6272033886062182,-0.0956575311797486,-1.3773904454387995,0.8965905330316261,-2.227014157276097,-0.6462020528980119,0.4720271316911117,-0.041830368294944,-1.2307313861858848,-0.5959738269985378,-1.4514248506938665,0.5398407810786521,1.4321431350115312,-1.7486812638388036,1.9470192743435,0.1651981553487148,0.6606107997605541,-1.1907919357280763,0.5911098882661405,1.1650007382785086,15
21.93987872750106,0.6522436345654579,2.709663426557134,-2.550637530784446,-1.4583746186757982,-0.6949012339107175,-5.59184976544247,-1.9551505814827808,-0.8763936355251946,-5.842723239933988,1.04321674085921,-0.9984718259738942,1.9112551076900623,3.850400449792679,4.502834246385737,-2.4307443729015192,-2.9477756463812828,-3.180810943780588,0.6571657675054783,-1.041006252009279,1.7075704344742102,-1.190645777297885,1.9844929736237376,0.8121128304200588,1.8109802394244223,2.182454336299153,0.9555093965133528,-1.4250122697254872,0.0043591671784283,0.8608967977696391,1.1006305162271333,1.132101061777989,1.2085270518495292,-1.0541511572261075,-2.7683706765122618,-1.144131890470113,1.1152700016301351,1.0970295695201715,3.132517901535448,2.316340063451465,-0.88362664135424,-2.322531064864465,2.136328269221478,-0.5876437252049792,-0.8445168165031337,1.5946552646157923,-0.1223165063092768,1.2470526159694604,-1.078679785076016,-1.2245228218078064,-1.2416816124034322,-0.8944112015349973,-0.011672440404471,-0.3618200749659583,0.1960405985906979,15
40.10936270750165,1.254195703384596,-7.303534894265434,-2.435445261746455,-1.3414677437721092,-0.60193150348111,-7.856754758971531,-3.0995729086491344,-0.6979268953735424,-2.991342384059035,0.3112655678108909,3.274985992253939,3.8024730919598606,3.089706194921058,5.644087979571698,-1.81326162987772,-4.782453500386785,-1.063746283818024,-0.5341804710039488,-1.4517258511811342,1.580021357454075,0.1740970330102111,3.4611745652200137,-0.2287373601402598,1.448092384847727,1.3508916587012296,1.708852582417671,-2.609621576743749,1.0193125552552684,0.4581678248050809,-0.2042062344712175,1.3361998328872664,2.860306889351297,-1.5837236665507195,-2.5639061692554845,0.3173621838595926,1.1489397805119332,0.0240069197886162,1.9949232841446645,4.267288542125804,-1.0833164727068012,-4.472618304608208,2.8809888745992454,-1.8144336120746591,-0.2673418612842738,1.9824215484656211,-0.7388185598261818,2.1783510333926976,-0.1993529186932884,-1.6214025976811717,-2.1888134355152484,-1.4255946688483698,0.6155833787976803,1.0023124324430204,0.5551983306323744,15
30.336438210751822,7.473056072743608,-10.849593528623426,-5.592951777940841,-2.078922518923969,-1.3738332616640017,-6.329576420127898,-2.314874821808372,0.6337709972917448,0.2558670574294965,2.2591164887017965,4.186563459572829,5.123615518818856,0.7125285124592623,7.312134977224507,-0.6570086958442428,-2.08202266927884,-0.6351703505942918,-1.957092114387042,-2.1536168213209232,-0.3712065097758235,0.0757163581423704,3.91567583128275,-1.9553494740935304,0.5624324800619557,1.5864676169165044,2.9822047345668925,-3.95834900001954,1.611702627028978,0.0849745609382055,-2.5209397919985186,0.3090954044055473,2.029952031850404,-1.5837784920040865,-1.8762871239479129,1.641995682964472,-0.0294620135613215,0.166366683774737,1.443741632923057,2.943537946309468,-0.2322697130352535,-3.261298337617259,1.2519577051689437,-2.7144143268576117,0.2514928923009308,1.2596636272284911,-1.044448476343248,3.431713725946903,0.7013233955658088,-3.2662056586207897,-2.105505612673676,-0.5800808678061119,1.1488022012736896,1.141178458984832,1.0343354889684444,15
26.80275499022652,-4.044949058964383,-9.998399010957744,-6.344293655386173,-2.774870290574313,-0.1567831394767402,-6.211774634715107,-1.2138534096301183,0.6639572602215441,0.7049767943970667,1.8578514031212945,3.36658225386134,4.766074999656031,0.208578500576228,7.385574880015221,0.1074808090149629,-2.6686817122380027,0.2640655051328976,-1.4226735955746972,-2.497191159862127,-0.3904559587303612,0.0617179488661687,3.755259916678413,-1.3355711736200644,1.278510174482364,1.5899691335319006,2.77782740809557,-3.3938136922730613,1.918240134521597,-0.0213027511316309,-2.9241925604861017,1.0527404303798238,2.1698157737229358,-1.397514568581813,-2.0532229290599515,1.072124613578455,0.2229099312741768,-0.0252168196256678,1.0204431219563368,3.0667965009118388,-0.3165211326613276,-2.779312965336693,1.4694623707569652,-2.501354050883591,0.5898006007343909,1.1401381644652426,-0.8655753078363301,3.282100432499489,0.9664103385664872,-3.4013369919018324,-2.2605995349314463,-0.6272270476170682,0.8018251812955333,1.091485615371392,0.8515077793313497,15
41.20910556527687,-5.877598038207859,7.165981806377952,1.1314249833984518,-6.146040003300064,-1.670772155127435,-6.652992710692496,-0.4362800369576202,-0.8729369716374081,-7.804661399157364,4.3922879974003886,-5.140026944033288,-1.1635263408507477,4.9159555168122,6.243557992084477,-2.214812501211701,-2.6752450017327183,-4.210391239419809,0.3180286646161901,-2.213817632181029,1.0485771131647317,-3.2781598036474864,3.528814145644875,0.9897372965828152,2.573346011689346,3.91368436026985,-0.2911390866495855,-2.814167681684721,-0.8937634417964717,2.350476333248798,-0.1511653024643004,2.6243469839498346,0.4740297838249665,-1.4115022140558584,-4.211335801369835,-0.8068268187316926,1.8936254441963716,2.5712095854835257,4.596606365546015,2.009832366429156,-1.6254515445281317,-1.6981047650291796,1.2087402192866543,-0.4289669934926776,-0.8868454621110796,2.4694113536677498,-0.5205250246945357,2.2809388169347176,-0.5520683841310227,-3.3596849655101315,-1.5271593282027078,-0.1313420350536895,-0.3826788084162034,-1.1486463202265815,-0.291360198044957,15
44.42192317633462,-13.258619237270947,2.0476480411351927,0.006037302543166,-5.797810969566733,-0.8013530270955611,-6.975029917913821,0.0830501802516914,-0.2634631092858962,-5.642293638863866,3.880257764864663,-3.1154001736444923,0.3120068837382171,3.6500319576135607,7.34680797223659,-1.0530905826408723,-3.754953485212334,-2.055270110765488,-0.1392868046240066,-2.466824720852263,0.8691151332951629,-2.323889354406369,3.9435365320692304,0.7697093391146866,2.5724723161919,3.3732111648203342,0.1589733110598565,-3.0399120045717827,0.1139798202175245,1.4738963937791647,-1.4239727711136072,3.110746105808865,1.5228952999736125,-1.5876239554900369,-3.868249785626032,-0.4505895732302084,1.611902223713298,2.0133094573458385,3.8834437697089785,2.387203165317853,-1.0838439180995822,-1.930295296019719,1.7277443872058542,-1.1639759425258844,-0.1479791640009813,2.544150732104808,-0.4839293904509768,2.906495075693152,0.1943436839985841,-3.8839888223785306,-1.905529115026395,0.122359834384503,-0.0069503708833815,-0.6969859770175335,0.0528792360898785,15
33.18335634978698,-8.603967314875906,-6.474815802051293,-4.507291452184078,-3.631496356956798,-0.0215833617741854,-6.376594173627633,-0.750918363120412,0.5496300557874042,-0.998650255331259,2.467067544821686,1.5987884007705444,3.3093671838796888,1.24836138319011,7.502174307354025,0.1630663120124438,-3.402678833007892,-0.0615202782387974,-1.0570276077098293,-2.5771807443707124,-0.0957644925551351,-0.4694324637627113,3.8171567699381126,-0.6811235128296993,1.688560028708845,2.031177748424839,2.1229799109021927,-3.1604994334722902,1.653260545701238,0.34524278941624,-2.6589975918571698,1.892288815648436,1.9298828562504573,-1.4294221768843058,-2.401899137870946,0.4281452806743637,0.7200382297628617,0.5999552996164262,1.912904329864628,2.946224499671431,-0.3774473122069368,-2.6847416705633127,1.7649242928258853,-2.193689177463677,0.4199306833896265,1.535019359501519,-0.6414790836743219,3.106444492601648,0.9268485608651098,-3.652020736262559,-2.312470315686181,-0.4887817118614646,0.6606784838611773,0.5016700300427093,0.6190415458983786,15
7.9559281703523235,-13.901816714246,-14.088793406284733,-9.762083753437125,-1.760719988664191,1.8469527922409577,-6.401031168616214,-0.1302061563760758,0.3170417043427813,3.8491009498342352,-1.2669555168025854,4.849904839843218,5.868986347831988,-1.3169841221920608,5.275475834746207,1.8993027201294816,-3.117518257348524,2.84852315884004,-1.2052968067710037,-2.0217434190580748,1.1640577612230374,1.4628093007152638,3.7091417867025145,-0.9632747416096988,1.641244845254158,0.1722261296060413,3.1048945620493456,-2.051550048047526,2.459519160864002,-0.1915901053566424,-1.26609903859448,0.748683350435177,4.968011194183291,-0.7549495459607881,-2.033680540208049,1.7841166411310427,-0.4935149648537268,-1.7079923226625024,-1.5110736834979068,5.080442978247106,-1.7921199045843133,-3.740221837882826,2.317128275926181,-2.471600865075223,0.932497505434517,-0.6082289774519034,-2.1277999508756533,2.034435770649938,1.3125667300386998,-1.663289567176792,-2.687284306093857,-0.1413955411789979,-0.1031895869818093,2.506365541837828,0.5079478647785868,15
35.662292619352826,-17.60612633783129,-2.5010460424880727,-2.697510473172324,-4.7569921370103625,0.1991952833293669,-6.392178145413063,0.3316008297305668,0.2229275872645277,-2.699606414336286,2.797975822191999,-0.7095978817364871,1.6922179983599337,2.151058971673925,7.468751872523846,0.1175005775565967,-3.77512721766692,-0.3691773154106882,-0.2519934112277991,-2.648943278552612,0.3114381560026,-1.3046544255294965,3.803988895910411,0.3652609439832396,2.361322274211915,2.446014368546366,0.9492771545522728,-2.8622634502496758,1.2334573410799865,0.5518508865439207,-2.244252626468798,2.8789643981092348,2.135112986533932,-1.4285069280929357,-3.136233053176128,-0.2317041456254192,1.18563882531615,1.2833994853577813,2.6304596654884613,2.56370619803158,-0.62646801113213,-2.084583634615749,1.812502188954558,-1.724423252814492,0.6041102245831532,1.8551189826904613,-0.3340514047842833,3.127063944820193,0.9015988556475516,-3.6784899996478777,-2.335520876206784,-0.0648778742815269,0.1061319591008594,-0.1114064871913931,0.2676588497756047,15
30.583033652740188,-31.056170786192904,4.7533974167114,1.338278471556047,-4.013612568073566,-2.116119499749015,-5.714769008392421,1.3120122503963745,-1.6134705760157442,-6.056714291456355,-0.5473244445913228,-5.871562333867392,0.6252312452936207,3.203998011180734,6.333027341242689,-1.1272615904542822,-4.987660951718867,-2.395942953647132,1.7617173995177415,-1.0544154779306438,2.086417652412225,-2.5541452267879534,2.6427313930836163,1.948883440509747,4.095730569316026,3.46895894581462,-1.050851403871413,0.3017297329244688,1.0815434834139397,1.1073091863118392,-0.5080166602311132,2.865440689375926,1.4410261265027071,-1.918539671786742,-4.82248757393444,-2.0728690664912275,1.9489115569256168,1.5305779915563151,4.017450951408745,2.9929151175803725,-0.3303238233727865,-0.0593825998563533,2.004111654539517,-0.4588913153075417,-0.1770238068479037,2.9875359543769,0.789905464841143,1.5500223750331894,0.6103112292235645,-1.66669983562239,-1.7703402209101926,0.3945540182889248,-1.5927214158075031,-0.4221571085611937,-1.2001565270699015,15
19.78644078919504,-27.747429345358405,13.764479870824054,3.602461731376029,-2.9874224314230693,-4.794603827401255,-3.5294342528292875,0.3158008125992894,-2.6537009250599715,-8.448015052321088,2.1824755530694357,-11.37862264329299,-0.7560126390376257,2.007769009092997,2.985082336507624,-2.834870413750059,-4.237572069359231,-3.7084888826333127,2.7229451988957685,-1.3420567553920404,0.8116701170230581,-4.506886603810357,0.8927198535167795,2.392590602918857,4.720681839231329,5.44429251537016,-1.8892179126800772,1.494385281492537,2.2250873835521507,1.5502428359748073,-0.9438728584429424,0.9887767459126188,-2.0659324306511886,-0.2117074146301157,-4.647506016186849,-2.537355364918369,2.3837400700503557,1.5758362360491955,4.10792941432062,2.171089577415141,-0.1186404565826767,1.7169705032004603,0.2166763337919466,-0.2387633116391462,-2.3001761597667563,0.2125916944884477,0.821451801841911,0.1055893946222787,0.0113479606383169,0.3701492940326866,0.3754045648361911,-0.3030944184863783,-1.30033476100516,-1.5610893024763963,-0.9751523682599508,15
-12.298780200526243,-20.22349073684185,18.41677895691093,-0.1659117162281604,0.3173484622497841,-5.086126101613573,-1.6916538831854622,0.6218013210257733,-4.948027162624207,-3.0027825092053764,8.71904071297421,-9.26498649215808,-4.405405886235546,0.939841230363127,-0.7732554228157509,-5.193030826157829,-3.4922781873425595,-2.4423853359286367,-2.7625302506284326,-2.8966827598853664,4.040073846372789,-4.440724001674568,-1.7713095740352347,1.9547466846498287,4.167086503192387,2.872635840908204,-1.279553216591443,2.0147867259423,5.32250701679782,-2.1702426186986825,-1.9738266833850284,-2.0880055949576937,-4.380819291238958,0.2481256172832709,-0.982968317781749,0.5567882320465618,-0.7243621300584268,1.9676127959458107,1.880091154424708,-0.5665613555371117,-2.099428459596381,1.2577472445014022,-0.5861947002774517,0.8664125598800533,-1.4571409202045078,-2.335326089354913,0.3789525299632926,0.1986500987998662,-2.203296101445649,-0.3044665381071514,1.3090419977746823,-0.5719817801210567,1.293964655173248,-3.175443761789379,-2.239389485300836,15
21.849590168721605,-29.792187088057982,-10.641411477470813,-4.5207087878352175,-2.781767213641116,2.0374657588406517,-7.634196174832749,1.827729739613215,-0.3968585056131152,1.1834179633858732,-1.2488647561134298,2.251609366566456,3.7485388236421207,0.5092858354812221,6.820971596402668,2.9729510561699226,-5.254395923977603,2.400294335245349,-0.4246984605734213,-1.934252478964487,2.0332759439908554,0.7732677263373439,3.4355053704088068,-0.1069481095805394,2.79481077967876,0.7903399724371838,3.012763120367528,-1.7268389545303766,2.997081079699482,0.1039196851880011,-1.2119798810273674,1.37180598774371,4.251437354463241,-0.6255218686167511,-2.911540881682003,0.339602800171994,0.0084057475725343,-0.3114509484813371,0.4517465020840312,4.952025148251158,-0.9482525598938016,-4.08927594194474,2.6001310553652344,-1.977347023911935,1.6109035999922514,0.4772069487567952,-1.518511931844972,2.8873266505916835,1.220409257360051,-1.6109042648017184,-2.7804382754806105,-0.1515511043459871,-0.5228072119702201,1.2388445947550373,0.0160789521513669,15
22.807869657443486,-42.04693196856011,-4.937450070418551,1.802359992272952,-2.7422632998876484,-1.8933143770236989,-6.436222644469527,4.348150703309447,-0.90137915314523,-2.0843767988025084,-1.886629614681558,-2.814831570120195,0.9871005254559236,2.6242630008056445,7.317810995896271,0.9131075112607292,-5.889345284929579,0.9271169140789144,1.366809541098578,-1.8885262253251185,2.365556296137641,-0.9463262057142142,2.751766275218356,1.318171926634071,4.239015703255825,2.0932867516248903,1.2287094692859573,-0.572202234478099,1.8600377344855896,0.3954310866258648,-0.8117379924195384,1.3764774952549117,2.8375911459300327,-1.6403573925939918,-3.6859079696965127,-0.7378985123722951,-0.3886823395703742,1.1942184955882893,2.4019820359220607,2.598869503198913,-0.309773157533239,-2.100452440925072,2.745454320129659,-0.7450870936366287,1.6442950507948026,1.5555949878434088,-0.1996227244188105,3.006315113686892,0.9787465055067698,-1.2360957014492375,-2.446015968939194,-0.1623769988588779,-0.5608136615107546,0.0783547938862542,-0.3338193061431935,15
-6.069835045413005,-30.571556131405764,-10.41796330626481,-5.81763234520209,-1.5901989495353377,5.146702938199068,-5.80638022155452,4.765457284978013,0.8451279176253221,3.097132389056405,-0.5404790645780954,3.013001160148834,4.501444839781851,-3.1866197347092315,3.443544765449556,1.0068172857838058,-1.7718502683802015,3.0333223104045985,0.3250244917877404,-3.985893855384621,-0.8867030864732007,2.625500307848432,3.523969443947267,0.2709980210518413,1.1933792318465497,1.3932371064672722,3.5036702460876046,-1.0481964540602222,1.6196986693206052,0.6604787743034122,-0.6589366051341997,-0.1403532098642157,1.5575423108615365,0.822250659249058,-2.274446708999732,0.0942122988288234,-2.460946386934049,-3.319962863930753,-0.7861129636491141,4.186878542512025,-0.0766200678190865,-1.1350738544564014,1.7216094514877525,-0.7873666068564147,2.3844006435243874,-0.5611997044789572,-0.8677452978933275,1.94360573667464,0.8110052348267366,-1.1221815592038222,-1.7944925746336242,-0.6110402435660839,-0.0868001775835866,1.3810914875528113,1.8508980681758551,15
15.566506652522316,-44.72952243123912,3.660410098814292,7.778198462958254,-2.1813575138985164,-6.202910816335035,-3.856002075346257,4.546393045253708,-1.1887034796924945,-5.492080347713449,2.054799045003392,-7.766213957658111,-4.431539231424751,1.5095312421217273,5.910834570100807,-2.0498029022053403,-5.989776959134519,0.6726765144550585,0.6031682742469265,-2.581699819359476,-0.2276591274814501,-2.096297567668381,0.7581160165472187,2.0209456035761,5.282325443667643,3.920462122476202,-1.1073639126364292,1.1207899836448003,1.0003093690649771,0.13579818188144,-0.8700509528319612,1.9964414026060169,-0.1408311391873346,-0.0926656492219088,-2.6153723926936663,-2.586740183406616,0.2760298279309113,-0.2537140815687894,3.5581941689267222,1.7835628042518856,0.250500056899688,1.836713181685605,1.810341160967832,0.0011151040640741,-0.5537987501003854,0.0054486288355112,-0.7380950364698542,1.8654069301349383,0.8736355315617529,-0.8817961161753343,-1.047726151760333,0.3536741364155942,-0.1145876835677892,-1.2688954888936834,-0.3184056929449889,15
4.837626611624504,-41.40561813189839,-9.609083966527292,2.265166762722422,-2.826564146829129,2.622945339148917,-6.265876161681659,5.227538277159205,-1.5816640343528738,1.0501401596351367,-0.555801216757132,1.217787392345163,2.3539800825546373,-0.9030850976334376,5.483523937360851,-0.0749135180018455,-3.549686191458095,3.054797112948405,0.1660611745283143,-4.157814406124046,-0.7718712037455506,1.5195910325431312,2.870564975785208,1.4061870126847913,2.3508322048669137,2.075071317479849,2.419156394239097,-0.5313405961376494,1.4473041245548215,0.2603067944242234,-0.6673157780562752,0.2548064094286972,1.4490943099805882,0.7264847388735506,-2.051343617495148,-0.533306607136598,-1.3406145842599828,-1.7858951004795247,0.3175504934823203,1.99174255298389,-0.5352875234904346,-0.6594672870856774,1.587271494906045,-1.3474527564174037,2.1094848171677607,0.3794836641486206,-1.1633603952537783,1.7672003176449045,0.0739214751963704,-1.0764989958357871,-2.5183934118162865,0.1616516952701358,0.3688663552139563,0.3013460271834233,1.901421569487741,15
4.134883713128526,-46.723047977523805,-5.657100362820468,10.318617222271408,-3.879097480941561,-0.6186707665899855,-4.81908460590208,4.3720841282821645,-3.1376822774664763,-3.032530275774223,-0.9535230035795208,-3.7297656167030606,-1.108085975204276,-1.0315916279558572,4.465542552344881,-0.6096101428411944,-4.696024323012832,2.031650231244577,-0.1800830402407144,-3.3237978508802195,-0.6881406079594384,0.4748313669900731,1.2972033340682254,2.335314971406123,3.340607779960668,2.61887700226178,1.1749438002959145,0.5088710722440147,1.7953618382994114,0.1008547436222972,-1.4334047108022765,1.120033715457415,1.1346564492118223,-0.0284160798545238,-1.99236609239464,-2.431358893763121,-0.2240970124112257,-1.631800873147948,1.3840836972341002,0.4133084047892844,-0.0672230628205315,0.908261441548624,1.4442602879393958,-0.3458303800218869,1.1206748772749275,0.2231795706925751,-0.3618323869933805,1.569007408447734,-0.2671998325475458,-1.2037099932518396,-0.7740179697635848,-0.2847899487799215,0.0344494975118787,-0.547005894944325,0.675371058972189,15
-1.7585461611455464,-38.09965674059784,10.222856098582485,8.142392675381565,-1.7205497512388097,-9.25837460196391,-0.6123686059123241,0.6199415466546664,-4.644419850506672,-4.963062325876284,6.250785344967469,-10.962626535276732,-5.71566655367339,0.7623460470737142,2.948128477901789,-2.1515847838253253,-5.830138875408406,-1.625979130454203,-0.8210939823697475,-2.169835626278794,0.4878742715957078,-3.085205291953625,-2.3021247895053567,0.1170878695890994,6.699168348249551,3.0912251530097192,-2.8966696220934827,0.0410347934390965,2.886247764902242,-2.9305355506291506,-2.120882517283249,0.2879065814699478,-2.98694645088172,-0.7834065293778404,-0.0100891385757683,-1.7837856852823364,1.9223855529869471,0.3166870735190046,3.616095305802724,0.4124306383069309,-1.2247137337615808,3.7496470252172234,0.9457557355272092,0.5917029134790933,-1.3069758137995582,-2.164341593708588,-0.552852290474195,1.8933964893028168,-1.5342851152498331,-0.6008550031716459,1.370998826941063,-1.002296541459864,1.2174564460756054,-2.7010761338796594,-1.8674682811953371,15
-13.798648160113968,-33.96504198835769,-11.357591728626494,-0.281102277862036,-3.3959626806652814,6.782566228426338,-4.6154789506270015,4.906703463643226,-0.6178077959642835,1.1690876146337628,-3.368242421985204,0.9349638756271096,3.566321421992805,-3.452883015269609,2.9402541508150435,0.5539049254581303,-0.9990138661290372,3.206422878079189,0.5107682659789414,-3.38865852536456,0.5789065330480734,2.5120737500331987,2.7010253639345296,0.8791490620188729,-1.047013443016396,0.7595248259469835,1.822056753497124,-0.3987653513715409,1.677824951180335,1.4827262494005613,-0.8399770528498899,1.0963396649880857,1.8177856667827057,-0.122262009463738,-1.9994960769514971,0.2947777899685727,-2.671055213307405,-3.406511962527353,-1.3140279206749317,2.3163317607293368,0.2995589037824938,-1.3419734610586012,1.243628820784132,-0.782858285982978,3.078496046780534,0.4169678660414026,-0.2595774022156905,0.623440687065862,0.3755523037215015,0.2753279291282254,-1.0905715087974954,-0.4514112462542594,-1.228129941209279,1.757647701699063,1.1445692749857863,15
-4.197827210251841,-43.73291602722677,-0.5285299420635754,13.82110248383758,-4.347368701471386,-5.234687101874231,-1.7215248481246013,0.3334499485337188,-5.793208931837387,-5.456663373296602,-2.113344634951669,-9.224027758021675,-4.536760757084194,-2.1885480757497837,4.0949718176169565,2.1545473573465794,-5.378351992293384,-0.7061909183076801,-0.5874608030666005,-1.4245546497985937,-0.0348741788053372,-1.3462542279384202,-0.8393420157544985,0.2334580787580274,3.851986880181848,2.177685617384976,-0.6219798198370035,1.2458832615567343,2.907934716527244,-3.202775399470577,-2.0496586069563487,0.4058382247712714,-1.1273435262771514,-1.238736221416363,-0.7182227704927387,-3.5466656375044194,1.4788560925369092,-0.9307426784944683,1.9600010863664057,-1.6878416828349518,-0.2083270111568298,3.057910471641331,0.868593914157704,0.8582050780126967,-0.0965416792754416,-2.077260755701481,-0.014555174481181,2.5791269503778307,-0.4300311628551948,-1.1208424569747382,1.4249048284346306,-1.1764986191919162,0.3467855329487143,-1.810568315244489,-0.7089914733227635,15
-14.669690707797477,-36.91159317719835,-10.167688796432682,6.099511018773471,-4.817953833072776,5.634612313111959,-3.609154652708879,2.5446777254734347,-2.3894701349027665,-0.9896988428551796,-4.369794435024847,-2.0669196403477272,1.0763814711083686,-3.2478816212378416,3.776768245109341,1.097944266381666,-1.851954094658161,2.3575426793290664,0.408846141939816,-2.886254162330474,0.5876814247735735,1.1894172738947484,2.014275013152905,1.203987429008641,-0.4286053193034964,1.0869807389829595,1.3917956275577337,0.4626089481983308,1.517554827955771,0.6258012668172025,-1.038571212960067,1.4330682869907267,1.5995384672468718,-0.5512468801043116,-1.4192321163140895,-0.4238764157832748,-1.70906619230341,-2.137257172836491,-0.7518792248313396,-0.0630560271407146,0.6128005974659233,-0.7170482012860164,0.6012826641859875,-0.3512430815860514,2.657630498864776,0.5843460720142294,0.445392054627969,1.0208599038964692,0.317108900479454,0.4328532004674388,-0.1489580244503876,-0.688824005169706,-1.0435759865015724,0.9128660709538846,0.7533128744569769,15
-15.787894138942912,-39.44662928298247,-8.730026434491796,12.521256378445493,-6.061141611178117,3.859116685909813,-2.8400231496702557,-1.058523529988746,-4.234571481017739,-3.482513296556781,-4.722953574280985,-6.169368876523343,-2.520783499681983,-4.634706786600996,4.930665758313494,1.818352039265202,-3.573640576983914,1.2284109453617802,-0.7840596881823026,-2.1141472586395977,0.0433228992427452,0.3801880694434985,-0.1185143719060221,0.8350876924469011,1.9282120739964488,1.6947767178268702,0.4438660884503123,1.141117390671544,1.307232056538756,-1.4099855820311806,-1.8184352991379644,1.4433911110110875,0.1313658372099437,-1.493614115167614,-0.4549758946161388,-1.5706866480038275,-0.6069079617038473,-1.1788867010340818,0.099464056081729,-2.265929500208552,-0.2244276505088867,0.7634532785629936,-0.0817906943865452,0.1175160262511638,1.7023974372640176,-0.5818464889776681,0.8668151613175207,1.6861296588300652,0.0571663728864308,-0.0546860297120267,1.0388044090761197,-2.0424748797387595,-0.4979565021541998,-0.1716031784699989,0.9067590234909774,15
-25.869812258081517,-29.59968172903233,-1.3786092861403223,5.452721645049405,-3.022108802307164,0.19206369621117,0.8575845213802457,-3.9639027336835055,-3.4323428691866025,-3.0938589145835347,-1.7204410234470775,-5.759990226392756,-3.0855601799760257,-1.839574243057715,2.6543878582893097,1.424741612766568,-4.319228594409657,-0.6411222792877482,-2.8900143743109825,-1.3896283648819456,1.4626035314274186,-0.5858462353833114,-1.8735305558721924,-1.2363637411785766,4.379810220165173,0.7825525543280224,-1.741883564192516,-0.6596914493707828,1.263334717902633,-1.7877479462873125,-1.076936137214158,0.6180833975257582,-1.3706677017299576,-2.297842542165764,-0.4488103378869931,-1.2135218701531818,0.9605116300747688,-0.1648644556103674,0.2909149398114904,-0.5664140957790945,-2.0602639680607155,3.715562734779868,0.9809529394416552,0.6383497538739198,1.5907774909607906,-2.033928591841651,1.7115492537527592,0.4529225107126783,-1.3454716977661525,-2.315365695734896,0.0568044928598108,-2.171341729291484,-1.6893698982464809,-0.9374763077612964,0.5754088448416461,15
-26.832210945193232,-27.501009230165355,1.8243825410566408,2.4401829178809837,-1.023987033814196,-2.9383600802064653,1.201898380849145,-4.09953388366692,-3.18383622961028,-2.4571977317016147,-0.7985901096723851,-7.048881894129299,-3.093839844876938,-0.2464124208214815,1.4704098940063766,2.1222281028476373,-2.5529007632268508,-3.0607804592028884,-3.634493299011999,1.226882066565833,3.2988238092553277,-1.9057639950569571,-2.5001596752217115,-1.2381327454983493,4.717985662115389,-0.0752512990524211,-3.65455076494098,-3.127705660513656,3.192730568225828,-2.865705389590253,-0.6605069666357235,-1.3974806323717663,-3.106335034633112,-2.086414770398433,-1.8680032427746305,-1.0690628774401203,0.7987775440878953,0.1775346549743651,-1.6483760232304594,1.0683280195036118,-0.593822549704481,5.250625579089328,2.069879999020411,1.969790347846876,1.7270524523376314,-2.4660936362013897,2.708200246124025,0.2781824486603729,-1.2167850512570555,-2.3305021777693,-1.3004834343556542,-0.2154413893103827,-1.2771595419260942,-3.165808872854839,-0.8432136871258964,15
-37.18981204966353,-15.518046692131303,6.214501332986585,-6.575922283624863,-0.7070922656586269,-0.3634329092393648,1.4735206268438068,-2.548723342357477,-1.7546299407493169,-1.924879086311624,4.4977082063993175,-2.200754315704392,-0.6870788956714065,1.07864664812103,-0.8402184834791282,-3.6673013803435737,-3.766156725853507,-1.4189690481976045,-0.165776251853095,-2.174302387530607,3.270108916768544,-3.279288909012474,-1.4419590753672735,1.2871514764199985,3.540043092523291,-1.3574428645640315,-0.2763850270928296,0.618941550952063,2.287752106943272,-0.7337958737177915,-2.96442674778619,-2.1723766635577317,-2.4214674191234358,0.3910758040556251,0.248168890327087,-2.22476873492479,1.248479264603805,1.0329678268369715,-1.5811538026003444,-0.8400775669214374,-1.532268722606669,1.7894176433560072,0.8969655277183164,2.0540998566338127,2.103548791169826,0.7714708456090531,1.7801415428776806,-2.2031583902024297,0.4350721080828588,-3.1012728562352554,-0.0951109003783643,1.7307177739405022,-0.5633698630368607,-0.6979060973752516,-0.1295660395372648,15
-29.452257868149264,-28.472950642132123,-10.29850842255651,4.7723046655502905,-4.8367155940948265,10.836990767258516,-2.5833604241935944,-3.2989309720739324,-1.022405224182238,-0.3158103565851312,-3.526197756833949,-3.6879130496954136,0.8404101049109453,-3.433858238319941,4.381842504637296,-1.207835426922357,-1.9733461549643108,2.713131282020857,-0.1026906530813527,-2.1818274576044883,0.9805495058413588,2.4729863558130285,-0.1730603744577763,0.6058386462941201,1.083758319235918,2.388085650543988,-0.182079906295393,0.4449708844210238,-0.6147243372395041,-0.5257908778837289,-1.0994292273352748,3.439064949926385,0.4110219590377664,-0.2535661371342821,-0.3366525890280826,0.8225283911009663,-1.1676846471184197,-1.326906257610544,-0.3863607064835596,-1.2091082148206365,-1.580342504583946,0.139810329284873,1.0536594746861725,-0.4588430567949503,2.569982671172768,0.9020301742665924,0.9093355021210132,0.6027268644527295,0.2253237267362257,1.9048749782221293,0.8781723881326887,-1.2579579119956583,-1.805836411475771,-0.0760237770040118,2.4548048143807333,15
-32.98033442663785,-25.812076602243977,-7.777848790131302,4.541996535349536,-4.318267221112138,9.66076665240976,-0.6677385123467777,-5.631654181350137,-1.6679460039074696,-1.2807111769440958,-3.6513126660665542,-6.008617083389614,-0.7016681631222079,-3.791528994413056,4.657784489199809,-0.9402428826831768,-4.083717858054042,1.7968510378622808,-0.8098047919721981,-1.6274963069962831,1.4703648723546394,0.0140210854505809,-0.5466164077258295,-0.5517845958501989,3.974155617017972,1.1099013982560697,-0.5468817657713934,-0.5869515264834375,-1.945030108043753,-1.3609900214800164,-0.2060568232369317,2.2456268983168512,-1.6967887015364724,-1.287768945869883,-0.1227417680079222,0.0745353010673331,-1.0013406520036074,0.7410581613716571,-0.1624614862295032,-1.138074357604889,-2.768788172382324,1.768059764521631,0.568636906349725,0.4736228702707333,2.0688026252640905,-0.5486784468926904,2.19615846604691,-0.0627825639676474,-0.9290674191884228,-0.918221859688319,1.0747970544139025,-1.5772838479306055,-2.5993596033561475,-0.088469566090657,3.192777085791965,15
-40.82561038289642,-14.59780027110294,-0.6367811264825245,-6.255966183770276,-2.0907864008712047,3.8219433743059046,0.9616183229970428,-3.721303677919831,-0.4529964816849846,-0.3829630649692163,-2.9949504733605865,-3.251148438971858,0.1402119304938133,-1.230474772824781,1.8051462583012612,0.0267636383636552,-1.1333900847079097,-0.5993472624747843,0.319062205512648,-0.4171102917862916,0.7320722252908424,-1.62208152001074,-0.6959516975464967,0.2047841059287815,1.7595356948643175,0.3516441304090387,-0.6360883002280477,-1.9589687317376223,-0.9776340704934532,-0.8415542681286204,1.1607426964250374,0.2846592360916304,-1.1484695363694708,-0.9715209130445815,-1.545661556124191,-0.5000184277391213,-1.268532864387124,0.4827067088345834,-1.1594129210266415,0.1185091010173682,-0.389096113469136,1.7560499787706378,0.4826983517094262,0.6258631674617119,0.9867623441385296,-2.178744525999569,0.9942289367987852,0.1123968554677022,-0.4849904370912827,-1.07285618484784,-0.8651772295923394,-0.2706623201485301,-2.406533492683128,-0.8336682782178623,1.7961330204610069,15
28.910904674966087,3.421382741024813,1.115534360794076,-8.19233414340306,-3.0779146486049296,1.7934278478608356,6.875844567445059,3.585356201696502,1.6455792620334997,-1.5811546390801368,2.0447339010487164,-4.203862053565032,-3.427131594257904,-3.057159741854964,-1.0924196445823926,5.143335878721653,2.123846735618288,-2.832211135277042,-0.1625536891472529,1.6327626511510085,1.2189849127499135,3.267827609726996,2.333170915342921,-0.0824176605149327,-2.838975301235592,2.7141958861387194,1.1026534944241595,-2.9980754332032222,0.3591041394316919,-0.1639585212741524,-4.479376808443125,-0.1194791295164593,2.6017436019570472,0.1199901000735011,2.6165349602873604,0.858527216483916,-1.4985604872865828,-1.759105668789771,1.7272909421733784,-0.1430828340219813,0.2809869139424016,-1.6905731918909888,-0.2472331962665745,0.585148796356763,0.7248617654673714,0.176498412047391,1.1426406234637214,-1.456729392234225,0.4463774399401673,-1.6746467868104205,0.3054746350336184,0.0541015301814998,0.681716824522077,-0.4153015405945247,-1.0096750549618425,22
30.200007471363136,4.780313330398705,8.638147769840646,-8.083439383190266,-7.548664782481291,-0.2168294629118583,8.509442669039917,4.50908061394556,0.9500663416462716,-3.35904195535101,2.0744997994064,-7.0649671905458655,-6.916238331273646,1.1279191123581065,-2.583531396569135,6.7783723945141965,3.407890926596495,-2.5130400628883445,-1.6398746739258048,-0.441914934863578,0.6096388419132777,2.004498811698129,2.884242758559268,0.6398338927721463,-3.5464917868267958,0.7888549728201532,1.3925222449059644,-2.8644785170158493,-0.7692118020618318,-0.1255604630349912,-3.780556680162032,1.6353627474909536,1.3873833859949685,-1.0303536339160515,2.318105475612445,1.6607817516396972,-2.2059569249107307,-1.7014946888411075,0.6855696591516763,0.4054268090110013,1.7546877348617442,-3.0105168700172857,-0.6672093528501605,0.7683559238537819,1.5789948141992594,0.101238270707957,0.5088557428244298,-1.128779343617161,0.2572465278465856,-1.630910560551011,1.0338480170555584,1.1288531516368157,-0.4344528665615088,-0.8559556160960561,-1.3221596529379864,22
21.865010754914096,2.4580505092787885,17.41633486665189,-6.131511465084053,-12.517219080048015,-2.161107221245051,7.075708798454063,3.3433925087716307,0.1957902035744671,-3.912429141062696,-0.3241903435939511,-10.150537650017643,-9.6066104508147,7.000086664792757,-3.991778185639215,4.023946813284709,4.245451384483397,-3.6654748739398393,-0.5789188936220887,-0.9263841301987208,0.8512758288314607,1.316553299875844,2.726572871221201,0.9409971120925252,-1.7098801360164704,-0.609171884021333,0.7062932867462536,-0.7822538994220479,-1.2448579761114484,-0.257447515168192,-0.7822605334443439,1.9698935978107128,0.0115020436609031,-1.406815227147477,0.9211389618485658,2.332432127585851,-0.1558292969293299,-1.8147527200009024,-0.0207261432418556,0.6386519887792941,2.437600785727663,-3.9548972449328432,-0.7715619941362335,1.3218143594295295,2.0356986226664167,1.46038444189724,-0.0365402112127093,-1.033598311720097,-0.5845436637656752,0.2259987538806806,-0.2850871676291307,1.204299963584076,-3.054408053644327,-0.6158126635868595,-3.6071406622604494,22
-35.566571964299804,-5.44287314321834,14.556107111670771,-6.472720643303408,-1.729360599470733,1.2927736037995166,-0.9516597762346882,0.377751845536655,-1.9243039821117207,1.3049217473212311,1.607431287196128,-0.6957254969639252,-7.36929164045825,2.20090802328547,-1.2057848330368035,-5.342705096936953,1.2456259648922936,4.25577297072609,-1.466566889802018,-6.291672329937414,2.9494155264032664,1.366580767085713,1.446222179339431,1.2211787840226702,3.4094353508590216,-0.9153166346404984,1.641460431213084,-1.0445797630955826,2.800021567992666,-0.7005789944539351,1.140806813723276,-0.1342536798462782,-0.7158940516798088,-0.0748564574640709,1.447785012227682,4.190123324952196,-1.2132876039233813,0.3896568357342594,-0.3879710728122807,0.104693557935435,-0.7227823931158235,-1.68062516108483,-0.0832972355235154,-0.2228180512126416,2.61633050321293,-1.4106480511585229,0.8473194837337992,1.0146841279257912,-1.6320487059032356,1.1483736288771114,0.486642616547795,-0.8826132219797522,-0.6641791377476622,-1.1594086041022198,-3.291991556982756,22
26.5727114233642,2.8347912547211176,-4.681582357449404,-8.983859249893852,-0.5694306134134164,2.4131783845643557,6.55185705396223,3.7585808146772273,2.9913247271378736,-0.7648410487839984,3.019805013092625,-2.5932416704650505,-0.2826752865181945,-7.1639663628683214,0.3805207777652462,5.038002370375893,1.4620162241668282,-3.564536320750659,0.5932824597216201,1.477866956453109,0.6921644998373891,2.0475937376430973,2.667079073787298,-0.3306425910461639,-2.393248127933877,4.163196059889216,0.2841320976749579,-3.536371120543661,0.7721472071936646,0.425782493968042,-4.677139051509085,-1.0587142373508545,2.658118517505157,0.5016805672714717,1.6241667798115311,0.5699206672521507,-1.9440314019919471,-2.382981926942804,0.6009317283532404,-0.7369886913751929,-1.439912664639443,-0.6410784068809611,-0.3727108068568742,0.6738126607460936,0.7115026687042801,-0.1426007688376569,1.0409396307909304,-1.0230348650073935,0.7647754504593653,-1.5425146369886928,0.6039563415676651,-0.104530549375179,0.4952782154886792,-0.8221753008523583,-1.098455160382675,22
5.771591135718596,-0.900038661154258,-6.650422702097583,-11.258539279830105,1.3427237729688746,3.1823515947013155,4.451782565886226,1.9880487992518243,3.165215902239358,-0.2569801157117492,2.169479841250088,-0.839095067001225,2.7201715678946874,-7.78451556983221,0.5984978930156936,3.24441708850678,1.3413058145483454,-3.5853850410899666,1.264388047995626,1.5182304306267789,0.3715692278565047,0.2861858946502434,1.7185156314308856,0.2504157807745003,-0.3012564021731609,3.736171709066436,-0.0279514200982818,-3.886227832931076,1.331199042831139,0.7495832586949912,-3.303005281597577,-1.2104914670240394,2.478677994713675,0.930629174194068,0.5998311230383059,0.1441241741203566,-1.6916443241672872,-1.7866994277092347,-0.1073031835144292,-0.8274829703532335,-1.9675015073142776,0.3151930985031785,-0.3145470458038121,0.3824042646985767,0.6350886440350758,-0.5640701071386504,0.4582732320399045,-0.4616743931957777,0.7605001649482701,-1.0958366548792196,0.3313466485585979,-0.2625806029528338,0.5759549538651624,-0.6956416694631175,-0.7670247337020567,22
30.80255191267396,8.972631395311412,5.152994147489641,-8.684125453166727,-5.981673107371034,0.6234901329620977,8.416779462460383,3.5061318214239034,1.860271746682508,-2.030556524660386,1.7329365498469775,-5.177741529669779,-4.9086961570348375,-0.4501575674129355,-2.565213524542999,6.546090450831085,2.30464983372444,-2.240805175273049,-1.365721697156973,0.6923913220038652,1.2489889825663034,1.8414166425695209,3.107255750263638,0.4346336609237251,-3.2401104592851886,2.218364362892098,1.1290553577789089,-2.6304947978344257,0.2739349848629247,-0.1568738442892337,-3.9157439420097706,0.2221907965431024,1.404107936492877,-0.6568208313595251,1.9884487408009743,1.6790038871876356,-2.133565254851211,-2.6066224240512565,0.5340450775997917,0.4735905414383775,0.6334494322110676,-2.5528987430534285,-0.26788378862261,0.9684111636997468,1.2258766322083947,0.2843139086269023,0.1262477670293989,-1.699237974091815,0.2263408268257341,-1.3826982434856323,1.3509730922333778,0.878025322189901,-0.0730454738986216,-1.2698567486138856,-1.6768916309564317,22
28.71894566583279,9.94610842570746,-1.6812717747653063,-8.863703691135157,-2.4350044120283263,2.0381295675226627,7.676130600402448,2.8462663341263386,2.9667015161326877,-1.4666330951724766,2.320906547516331,-3.263381889953895,-1.5136733924923298,-5.131385763340048,-0.7899235202993292,5.457183287110648,1.7803781528187674,-3.035990305541074,-0.0081502110236265,1.959916843713259,1.747362366490933,2.024257144058438,2.974913241881181,-0.1184092546393911,-2.4555595552575378,3.607438617735512,0.4683231159649484,-3.29936035495874,0.7469015502497897,0.5965790268928871,-4.357151403385976,-0.988781281226741,2.406111279741693,0.5314767396035652,1.6546360057271896,1.194229239018829,-2.1228524805548528,-3.107735808476496,0.845345702598459,-0.0176294340103745,-1.0206531992521175,-1.4473627150283803,-0.2167910447057219,0.6878552220515423,0.9962590161116402,-0.121917881879884,0.6668611332450101,-1.5743403249940062,0.7006710965746819,-1.4177738417348669,0.8652759653543146,0.2187922985221947,0.4709332427358263,-1.0198635030019798,-1.631087553865035,22
34.23321768568167,17.2847141231218,1.4588852174032163,-8.608260562307398,-4.089760176968348,1.152742425772262,8.956759333192172,2.870412538691052,2.385110032633442,-1.7171315588131009,1.9034924580570969,-4.273920880059497,-3.4217443769954228,-3.120012445942144,-1.9681585332188016,6.591413331898883,2.3352065393432286,-2.9270137136356285,-0.8418301545902115,1.6091756195687,1.8353790841108404,1.981488729290332,3.2691239960914302,0.2966922603373896,-3.263817430380437,2.7735997800697176,0.6290451049078912,-2.8810928731318333,0.6263940593533381,0.9190879251629452,-4.576705667685956,-0.4667011873937679,2.057149360874614,0.0794121194384948,2.269707115849889,1.6284846795558918,-2.6332405323762487,-3.3825366588104857,1.3161560975244897,0.7152789433365562,-0.3376748376508024,-2.3228599851399987,-0.0899932213457616,0.9227287952556456,0.9625946750628456,0.1522027361610887,0.6673205210188206,-1.7058201330199851,0.4395437981305481,-1.4606977221150077,1.2763100593334606,0.6113738666931282,0.7016321195275709,-1.1982827196305748,-2.1470464359824097,22
19.89626797544756,13.1411974289274,-4.794339610549261,-10.083074999809934,0.4362925363504951,2.643619272717481,6.283105153841906,1.8831213172854824,1.5480531895797456,-0.52933275667646,2.148645369617895,-2.169994686876642,0.2796908350122834,-6.6466349339431545,-0.7309999631500796,4.709080204999498,2.7719878007061727,-3.718312836043881,0.8448835771591084,2.4368501734256958,1.4672444834920804,1.7744065015672066,2.1964109326879413,0.5209074914815337,-1.7954107899142155,3.204601495883216,0.0571685999942725,-3.617878911631789,1.0087290957201638,1.4567796336411916,-4.238553526871418,-1.0458603819319747,3.074281063928103,1.1648341349707931,2.4307844447461675,0.6697530899533096,-2.280076237166858,-2.2581604551928325,2.3227562747235484,0.1832613833895778,-1.221396959331969,-0.6746097744402497,0.3662968345575182,0.5994683574242046,0.5444873283376137,-0.4366463236898866,1.4034037972876965,-0.966254797678072,0.6384645662238859,-1.2754809476254283,0.3807253368883624,0.0433607661769441,1.5337922820117638,-0.600234322326534,-0.9403440126959152,22
32.19500152228208,19.79129944737477,8.178147091632088,-7.4546792340347485,-7.809977863784236,0.1365179467634691,9.936773776495905,3.1899142728414347,0.3091553610424012,-2.8420482039123938,1.0950397492241095,-8.084210019917954,-6.715478338362584,0.916751454693664,-2.666782413988764,7.240566017704947,4.030833994039317,-2.907012111426197,-1.6444058202957852,0.0106306095617145,2.1383151471930693,1.7195911156436563,3.6196696265070143,0.9960546994771232,-3.664657940388508,0.7030886524936193,0.9210130859523477,-2.611618443979959,-0.4868816479589749,0.96347071939353,-4.032153852592355,1.5214690461022278,0.9152319310036408,-0.4975007002348121,3.104222555690638,1.0087088949063023,-2.771991671067532,-2.8392871218257296,1.6837750341107895,1.4224755200405863,1.696738568767289,-3.260869621797827,-0.4823405633372679,0.8683845457346748,1.5625908748069106,-0.2199055259718956,0.5577214958137938,-0.9016210765043012,-0.2220048490647594,-1.6294091406708662,1.0390313992246123,0.6033817842771839,0.0894553466891783,-0.8588499967844149,-1.4927645896730777,22
23.83065794486849,24.002633638416714,4.024703109722203,-8.532041306585318,-5.241532003393805,0.8883131398062063,8.941856454755625,1.9901726327879288,0.3601943678186743,-1.8346968625637896,0.677320049169913,-6.334475392870836,-4.302117939331204,-1.1230101492553406,-2.1895334860838584,6.212404787900905,3.75386216059836,-3.0332961784983725,-0.8645835441415144,0.8988229649031323,2.1625715649284003,1.4463046398685389,3.0830159303229165,1.1138761040782017,-3.1873457320978984,0.9662059779637568,0.6844785793627062,-2.3597276184426854,0.3010065935088588,1.4684851274129145,-3.740539320601794,0.8482626028388461,1.4866398315379403,0.0623131602032672,3.316034286104719,0.6662223804496131,-2.69202075132803,-3.2127618839476044,2.589780242339164,1.7224345004388355,0.7960261893008992,-2.393881913637564,-0.1684884524249159,0.5764486286644017,0.8622837232474344,-0.2408882575362451,0.7880450070054563,-0.9688566225340608,-0.126584382856199,-1.3642345409373873,0.9621923750159416,0.3023527807075623,1.1790555639741118,-0.778257080567468,-1.491414873404093,22
15.000995400886746,20.01649818646705,-2.6665126724695734,-10.332708236095906,-0.6652972648372331,1.8558738225151437,6.807006979845712,0.8313221625061533,0.9770892710807828,-0.8198515110780485,1.4883684262208958,-2.6778216355352047,-0.4627960274709801,-4.903684053052362,-1.408574998916092,4.904733370900466,3.2565401496859145,-3.4878311291884025,0.3542774752687211,2.1238414176697926,1.8801149914231825,1.3696818060123783,2.0759873108867044,1.0269618823866304,-1.9293562692419095,1.9325973218854064,0.0536223615472288,-3.018721215640251,0.8512774665218298,1.7296653678108644,-3.5390129264382755,-0.6030323628425215,2.5574420625923397,0.8803124495692575,2.4892227843484807,0.65762042154228,-2.2771206768418257,-2.5833272917720755,2.6584088331728823,0.862734417141522,-0.9037499150138856,-0.9911050063846945,0.5315192100537551,0.5444950892453538,0.7424262173738114,-0.2448285577419028,1.4659685617989502,-1.1020449621166648,0.2032061877067057,-1.1851177215498885,0.6783001632726292,0.4509261254931921,1.643708872173868,-0.6719049811567661,-1.260442747842338,22
-3.6085123872079783,13.017287133023292,-6.2998287428676845,-10.57654902283106,3.12362322798396,2.3248257177994422,5.399075629369031,-1.9300497458516852,1.843882074196648,-0.9845429959469671,2.6379998212945144,0.3115446124050285,3.660305074869106,-8.26093791233272,-0.4354128702672745,3.8425717399409134,1.7088513434560746,-3.163784697673665,0.5402255750471919,0.7326177042546517,0.7775432379734708,0.484762485925529,1.4561584022423324,1.2868885885558223,0.6543429547784919,3.2237422079403606,-1.3035973868307142,-2.683707622196995,0.3188901392472237,1.0128419305465024,-2.7915352620872804,-0.9469263246005885,1.5398443337037424,1.1964346957787435,0.5883389523340711,0.2114378209738607,-1.341129078587476,-2.5290800913765725,0.9933446140848128,-1.373563289024576,-3.594287119277818,0.7596762228696033,-0.4591275201892499,0.3500252063987882,0.3674500101203269,-0.9367213551313268,0.7410657574935927,0.1943858044605131,1.0350452118684492,-0.8448526137821093,1.0201556733956292,-0.981321220608473,1.6158118936905366,-1.3576722662801863,-0.2458494008284468,22
5.99257014271727,20.069329256161254,0.7077105084803792,-10.499087791220422,-2.413572125738551,1.6259887140325386,6.735154935539976,0.4809463854612942,0.6088534727090273,-0.9347467144718686,0.3649552221519089,-3.799469396454654,-1.5297668839932317,-2.325461016905396,-1.6913390079885309,4.453926250404265,3.2979953055080293,-2.840978141450082,0.0145460289448315,1.277139959959999,1.713961521625629,0.79908794860957,2.059998161201148,1.2394679907662527,-1.8106825422013548,0.8729083979173788,0.3148089942705115,-2.2820364220140625,0.6277747209539802,1.40761306310057,-2.4570270306295505,0.0519139860566876,1.8010153875868444,0.6512799476785589,2.3258401145318155,0.314568090988249,-2.0388460508870745,-2.7260278193606107,2.473756951082975,1.313939698219361,-0.0537867394695177,-1.168886895411055,0.2577632140736153,0.3245840829753131,0.8170814492975199,-0.1524072699517485,0.949236535085846,-0.9087417819747512,-0.2417073153848659,-0.9491154714259414,0.8077708993196151,0.4983947579705077,1.4521086185683234,-0.7801609440709851,-1.1459148779459296,22
18.80734457541395,39.16212138362972,3.5458931636932025,-6.051755476726369,-7.373848241961189,4.401507536260668,9.70821952287914,-2.509886088818253,0.744130447111979,-3.391505018520244,-0.2312840463842835,-6.483711875623461,-4.983386780004761,0.3662223737373025,-3.953656438911763,4.011551257918901,3.4417339497162462,-2.863611614382285,0.359752445352959,1.9551994745979744,3.2638021748451225,0.9756145591767318,3.674401089971711,1.8953861585086644,-1.6676313693832354,-0.2990293132752366,-0.279410273609308,-1.4962702408226682,0.3693145437905514,1.7795352307839474,-3.3111134230095893,1.256582119813206,1.0867397254383244,1.7146902808459503,2.1986887665707666,-0.369567643325551,-2.8878635813396056,-4.691867420412194,3.1402672778099068,4.005035243816134,-0.6500462610259953,-2.9282867990675125,0.8072784388715519,0.1012628510565776,1.3478127013275731,0.1949139579177239,1.0962776901288565,-1.6037313770999018,-1.5691228153525014,-0.4529916600011486,1.2288196471819688,0.4592537669565656,0.6675345960324511,-1.4291172379170245,-1.4715591370439391,22
11.336370024622804,34.039348764922025,10.76994143827742,-3.927600056398996,-12.41254781941363,4.380798605165417,7.709469261903012,-2.525975322929962,0.0460598378498021,-4.281763430350476,-1.8886265630969088,-9.499397260203844,-6.755395950419113,4.841682304935872,-5.2213174208740085,2.8389169101729133,4.0517851422343965,-1.2826895210636888,0.5518624600853413,1.1573949985550145,3.558625987447864,0.8722675907474362,4.0070118143896405,3.018557339191972,-2.370564580942008,-0.9953623179578622,-0.7576906812321522,0.6826175177141239,-1.2168307641811562,1.2684968787151731,-1.9502346968356936,2.025659766432752,-1.3511132723113557,2.5079081839911725,1.9028420506625503,1.4961070679210915,-3.3693082112721537,-3.176226852643945,2.502815212947887,2.2583196031571107,1.5003316705374006,-4.364080536352247,1.2241908342471282,-1.0321626022116364,1.631250587263214,1.5942590949615387,1.1976476732275694,-0.7619421786322736,-1.0321572358000832,0.4444842579633873,0.5288415778372336,1.1995224264255897,-0.8053352811817654,-1.8658927806349292,-1.3925128860617284,22
-8.934552607496013,13.47653971581517,21.05494725070864,-1.9592831685647567,-11.319759085144495,3.766534539236497,1.5368631837706752,-1.1311065450418794,-2.9692087429809466,-2.2812774772997826,-3.275553243357359,-8.627248351773293,-6.872579282909696,3.977908618700413,-3.53548317910548,0.4799424963103195,5.979350806172215,2.1244923295565656,-0.8606678703796744,-1.999237643237524,3.15011930511521,0.8059765006320937,2.2199236562083247,3.4385905616587564,-0.3060052889125237,-1.124973420242852,0.8873966406759167,2.9307683268775997,-1.081798354175911,0.0595814180855698,0.5600865350888482,0.5857756850636289,-3.5291776681278484,1.804132418712248,-1.2270284313411668,4.533665889617045,-0.5655986013035985,-2.329175565488475,-2.382063177396218,-1.0309563433901274,1.519601692832045,-4.526438363200973,0.5895630003353758,-0.9709668483811846,3.3564762002530584,1.3294915861504446,0.7882335284306946,1.6960306582452185,1.6290436308972,1.9176403986618047,-0.0018740700237272,0.9620959134962696,-1.8841927400517493,-0.6562904438588866,-1.0767941624056812,22
4.337373601353525,30.57742254642867,-4.890441332710401,-8.853044404754167,1.824802971095112,3.1852017229069363,7.521602138461746,-3.643650148313296,-0.1885958044012363,-1.6822710830080536,3.3917015931470207,-0.5408309295917036,1.3053519920726977,-6.494123380146814,-2.0413205091625017,5.426306762883784,2.3212119896101195,-2.8828620400623253,-0.6601939598821952,0.1172481402073333,3.230640238990538,1.6883324067867287,2.6525458732240432,1.7034601358916317,-0.6875785577263592,1.1766557026839484,-1.83320921072816,-1.6529654699611,-0.203421053723909,1.2462036291096197,-3.469339035071109,-0.2362734701122217,1.8511069828911704,1.3088729184809682,0.6334759020316464,0.4166430783218344,-1.8901728063298424,-3.980718318894028,2.1201003193799783,0.1095990776129195,-3.276398650023542,-0.0636282858686256,-0.5198222162235359,0.5184575459292822,0.0090219704367527,-0.97427314112,1.529497633605863,0.0645162682787359,0.0215869687153275,-1.8113041382163648,1.3180807219809418,-1.4277771789763656,2.283202981872419,-0.6390938873701987,-1.4523294795401818,22
0.8934730387446669,39.77744828866111,-3.332625739842173,-5.276646427457809,-2.537978879553997,6.210204702100863,7.970111119571405,-5.623556987838682,-0.5949379272886026,-2.6785415962222805,1.1914521882453206,-2.8021093252154348,-1.7308556902566403,-3.0032691922486365,-2.605257112759104,4.248952970109627,2.7526540565721507,-1.7690955715824142,-0.9310463723365214,-0.7637868694413663,4.404900402320195,1.466668210541047,2.783357831571713,2.583155438738741,-0.8179388851873366,-0.639572920457085,-1.0762217608816889,-0.4142575943345806,-0.2319451114446187,2.1279811662981496,-3.030156357479577,1.4397866447194754,0.1641778137700458,0.8020012938852386,1.3002577393153956,-0.7355835869550986,-1.992250768611536,-4.294732058001632,2.2564789825219265,1.664033222970663,-2.9866503759190355,-1.206076635678208,0.1107886819017818,0.2932540154233723,-0.4629667064741994,-0.6616533627386593,1.343934030812982,-0.4201779396226372,-1.0800255187084549,-1.8550146522456956,1.638835780314774,-1.3735890110071138,1.0769162967741188,-0.4229329315664699,-1.2769713466172543,22
-17.7371329566235,25.30352244770169,-6.389359544822718,-6.42439681809472,2.612821053480571,-0.988656891523142,4.352473560835088,-6.110216116161281,-0.307749705431999,-2.6034986764834525,0.9656279305553708,0.0785869524176229,3.380259715753488,-7.790231693429429,1.7120709446840878,3.984038487615088,0.9343839504698512,-2.4630385792757794,1.595788542172118,-0.4002524968805309,0.5599515279457215,-0.7317412555104199,1.9726433033752488,2.498684058827968,-0.4278687996705243,1.7037536955298722,-1.1364605572112647,-0.5878914344579583,0.6431729665543582,1.583310454425939,-1.6057528270572838,0.4937574814070689,0.1491339979583742,0.9183403387574032,0.1837699842733253,-0.4644346927861365,0.025569905671859,-2.970447626768673,2.357798969596473,-0.4463251894125793,-2.773412653602941,1.0264333480124137,0.2425746813220454,0.7812361067710855,-1.4828830884982382,0.1445392965221331,-0.3485496932979479,0.1375238469188578,1.3988677103964584,0.5238370353302457,0.9522785687338912,-0.9987378380075008,1.7646725138525376,0.1760634683073579,-1.1458897054953456,22
1.5156087742594562,50.32478665190008,-0.943741737180393,2.6501487026092647,-8.981047846136663,8.125974452844078,8.9777530309121,-6.688197080235812,-1.7355964267356878,-3.888117567650241,-1.2429471381853203,-5.720087177018615,-2.5146119892875567,1.3526177181884464,-5.218267565557575,4.100129284741798,3.66049228525882,-0.0232660177050555,-2.234444651317784,-1.9198074735719763,3.796769423078048,0.1692215865478414,2.450531623467167,3.952346051916085,-0.7746544797737159,-1.817083200038386,-0.8749308699838123,0.55369814590679,-2.287708399424385,2.990655562975121,-2.76466876368383,2.446723980842963,-1.5807955964146598,1.3209863756468991,0.7073675597852175,-0.586653990826101,-1.916745432632381,-4.65103799055777,2.1491382631100717,2.282992702049951,-0.8708815149983602,-2.4747020910019404,2.3153814496006078,-1.8786386012211007,0.8049383405863771,1.0363379917642768,1.1621542259722173,-1.0993821745108452,-1.064749185264273,-0.6152605791146796,1.454348538935612,-0.5764856042583215,0.852251491797283,-0.391125314935229,-1.1934659601995192,22
-9.450181923396071,40.393205348531495,-8.177475391475834,-0.4074541841862899,0.8651912942086686,1.869902243319791,7.974612218480805,-6.406238918029825,-2.9188343977749143,-2.355826638589123,0.6089268800904095,-1.689199912982433,2.0301138589336194,-6.686685909048419,-0.7941153067046574,5.034472792681796,2.749185925168958,-1.1674928053313685,0.9084039651941788,-1.3430149106080145,1.92527248468006,-0.3300653063179349,2.8940520404692016,2.9109017692468813,-0.8242060368500359,0.6073842816265231,-1.1384235560879223,-0.1878332412546609,0.140522652170224,2.4021176196864475,-2.841484611262733,1.9227569624188177,0.1122913626168095,0.5594997343950506,-0.4245395776236351,-0.7433019797514501,-0.2318414607784971,-4.231227003779927,3.437376894788172,0.1827082637908033,-3.2870813188812265,-0.1197385195606374,0.6182518568513096,1.1539185080691825,-0.3402448532843717,0.260987269970592,-0.2964270309135511,0.0245850373314473,0.7883787124742679,-0.9829090905241604,1.440742327073253,-0.9250762869110692,1.7222209855883717,0.1074362746595028,-0.7431972378133868,22
-2.687209937195516,56.06858426751455,-8.704181966700025,10.240588447860429,-4.961627597077284,2.750275553519663,8.403628924009789,-6.337221255037904,-4.919512357275061,-4.279366307959701,-1.2571666886511013,-3.5927220950508936,-0.1169982344902798,-4.315683876398607,-4.051107297278447,6.433508699408874,4.402655354106903,0.4088753777978801,-0.9537765650807604,-2.342991515538332,3.577624827586574,0.16459521533434,1.9613695003220044,5.255167992430826,-1.0119533570477457,-0.2655548931006234,-1.716457621051342,0.3065951264906038,-0.3535275660269192,3.9161208803365617,-3.1012725391361284,2.913817548950902,-1.275597060595181,1.9405407425773769,-1.2435334923235732,-1.2334963539249608,-0.1434182943683749,-5.839110021145428,2.8407996657770527,1.064444196065569,-2.335772713140175,-0.8007062787028236,2.9536586603815245,-0.1406080519937721,-0.9432880635455756,1.4889029683489854,0.3011317410970644,-0.4105021657981894,-0.0374040040881468,-1.473976271326345,0.8656611389352906,-0.3143932949676156,2.6479654013940928,0.1250245838505699,-1.5828186841353404,22
-11.87833394195844,39.05148496839433,6.232586926509386,6.526799642208297,-11.392803191742669,8.339025116646726,3.181017040728454,-3.6204389022969448,-3.8323316432633328,-5.859526474436233,-1.8690049536151452,-6.014422301708737,-3.5209185885174628,5.209081665180986,-7.505363613030035,2.1092208546687714,7.3433989728266384,2.5703847265254205,-1.9232106230670216,-3.104834410339275,3.0648068289700583,1.5395281386183544,1.660415464734916,3.584319574527573,0.8510593686054232,-2.0538777653626683,-1.0659803909772512,0.6555417275830413,-3.625809794079671,2.165752314164164,-0.5120803670717032,1.6190030771213515,-1.2044866573743234,3.0168246458989625,0.4257989280127538,2.0538406590222187,-1.6036245600316257,-3.79443730695516,-0.8858727739277911,0.3927689114017204,1.5604876137458683,-3.607089315772052,4.413821168234129,-2.757320982979641,2.5109023057847266,2.2779790358462613,0.4033843234339784,-0.5337625213772792,-1.19637492419139,0.283502368984352,-0.4318340814664893,0.2643471632570513,0.5698385224729277,-0.9928061757603376,-2.213967065373786,22
-20.84594031263445,29.90208945925012,-8.863019068105308,-1.1285830095177445,1.305355846689437,-2.887944839902125,5.295576446085517,-5.882385553162742,-1.8861316990049104,-3.196657927237898,0.3679638735029257,0.0141143694373096,2.8109897764503198,-7.773804549022676,2.4407732278191423,3.550628478791059,2.048044270136114,-1.056568660258085,2.0608426473973767,-0.532012800159031,1.4072233449560667,-0.7317391352696212,1.0754914907772213,3.8317045996355854,-0.069869725529549,0.9009133483986436,-0.6148370779674329,-0.6280036534461706,2.048074249893751,3.14555445736593,-0.7569455068140367,1.630553616577013,0.2862307207181493,1.2379260359318958,-1.3403444169584269,-1.1210146607433122,0.470434856601388,-4.042863022815922,3.2716431717023333,-0.4376764377729787,-3.732166761463404,1.4533756883725817,0.5680056107364142,1.4136427726701242,-2.23934325802779,-0.1845941490858369,-0.3186196314033583,0.2888645663765676,0.6824826026068227,-0.7442740615665944,0.8512821329855735,-0.9533134305306824,1.5482493616200717,0.9459900738042056,-1.1630148403223657,22
-12.853500694523778,46.722440410964346,-4.151728487174983,12.463162554682548,-8.606296454961772,2.9627758705199367,5.136564703127928,-2.444408784747435,-5.185562726170305,-6.808204622118703,-3.9432835986228314,-3.733673761633945,-2.2659684428279294,0.2560559129024069,-8.193425391391973,4.0433279958782,6.930816131690634,2.778208803576629,-0.9490483098822228,-2.5842492461856965,4.290770856229531,1.7438525110418466,1.0384553488824813,4.271135653544674,-0.5785464216558441,-1.7211399559631604,-2.646785127885048,0.3616860391141562,-1.18170105961253,3.4786785900306505,-1.3849058607199825,2.538740502331561,-0.571695249109685,3.8579637959880486,-2.077506529695785,0.0295955404504833,-1.4456669086335707,-5.475927974623294,0.5898012143627268,1.8891648138100392,-2.011613576093112,-1.5093128739650603,5.4396607222507365,-1.9401544528114816,-0.1316963327295876,1.2879576115072209,0.7930785503005321,-0.2831285511583234,-1.4778623865072928,-1.6725490837428747,-1.5334391582577305,0.4266010288248593,3.4691447484203954,0.9112413938147584,-1.6037835123242548,22
-18.082961329564508,39.01646345834529,-11.213660054718035,6.638291393227722,-0.5834799524886214,-4.357694960448548,5.845284949589665,-4.312301018491393,-3.765261788506301,-4.096030555562897,-1.339448798680336,-0.995811179776172,1.3445184921594189,-6.682805420165046,-0.5564413899772802,3.8721155237578846,3.719865152450241,0.3536438044969723,1.845911584852986,-0.783351963097859,3.143445754245538,-0.1155726569092407,0.3935708393099212,5.158818929282663,-0.6010433957614476,0.0857702659618471,-1.3449642420893044,-0.6577306121647789,2.5423809362415937,4.704893553653315,-0.7707606541774129,2.749221695040049,0.3458883058901147,2.624167413437696,-2.320893871986068,-1.6528664385086942,0.7867628701467537,-5.126384545598207,4.002234985297027,0.3329236810743625,-4.156463738186375,0.8495990132330336,2.2359734256101937,1.5326065458897613,-2.405873579278821,0.4970247907343463,0.3621844425315103,-0.4849179998279618,-0.3881825693938385,-1.6903126413551852,-0.1222316770443447,-0.961783938859836,2.62619556804858,0.6424885321144231,-1.394022470616453,22
-18.74378205155347,43.51973410652769,-11.533523454235308,14.689985852249208,-3.488155998573069,-5.82444468135532,4.793886613144528,-0.2485327057975804,-4.9903479281195455,-5.4894072733030015,-3.166969704126931,-1.5970385087648846,0.7514705580909309,-3.67318072206641,-5.443482609799239,3.5796711879366745,5.939423798769258,3.027096261261508,1.7521942772863637,-0.7182780642749325,5.587818969844643,1.017401263459759,-0.1947278004329739,5.542630698334201,-1.1005014964243784,-0.9468487091323184,-1.856393710724112,-1.0973864020958854,1.9074749841382053,5.791245752397309,0.5933478450659287,3.4978523385687,-0.2046967983898713,4.639825979967328,-3.213806702791167,-1.0866114852898705,0.5767125485758702,-4.92435524394759,2.9545313941985576,1.2714581639157303,-4.794230163579461,0.5641439717394114,4.939571474869654,0.9144466109517368,-1.7922444784348284,0.4535200537095154,0.9370297364306438,-1.3338869089839334,-1.7415809441327297,-3.0908446548902555,-1.7804635888664757,-0.9339033390488816,4.230571970206103,0.3992774169602994,-1.3786683084248197,22
-25.838147321420315,35.34638563564883,-6.599745973019582,15.845341073042988,-5.349282077455661,-4.245207521937878,1.8873650958371548,6.361804515911137,-2.927281259325181,-5.343571095808824,-2.1170535068385545,-1.1724644753965747,0.7441091646674266,0.7510183558907204,-7.811827124988722,3.251089453475682,6.6771442538701145,5.610771264175729,1.3582771290664937,0.618186352848503,6.793115351352445,1.9627364772476728,-0.1549181547100609,4.001421640336033,-0.5144187196829509,-2.135051462707432,-0.2224624785825725,-1.276588475858345,-0.2064738243734997,4.409944337143247,2.389364141684427,1.8843159225214376,-1.2443781218323196,4.138081798507191,-1.6926533404148694,0.812451574087957,-1.6474504676075394,-1.7781931455942668,0.5348897267928953,1.7629710830101195,-5.216544421747184,1.2852455135391725,5.859380621655928,-0.2196253854243026,1.0107977691718584,-1.6371130166820909,-0.3284396494141001,-0.4580829116800787,-1.448058570919755,-3.0138401828167645,-2.455360329345858,-1.1260673611592569,4.854516979580853,0.2172604901696074,-2.090697568690032,22
-31.765467343486836,20.05394320251397,2.0455806518487765,6.230881103438639,-6.295311290291761,2.508233035042664,-0.4296442790906436,5.61567771161192,-2.020738453547084,-3.860778293222546,-1.7911964262895457,-1.0283193191727644,-2.663432139217885,2.8287258073307817,-6.567977892743548,1.9788292468439632,5.995818347397731,4.529100787524465,-0.2899317913556885,-0.576712020401343,4.110368064538734,2.483962523970876,-0.4895514940208409,0.8843874188036005,0.791050976368821,-2.244208144181531,0.5672802544142074,-0.3164986950948265,-0.3558982525654246,1.60886559164055,3.2838746326132373,0.0960127912611997,-0.1529365618675358,2.285481204255949,-0.5990780578655394,2.2452423509938093,-2.774451798455137,-0.3618484453442519,-1.148100782861633,1.1886892167866348,-2.760995738242167,-1.0596463213380822,3.767282022713546,-1.1607167750892025,3.177867529547679,-1.3741953670274087,-0.7133702884441808,0.1972835376925821,-1.2367982699636928,-1.2126667400915272,-2.7967951442488177,-1.3397836253954398,2.6799489036980058,-0.8876451137428303,-2.682970247686755,22
-35.00688404093388,4.959011343801549,11.186738563623027,-2.020558351142555,-5.096919572574479,6.764573900583328,-2.2017545065265987,3.4141274105544217,-1.3417065370367325,-1.4625343263180954,0.1752467313694931,0.3602478609391246,-5.421541577848562,2.807725174113848,-4.117732970875772,-1.3280030927889053,4.990204413963416,3.7879776193331103,-1.214071647247343,-2.828064016382912,2.5730471898738045,1.4033605271299383,0.794902564400469,0.2639196299125196,2.5448100056402625,-1.7162574122668846,1.8150173553568048,-0.5721602709788483,1.3593148854310355,0.1661488250488721,2.9015176618314062,-0.9993008496181056,-0.0422294010586001,1.145028557157304,-0.9563829707012372,3.7824834144815855,-1.7872595902699258,0.1498298573477013,-0.1785033704976467,0.4972131674990175,-0.2333332158795773,-1.8099883683276228,0.3328769030440257,-1.663318576331065,3.641584192798453,-1.401188898726175,-0.622282626877075,1.4049515140254751,-1.5364908637605692,0.0729457046919682,-1.6584869607803758,-1.5525837910442986,0.044324819711102,-1.7592452098607336,-2.712004533136705,22
-31.305077290879083,24.874283549624074,-12.994505664199892,7.242427379152319,1.3946136566779934,-12.645235084677386,3.1851942843141448,1.5184812732033617,-2.0025821052047608,-1.537592396258984,-0.8930805710886174,-1.4240935017153509,3.3810271755705585,-4.269651024793612,-1.4630420383531535,-0.526537533868488,3.367570935281363,2.42348327657375,3.1039446099047074,0.0995314060700544,3.884821111907721,-1.1293407635373878,-0.4747263392561667,5.081903495331396,-0.7717106698616388,0.2482799690995157,-0.0596649479528888,-2.306351159894493,2.426833451859837,5.570057206822734,2.3990926058234567,3.1996030922958494,-0.4432204105183711,2.9008131083612163,-1.0876922860813132,-0.7677844964322895,1.1495161086821974,-2.201627811294889,3.35600294043908,0.1459572136407647,-4.622872638568998,2.05331233610717,2.9968970826540726,2.383879411443016,-1.9553756641084208,-0.1546943884391561,0.49007110787226,-2.7321186246625504,-0.4865427635191899,-2.648363071032696,-0.0846108383153229,-2.030147884817644,2.770999216319993,0.9771785871926344,-1.4382574491709537,22
-35.30235763555112,21.571914204635892,-11.802839214491197,9.462441798888262,1.1558370710905317,-13.489308275460402,2.216056393687364,6.786351527531258,-0.6805234011587805,-1.3954438381521368,-1.5084079551243204,-1.768593069303242,3.5261243854412982,-0.8809740209788827,-3.3604914852042205,-1.6555602970345686,3.713856495785595,4.410085556010416,2.9596251778342797,1.216419414393802,5.091817614899169,-0.4530812382136581,-0.7686909739264842,4.488155991916924,-0.5061615081885661,-1.3811070117807551,0.2479532295438095,-3.056490532603097,0.3038301407676608,5.522377890189081,3.103111490435554,3.384123288222412,-2.4609175492548703,3.802668739936792,-0.8727469723872375,-0.1408038673028193,-0.4958807551892331,-0.3327703231290659,2.538136881774931,1.0710700833030813,-7.255900301981323,1.7928232461635312,2.822365981266866,1.7978758544105464,-0.093229760278566,-0.7936513316983211,-1.9243614477075928,-2.8277312489484623,0.5078630613168199,-2.8041893024014923,-2.112435717098396,-2.0991467325586943,4.738113256992633,0.0542535452040164,-1.941287068687941,22
-39.02545932477032,7.513446267370002,-3.675357102840599,2.3374405288192324,0.0692029506040954,-6.309787417035726,0.6173818279254145,9.383270813635264,3.3659156907913776,-0.0291521639266877,-3.5881335870483704,0.0791674952043914,1.6606467478385558,2.728741027456013,-2.192447789473058,-0.3951532284007267,2.442050142792977,2.6450752763770264,2.440540842501476,1.8906241889661095,2.5576223107174294,-0.9042785116361612,-1.3837181094712026,0.8748230449001676,1.523152913355929,-2.4391257464521225,0.2271692613828514,-1.374416362790573,-2.768896217331421,-0.3174314601541894,-1.2214749855361893,3.0912818020281647,-4.031982078976476,1.5240450549215263,-1.7109916211409129,0.5629362218331303,-0.1162865168914732,-1.301044741470025,-0.4786431393522198,0.7562102470611028,-5.055475919821672,0.701640900693286,1.4191718767764137,-1.2815032386756182,-0.043181094540339,0.129861636372471,-3.417595212803977,-1.5781027498958204,0.6412871790111482,-2.669724396132334,-2.144990137826108,-1.8612570740989267,5.028452009626282,-0.4428669714596031,-1.8790507668967569,22
18.99630578391789,-2.555541036689505,4.7086410876430085,-9.075506374967969,-5.159049007066165,1.2013137083291836,6.373643878927581,3.384031959327028,2.32758117498367,-1.9947553167221943,1.3098508632513022,-5.030544443044342,-4.421152920055649,-0.4575340054673418,-1.6085406158648696,4.687524334675108,1.7053905837221528,-1.8470906002458232,-0.4537767933736042,0.6493009615683222,0.6968913498371431,2.300034825149317,2.341312281546954,0.176871698265333,-2.57058053397254,2.370242400862208,1.2771670741731886,-2.758634794499657,0.1728398790947638,-1.3423189509361837,-3.102845313751704,0.2968025087614394,1.7835398460468208,-0.3683887222341699,1.2931748880406342,1.242799723725706,-1.2581103125663715,-2.184721664902748,0.3584569331161326,-0.1131150092323766,0.7121367206401618,-1.7782258271883258,-0.5172212578125573,0.3830070449066673,1.3695273128119274,0.3936546150526324,0.2308898494572336,-1.6887890067416884,0.4600481908997977,-1.2250505512235068,0.4854844097263501,0.6566973207072179,-0.6053134950730343,-0.7611508217812081,-1.1981046067993617,22
34.81478163537888,-3.588167910114678,-1.8436847318823797,-7.999588662455841,-2.6098343592714404,2.524905569802918,6.702789617676316,4.130132964168328,3.3908374941493107,-0.976577962145346,3.148418079359299,-3.340938839518075,-2.094573393455704,-4.930794549628842,-0.2013856497877205,5.0457453670868215,1.0815688037371545,-3.3280586506479217,0.0619329153864323,1.7247419522558904,0.6435794623664772,2.7951794058945376,2.8248647815240724,-0.4176431501134109,-2.418059037712512,4.293122587133915,1.0785448322820352,-3.762010881496307,0.6781641542932185,-0.8235901984106262,-5.011214433271197,-1.0917882478562542,2.879469381712911,0.1851712022303777,1.540760422515805,0.8132250380115091,-1.6336582241965585,-2.346836719575865,0.5293566373493482,-0.601657418571458,-0.6682046365006963,-1.1066811854167131,-0.4772808926501948,0.5106592931976572,0.9201931614989924,0.1226248613437613,0.7582077881151695,-1.5254830100846253,0.8890513975663074,-1.8220267665512115,0.4784697297129143,-0.0915000767191674,0.2332529692977877,-0.9455428721846773,-1.476095949331137,22
35.15120011539171,-8.197760894413157,1.701911505368744,-7.643212325686217,-4.121150653962308,2.007316850674417,6.7452786282135495,4.654805453809209,3.5156245441972693,-1.54983076424391,2.775508857099311,-4.4878382622718345,-4.102975855923739,-2.5955019806118584,-0.7263994720307551,4.804975246592612,1.2930500505634768,-2.6276316584231734,-0.1754392864336664,1.525770870198068,0.3926186609579368,3.318872660925374,2.796155679122017,-0.523697438428032,-2.6226926329030804,3.8277474888730674,1.5265558804358483,-3.572367824610978,0.3242197585479029,-1.780035124405951,-4.674035691329359,-0.4108404009513044,2.872438639976448,-0.1712692472320805,1.530365978295041,1.1860384755901632,-1.2380230184797505,-2.174545404362936,0.371451630959075,-0.6241126071957982,0.2426540454971786,-1.4597383946930391,-0.7068288432965892,0.3467711193616546,1.188132083981614,0.5379962490503406,0.6139071134777107,-1.7182008033628535,0.7929075017695209,-1.7818205407501202,0.2961023179362529,0.4788444086677185,-0.5700574370862087,-1.0126793078544958,-1.4267755016930164,22
24.465661858297096,-8.087688437084335,-4.499793887685045,-8.952723655136404,-0.2957408705758577,2.73890051648244,5.609382758761337,4.6735403185687945,3.677937207610713,-0.6536554202029595,3.57937385707961,-2.2833514774247607,-0.733568005014834,-6.801201047179807,1.0371992444446143,4.270362307796198,0.9624288787433468,-3.514489832628555,0.7500299197473305,1.1078233154123385,-0.2657218885192239,2.236365787000306,2.2191305698200368,-0.5322672563331958,-1.941184776357037,4.246923185887281,0.6632077537446661,-3.666654024700384,0.5890557799932318,-0.6604406259511024,-4.568006178497805,-0.9193968026441536,2.808228533283299,0.283988456008748,1.1798064004648432,0.1919500753897296,-1.2804103005381582,-1.5872367387378965,-0.083407072618152,-1.3372324016121797,-1.3079526069030476,-0.4918026068874659,-0.6600211471876501,0.3773380050301653,0.7967680403690097,-0.0568821133254622,1.007694710975675,-1.0640094996957847,0.8552554995432625,-1.3995867851429642,0.2879954831962698,-0.2116559149335291,0.1521159937011654,-1.0753560921196017,-0.7670109258560487,22
36.54456242828514,-9.285548070016654,7.891615414854725,-6.076984730634826,-7.721158677549092,-0.0129620031034385,7.859811060706886,5.808064166788127,2.385001342531952,-2.655914677156624,3.4397744784043867,-8.167193507357982,-7.672501983325828,1.2302007043976186,-1.274380056937122,5.006218981084675,2.487066606090456,-2.0830413161545684,-0.9619159327760786,-0.4044191739681648,0.1138475738185457,3.3997914906127598,3.35744552986212,-0.1316521928423598,-3.904958912168468,2.268776633052972,1.7097105091664997,-3.6981279567097474,-1.3431327778413975,-2.4202841913633555,-3.6283424671293902,1.592061993077437,2.24685232850047,-1.6868884885534825,1.4989770939103122,2.2238393245659056,-0.9266774636897432,-2.099299174600352,-0.003214327637595,-0.3642729018034824,1.7507456790379272,-2.5387987375134085,-1.1419594278987573,-0.2399179481025403,2.51256875741646,0.6085436016779806,0.5994006051904452,-1.7340875746935618,0.8301908523478438,-1.6759637598062764,0.1013685611491383,1.466289006557427,-0.9158698294086484,-0.6399746102308341,-1.1023394847983796,22
39.7799874422554,-16.6487273752752,3.8814077154353703,-5.862559717775965,-5.58504955121301,0.6466767108345487,7.170705350568275,6.677841176358861,3.567873448477288,-1.8483643716923572,4.446254843028512,-6.669503119958968,-6.306703965963836,-0.9922275328289496,-0.3287030872146529,4.397069644694209,1.7115101783373257,-2.26661218228011,-0.3506144563538967,0.1366822883403438,-0.5869013951168821,3.735589962008307,3.147366131979133,-0.5214396775443194,-3.375821014091477,3.2776525536142938,1.5788164855100244,-3.9599372070685774,-0.7797238823806599,-2.980192925825816,-4.143009487823577,0.9406363718884072,2.919903760436414,-1.3780044317721938,1.4422278706203011,1.9284918592253888,-0.7983562241146058,-1.673794059110689,-0.2862231109177331,-0.754899117923478,1.0239262565342646,-1.904204780918268,-0.8042801314330028,-0.3139310064938683,2.1554521408994054,0.55084202754719,0.954756882615459,-1.5859244796531795,1.121656054329764,-1.7380939053703257,-0.0833484565238242,1.2279044543712323,-0.8425790515553679,-0.9511412482682454,-0.8940668973938212,22
29.7137583666488,-12.618740627147908,-1.7393557151682917,-8.205665599321968,-1.7461844011656185,2.5715217214066004,5.957360468611721,5.526689282639266,3.910203519261032,-0.9350707273214356,3.97149267588976,-3.1626899222773117,-2.8490121092520564,-5.028028281489187,0.846306828524162,4.527498214207665,0.924647565106255,-2.970664164899436,0.4179966269499724,0.913356553587906,-0.5449330043554345,2.926363508896584,2.2963012033712014,-0.7285053769777255,-2.3392677172788168,3.996305429578832,1.108157767048461,-3.713948573139229,0.1625708746354295,-1.7050043696778023,-4.66047124625204,-0.5083411847272113,2.943503945100308,0.0839627652284471,1.1795963887760077,0.4798014463190727,-0.87025403880683,-1.4144543935919862,-0.12804902159901,-1.3266244225145285,-0.5295595363511861,-0.950068362296296,-0.6926822432703114,0.3047091735325682,1.0477932453391674,0.1650821203938098,1.0273309326833413,-1.1939298595847891,0.915679305833785,-1.4485239974296584,0.0958913755066158,0.2288488720147571,-0.2893726391178223,-1.2535460320111602,-0.6554023459424615,22
6.795623563820137,-17.102554765472245,-6.78810898297144,-8.151322272874179,3.5473512291003817,4.44587682586667,2.1575093149401967,5.27482033957951,4.427784900894552,-2.485554416044096,4.300527086058828,0.0487428404653208,2.871118343360501,-8.539732484861453,1.5620271825670091,2.039948050111283,1.186636992339677,-3.253149670029188,2.617243766149037,1.4057176765549586,-1.2790845631686938,1.7496604549885204,1.373506349998269,-0.6190487674260334,0.7088308895777733,5.912728931590856,0.6746777840030351,-3.6427632398581338,1.7770519052272495,-0.0631886993455759,-1.321166058498375,-1.5767286407573875,2.703814294766015,1.7312924822782476,0.0171532024980371,-0.4091362991812638,-1.511042454390923,-0.381622194701821,-2.0963868704215525,-2.008886149936787,-1.6680946757648691,0.991903451989584,-0.9587465265724608,0.2139381260574822,-0.6695997547882407,-1.620746884424063,0.7588389097227558,-1.2294195000613848,-0.013170185043645,-1.0810672986050187,0.1941736887005119,-0.0339883793773763,0.1676010071285136,-1.0193766329367775,0.4011418628258693,22
29.531130355756712,-20.33089232860161,0.3668323969874489,-7.127695289838766,-2.962412568734601,1.2308722327155663,5.729265821164696,6.42264047770366,4.101735791184133,-0.9870120250322036,4.326555285263439,-4.37664407815307,-4.298005450902472,-2.723924290720753,0.5929477610950048,3.532960216475644,1.1258709814183672,-2.329671470375853,0.3400773157190283,0.4688517508063129,-1.1403188122592491,3.285483471755556,2.4087530823291043,-0.5812668170287371,-2.19297351492846,3.689846486307584,1.4427518798908816,-3.734345357657059,-0.2005552812866394,-2.814000949295608,-3.807306070083399,0.1949576123564408,3.0804526825384757,-0.8057483255159958,0.937053812054701,1.0743778735564693,-0.5864004975011805,-1.0743423066454154,-0.6859928824005022,-1.103064266850272,0.2656160444612499,-1.2903573093835967,-0.6867811425084082,-0.118159773984323,1.5543908799807182,0.3150527771270844,0.8609192631557776,-1.2822740229972132,1.1061755694160709,-1.3954085638337157,-0.3558300146948879,0.6758669996771667,-0.5197409961322246,-1.1930366996190809,-0.5285219192757176,22
27.64889650515564,-31.682652800111,3.1587049915190635,-3.9525372816537554,-4.85822502556794,-3.032181327302457,5.061649343841085,8.050560002121713,4.885509743925484,-2.187959161744629,3.3572058641757625,-6.81911614915536,-7.492232076718563,0.8194819434897824,-0.6182611919049117,0.6106526130967533,1.096990049690258,-1.225503494002932,1.2969294819801014,0.9283682813299748,-2.472977519899397,3.919859759898533,1.7377810568935272,0.0987387216538323,-2.0421661953057324,3.2627882622620583,1.994564022231325,-4.295764114029498,-0.7836617582796869,-3.949562443201009,-1.836862596483937,1.2478813779709603,3.835884277724996,-1.6046580628323257,0.6774824436400568,1.7427385219778022,0.8273471351326537,0.0094688301704403,-0.2522105008046156,-0.7264581664716103,1.5933948491835177,-0.978276702902401,-0.9179051846307442,-0.44807930472859,1.0767130978070858,2.107832186956006,0.627641008226545,-2.26867753760287,1.7545370721783669,-1.6070131223850483,-1.0558084470065392,1.1936046994780072,-1.226175433861474,-0.2018724781612194,-1.4007145411686106,22
19.49754871019098,-27.43811817631325,10.19419875083594,-3.0386400889658782,-8.527743399141166,-6.063285728134877,5.07657732014473,6.627811981813337,3.580550363902482,-2.114618473054682,2.530038886690044,-9.339564128936054,-9.42709513947311,4.646015133418708,-1.551585701124781,0.1664407573425404,1.6006635945493477,-1.1179876663780592,0.6485444222728152,-0.7279692344611207,-2.6483676603904804,1.4217407662624093,2.197494126059018,-0.2842287034907567,-2.516533639964787,2.4020956024702,2.0087811290917057,-2.423178560438886,-0.6410100039550072,-4.184420461522982,0.0364331208987885,3.297604060734333,1.1962934539336527,-2.617426925364699,-0.185619507334123,1.9517288740759493,1.8289394369514549,-2.289977180856444,0.1687996268529666,0.3214214620463488,2.1647508910305677,-1.5342323423675452,-1.908671733276596,-0.4064928508177053,0.7402095144932721,1.458818446961694,-0.1168639702423596,-3.8770702594869486,1.9214891206956728,-0.7448418148770188,-0.5270822044901307,2.2325966471161847,-2.394407839912832,0.3595028489288241,-1.9503435309287829,22
-8.68251621984065,-18.5363063764992,19.564588731760352,-1.732613693774729,-6.65056889096422,-8.751975777573058,2.930241049467685,2.593962032299584,-2.1115167827609125,-1.1258810518434763,0.7426373466678542,-7.246438783179497,-8.467757420922348,4.934836503378807,-0.8877910172849226,-2.064193731842104,1.753353935232613,0.4895395968825664,-1.6386996623183154,-4.939407331917259,-2.1697985705242107,0.0437253745760362,0.9881188675654136,0.189112588274132,-1.141220153690898,0.782756209762904,0.4374494902289749,-0.0156609659192205,3.151037696980313,-3.6605578566327135,1.56900399149937,2.5112499351082285,-2.4470121519402315,-1.533263027817541,-1.2618234823135537,3.2240910023077403,1.981970341860959,-3.1682155848005427,0.1524595637304005,1.4286467048879492,1.0814174240458312,-1.190123479695418,-2.609662337349117,-1.1311565795819898,-0.7218765519733934,-1.662540442923624,0.2213610072493806,-0.5715916026279161,-1.610800120854515,0.50394426930216,2.1025028332162146,0.1328471232286242,-0.792190084147224,-1.127546884681337,-3.467636491390492,22
20.53312492171288,-32.10145587535869,-5.746172218921855,-4.904939740814936,2.55022453296665,2.733020509297285,1.7193168863750024,8.71916872085208,3.710067463996843,-1.571359990063778,5.964162386531662,-1.3829541873805655,-1.1881181159929588,-5.8946641761142695,1.2332159420883622,1.7415138113278683,0.5943263907919798,-3.519547009848669,1.73528485917806,1.7497923512368367,-2.3761740293256284,4.549756995192593,1.1124397151302006,-0.5698521178662874,0.2430435855973921,6.89785338827076,2.8758357434226367,-4.131811958926845,1.2969003747475865,-2.2675336679238263,-0.7746351908163663,-2.448662445463796,3.4415151266417268,2.166118789977113,0.6722572087936521,0.2882541192698276,-0.5355845088930642,-0.3016471441425287,-1.3225365679213827,-1.7925400074316216,-0.323173548297846,-0.0507873457510938,-0.9034138078993552,0.0091938356456119,0.1572040820845554,-0.2086802454094392,-0.2288427587151334,-1.3388438201270598,-0.3989375306716643,-2.19211401287023,-0.5329646018959864,0.1349698126384736,0.0434514511431602,-1.2792752558449616,0.3023053277992465,22
23.193056433100598,-42.40017345926575,-3.9303985628240703,-0.7876408275992024,-0.1917474938657614,-2.667806517540904,2.5839220206905527,10.022397016712423,4.397291536070486,-1.7401478371160877,5.325522061511934,-3.889217965763767,-4.882273369199367,-1.975478337904164,0.0473389440196847,-0.11798313818872,0.4237873183804871,-1.2398902404761938,1.9883065288018396,0.7796490211764314,-2.8975291525488087,5.285555769747314,0.3362735791058315,0.5715105522340169,-0.0764014311706348,6.143808557175572,3.831671557956157,-4.590740451028128,0.7467130884744013,-3.586686614710225,-0.1740779595048075,-0.8999878329276789,2.9757104294816306,1.7336473540805903,0.6614937820222524,1.2595456261282254,-0.0300200464251754,-0.0256873200446938,-0.3886250010290318,-1.8976352081779917,0.5900876107618497,-0.0026817820045123,-0.4061293206764753,0.011325840053405,0.7171533677610662,0.9178533927134438,-0.5643945549013627,-2.2771101561706164,-0.1017853063150881,-2.5022407968907303,-1.7206961514662458,0.1792826765232921,-0.0630176522546299,-0.624962824766818,-0.3320255169127633,22
-1.723911628889331,-33.536117250126686,-7.643220277811707,-3.5094669540139627,1.6527140662744746,3.827204375218849,-2.389773827669981,6.871322920819417,4.592234783548046,-2.8216489751977565,3.4258123441508657,0.8896479709208993,3.797787229055706,-5.772182387719988,0.1513018583587752,-1.2832573295245762,2.4651671447198726,-2.235208808756828,2.1891158225549496,-0.407290663750428,-2.1117760913945878,2.616521709230311,0.5207243938774997,-0.6146067964338343,1.7071513960564872,5.662361713174222,1.480631850615482,-4.186157029892914,1.1360974175454377,-1.5455181043945003,-0.0830376937980279,-1.743785769333717,1.0204629787754644,2.8880708475783043,-1.100868462826125,-0.486405982527313,0.0684443715002223,0.6744972098308742,-1.7627762305767474,-2.225743483318154,-0.2033619295201269,0.0727177150637013,0.7829815450962925,-0.8071916923552278,0.1002450226054213,-0.4145288365076699,-0.0092770855497494,-1.074675534190056,-0.0537035371060324,-1.6076622878396127,-0.4702474046522418,-1.0421074630002212,0.1664756585829958,-0.06195770545233,1.6866903970487397,22
17.818046726840766,-45.23539152532898,0.3971227066235015,4.299322762011766,-3.9205161319190176,-7.37591121055854,3.010709677085563,9.087903820612862,3.87807852585868,-2.924494955889505,5.798352194295003,-6.0755647477339,-7.507668603406397,2.0898465596812983,-0.5233694731795354,-0.7854687935693674,0.3888406166210592,1.0722213587726008,1.6553220612419766,-1.2962417391293652,-3.501665105330584,3.292860532569798,-0.2381062476618894,0.5079451839519955,-1.234180253062265,5.376202741603446,3.392697531472427,-4.388830066052175,1.0847324175605104,-4.763853641100721,1.2801834562004486,1.455426080063152,2.163131324224417,-0.0729607869180722,-1.6244148368502092,0.6831421500547963,1.9969060316171632,-2.40559711128537,0.2181864359985777,-0.6824915282588154,1.0007871163372457,-0.3259615310817955,-0.1642526335073823,-0.4175816720843651,0.5587153643840532,0.9765111980470812,-1.5970585620196356,-2.2109950678871804,0.5814604708099246,-1.782553581962541,-0.6779315152659486,0.9934755647312276,-1.147797262023925,-0.227952795137543,0.069766463204083,22
8.723829246635365,-42.76792220548718,-7.965000886653499,2.3626653449857047,0.4157860545558862,1.7240419660136843,0.0004437277592807,8.754262213441343,3.2528853392787296,-2.44075449859814,4.129486776076646,-1.3610608144049028,0.7676389618211173,-4.061918307069484,-0.8519574118022742,-1.2486284263958778,1.5929141465922203,-1.650116334136677,2.428027553616943,-0.958724262491725,-3.933736003080357,4.03401914643588,-0.0126383128022634,0.668733786698081,1.3764317201722618,5.947742201790382,2.5485262822795978,-4.714273585940083,1.3845771334329184,-2.6585441050408254,0.0861789883742004,-1.458515803544831,1.493247058525801,2.4268684091942294,-0.6858465024835909,-0.8359781905858932,1.0108572739211727,-0.6383115285456176,-1.4897790340148318,-2.2917173817481977,0.1671297570271002,0.5396231062978317,0.7799027030298002,-1.52970029728541,0.4380482856801007,0.4889610807703473,-0.5235495356267567,-2.4474749992575933,0.2715663184360781,-2.067952611116969,-1.1758300076360026,-0.8050024017078788,0.7107646484663133,-0.5819532612332117,0.8902001143436421,22
9.99092587833638,-48.431321081277446,-6.8021954900079775,8.821758038999512,-3.127152046057593,-1.7739040867927325,0.5856306989384465,7.416628403908823,1.953328916186717,-3.5469408787845365,4.0516567406499,-3.023374019492562,-2.215402309388067,-1.0332031761162837,-2.0299646461656087,-1.4996202916032466,0.915537816164644,-0.0624462454961887,1.63115165201987,-1.7508564975759762,-4.237477040212358,3.8231077743785753,-1.4909825204289393,1.1769572306631415,0.57885613328604,5.821107314881379,3.4911574252908717,-4.954390104836282,2.0575627661022127,-4.064424912567285,0.3492580240529035,0.4770982148788617,2.0750424919524355,1.0682958232972606,-2.1934616546790604,-1.048236657528367,3.3207793785766424,-2.2995793531667963,-0.5507467860851825,-2.1248520492439145,0.0086173747123386,0.5836934687485434,0.7119764387567468,-2.0848554202435987,0.1283139287680639,1.4241881055465502,-0.8758020968687057,-1.9175933159432992,0.1437356986087833,-1.833938125038491,-0.9979748656906648,-0.2618178198332962,-0.0319248265456625,-0.130029711070709,0.4735762595970927,22
1.7149085375463575,-38.47879439781023,6.818073921657931,5.9847682525012615,-5.57313864580764,-10.489937768815938,3.29098923392132,4.773037390146625,-0.3250695238378158,-3.1547412221427784,6.377714841430742,-6.370224134250384,-10.134065747427597,5.184497214319307,0.6134417431379366,-0.4902943156233077,-0.2317533515643793,1.3094038364885636,0.421676701225103,-3.247342668486305,-4.000113799391825,2.0820412642236903,-0.2672180840217045,0.7065436161243418,-0.4200868653571512,3.367807482508991,2.5093861224226117,-2.9319864127462933,1.560090465323129,-5.745534891637331,2.0547012224980903,2.8980285572698,1.2076947905044944,-2.28968510735872,-1.3231889755618913,0.0124293464643484,3.9068652993379382,-5.26693807082619,2.0985999573676213,0.6803080682256081,0.6848944181932908,0.4548200250065504,-1.0803123571996185,0.0106250709780116,-0.1141465317201609,0.1075311537380655,-1.7836404470946063,-0.8459412568096779,-0.5969997312646073,-1.1057276582897502,1.9312270069734008,-0.2580211028861716,-0.6676481863939905,0.2243122465360205,-1.8362765349122672,22
-7.90945606165939,-35.92027648103807,-9.600172407802436,1.0374372479460228,-0.9091681917397298,5.357531010115277,-2.295475202904596,5.073813472255122,3.078349866786934,-2.513424382729849,2.05545241740262,1.1577160136468243,3.3342030839665853,-4.761080306762094,-0.6430779119889476,-2.8945621763155014,2.2339817780040065,-1.5996808582530264,1.4108200901694432,-1.6064562928441846,-2.8133771992341488,3.280386921938932,-1.088632994932614,1.4596055691515992,2.6215107777909927,4.6557189576693885,1.2820885394337584,-3.663434412408992,1.327903493238532,-1.767804467249017,-0.4552671615954141,-1.044858837529001,0.7041299673694303,3.445953654261195,-1.0750759986083294,-1.7390683830310574,1.1070225202632944,0.2300438030817267,-2.288551619200656,-2.876770010201809,-0.5093808031961712,0.9043856800584182,1.0157600150000683,-2.2808245012083006,0.1446174590183318,0.4850206848862886,0.258003474117387,-0.7906660776890364,0.1129734492681069,-1.0687835990689016,-1.5697944341211496,-1.3829441620858935,0.1364287704454016,-0.5334191470318579,1.1717115937226563,22
2.8317512168992165,-45.32322881367176,-2.840147140713433,11.902858188482366,-5.929106965782921,-4.301640043156824,2.841376731730054,2.785111998130465,0.3942548483695233,-3.937313018798009,5.226417902864444,-3.4419432541012487,-6.501112155039856,1.949563823790226,-1.357055289167104,-1.8580148857838177,-1.085094825671027,0.3736446654477715,-0.2797596139725797,-2.421441087400938,-5.331652683121728,3.688630810895578,-3.144185763276114,1.7429532223799942,1.3648883992610497,5.4058417350432535,3.3946806969342327,-5.096266703860896,1.7138671201318436,-5.638023363116935,0.6700528632155687,1.8257141883309007,1.8733236464979477,-1.232116506524248,-2.0106682395383606,-1.097955587195656,4.938911232125532,-4.589246594327229,1.2062052031627408,-0.7476346698958162,-0.752043980018417,2.311588929797358,0.2515132573332961,-2.2957840061118038,-0.1152356793351701,0.668962458324954,-1.429957340582982,-1.173731229759983,-0.5370127986682999,-1.3923054296952395,0.2522903861126909,-1.4162203500945452,0.2941458067143167,0.2797328736438479,-0.5131510130057461,22
-7.095629017424837,-39.572343157407815,-9.790452935248096,6.188393658821006,-2.8320827557959523,4.617529016386237,-1.0108750233587704,3.483655614688085,1.8270292366698329,-3.024561458279733,2.0560090098023025,0.2044801933740162,0.8436277414452633,-2.944657338985542,-1.3537351264817317,-3.129672294914669,1.4520404613574476,-1.0989916532719304,0.4779869441462966,-2.071195164147868,-3.4849547788250264,3.8247849973009993,-2.3654836884966857,2.5508207792602278,2.692529949015511,4.752346516982113,2.210888666464267,-3.4962538663673395,1.6896640032859676,-2.6213363266945016,-0.5175631373717314,0.2429875966204261,1.0425765493017018,2.713427376142161,-1.2273937321550807,-2.308723005009932,2.393562368757617,-0.6468413873671733,-1.05833444477428,-3.130418804294135,-0.6105930301261144,1.1254230416579245,1.0547093596356112,-3.060102202192497,0.2406035373813803,1.4568282644945387,0.3160365666097924,-0.9160403559984088,0.4021946813872787,-1.28866000484155,-1.571301100514991,-0.9558098344033537,0.357462170224088,-0.4993569158027375,1.015498132828501,22
-8.090257719548575,-42.35082373968759,-9.855265143021592,12.388058497647911,-5.421221899480272,4.439817357932888,0.5707769070172853,-0.2092355651961728,0.4722882351706886,-3.3718101084207825,2.774226859973524,-1.2293863080411298,-1.401851469294328,-0.9198452786305756,-1.0171716897884475,-2.844445939198509,-0.6467336389221903,-1.1080559280670954,-1.3214128996523498,-1.842128376613192,-3.9130620413618087,3.452976860570239,-3.8208690774990695,2.1338657446319704,3.24134483730785,5.015603848905867,2.4250302181048906,-4.01766808078756,2.2864951373924174,-4.038874224282316,-0.5366486649514717,1.751970209935671,1.1809991141535394,0.5075687863975176,-1.3888154054694897,-2.3663509714786106,3.817181579820479,-1.877573338433424,1.2142736125245694,-2.3112734622104187,-1.9222365154896697,1.2360700598962768,0.8879667005272918,-3.5190358810124787,0.8352200469771792,0.9581832628774464,-0.3429099984881347,-0.9295385471737722,-0.2425154839308341,-0.7542729037230884,-0.5033802187162534,-0.5126158536800277,0.8947645034538444,0.4513964523051343,0.5496368695770691,22
-21.084357508647923,-32.759590392958586,-5.016483557039865,8.033474758904132,-5.340004275491378,2.837234269508867,3.256806742723356,-3.861752042648362,-0.1667296707311351,-2.700273729346212,1.609754392081742,-1.8529667331506956,-2.4620059828515988,1.7362354684843029,0.0014436104896015,-0.7947554391227901,-1.975051676271063,-1.2532314077815172,-2.5581731699806745,-1.3879642766294955,-2.9362549680557533,1.294371966271438,-3.791760862938812,0.2258579881271784,2.7553687031586085,3.0925616692275257,1.859361956926439,-4.083976529511752,1.7499583465140232,-3.5213338883727614,0.5836199102092211,2.2715705917031555,0.9619673621851996,-2.3577878574969504,-1.6193049320510362,-1.268037667440713,3.14116348555976,-2.26336971665178,1.568043718507402,0.3173821565088654,-2.1299418253886784,2.043335809198396,0.7062311270974475,-2.0581918816926024,1.765737889827315,-0.6320105418532608,-1.0318806296273966,-1.795260650556696,-1.352319052026642,-0.978688777077756,0.6614794879279197,-0.8435502558666577,0.3926703258461577,1.441795209495606,-0.6211267817989568,22
-21.7982296727896,-29.73386319999276,1.5912242198941682,4.9655222975954505,-4.353310643276418,-2.038067254048198,3.947900254239861,-4.203229257030436,0.0803322763642467,-2.0158636180973737,4.206097404537944,-1.693845717467773,-4.9366971324681135,4.664596682913386,-0.6989692870075797,-1.966221492566796,-1.934506334530739,0.0261399096175682,-2.5477653617228966,-0.4098103116430463,-2.4473082716736223,1.3358906124606098,-3.493770947293251,0.3035381522129856,3.665929970198954,2.116142148647873,0.8707132393447389,-5.808591519442541,1.9590283601386709,-3.640427307190441,1.0636518889275723,2.01413786823842,1.273958601322667,-3.3347034868978764,-1.133115234860409,0.0747900289075186,3.778413358607902,-4.654879242631073,2.636663360457856,2.765982214281649,-1.8529551341540424,3.185762070901838,0.5021290500092845,-1.2482037152199876,2.935460028631846,-0.1733519435232757,-0.8873018800868896,-1.3660234829690303,-2.510652170379672,-0.4328116561506205,0.7522391502777579,-0.3353441401340283,-0.0693327748494491,1.0896782322206089,-2.604324451703135,22
-33.77286422543192,-15.072201565065985,11.00999045801341,-5.125783917060415,-1.5755274960633647,-4.731411520348344,3.274528311060552,-2.118634277750614,-1.57752086309392,-0.3931656074681764,4.32868404035375,-0.1432539949474817,-5.2100170837883,3.640346043910572,-1.2583399469550716,-3.0427810731200644,-0.3947845973214234,1.069011059713696,-1.315723181550407,-1.808534604193294,-1.1571067886822357,-0.2605332397110079,-1.1459709656942778,0.6379718609196374,4.235374429132068,-1.835321274516127,0.3308362875446515,-2.588806445296329,2.945617221221191,-1.8603035048472432,0.6195550419802606,1.028057592505354,0.4344743499324909,-2.2867593272605355,-0.0778192115288222,1.124270681016775,0.9731987260520716,-0.6368087857355555,0.9524680207716862,3.0379488927797618,-0.9341020787071368,1.5644115774521876,-0.1858187802229682,-0.4895108488547711,1.904914793103462,-0.2835191130787466,0.5392486862942786,0.2870827419609174,-2.755616712955632,0.2029903078868964,0.2343804781282189,-1.035887952330427,-0.987897242765364,-0.3531847052106421,-3.112044314744309,22
-23.756943097206,-32.33758777356733,-12.55474635187115,7.3335367387734705,-4.940175795483197,11.741895800712774,-1.7345313077270412,-2.755573757693574,0.9143062612702412,-1.9938865786655824,0.0857168789558295,-1.6707630799529434,2.6265316872868527,-2.6908133191642483,0.5791734089714872,-3.7795856705569615,-0.6246167390836391,-1.0733339639803003,-0.377329399865363,-1.720856702721019,-1.7516521816847648,1.1354800379329115,-2.50789789665075,1.846643502590144,4.644918129450232,2.884832592120541,0.8160720483216274,-1.5635408691011397,1.693076609938627,-1.6574205324292848,-0.8716089075747886,1.831026241368176,-0.0355540553591744,1.2485362375415796,-0.2132783212335773,-2.059562120732995,0.7782669483386583,0.5167395414332786,0.9509169896234404,-2.1092468182297623,-2.159956219317248,-0.1442249946782808,2.1219290796431256,-2.83720397397421,0.9248546910726452,1.001105379397182,-0.5139125770638974,0.0565306714750536,-0.0830580939967343,0.450593540031431,-0.2240644195911119,0.1232154797630263,-0.4943917737858807,-0.1233584365654725,1.437301500303224,22
-27.91064607800356,-29.812041061543542,-11.178944083145844,8.043614545948081,-5.5297147429818985,12.207004259949048,0.7223589625706891,-6.063297456738153,0.7061196129824429,-1.3565702643580628,-0.7642143557715837,-2.926405257565436,1.410104344999833,-0.7823954515993503,1.922092133832072,-3.2933452030006256,-1.9996021578913892,-0.8179022464919566,-1.0142203591874457,0.022660598282718,-1.4325114647989534,0.0873170396987617,-2.872601102683468,0.9708522172257076,3.961347548926356,3.1716101730906603,1.9572556750233967,-3.252419789077783,0.6821246067496861,-2.0792092620312346,0.3333358175904056,2.953294163069308,-0.019322902537204,-0.2613398923680515,-1.9967133228057392,-1.8041139950398088,0.7527576085982359,0.5977847045904336,0.8186604372208706,-0.4306389806770065,-2.282440956463929,0.1969499872676811,1.657444486056059,-1.6723625874758137,3.079047975636496,0.163970073782715,-1.245901974710706,-1.467548174139779,-0.726946404731964,0.2859225842288209,0.7814258923650558,0.5910590623330368,-0.2699858230835116,1.305749596223195,1.1289027298038206,22
-38.23436137881553,-17.39659055244088,-2.124208089871382,-2.446473667169091,-3.68107763273862,5.6175121864506,3.4425229133513104,-5.5339298875584,0.3841454582558902,-0.1620238170918917,-2.228080859239625,-1.463393982001169,0.0921639741782553,0.4023969225142682,1.1614344329075024,-1.228967467543187,-1.7481129072935715,-0.4190522671340129,0.5894248529414695,0.6974801550765364,-1.2441998799256293,-0.8847812155921423,-2.5389960599731625,0.1460890673745254,0.6382797828029345,2.0602088744209777,1.2051680242789995,-2.5415540031480126,-1.035493092823422,-1.07377284653893,1.33803512902874,1.957227334329494,0.1584538180880638,-0.3007379735305564,-1.9939685674386252,0.2509777385115239,0.2730316295683892,-0.057221148413805,-0.3749880039743136,0.7407677126786971,-0.9953231516055816,1.539466592268207,0.6165245178767143,0.2865043856460956,2.9436761313107778,-1.3499132871709512,-1.0786050161384284,-1.1147035169586437,-1.0237562625161776,-0.2975872402649943,0.493409178068058,0.0189533410540512,-1.3170740188936396,0.3671989054975335,0.5175353765199555,22
34.449482962957404,4.246574392442368,-1.2711987800783673,0.4960296429518376,-2.8774302544534205,1.962835442235779,-0.3729361011892335,-1.3879260229582302,-2.1003610957944856,4.833083881894176,0.8455345517564338,-4.07166214747417,-0.9503704939491122,-1.0562376143878942,-6.871198540401966,4.1368064032473,3.048502922207521,-0.7019257812848018,4.393899630242397,1.1641114359465237,-0.3872498165087762,1.3543953187881266,-4.862466724488073,-1.8162988201913024,2.91914572690164,-1.3413373665621962,2.1159808848809,-2.8958147978300373,-0.0754569898898593,2.155681721554413,-0.4203904075470836,-0.856528607306767,-0.7540774689903851,0.8236767625531582,3.2808235575552134,0.953285155851424,0.4251003732450136,1.1959288284169616,1.5026170656171267,-1.4506859691008844,1.1107987819247072,0.708380248726699,-0.4453522858204588,0.3929146322546537,-0.8826929278668985,-1.649350804029883,-0.8752143245094176,1.6289658433591367,-0.3825755571596005,-0.8026490081238165,1.873399568154677,-1.950503814965596,-0.6880384227982292,1.2448115831397226,0.7186089058943314,32
26.27304922456773,1.8133057128912244,7.265885949506002,2.0964937367914103,-6.736416976613353,0.1991271779608599,-1.7113212139018317,-1.52396249297013,-2.143875044864232,5.594765260478364,-0.5602831451695552,-0.8912602508410116,-2.1663842890992058,-4.026090676726948,-8.978455110569898,3.735626806975959,2.072333954290116,-2.970031176599585,5.89254333403574,1.4100457459366729,-1.6878425281053806,-0.1529112793468218,-4.261930383706009,-2.7670978404337445,2.002917688715364,-0.9084177037567384,0.5590005927513639,-1.1530915001527782,0.502568812891447,3.3759658776040014,0.1097214068304566,-1.4756794541253913,-1.6464804356479248,1.8238006328101108,1.6499295700040888,1.5774223570060817,1.460158253139333,1.3490647700646543,0.9254371897791124,-0.7505118475055649,1.9371141181579117,1.1133318126317933,-0.9634330625285616,-1.158893185460093,-0.3045493656121643,-1.1680623203239435,-0.4144485413520987,2.0997047749007303,0.2234617509480133,-0.5120606837657329,2.0770897526369274,-2.4128045722908347,-1.2532876480230644,1.5756822035113347,0.860263202471748,32
5.757358240902204,-3.391942711587643,14.85363029300847,1.758526589444803,-10.689376447506026,-2.579972506215289,-2.001292857037166,-1.7573130289030667,-0.5647482220098771,3.6329234397394714,-1.1988559308554962,2.2838771534943763,-4.226832142402081,-7.211339309775908,-9.653317808271224,0.6316811747081004,-0.7850725596185889,-3.660182622689634,5.02836742989331,1.756739588303529,-1.822825914292284,-2.6687049520856374,-0.2943379958410262,-0.8533097516481718,-0.8735796498110778,1.250173801750307,-1.4188396605256486,-0.2461458046555591,1.4265410374070502,3.6230102093547223,-0.1535238527536127,-2.328113237757469,0.5330470131416097,1.5904353835091525,0.4471901425349688,2.4931570863358616,2.138657923516546,0.7286622300071659,-0.5695130505360098,0.5475094603956816,1.0607034022274526,-0.4931068846257206,-1.009786804280657,-1.983653667793448,-0.633213615059414,-1.5213502420853433,0.7029253977191544,1.1287278352175305,-0.4760159887687469,-0.1277797861710814,1.320864992882403,-2.203599855022128,-0.9789241432269296,2.1327267303458832,1.1154544226805505,32
-42.51845712128152,-8.963295771101125,3.807982196799008,-12.03579330353699,-0.6432935755264227,0.9534221767171208,0.6982803903168858,-1.2014380489496246,0.3351411335180352,0.4961032050195765,0.4105636922616915,-0.7966735675985218,0.6822385804018186,-0.1516970789966828,-0.121805659806575,-1.199815149971601,0.0035748588471947,0.1093244122014865,1.3055225427405632,-0.3254148136500058,0.6325919770495941,-1.151394721887383,-0.7957691354713493,-0.0001958838382314,0.4673649041496132,0.0015525304952188,-0.7476416850438855,-0.3442892435816003,-0.0480589477115038,1.2309442796733174,0.6709205670671332,-0.6224064301211062,0.279630137846106,0.8420918825232482,-0.364623843190256,0.1260556266228467,-0.0999436082484662,-0.1798588065355149,0.2340871580551179,-0.3540732118830826,1.3217563009459992,-0.0127255414698231,0.3509188559244339,0.1023739440712676,0.1501453298351902,-0.4427604203250759,0.3450089267376494,-0.4838758290386515,0.3148770795806064,-0.2260863429280327,-0.2645497291504102,0.2099163884092516,-0.0024833014704969,-0.3325448592026935,-0.0325288960955257,32
40.18717194585293,5.746413817869245,-9.566481425675804,-0.4557776165872255,0.9491357570867086,3.2689394297378227,0.5558755068137278,-1.574186036969456,-2.831175071613464,4.776171133244088,2.7134262278227177,-7.619056531862899,1.183859738480978,-0.6556769332759017,-4.888790176779259,3.827415629459927,5.279820200180255,1.9539727725402665,3.285170354202755,0.5577519530195777,0.0554393410513833,2.312672387735914,-5.321987262511597,-0.5841078338502276,3.818300317830957,-1.6550924262987403,4.3535526552895085,-4.727861871039415,-0.0415759969343113,0.3327607593810212,-1.2346676216147805,-0.7651558339419721,-0.60571772743194,-0.3222400783926513,3.9655986225169775,1.3895481668497731,-0.7397356769119962,0.354373944468949,0.6291086685679714,-2.481437804112623,0.4559324681967173,1.018970397415589,0.05684255959577,0.3552262141924458,-1.941241693549466,-2.48887715885101,-1.6010572853034697,1.4633883660945144,0.2941227497642051,-1.088379298431149,2.036251487910749,-1.9148890887758807,-0.517823389452024,1.034294436489003,0.8193715143710799,32
26.23462774828466,4.322404191572775,-14.112090822788067,-4.0968900658184655,4.596668107348346,3.827827638831042,1.8543471975674417,-1.3662430729742845,-2.7535361366304927,3.247346543452261,3.1966015781718338,-10.490527245231329,0.8914423905647776,0.0121267547164732,-4.129751989248217,3.1362645028251155,5.322668475727163,2.892425976130772,2.2014932362147985,0.6617158163282549,0.3187972814634373,0.9911597285399492,-6.275593300804515,0.6904599797722779,3.6332033055434327,-1.2476513517198025,4.043659344258124,-3.875950401323256,-0.305321713564191,0.371092654725431,-0.4892840956226105,-0.6895940842885384,-1.2811640312949564,-0.7214556079514108,3.7040860916221514,0.7098017133775327,-1.1685928218638586,-0.040716654217924,0.1560069244238115,-2.845468554292895,0.3110641107089514,1.2120850609298968,0.2841281286995713,0.6799680450090708,-2.7267058789676097,-2.444262449519666,-0.8175119029052782,0.853495296375934,1.235997615443581,-0.3405354620392777,1.0176233257239735,-1.3815640847287265,-0.095761853061862,1.0079018330739484,0.4982541815832885,32
30.4994172488171,7.109426551628421,3.3483877377534563,0.9286668152788756,-4.727954275144992,0.5535854032028934,0.0295837925726995,-0.7885719783997224,-1.581598430759905,4.431646871266204,-0.6774990425801574,-1.0620651463081274,-1.4382257773019942,-4.392670537140408,-6.670096450152196,3.895442346769427,3.9653642902460944,-2.409257280376267,4.048129529850337,1.023349089824478,-0.9522034973135254,0.3040097929243484,-4.702648703346524,-2.087169802059853,3.069006445166177,-0.7265335091412048,1.959423478071877,-2.289321036720708,-0.7787504440956317,2.5496344836670146,-0.0437201051126909,-0.4633874187120896,-1.5213648349928584,1.5743472597523054,3.94933106984462,0.6984728933419415,0.3567632965629865,0.924901572850646,1.1036131528147473,-0.4040583709083746,1.5497651079265835,0.7512155530857589,-0.0289849068317262,0.0667300504162165,-0.4367276376141161,-1.9989512259343187,-0.2242580938682361,1.7886624806040985,0.1134186047819643,-0.5135395105971845,1.1054260753008622,-2.315165868082951,-0.7617435068918805,2.18942695420494,0.3135713540528272,32
38.06484967544019,11.109839743222588,-5.212803252442162,-0.0353263664092058,-0.4452201723741972,1.733431630415808,1.1329647342273623,-0.9495869133804284,-1.71337082251618,4.047743132422361,1.50370072999451,-5.485517395467666,-0.1146789806401167,-2.5119829810408705,-4.999148608404224,4.125442832566835,5.031594618999411,0.0341702441449093,2.4915962874692505,1.396114575147258,-0.4098812163597817,1.2996615658446415,-5.261839336929111,-0.9593743055702671,3.862582905932534,-1.083671414479801,3.6572372843564858,-3.280379509781166,-0.4519532085199587,1.526045392430719,-0.4735242004030623,-0.2987916217970308,-1.15070531055896,0.6522272520986687,4.710203829884598,0.7225125378071836,-0.473226706138638,0.3064392556585287,0.940523339471739,-1.5687182489902596,0.7766077997634774,0.6584030531753416,0.628200872971112,0.3174343295183581,-1.566041218069823,-2.9150861070894325,-0.5483824293628116,1.338827721859544,0.5354546247026087,-0.7728715533601149,1.3003311005086289,-1.8578246499862203,-0.0823810553969283,1.9850865400480044,0.4719477786669822,32
41.20656844057197,16.221782396371836,-1.1224020024680994,1.511926846423024,-2.70536355323208,0.7162192072640852,0.8744221269900316,-0.764919715430576,-1.730959117639362,4.625544237934224,0.6499561877182308,-3.140926051618643,-0.8858628326484873,-3.756892083361577,-6.131024498901216,4.745616527895258,5.145817156081886,-1.5230416502474344,2.9801274716900594,1.6185222501092942,-0.9900481556938808,0.6366083937488459,-5.149868757679363,-1.8498169119815728,4.06627155862993,-1.040000859641604,3.3497504273741843,-2.6934304687192507,-0.3786302264449321,2.241048528196675,-0.1648034684364542,-0.4116417812132323,-1.6627627791942097,1.2725136767969256,5.060151974505626,0.3450162717119531,-0.4890672085262591,0.4174000904436377,1.3864930038787031,-0.7483430878443088,1.3156698367416333,0.284167644346285,0.6615887308414843,0.1056835672000549,-0.7492802095482032,-2.848529982491214,-0.3095644623043045,1.7384007028881228,0.6396874828571419,-0.9528954258998886,1.3604353972095935,-2.213662010207614,-0.6279614668350391,2.3657094148410778,0.306138256850646,32
32.951376325524265,14.906632439918434,-9.047933293480687,-2.1184945487481173,1.0420997370963971,2.175186231374421,0.5429146708344771,-1.6664027769831544,-2.539352090261222,4.895811796684603,2.876631132212888,-7.272355640517409,0.0359042043779412,0.1098255399443181,-5.680055004233648,4.344925956592098,4.986098456063173,1.623094595091768,2.987308609153948,1.287125259985353,0.2030859560812333,0.7684584920306677,-5.560166738351244,-0.8806003845326522,4.41297495076855,-1.464724228309327,4.031043762577692,-3.628352394002481,0.3766402434874713,0.78446739531576,-0.262442712593593,-0.7752262348864521,-0.7183118473697412,-0.0821617364969188,3.620706446214247,0.4985001600708445,-0.9453562684328796,0.1182029199853063,1.9553615959403272,-1.6340174687484528,0.3541711087988342,0.1033226225197278,0.2817035970659182,0.0850793732114539,-1.4033179958198647,-2.190086042150837,-1.145625130166256,1.138113404609828,0.600312139842223,-1.0518437435479897,1.98220472639148,-1.7285743601512606,-0.5769679064823914,1.165653433752774,1.147791430189364,32
25.353335725025502,13.01601680902587,7.025472016308048,2.0353540088047373,-6.863866828166843,0.14366863152894,-2.004816771584998,-1.5459894561487515,-2.031788473557416,5.6808039926208735,-0.2324931606879258,-0.6834830483365135,-2.375153521025925,-3.831924166342272,-9.228454895108513,4.029791301113833,2.501860772280656,-2.74905972781327,5.409489518241643,2.482181157903069,-1.9771017099529575,-0.8204489276156911,-4.040178130564251,-3.2062779178415077,2.549568218084649,-0.8333017867012462,0.8686020039570805,-0.5986689730623984,0.7692923707257097,3.2052759849619354,0.7421372232630679,-1.6876891648944636,-2.3841356521901957,2.221364314949971,1.7785633657691906,0.5064596937172678,0.8124559152967226,0.6345205402018441,1.078151199451045,-0.3643004007120333,2.006966622825536,0.5809724044024646,-0.3060935025510982,-1.6656418510483118,0.9611068273230444,-1.322093588339637,-0.0658243088672332,2.307522397365922,0.9229377261023488,-0.9585130697679464,2.138273297808552,-2.2301276126491647,-2.002356663845984,1.943583584450518,1.0247253359520172,32
23.302160703020505,18.34604998919335,3.147727225166943,0.0394149839142095,-4.730600999479415,0.4297122361840795,-1.3039696022276344,-1.580717574399516,-1.928746848850353,5.081126113901766,0.5446975287844,-1.7119426378353642,-1.5168116372561429,-2.5151782090837758,-7.739702843769087,4.182152751899626,3.42471111179116,-1.728190012791898,4.263525514951874,2.3897939678698665,-1.667510791867251,-0.4433622448299396,-4.055756640186606,-2.8173310626156294,3.2488815082512583,-1.0716036496863528,1.7971160421697177,-1.1356590640408286,0.7247152142475206,2.198102384078788,0.7842503327886385,-1.0149653063157122,-2.1601288058858543,1.9315324105578429,2.5049744729607006,-0.3445323361843278,0.0009150602594821,0.2891403454906057,1.4954450513998525,-0.3018219055918006,1.4973000127300082,0.1882004232463761,0.0206543210301275,-1.441214575824585,0.7894952543843173,-1.5319719678006902,-0.2648014903101705,1.8509688347701152,0.7991813062971032,-0.9877868113939432,1.944055075262253,-1.9685180797630024,-2.0733111419989863,1.658395318060466,0.6966886770764553,32
24.75896614847792,19.297267316372604,-5.476800968160242,-2.690441893624582,-0.3790155215057149,1.05148199694588,0.1981200797580315,-1.6329859472872137,-2.112263714600912,4.441738781745795,2.3489741076787136,-5.129597568078778,-0.2025422535014354,-0.3292725445258906,-5.629586748557801,4.328111602031528,4.738235929692615,0.5645988257597147,2.772355096233753,1.7381043688513935,-0.537558082234673,0.0480253483563005,-4.748171391118232,-1.2069097736505312,4.429223373207948,-1.758107093200559,3.585800630806835,-2.50866728829435,0.7518355880427054,0.981550307790324,0.3116806307209993,-0.5384419156407443,-0.8883171795244292,0.6913841982045286,3.3053549520494343,-0.1735430302025326,-0.8060112631208822,-0.0923272501531567,2.0732558748444467,-0.8924875703485793,0.4623250347672012,-0.0768508243981185,0.4450468328716943,-0.4916942439481456,-0.6043474391140864,-2.1265405398899877,-0.9010342199263832,1.1136643399499255,0.6100932541577085,-0.9240273053482804,1.949006449206674,-1.6713933180867844,-1.0010715292185672,1.1809589967013217,0.9094722266942084,32
13.853217420838048,17.41073826177697,-14.013286510807127,-6.271892698848514,5.493434959612291,1.8526615237022817,2.813827642561349,-2.349503549452276,-2.5173906208422605,3.158890538818364,4.034465899401342,-9.550123642776544,0.6119442442718632,0.6436402332767636,-4.17957420915658,3.559401628518407,5.29365769539379,2.75765750331516,0.681761977193148,1.0797875893121485,0.2840369377155927,-0.4163615300760994,-6.424580093210476,0.6997726141689662,4.946616541937316,-1.1358867911635158,3.894895003713522,-2.832802196085138,-0.2027678133629251,-0.1843376715033445,0.680685680952395,-0.8845584543275146,-1.4891624208775815,-0.4125439337276196,2.817988763376743,-0.346310820801359,-1.71277782185407,-1.2420191851137008,1.4832315897723969,-2.055360285623386,-0.7527211626869529,0.8170467805418686,0.9102093256838152,-0.0509440272861054,-1.7397926645809727,-2.3306950237605863,-0.2553424229098047,0.4552169196750738,2.2573484214561987,-0.4100304759521126,1.4294147955052656,-1.3484105581558847,0.0988138169941852,0.5173429159441261,0.2821643123625602,32
10.343224572900269,16.72687618870997,-0.461233216121873,-4.003393431106733,-2.2317446109155505,0.7196340960715062,-0.2001408612479652,-1.4585958298920756,-1.4086558271180412,3.924603927599769,1.0058821902225086,-2.7975792177952834,-0.5167068852970464,-0.929027156038504,-5.420042081780406,3.73560399209862,3.801535286874702,-0.4938816473373925,2.9342033629798423,1.7727292240265302,-1.1455795563294,-0.4793297929649109,-3.596277993182418,-1.6212181686420315,3.553561023892585,-1.2656346758059671,2.381154723563058,-1.424117694820631,0.8246080684994821,1.020440023830669,0.971542194581585,-0.5350092043500561,-1.0735498696176609,1.315592036730724,2.444647937019863,-0.6927335598514979,-0.458142247666283,-0.1113317251958251,1.7323797238039298,-0.3040860264831933,0.8606048933695066,-0.0507532957440746,0.2120029537210921,-1.1237978541783944,0.359318747602823,-1.5957115542450149,-0.4531290750196269,1.0084993793565449,0.4486693936332447,-0.639645092527688,1.4996585015557753,-1.4921955258032236,-1.502866733926695,1.109149049530108,0.6465007714628676,32
15.191944423450911,29.455068382925656,4.183982239420089,1.1857334872873937,-6.576130086486864,0.7882232013615924,-1.2341527370560668,-1.5159525748273894,-0.533555341697356,4.5770828604763,-0.310220490977241,0.534179522759621,-2.347680338357992,-4.906805408575946,-7.822055305770557,3.758676809285822,4.06192715781163,-2.776504274030668,3.955378244022411,3.1850286913237347,-1.4450198611247225,-2.388079250435836,-2.922381181580996,-3.55491753779392,3.6892688181869215,0.0573957572778409,1.7240648072083318,0.278576227889669,-0.310952977365329,1.673426652216736,1.9998307788296592,-0.4434581169674608,-2.3665075980862063,3.07507224184631,2.849615289476391,-0.7999924337976276,-0.3728088084337947,-1.5634558814557915,2.773970769524068,1.4454150978075833,1.9018018322746757,-0.3781108258148222,0.7236911214124985,-2.1451516241634754,2.057078863535395,-1.027505749990841,1.2685398372088172,1.3995990426241058,1.9860958850868211,-1.2764415502574622,0.5291181000493724,-2.157840563497581,-2.1927132245852303,2.342415931972992,0.9682038132512456,32
-2.764946344273961,19.74208054748688,11.20093482919542,1.69709383380072,-11.217649572711435,0.615057630694749,-2.1255545603769,-1.511529589533325,-0.3514692347746751,2.5741718826829163,-0.6294547962786059,1.9592471197781307,-4.52628761195681,-7.06831204319622,-7.698876107101259,0.8114868246485649,1.2711825941377422,-2.362088392303235,3.4897183614525207,5.098830261247803,-2.243331756773681,-4.596859939711635,0.4258090358235122,-2.2102135041266826,1.2827983084120869,2.042770366549405,-0.7722542127844565,1.03355472215969,-0.1711245029206149,1.2236868587231589,3.258865978960532,-0.8297637591291673,-1.3438251475377172,1.8651343225412669,0.3973088326260339,1.244736939304278,2.051680314110452,-2.095561817867494,1.749302215519321,0.5773556975697898,1.2538303370332535,0.051580801810096,0.6446481328470559,-0.828624385796589,2.120205661593685,0.0782301498914856,0.8498716777776544,2.2985846540177444,2.840568226704292,-0.8276543697050505,-0.0688420741279695,-2.1604912410533585,-1.1795850540841808,3.156485223750709,1.2963921366246134,32
-26.813295870074164,-0.3894338748091153,14.718682889092468,-3.205003178546719,-5.606512811222251,1.2832561615998717,-1.883956292160756,-0.9879492678654044,-2.3133817835381127,2.937273193912659,4.5601550513956575,-0.1681583628010843,-1.26933603661059,-4.379622572660369,-3.550251179304581,-0.8786578428568687,-2.032344696486521,-0.8835980357726889,-0.9172700957180796,6.632933252341815,0.4370232607874963,-2.4700895127149813,-0.9281843070868993,-1.4799111390666315,-1.185103721984098,2.067286569110176,-1.1952134867227713,0.5829969292319994,1.0024159153209462,2.23017400512801,-0.6882996067715343,0.0133338930113542,1.9358646370624288,-0.2020638031099373,-0.6164142949053787,0.0116189705615721,0.6230473820326543,-2.3300253760561205,-0.2194187384731999,1.063066783310322,1.059211104456818,0.293268553325006,-0.1979330632911875,-1.2839907266161164,-0.1427567107220328,1.3140522300167246,-0.0332412382476634,1.7085657090600064,2.281924163221582,0.1830707437089617,-1.871481836265936,-0.9925765536579988,0.0581679965820797,1.5120726662296138,-0.1711728488872417,32
16.29896281816439,30.003201443246542,-8.860341184940731,-3.986471900457339,2.527678869310691,0.5540647050668789,2.4506540938428603,-2.434399155499651,-1.388071340653967,3.496617370892582,3.8300794441540273,-5.286190499901068,0.2267540204256156,-0.6412563237731442,-4.854815960877477,4.416937239365104,5.488857799518971,0.8583287375592453,0.5293098367171761,1.659374415896668,-0.3281466801051736,-0.5454418244152749,-5.038120604936932,-0.5494043007799438,6.186491163434666,-1.9789325874268235,4.463728254877473,-1.5712933515074985,0.0495252482094104,0.1052306815736247,1.1667557101816974,-0.467355399463766,-1.4029350453802534,0.9068372473336322,2.819443804557679,-1.4263515265476243,-1.1858778499526978,-1.44910503905495,2.503562741578729,-0.3379266131908159,-0.6761037672937686,-0.0515614824790879,1.5804718792893784,-1.008504423449173,-0.1688801477574572,-2.811902356349272,0.7109370254284751,-0.2359338762785203,1.8774337364649516,-1.1406661341369495,1.831643185359504,-1.7612227227484338,-0.5012254909179396,1.2255197052385725,0.256649033710963,32
2.174010858609482,32.326988401780454,-2.863645748301168,-1.6505781426465145,-1.9361885846192752,1.5200339408423569,1.1027502310018504,-2.93506648079742,0.045060562774638,3.267518647403288,1.8886868337858376,-0.9609527580714124,-1.146333225808753,-2.372002413596755,-5.060948376055723,3.8605431491612894,4.147077961170158,-1.1082996056431866,1.616156756459303,1.1886640606890124,-0.65812484763249,-1.4662581709615312,-2.791012900834557,-2.376104459678183,4.964603725759472,-1.5970877508582424,3.0905884421103136,0.5159311960983939,-0.8111077280488288,0.4275728033122229,1.7219719381610656,0.3865377901408984,-1.834847534306411,2.406556106822616,2.1708222035242533,-1.7681864040973374,-0.2705259943774383,-1.5217680971161571,2.5779795298776365,1.6917940208818691,0.3632437512512937,-0.5876672615044509,1.6241115236389985,-1.574334018954984,1.902394735931285,-1.8892677706466217,1.6630248417560167,-0.0950279810011479,1.7926205285397736,-1.130979989481642,1.1463695329037271,-2.458521917989788,-1.6729096043856984,1.0998018583407283,0.9763284777975104,32
-3.2428770141804013,28.13592353681621,-13.3450974390257,-5.707661272465396,6.5001850626867705,-1.9224571955620509,3.047053482385016,-4.145087083046433,-4.798703539350734,1.3763327910617398,6.297693544001162,-7.757720087547482,0.0266614244362885,0.3552637960990696,-2.1942511779742904,4.417162315829275,5.738893097693709,3.950121230002984,0.5422322930564385,-0.8749834231015994,-0.4831161978225806,-1.0013032488413207,-3.686460224016845,-0.4423668245356826,4.341615410435373,-1.7485116566565222,3.663655939809988,-0.6217773818273454,-0.763173541660757,-2.034814081762423,0.5187215962900344,0.6200171904512952,-1.9806501524903384,-0.0776522952947757,1.082683617737151,-0.6662817857231906,-1.4226030484283447,-1.7581482285016257,1.2946285299884737,-2.2533930235187425,-1.2978210545997455,-0.3978318619620851,0.6958243126999849,-0.7942617279997174,-0.8685292624820631,-1.4698620891542784,-0.6164648459523001,0.0750102062435145,4.309451077132169,-1.3057561636604504,2.302325156239834,-0.4662247605649446,-0.4289794729105625,0.3155430860610966,0.5270078428973125,32
-8.001158021432763,34.41880615107228,2.9049146073805003,3.5834171304655134,-7.437221995159842,3.3097306471733163,-2.6788084621406334,-2.745181930964367,0.8795245019243233,2.867684713982105,2.7346303822290388,1.9767963674935567,-3.4508636244347133,-4.106274053409033,-5.531525286412286,2.5149887222282685,2.2771799983797463,-0.6110942668363198,2.6277270149066148,3.4023973145611173,-3.206645830458362,-3.202425767158533,-1.1258528058175878,-4.803646440852619,2.7249294245152025,0.5294724976825977,0.3453905111363567,2.074764686604288,-2.446963475225811,0.5651210390972446,3.100496080526037,1.1500027161550617,-2.4425842464508745,3.424036982142186,1.0061761426822189,0.3229652073998354,1.298259039320225,-1.472140578050516,1.651527941825082,2.902927523234204,1.365725564665932,-0.0966276241185754,1.6151629529189693,-2.121451771352717,2.3065105970366737,0.3965601152636113,1.410338695950441,1.3389896271655095,2.8085121306550294,-0.6453842186141302,-0.0774260180856074,-2.7845682897547324,-1.6321632578343344,1.396476415323861,0.8162681299155568,32
-3.939598245349073,38.60014054523083,-10.275982692655877,-0.6824590337989449,3.051779712075556,-0.6899351269787656,1.7925491453162818,-4.625529204104836,-2.9644687725380727,2.6063346993706134,5.719894597216072,-3.895357475523393,-1.387062876848745,-1.3713974186945137,-1.844730921750698,5.174233924801037,5.203728761937377,3.3639446256955456,0.8912652586984432,-0.6373810856003058,-0.4288874128812571,-1.2569098741662408,-1.9510779425596363,-2.119141811452403,4.163667142106453,-1.7610378284701174,3.428060106901225,1.6307703233664244,-1.5385628575309949,-1.0871470963698653,1.0379554270664566,2.021558359522133,-2.5450037193382844,2.1268748292951614,1.522256805455771,-0.9789905533786584,-0.5674481298347067,-1.3717239968859811,1.4290073499658995,-0.1738457720001438,-1.1580683968808785,-1.1330981215907443,1.4107052953214887,-1.1491453441850925,0.388175966024268,-1.6712641112792914,0.4335902636135503,-0.0404441689134522,4.497935440835866,-1.544491630958991,2.6993282242049954,-1.1941986069253794,-1.230405796012031,0.8211129938436607,0.8876590577693049,32
-9.915805793999844,42.90870449250565,-6.364445421560797,7.228665489310527,-1.829208959956244,0.6737782860379592,-1.729127958796957,-2.629995853944948,0.0916197856716123,2.3732010520002924,4.939086445211059,0.3020115469096204,-3.801841585890565,-3.930185093708571,-2.7077397449285394,5.415910579049734,4.452237061854258,2.037980834357359,1.0737739289457413,0.4946236924672323,-1.8720359404904532,-2.2910181190752543,-0.5249131051031862,-4.51298857557754,3.2386917289899224,-0.4728185063118361,1.7733071143399632,3.101103342417722,-2.7634455898276973,-0.3699637209855929,1.4694102718028534,3.0330073887283278,-3.6982938544149206,3.711285848448748,0.9432322787251818,-0.3731641519055689,0.3547392555249424,-0.2889432583872774,1.6004430089791388,2.4612214850211767,0.1976925806567065,-1.3284994241055812,2.934335967986069,-1.7832346387602866,1.3948679269243645,-0.0079625005955955,1.0977456287228344,0.8330080002323265,5.560336539547175,-1.91483821970339,1.6047153498899829,-1.9026872854631047,-1.8620369255604567,1.151726635465112,0.1212142250589704,32
-27.34397871546868,16.682585000234003,8.413002894234296,0.6855706104580127,-6.885282119207546,5.892198349685835,-4.476322620014535,1.5690049517402445,0.6974643370575477,1.889852651626716,5.633437690954102,2.1584618827768827,-3.2463931554513548,-4.562710497449942,-4.718160171067189,-0.2666079169614466,1.3706087532842242,-0.3695427744126493,0.076121149557692,4.79354053934714,-0.1804338960340777,-3.821461059808699,1.653612088893268,-4.2819715262409375,0.5623561715566426,1.2407446129640407,-1.7358356803915098,2.936036671712225,-0.5378570607549834,1.3040463562688496,1.9845241715431887,0.5576165654521025,-0.283046556156506,-0.1155849483584411,0.7684505356230703,-0.2567494626932367,1.1771684112357996,-0.4122452118777648,-0.1067329235524344,1.9347908428371483,-0.8818238344091199,0.3684509764123629,0.5913748727122945,-1.489179564680606,0.0784764458816887,2.2905016971051686,1.3541432674961225,0.5061273928203117,2.9926485164742807,-1.0418005004264723,-0.6195271285091255,-2.260653337609364,-0.6635927514682975,3.77627069348148,0.9326347131543284,32
-14.095884696738452,34.03027928022879,-14.180587800104211,-2.1785119751731763,5.746849706198864,-5.529620299063374,4.92621652883787,-5.317772858099175,-3.299468423209071,0.1543884121167096,5.303214137503547,-6.291399147290322,-1.455351801989799,-1.163683401888677,-0.6378263972735909,4.049835481632601,4.292228306095434,4.623890244147691,1.5879717485718134,0.0724140772490152,-0.8220721983495903,-2.122075734904513,-2.926278013531834,-1.3951815222979975,2.665337764467313,-0.6195626514959334,3.855536118838195,2.332292946765046,-2.432563627444058,1.322066139328671,1.168951301985416,2.6783892369345685,-2.143382508661796,2.60446783811185,1.8547343152763327,-0.2720082508817207,-1.4272672438581473,-1.1884810365856389,2.234501451651609,0.6520671698669218,-1.1957518475781508,-1.450732777416672,1.397117113429721,-0.7833228233527396,-0.446974977619433,-1.088447261823008,0.2195395957201756,-0.2105813487013721,4.862082746474934,-1.1021655096005567,2.728179512821889,-1.0384108750489405,-0.6942395964578107,-0.2092852851560165,0.6781476959081522,32
-25.6531382317833,25.46244588532479,0.6965727055335378,6.146674829013067,-5.0429321592298,1.7279207805270111,-3.875035227319569,3.5904526908696166,1.817168000389884,0.887616637906606,3.657175892617786,3.1058208811328347,-3.768231199181492,-4.8493313131382765,-4.097034897508569,2.1437996709371365,3.823560840985894,0.6029969544246986,0.4342437081476333,3.337652358321939,0.0444171510666341,-3.699349823373831,1.312330434565729,-5.187054477309736,1.527485400818001,0.8261681901720768,0.1503488290974328,2.9492892748544257,-2.603298514187288,-0.2850564704267169,3.37084324505215,1.5719478658819224,-1.97991542053208,0.5848754870541077,-0.4599050570623335,-0.5221412463788971,0.3828888395581971,0.7184295476358594,0.9726731687421888,3.204304258707082,-0.9167886217372692,-0.4189161823937506,3.0661321766864127,-0.993687762954718,0.6359774272790543,1.2584421691895338,2.685605510569544,0.6934618551307816,4.467982194214986,-1.9933973317019111,0.5091465629802315,-2.825539742621021,-0.7231898688690941,1.912309259469712,0.2318649817974813,32
-19.13314913689567,34.49978206163147,-12.353651363820529,3.933734618473268,1.5495789852065045,-6.562800559680085,2.154409350197525,-2.5948769725290672,-1.1017140028147858,0.6734122130340882,4.280826200813421,-2.67111596881934,-2.519022024064196,-3.349694971709424,-0.7002928894021612,4.147330043406432,4.439102253742523,3.710422056823084,1.3412888431566712,0.7472804895886287,-0.6072902663665107,-2.34508540318698,-1.7352063605173456,-1.4171939445665085,2.5745858928994028,-0.2728930359332515,2.531950325265543,2.580634907942436,-2.1242537254928013,1.2104672930091869,1.904027402729397,3.2702475298122944,-2.72322841997918,3.799970437677516,1.295310671163135,-1.5156060356195395,-1.298802636209963,-0.3892262661074643,2.5748670156046143,2.5609321778280463,-1.1122132726631728,-2.2079104690606286,3.2406933201045987,-1.103413870681146,0.0950535062437114,-0.966016283879116,1.6803388534292525,0.2307155248278078,5.967531257353179,-1.8430767477269785,2.2664648439236794,-1.274218013481579,-1.021659707180625,-0.0660486556873099,-0.1168433995140596,32
-48.05772624036893,-8.340955949130008,3.1005015293761664,-14.919215726270377,-1.0966414040410724,0.8777113233719215,0.8996962521344254,-0.3999648061310744,0.4667087424571356,-0.6156243846999262,-2.705732997721204,-1.2404373865138814,0.6253703305422789,0.5838832441211503,-0.2648074345132764,0.2746524499511505,1.3203180380545565,-0.4495037704085808,1.1796719381271463,-0.7188121798322789,-0.3037295483598196,-0.91273038794965,-0.5409961788579845,0.9686488345290734,0.321085079012217,-0.1301891561063854,-0.2114168463682899,-0.0293480469855637,0.2650086211116577,-0.4645248843260062,1.749180347504106,0.4231147623441497,0.9637094299378058,0.2667199376504391,-0.2403964201698541,-0.7310795528696933,-0.0451495550256627,-0.2263371147152522,-0.0338122107661247,-0.5210924344694865,0.5233620698928646,0.5938088756583451,-0.3705928493926246,-0.0569536143362182,0.2928341849343559,-0.2752674247005008,-0.0836627105463329,-0.1242550022715296,-0.5904354137615568,0.3978478298200017,-0.4869098015259586,0.0018799057563583,-0.4400027251241921,0.2397365889918169,0.1543469554535699,32
-36.49702837804437,11.664923014314112,-0.3767134577153546,2.12871881866773,-1.5355708134513926,-1.9991690044054888,-1.7950725796175582,8.65519853957698,3.735322935044366,2.1622224874710585,2.302818852908415,2.11200903112688,-1.695134303840193,-2.605228111761173,-1.0331584469775266,0.5353404497401598,1.4264561556932698,1.8897703481598531,-0.6444655288235414,5.725619726969975,0.37176902948828,-4.089640299085786,-0.5799754729528249,-4.383832198635211,0.6189359289764738,-0.3888880700929727,-0.5673615719068082,2.1866755681005112,-2.968101262543947,-0.1998755895651605,1.7176554293154112,1.0274422033902233,-2.198370289149745,-0.7947369609082705,-0.7599905211475073,-2.2767913199893446,0.3539006845455501,1.063852376751204,-0.2186181551086455,3.022394676205862,-3.034034303329894,-2.8141196173114085,1.4093795658593116,-2.200006596048893,-1.3813991498701284,2.001970298491868,-0.7818536949575117,-0.6398596101656765,5.64793350193023,-1.6473655071575204,0.8266422831784451,-4.807944830500124,0.6139016817066658,-0.7838520183592231,0.5541226100053414,32
-40.62399974269712,-0.570881208304762,4.162622906393703,-6.9384977126125165,-2.3459815409360014,2.346563196689238,-1.030172616834794,4.218570107890963,2.625281856437514,2.0964457492969357,1.049365997309611,0.4081407775398426,-0.8038349328143082,-2.302296442472399,0.1934503082559344,0.5374816185654205,1.503833681773559,-0.3099206687735513,-0.7887426873806346,3.6584275243586615,-0.7068111925867506,-3.626768906898518,-1.1156964268509988,-2.1261069407531688,0.051840582118474,-1.1720734186633033,-1.2633473366626955,0.9719963991857572,-2.270669171153896,0.3671588077919934,0.1343982031398312,1.1466081103107142,-0.0671161743558755,-0.785666738097332,-0.682060281348409,-2.9783704367707444,2.080422020037565,-1.5673488352951688,-1.4105282825445635,0.6779989792173862,0.4318219833339979,-0.708838406052752,-0.0199169737131408,-1.795556163253646,-2.0811928126522723,2.388401775019748,-0.8482050395773614,-0.8764380263172227,1.2570043018005628,-1.5062930047326384,0.8431384237952642,-1.6822097124521689,0.2077466096420427,0.233329576524394,1.6831074823642609,32
-42.572813863757176,-7.585173601507859,2.7972348906018207,-11.941515330118232,-1.1574591608600502,1.453211522387821,0.3394212819171225,0.1951436690940994,0.3268495292395572,0.3385332649594787,-1.28234490034159,-1.4364010152668665,0.3140825893641905,-0.4559260517367131,-0.6174941948576353,0.4711728324634571,1.4167994798492007,0.0004686213882969,0.9857816348067052,0.0471748207707289,-0.4894201927433382,-1.2535116277441458,-0.996434299405149,1.0067346241536983,-0.0302075351860537,-0.6124580966153192,-0.433295880040296,-0.2051016649113617,-0.0309371867011638,0.0858820210235778,1.306132322102889,0.9040762836556526,0.7871857739076895,0.4072741480926112,-0.5640896078813508,-1.218158574937093,1.1626567107586243,-0.0167626998119272,-0.0409091675893185,0.0804495135529033,0.4609585570004052,0.6885285909440934,-0.5989561224774023,-0.8894010644052681,-0.6135201438603641,0.0795529864689865,-0.0968861225243159,0.1023695266224187,-0.4141690519111052,0.1715052195143321,-0.6091208975535897,-0.1654303005471555,-0.3440733282727245,0.0615735304655509,0.1229113218783237,32
-34.3599985646891,16.340294868403294,-10.966884322447504,1.029175596766456,2.041984230962579,-11.039381125688111,1.219358321423773,1.877201165706099,1.7357751192898825,0.6717684554332413,2.643968569589647,-2.2840016797485285,-0.4625656330853982,-2.020645060135976,-0.2827152559246113,-0.1458690857610715,2.751320044134067,4.118747110314316,1.6309709211650372,2.374836183054552,-0.2879777738570486,-2.667184780916024,-1.1230909122299486,0.0089644681630069,0.7070102541199764,0.1590202617193805,0.8133096029194036,0.8697002167154793,-1.4039883305289913,2.080324945929054,2.2079759761576727,3.586189269453488,-1.9092195145449704,2.260088806631898,2.0804388864468333,-2.2061438807720224,-1.335783950047682,1.1377839687162146,0.7184836260493044,3.4414443506289643,-2.683511611135437,-2.702907570182286,3.301951515908653,-0.7619442675213663,0.0856537300915352,-0.4174764614092459,2.026389332088705,-1.0801643575238262,5.710589804011806,-3.082854809092763,2.547222909944104,-2.521797388903735,-0.3209996793103131,0.0690905169917759,-0.2126176718603607,32
-41.092565524588224,3.796977576705158,-2.482800574884674,-2.8821786015955206,0.5248525446545346,-5.0957612698384604,0.3875982034494893,6.449288925636978,2.754501674872599,1.8306907023100143,-0.424515059974515,-0.4378787104234268,0.4921825311341719,-0.96359302608232,-0.483104571611261,-1.4169282605010505,1.0252622385726815,2.2510314289579925,-0.1363996134647264,2.819071776972778,0.1627093572803526,-3.135151661251307,-1.4366997967653838,-1.5428465540657263,0.1644146641006842,0.025128077176901,-0.230883565488475,0.4723931831823923,-2.092712288544257,0.5384245711642197,0.9936785614405266,1.1277924675889095,-2.520307911053038,-0.533749258298715,0.3092630692849334,-1.813690170611239,-0.1104042456664389,0.218406088653265,0.0122396286135897,2.785663937753868,-2.7061846094046333,-2.8176198673226613,1.1345728181784285,-1.268065563556469,-1.937581430694798,1.479053758393557,-0.8062587773418228,-1.777314288575143,3.6518517852072208,-1.6541167931241303,1.532124146983176,-3.857954591775488,0.7435070160773952,-1.1892659941901118,-0.4701513355225973,32
-41.71859351929899,-6.350842983259011,1.6219661043025733,-10.241811317135436,-1.0492324496470051,0.3353083058421472,0.6266089947359392,1.765354816023598,1.2809581064825035,0.2759775079290689,-2.507229253985718,-0.8586170409216338,1.0321524073544657,0.1772183062709448,-0.8046326113864616,0.9840680062186974,1.3451441436569262,0.3878115771801478,1.3482009541590705,0.8958304867866959,-0.589524744886261,-0.9266695726350406,-1.3999921265264332,0.3744943031468809,0.3849400321686022,-0.4707647134362593,-0.6860304129115123,0.2526437735413731,-0.9767631523381866,-0.4794878524325145,0.5146685586422783,0.6281422171619493,-0.24195260777085,0.115365977005772,-0.1766129551990982,-1.394985022646957,1.5439128675075096,-0.7860276701155704,-0.5155939541109258,0.8857639999677247,-0.5500220862055042,0.4160483221351298,0.3999301834670584,-0.6533793081413507,-1.0632255409399474,0.7344462690108224,-0.4878154338267116,0.0943962606310437,-0.4089252280674051,-1.0539902151964735,-0.3936054831646628,-0.5474609205552169,0.5492237868478134,0.4429059118143563,0.4531572336884075,32
15.708476469866378,-2.6041665519752857,3.3376727484730893,-1.999062847686295,-3.9364733237680745,1.0767844013820995,0.091510794409118,-0.784902250379941,-1.2541881693813115,3.498568342125546,-1.0535381645478803,-1.2159448682449028,-0.8678651620304926,-3.330148474801637,-5.285777262756651,2.8454760745720624,3.0315009707012845,-1.8621499427626864,3.958710910457292,0.2913341581113123,-0.7658602616665153,0.5390437075993255,-3.960059184032508,-1.216143268429679,2.2407763028605743,-0.7767729808037163,1.3472064411666809,-2.167012082147931,-0.7703902768788563,2.014853263636321,-0.0081837333298227,-0.2525711849517818,-0.7495750150325511,1.1771740867384786,2.878823318062181,1.027085068745517,0.8116237000504585,1.084882612200574,0.7089560244160679,-0.795418749960959,1.3302517274866867,1.198617532199538,-0.5748309511139666,0.2351876986968007,-0.9352240817608248,-1.5176057556676212,-0.3706475813456144,1.3673787916035818,-0.3911981009341884,-0.0759066800995102,0.5761608892629546,-1.834381053372773,-0.3479396294563386,1.6195690525964617,0.1971093857513097,32
45.24115968389515,-0.1709106415649023,-5.627970312774914,1.5304358846984074,-0.4576074188464273,3.1488306874255043,0.8337781206588245,-1.229027583199108,-2.1479056532694827,4.439103093334008,1.6839538984800628,-5.759184599441337,0.1096278117721102,-2.1723970264767147,-5.141073952041476,3.671509209596069,4.512866230642543,0.4045965657151476,3.418989622122017,0.7752087081603339,-0.329768188308734,2.781516426357009,-5.590385757310417,-0.6220061728621155,3.3254062325400886,-1.3832036883997845,3.425287731182256,-4.377550060130947,-0.6934001111224392,1.5069286100536643,-1.3552171659704917,-0.4071119493974745,-0.8719312337548268,0.4709343568021955,4.657504869184007,1.526606941192121,0.1923030902139956,1.2244312325950708,0.5210206270698126,-2.2625492108091603,1.0427371593774513,1.4520139204554028,-0.2737588579755393,0.5299189378106965,-2.194592824854064,-2.6428518922070845,-0.7608149378366712,1.559817686666508,-0.1241403512690411,-0.5844746362292556,1.1924812612972222,-2.016591537845673,0.2709803831843463,1.793490524588106,0.4742103587071161,32
39.66224376985085,-5.48613442636451,-0.7928656494724724,1.8055876065191787,-2.5529238769858216,2.6906519300654046,0.4758959365563596,-1.063578527205709,-1.832709713161496,4.582036069201971,0.5340275160571227,-3.2951006687695124,-0.4120680431025856,-3.052467783600083,-5.463589952708595,3.57266438792119,3.7850465667203625,-0.7549536198663561,4.3493576054934895,0.4240643751367696,-0.5178624761305569,2.468013160341322,-5.03430648436987,-1.0252848421653602,2.737402087638686,-1.3175365307584912,2.4478851572042366,-3.927923069674651,-1.0128500860146643,1.8580239771832776,-1.1519867873454062,-0.321343622610505,-0.7336437505851608,1.027075227476272,4.019255971465972,1.9367601613280492,1.0798229212168626,1.3196925885730906,0.6508724289672476,-1.8522449480158056,1.2954635804884782,1.8356005671847584,-0.8522621063023181,0.4467160595307033,-1.902507492213752,-2.0431688696435963,-0.5210582974156611,1.6474108248453398,-0.6609318919626958,-0.1695359783008481,0.5839726108638101,-2.033018898093595,0.1192237578913563,1.8829693828663476,0.2896073539074857,32
36.232602605348816,-4.142874702813158,-9.256665153644146,-0.9829420983243756,1.028907144359203,4.277039106068045,0.6088983861206604,-1.5454852605444134,-2.862664708847226,4.359368966397927,2.414087662461268,-7.641619416816167,1.386851257207801,-0.2399976531267926,-4.556124005691967,3.281183208203533,4.821448351190371,1.940095682850791,3.6397528551401273,-0.3776761673184447,0.1303616469240957,2.9422329368735824,-5.17213864341294,0.0170490867790898,2.920411146646235,-1.9364774710986263,3.8626820301382256,-4.996341659415223,-0.1617056177947858,0.2903449680113245,-1.544088341913613,-0.5254693402349065,-0.3155703280483217,-0.5659293150875168,3.480127099724072,1.7184420853705265,-0.3026099967225479,0.7593935352945652,0.2062218433844698,-2.942608517914703,0.6629415167683146,1.6150129780369027,-0.5835431878380656,0.5452007987540723,-2.170258904328555,-1.8632152450940729,-1.3771515939388117,1.4335638903588412,-0.3810233063893454,-0.9361334903140616,1.4032298320339998,-1.714263387324202,-0.2163522256286592,0.8828095576091325,0.5598016701918329,32
29.567422475586405,-9.35182110495562,7.3050215400959475,3.0933644316416284,-6.478088070512663,0.169340028871595,-1.4200159562592751,-1.5805358803912897,-1.9818053652973548,6.255248718973575,-0.9127255866618228,-0.9942490487368288,-1.8713723759944347,-3.851256506133544,-8.807365177529828,3.084828580419328,1.493673126315663,-2.9409144946729078,6.401407626027592,0.3968008877578782,-1.719824217817579,0.8113650318607154,-4.165083596544051,-2.421780359395074,1.3410489007386797,-0.9188579383763932,0.3574322126622244,-1.7985465210785634,0.1072625486339784,3.445243341407384,-0.6476942476169214,-1.027749688475786,-1.0535427876401808,1.475984472876214,1.5894671950787385,2.7132807842746414,2.179382511558552,2.0591587960975923,0.954206648731087,-1.2049606506931363,1.930230100860494,1.6991964567863889,-2.0376915566102043,-1.050220079259517,-1.7287828400227538,-1.182952439674527,-0.5370610954936536,1.9317674536943004,-0.651073792375688,0.0482457997270764,1.726508575272292,-2.300916370179315,-0.4913313604884112,1.197835282319846,0.3754308201971531,32
38.7458422175223,-14.549881934434763,2.7635445732413264,3.862726362748656,-4.698258557170292,1.8500340361123335,-0.9444286140682144,-1.4906254148617348,-2.0817127607520973,6.515857741941882,0.0428187911816946,-2.509702689663493,-0.963983303018232,-2.9787957772098594,-7.3936718349693935,3.164449612644366,2.316512508620675,-1.8495495651411575,6.3723068440344806,-0.2736510149690989,-1.0059680314951915,2.5696575763764384,-4.45761125064334,-1.9212830390628892,1.6040751791702277,-1.551135081512719,1.2745740611586474,-3.322306193530575,-0.4254446218731588,2.436695687257859,-1.1638919967951395,-0.3397344383410991,-0.8782294453554796,0.959102910298741,1.910102768294488,3.258601604074383,2.099480179506982,1.908817776060808,1.1185858962653974,-1.9065505257878848,1.6781905969202398,2.447139263851665,-2.278936919287746,-0.5594462534563008,-2.1438566266710266,-0.97112552697549,-0.8572326438919652,1.783034740206496,-1.08068768078878,-0.0398546290072811,1.0380016983523028,-1.8734034324005475,0.0069725628632044,1.3624726370729143,0.0665068231975837,32
37.2108020297361,-8.986663956146058,-5.179526218964937,0.2840514973675617,-0.7536539825445585,4.025860103210745,0.2071041221841211,-1.6359145060264646,-2.6560122725927533,4.982221282753902,1.635404336469442,-5.696383301643696,0.6502926203861307,-0.7605375054070397,-4.978648873236537,3.4822436771107217,4.061043845520684,0.9444442067070754,4.397391459662576,-0.6008785880591524,-0.3341073005696288,3.2784569749949672,-4.777940122814978,-0.3636977831017651,2.2995911249918586,-2.110795858372565,3.0392194320751256,-4.666570961757521,-0.2389128072229661,0.8924369088353017,-1.5823176831742969,-0.3192708945967704,-0.3063587942116255,-0.0550786403197745,3.036769541281871,2.0784624141191226,0.5409560577394038,1.2360898034535224,0.498208849716444,-2.796602604188105,1.1086995610999255,2.0917887969831126,-1.15905536312717,0.4128609077304983,-1.9459376827567545,-1.4140165896510226,-1.2153830181857048,1.4707428626681127,-0.8994182208496833,-0.8024083618294154,1.070552455994364,-1.7060084618232263,-0.0839404169571865,0.9717267367168994,0.3493860961769576,32
24.601067502559317,-11.874835894172666,-15.859003511908767,-3.771927329693836,6.045694711291278,6.68083153851472,1.4551031515592612,-0.5308641315109024,-2.6254307314061136,3.308747406095952,4.407470057608599,-11.445376002729098,0.632162749951179,0.9405022136115097,-4.143135425903825,2.578308317556675,4.433533413608799,3.942295631366675,3.157159123378186,-0.1067645929982705,0.6357678218157863,1.4250082850542949,-6.891178724719557,1.0528951161932445,2.2060709470811024,-1.8597179834013284,3.684734861198222,-3.954464134701287,-0.5466773478174647,0.6207151407062086,-1.1442472447195338,-0.7923361909570374,-0.194833570165439,-1.7058010065616929,3.0744635652488816,0.8460455046356505,-0.7368050570956348,1.4474891530283742,-1.2462633690666445,-3.621173605082415,-0.2309387280258817,2.322219618786204,-0.948352311031182,1.3269574071548396,-3.5452501092707203,-2.015268049732866,-0.4875171788003838,0.5074639804066019,-0.014691556291517,-0.1982674746485927,-0.0163444902560461,-0.6684447425119651,0.0145813521795092,0.1537019675751882,0.0241133212610602,32
34.98618962418338,-17.28992984526045,-1.616908383152725,1.6720352027441128,-2.262855130503624,3.3252844913486514,-0.1102083228885807,-1.3953740448085823,-2.1032696648162816,5.77339451596641,0.9741942998616728,-3.968509336289852,0.0793729295997058,-1.5645242055274646,-5.379400825930981,2.9417137576932006,3.295595319514969,-0.3530922451312101,5.2734763683876205,-0.8089305850489978,-0.7909370189671489,3.155529188901793,-4.227391491157979,-0.768229412976454,1.5347133437413187,-2.3702013177407824,1.826502838531768,-3.950654373923901,-0.4783841194115623,1.461974832943587,-1.5450524829592722,0.0686522428281938,-0.3441159662078095,0.0703311882961371,2.058101512901505,2.762921652474998,1.4271683049713677,1.7192377630023512,0.766290813931203,-2.511247567368355,1.4015762751004175,2.916143319768355,-2.072502141714936,0.1209023051711506,-2.171547545580141,-0.6410582403977731,-0.8834911669380742,1.348430042519318,-1.43602174339519,-0.4208906218411872,0.4873207709770774,-1.2603096861436236,0.1081687043562583,0.9866038959748268,-0.1152060851816893,32
23.592800056136596,-28.60432791749731,3.672383655397706,3.6817790924427256,-4.229788135354538,-0.8793994252366083,0.0237451209932414,-0.6539652817589708,-0.1474522917069458,6.048863589180887,-0.2907576391689972,-0.5865006748057962,-1.4797088166436148,-4.466181400855056,-5.21222159361663,0.2434582501342835,0.5830668950361811,-2.19829964644587,6.649093115128494,-1.0921367685248695,-2.2922701415599263,1.4947336332914978,-3.56384398887934,-1.869899101763958,-0.463871884972261,-1.3105783935776565,-0.5770554645000138,-2.7126426922385733,-2.065307863373396,2.268998430757752,-1.5743759632162986,0.8685518014851589,-0.6278359871354449,1.0051842611775077,2.235709583615453,2.594561323974025,1.9175894094463397,3.260227619552911,1.0155228433751198,-0.6402740118444564,1.3203768359214951,3.2827610724046683,-2.9020752586454885,-1.3065601756419707,-3.177244651643389,-0.6118877014311878,0.267649998794721,0.3559866553357158,-1.361639210752728,0.8352766682748541,-0.2186538082792502,-0.5139501179384496,0.1628813718461209,0.7461590695677477,-0.5634615534588712,32
5.916895887149339,-25.364208985803412,11.548086336957011,3.084849707520029,-7.333802341816288,-4.522939515347231,-0.1330194301857457,-1.425965481106953,-0.4512989829093171,4.121800150354614,-1.5521016022247949,0.7088728854825345,-2.4872921511914265,-5.282746111016992,-6.486036459099039,-2.277744713395592,-1.9237480577428616,-2.502750270525289,5.788450217725524,-1.1780837026272386,-3.790198404590917,-0.2599595966223865,-2.104203927803366,-1.3610202672259613,-2.8189744709097955,0.3913734277156578,-3.2269891452971087,-1.2298193311512018,-1.3029883284221464,4.320074978294378,-0.5641803946179604,-0.3949039844359974,-0.8756913129742667,2.3411902075942512,2.373980200105959,1.5380027697103391,1.6598307016473073,2.4483774892887302,-0.3432651936959747,0.9335427366211068,0.5146375848153636,0.6489820732587773,-2.11657244144019,-3.571021888054124,-2.82976983221052,-1.387861143542116,-0.8799772216243098,1.016046434476347,-2.646074220904153,0.2953790202388452,0.711584271759589,-0.3678467801175994,0.3136175830921313,0.664230854439037,-0.2433575123551971,32
-26.26237712540724,-18.03290586278932,13.790863954108868,-2.734447919290758,-3.816021643801217,-6.922699878742558,1.9258546227514135,-1.867483493628622,-2.70895512641875,2.080571498563316,4.245726451500183,1.3289158845256357,-3.061548993461328,-2.507239998079429,-2.141269250161125,-2.722990771231077,-4.850747605672337,-0.2617324128497456,2.912577431031316,-0.0881062403314195,-1.2561497114737197,-1.0371302965779687,-2.129686661128034,-0.4532923239383841,-0.7616400947711857,1.7108813043306903,-1.6697078574143087,-0.5758157172482621,0.9533012349935148,3.5482820105765613,-1.2954301413359726,-1.94653187227258,0.3236577336328216,1.34430157636832,0.8101110749822479,3.155384507246647,-0.8952272681631014,-0.1983219395420331,0.8494575506756621,0.2551884011653781,0.9734244389723592,-0.2866304570170626,-0.4535879719746455,-0.5822903025412406,0.2956006405541003,-1.256511825537581,-1.4348698120947838,2.1382499235047274,-1.2106025719826723,-0.0984803515282799,1.328970050004879,-1.0034798763068042,1.2387426191733315,-0.7557544537963747,-1.6167705373318049,32
32.492618936721726,-27.56522674618954,-11.010479135083466,0.6877882751272655,3.438024029165371,6.409705253812407,0.7407809550786123,0.4709435891645883,-1.4869714012660935,4.09390938150044,4.700764646503249,-7.197969879912812,-0.046289099221109,-0.4277918889562154,-3.1911698578704994,2.5402892507872865,3.611487121144751,2.7331741579815967,4.303926637346962,-0.9962254576039858,-0.2581566704042221,3.515743646931862,-5.995594428777737,0.5802869366041137,1.877784148461397,-3.1510509083936267,3.266444496533196,-4.561887839668977,-1.1714608686072152,0.9626920664554068,-1.785715781044281,-0.8368037077216628,0.4458203966515953,-0.8925960655224459,2.3221183892810053,1.861661840916521,0.1988467342052361,3.7002355828867306,-1.1099042572782445,-3.807872710509788,0.5143693477244631,3.1861571370033976,-2.188952202236943,1.1703209679030977,-3.973184654328057,-1.6888832919598429,-1.1386872493080111,1.0842987318877648,-1.2585766950168995,0.2710403028933897,-0.6930172937050207,-0.3241158474071074,0.3738406798021927,-0.7452956790830678,-0.5570095187179397,32
24.06141307305257,-39.30685608633798,-4.941366582564989,5.145024207118969,0.5104000624138281,1.531581074287981,0.5331455755019229,1.664929587244481,0.0283951056068223,5.082699187530229,3.1058956217846525,-1.7425942147414546,-1.0795746181962993,-1.9385877393570805,-3.0444846422858487,0.6550215630689163,1.3213558643561798,0.7712662577119507,6.844552172112229,-1.97491017071272,-0.9834455482414822,3.9744734267311377,-4.285022031713468,-0.3021428501587483,1.1521535585138478,-2.188600441566718,1.347756626226721,-3.700408837622069,-2.266283343216161,1.5713620730520106,-1.171909590375966,-1.102501338282644,0.5196195796650143,-0.3958068449501574,1.6876956630247082,2.880879917075582,1.1139025163992438,5.652057129515783,0.2829631520688732,-1.486739723086338,1.357403041699551,3.1988960359252983,-2.6192882047437243,0.6062508161004415,-4.2500179539299,-0.0992403468670949,-1.0964164324234809,1.1040230856923356,-0.9757838411789672,0.6696951369333235,-0.8805057424196802,-0.78947571964183,1.064386673028027,-0.8855711433221789,-0.393498410914974,32
8.704317770885428,-29.962196097417888,-14.872034106564822,-1.6184328850890537,5.796628740655086,10.261142832043571,0.1453223655297907,2.65834201396112,-2.663208161003068,1.8063864039375035,4.685668597119296,-9.500884302144351,1.2583778204192166,1.860342062101576,-3.589905465583242,1.2268483324079364,3.691955528516233,3.8607204986944894,3.6977811908029,-2.061382683466814,1.4846099526679086,2.3257157158149653,-4.384036737497821,0.9164436197009228,0.6989529326360912,-0.8801195435253394,3.496139252239544,-3.8725439711122434,-0.4542175264258532,-0.433071571152832,0.7095728266580461,-1.8019143706451823,-0.0865530498303541,-0.9862697034307616,0.6765506383462402,1.3051165867076646,-0.9620695058200508,2.1252101327711888,-1.8485930785602205,-3.253607058105378,0.96954765427848,2.1730350642995,-1.3232260967320564,2.0784615846536405,-4.936879690903451,-1.3382909654318944,-1.4745174156681933,-0.0122275884397998,-2.565681011185831,-0.5636598228590307,0.0819268424012114,-0.1888464235964677,0.4302336503541401,-1.579854882036931,-0.0887013061315713,32
3.526454856106664,-39.50205720218298,2.163447501383192,7.23185838063226,-2.6368129096919857,-4.028375603382253,0.4614111647698329,-0.4447403600249329,-0.1326715298924854,4.0103764491876746,0.6191037210015009,0.346196498521425,-1.917919528836208,-2.7086726066455613,-2.8683986487207065,-0.6422860718930717,-2.23022676726045,-0.3176382820595797,7.9663065480771875,-2.8689987455559,-2.451506772503888,1.9947425159988907,-2.6240902691733634,-1.8888465039405435,-2.5202067411259783,-0.3954773989995004,-1.5494015150774592,-1.2065452717208125,-2.29232052791262,2.351783216463753,-0.6719872013816893,-0.7390207896649909,0.7480791703042925,1.8938717652917232,2.0164242838677087,1.9657031617078695,1.22454890231681,4.383054476102661,0.1263398207293705,1.1278916613784988,1.192626737160305,1.362467567640859,-1.1117763837508916,-1.7060003992268564,-3.529513783574178,0.0658444762505635,-1.5623450006923687,1.0598938598458916,-1.0990060497229333,-0.1697706417412712,1.0964643660645048,-0.3146594073605959,0.6314079123756918,-1.152807515570243,-1.178322628438768,32
10.453107338567424,-41.71812760076609,-11.586507936525784,4.8813789755816925,3.1014263052036086,7.064354480123871,-0.0702512713663771,3.2197557959190526,-1.9912762180994827,3.2032918126207437,3.182000513888106,-5.045136455027842,1.0958700964069783,0.7197702070513442,-2.9162898506027104,0.1032395783777808,2.066723302577856,2.548818701646405,4.421154981270292,-2.928439819894673,-0.1616374486201839,3.559398155930143,-2.984982060589375,-0.3381189536412149,0.0232207752006371,-0.9732487374120256,2.531404360285688,-3.1665524764849207,-1.7327189491528856,-0.5035534653988696,-0.0738103625842428,-2.081561941699995,-0.0954921272824054,0.4140799680358274,1.4469559877755875,1.6973990883930352,0.1939953349447301,3.865388135493036,-1.407277481487249,-1.8744117700143856,1.3069911882571423,1.918184866030536,-1.7429279450047828,1.3031077321275184,-5.81730333026465,0.0485475385145154,-1.758017321422535,-0.4162876201588297,-2.3569070138118406,-0.3497773073916829,-0.0306245376066646,-0.2768774296730045,1.5491590645037017,-2.015419024571604,-1.0422184962040495,32
-1.1373530652377308,-42.89053922939444,-6.609740069108846,9.478099501314984,-0.5363567940143269,1.9133231490297855,0.0748808500871905,-0.0243853209223796,-1.1639227819119096,1.8311288143236828,1.2377009397731018,-0.6180271764915434,-0.3369068880768824,-1.3563826363036595,-2.633019609133955,-0.4450916608302876,-0.5317193379308085,0.793826428160155,6.32361045287045,-3.4049971729533213,-0.6372960402612055,3.3753421505816954,-1.8831088881019904,-1.0885925208090672,-2.3476806061533027,-0.8110078934891856,0.7704150932051818,-1.1746022694950804,-2.5974053715478997,1.001515423335787,-0.7195178669185828,-0.978461084372298,0.6473912195875858,1.6957632276219805,2.2089276530095976,1.6994911287548298,1.5303022995452864,4.456091072116939,-0.700033259639862,-0.1791348449388045,1.6332214830765153,1.4411265434651126,-1.2901959579438218,-0.3571161737085905,-4.990817408876866,0.8816247430886048,-0.6390517368826193,-0.1175117051336277,-1.4788454478451831,-0.729149359852618,1.003593071297849,-1.091368663787828,1.4449145115494868,-1.834394940810573,-1.6733810365634858,32
-16.93010884042106,-29.36967439216853,8.416506585641834,4.151717826746547,-4.2322422649457945,-7.348531567450861,2.5490946313244867,-4.396330104408495,-2.200940065658532,1.5288866315677996,2.8342088667545,1.7361665770649772,-2.9215466702083246,-3.2097222067052518,-2.1750095879920868,-0.3889128547092311,-5.781714230677541,-1.552108203105372,5.501376200273034,-2.380894796766474,-2.6172562010257283,0.295858340469261,-2.737730938228207,-2.2712685103888366,-2.681141545002813,0.5329688410280082,-1.9498590737540784,0.1332367755885629,-0.7224103654391631,3.4663993395525097,-1.5196927221545102,-0.9636207777560876,-0.3151230586468901,2.6574657942384783,2.2508704219365345,3.160781997403292,0.5495513974365482,1.4136906745858615,0.7302576484311324,1.3526788791820452,-0.3741262608909488,0.7670181622861701,-0.7297127043077565,-2.2337121145728736,-0.8753754817478386,-0.5508392897981671,-2.157103135393002,2.34214129180488,-1.8791931918800415,-0.5011041585910702,2.377154396857059,-0.2229035941360715,1.3239890745765126,-1.2966633976257549,-1.251486180615246,32
-4.751749675271485,-38.013381840649934,-14.408607180596295,2.478461304858148,4.112767183260023,11.956082546105222,-1.0830387064397635,3.389870935166504,0.3847783117309584,-0.2558227651575976,2.589827922942084,-6.605785392515132,0.8621013951521116,1.2244479240432018,-3.492562085641849,-2.6392688079605544,2.051746706096496,3.5701147726985667,3.593306904674644,-2.205057372319217,-0.0964554931253232,2.5106800517760477,-2.654757122786632,0.1289488476497807,-0.8618084015257852,0.0416069399708624,0.5080547134188975,-2.241117029969249,-1.3209906320509024,-2.18193940955051,-0.1960715125804417,-0.3882200482975426,-1.339776687929777,-0.5711743744405537,0.4444979440303085,0.4625848937516162,-0.0280657622667402,4.545700865293451,-0.6728890772427801,-0.96995119063696,1.5235604337361732,1.885125594333969,-0.5202151733043198,1.7154524386478756,-6.261951198903731,1.1335480865658232,0.3342445471562698,-0.7436158091480236,-0.5886097705366814,-1.1801663669349691,0.2624349223866573,-0.3520861417536944,0.8399658427668214,-1.6495061578792611,-0.6535676257597921,32
-15.473476962597642,-34.98923240812661,0.0227170455955073,9.451015226574611,-4.105417328835884,-1.9313451234122043,2.47158415740583,-5.704971765016808,-2.391259892868576,-0.1042662021386266,1.7213307281388552,2.678493859236623,-2.346814679887397,-2.932165044376329,-1.413199099300427,-0.3413458825695777,-4.552983294016322,-1.2678037089807794,5.653052903909848,-4.041562705254636,-1.6514238900980671,2.377671137028452,-2.724471197288458,-2.255117518828973,-2.807829471593289,-0.2617407341312465,-0.1388256106428673,0.3248799109255249,-3.0765632653558046,2.304356262590455,-1.6498493957453624,-0.5071636010702649,-0.8202014367415464,2.452439727036128,2.940482869915458,1.980899892051465,1.5455688206584317,3.2275991693570254,0.1758824785955468,1.0294391543073116,-0.5826102706438786,1.3084199902068043,-1.1873563663969051,-1.9635584723263155,-2.663665139410747,0.4529283667027087,-0.4525137363638821,1.4669809114626833,-1.5766796270619996,-0.6706593722776254,1.895613934569856,-1.3992820903565149,1.5347871348630766,-2.066189986706997,-1.5090845966310389,32
-13.937890579235464,-36.61016935158647,-11.03927318480817,5.90944747356109,-0.2009404059406743,8.648739312784866,-0.9485706907597964,-0.6106045541615296,-0.2568828993401603,-0.3515411200044127,1.1097895689131758,-2.2418933977890325,0.3850917203814299,-0.3522837867186498,-2.3716487899751746,-2.206707580049391,0.7391571245784737,1.8473630768299587,3.696329657070911,-2.6165550876428543,-0.1233124129707271,2.7494211578882037,-1.5175385922394466,0.0765913221742119,-1.190428849589723,-0.4634562879267367,0.9483105487150162,-1.0958271023462154,-2.4504144537310517,-0.6814057655047263,-1.0586903026202217,0.1067889873487129,-0.1486031689439313,0.8719804755240012,1.3167374538044436,0.9132454968193802,1.6404769260989076,4.584958947449734,-0.9106555080897452,-1.2943415777172549,1.200597526451935,2.02573163012371,-0.8732877231011433,0.4171604834559256,-5.621912051346232,1.7954687768238804,0.9014157512681557,-0.1676992621628536,-0.7575484746024616,-0.6262582583884498,0.2002622930680992,-1.147363234031601,1.6085360624833698,-1.6693764237053923,-1.3812489996475863,32
-21.643641391130103,-33.468175228255234,-7.22644267634029,8.843859855069958,-3.0051648926640477,6.497355392357183,0.9120822320530756,-6.6789261598061085,-1.2158386985784413,-0.3250827092412713,0.5189341493042687,0.90830746868125,-0.90148342622703,-1.5503699381697915,-0.5042209325420545,-1.5175445783629185,-2.143677756130923,-0.2019554952732039,3.7193684119432375,-3.212300225817694,0.0031338853515181,2.8519582724296955,-1.8226371751847767,-1.403992166761154,-1.9768690373792972,-0.5512514627403964,0.4033448404973109,0.2122526352980364,-4.123756154977007,1.093154299001239,-1.6810806880021014,0.174482840979308,-1.3015987488613372,1.9729394396588489,2.989682598540497,1.3344178351556857,1.8919556083153168,4.992787744734724,0.0020772948217106,-0.1337683698930566,-0.8163867506044856,1.6749240519596935,-1.3247991976152496,-1.1663443397146471,-3.8705179736977193,1.6351127113905664,1.44549068554965,0.1773661540566935,-1.197662233389863,-0.3826184502609028,1.3292684128831536,-1.2933994574939678,2.6037681981829253,-2.3235826336672742,-1.5520794821844,32
-36.01892070477848,-20.816119029832496,0.2645233609456072,-0.7979168988804278,-2.497684531358308,3.0273936391872187,3.873466658799994,-7.406610948000602,-1.0505548100044757,-0.3332873011873562,-0.3918410903913942,0.9952446254209876,0.2419867604618057,-1.008601115953772,0.2198454683054293,0.2123947095815631,-4.547192235155895,-0.2428591118716868,1.837867471427902,-2.128098655884019,0.5970573778926165,0.5371641658397852,-2.340807440468722,-3.229715519503144,-2.50401585144241,-0.1965614126594472,-0.0901051810613693,0.8679413007198231,-3.0788952487411985,1.7845997926422683,-0.71810039411441,0.3066261039495896,-1.4868599884114364,1.2571020127857722,0.8435465860697443,3.176327232528534,1.5624028444898737,2.83993995050927,-0.5230953418040225,0.5768787519897237,-1.6514748250930942,1.240356297443607,0.2125923824980039,-0.0715316371097793,0.9463699352761584,-0.0675655587790019,1.4832185221293948,-1.4808277083549704,-0.5680469294450479,-2.3008834940678704,1.2536265275124685,-0.129723669875399,1.2353317938446928,-1.36093819181142,-1.0243964269049242,32
-37.77911454346315,-17.426430158172323,3.5179983081098567,-4.678273225969379,-2.425275684725086,0.1219902995205774,4.532165203124913,-6.400271278159147,-0.6342008788828132,0.0206595540686609,1.0702740477147443,1.671141806318735,1.0215110257269258,-0.2095522488479615,-0.90477568252325,-0.3208809902576233,-4.473469472685339,-0.9866155420250148,1.6711587818495102,-0.1261232243402216,-0.9104881180262012,-0.2862524330980869,-4.058610805137841,-2.681122928701833,-1.1663675124372874,0.4710030408414444,-0.710983166829979,-1.5687363508888983,-2.1874697602199284,2.8049774933188463,-0.374830879136819,0.4233638354230511,-0.3189334419554221,1.511431741210467,-0.6867932204045993,3.3794036310750286,0.6071126505998845,0.8725576304690603,-0.4389184495135498,1.8702945589105704,0.4599754675183641,1.8031975388569612,0.9914754637375148,0.7454825301268925,1.990339305207155,-0.9342680309591412,0.3867903457926767,-1.1800703939588308,-0.648976024442181,-2.314900173646524,1.001919175984394,1.3457967858199664,0.4572469204111133,-1.2091324286120568,-0.772797197472013,32
-42.60659888223541,-10.526284465284036,6.149359298086503,-11.090997416323674,-1.3762392823334135,-0.0904668333479765,2.110879287262277,-2.857748437745689,-0.5413673623724786,0.7140967071455322,2.5838118817967053,0.0538019549742371,1.0116919316587554,0.1978929367526694,-1.1701167020743417,-2.5452245860519724,-2.37284990772808,-0.494901047918773,1.6934168748035483,0.5594433781234038,0.4104115730582012,-1.3785056196103804,-1.6665692703164974,0.4352536070358107,0.8492457027583503,-0.3977041001378879,-0.95863846525431,-1.232195550785314,0.3536106383317768,1.2752061541239463,-0.7934310397715896,-0.1195864211827625,0.1438036881264549,1.4395097434352646,-0.7720187579511388,0.8382393804604324,-0.0659198889818467,-0.4544208087401561,-0.3974281060978811,0.5392141589479249,1.9386317743249968,0.239568041387614,0.4264810324668014,0.7205845243955009,1.4021146363080057,0.5483638169646761,0.1315104878875302,-0.6371368453995835,0.0873653096734341,-1.207380342770939,-0.7576758712877312,1.115414085057457,0.1665884698285553,-0.4541667869949953,-0.5522250701676202,32
-32.926057161804415,-25.417843110972907,-10.218878728687692,1.9588855332639337,-2.881011375528172,12.809770173910255,-1.036152548893618,-5.795632293800403,1.1887644810664384,0.5918485097367668,-1.3875532411529072,-4.011299294202948,0.5135904752419849,-0.8071670644822594,1.4793345427027398,-2.766342876315755,-0.0686844181203223,1.4101677222343303,1.6680499721233388,-0.0070190878137181,1.8335264223634309,1.124714084774514,-0.1051640169083051,-1.1487699058299603,-0.1008594191359913,0.5274993639820977,-0.9829874201764162,-1.1302946813863015,-2.405538339902367,-1.0695447988451867,-0.1907562022855969,2.1927894155144068,-1.1587312960330358,1.0950737564922726,2.685063627393099,3.3226738798510955,1.4803201675627145,3.1119263545872915,0.8071858920739274,-0.1626493760175184,-0.5547045205133659,1.474085858383039,0.5561937391237317,0.0270039772830729,-3.002317185214501,2.2817354989325485,0.9719342102634296,0.083443395753163,-0.5065962309836012,0.961496569082708,0.9484803454391436,0.5469532245771912,2.638896756647359,-2.318111832792306,0.0418993845249946,32
-40.801778009499806,-16.799507160128226,-2.615541560940962,-4.453424737226603,-2.220164462696842,7.531248828433044,1.4250288177618742,-6.174243636777862,0.7441728556771234,0.9713983189731448,-2.5600048501554404,-2.110789871180412,0.8554716280894009,-0.6426869654162972,1.8419043814190792,-1.6774828893438347,-1.044797465485441,1.4412625194506603,2.576403073398208,0.7931044787965135,1.2081820742456928,0.1761881802453549,-0.5039075939276244,-1.3822572621839218,-1.1469782263624235,0.6616398582528471,0.3779850667167044,-0.5596814145631775,-2.307867625818456,-0.3064852416135168,0.6183042866301116,0.5496618219834046,-0.8035381888699024,1.755413922463602,0.5746490496715105,2.63509236256859,1.1812508650992994,1.1476124850710328,0.214397256994293,0.5622403235824025,-0.5640760481031301,0.9824914741343004,0.5655228746416523,-0.2364731517283602,0.9410145218442506,1.4526944113179976,1.5937387139257575,-0.0671113415927265,-0.1270339295883758,0.7651758515955875,0.9370051316086008,1.2579256201764075,1.7759600577765358,-1.4892734820780045,0.108603506850328,32
-44.05401509022937,-10.291307362946776,1.949328328782888,-11.805000072033335,-1.52027339717404,2.0400847777830897,1.417583240551981,-1.8924281336193487,0.4499197171307105,-0.1157803602243326,-2.5487601955465484,-1.0813075551849307,0.8268340144867462,0.0745487663438095,0.2047930325835941,0.1961965431320218,0.5153975160618878,-0.1093083827724837,1.6400613529827464,-0.319484665165393,-0.4632825552913158,-0.754800886314514,-1.250295647908304,-0.190246369932521,-0.106747220831728,0.5593565335659473,0.0197300788933244,-0.668960328660171,-0.5833446322384065,0.3262003585388219,1.3427813403473432,0.5187983066718619,0.732988218259034,0.6539393871911963,-0.4605759647870242,0.2697005488690756,0.2063133680692263,-0.1609168123823824,0.0683627265099078,0.0378691062678233,0.5900224423569209,0.6959196414407555,-0.0512320192383196,-0.0708054432024809,0.8388006416478229,-1.0161642609635848,0.4166014409409619,0.1364241691050708,-0.3407584205140136,0.2694132515041234,0.1955910082094353,0.2524062498467028,0.1750635872086836,-0.1479050674020821,0.249664304386755,32
15.4772980444772,1.9979020446803184,5.244616769324287,-8.62996210463363,-3.281561325495016,-0.3650109442209551,2.075691265197824,-0.065801309985398,4.488072755318211,0.1875966976533703,-1.2514115165878952,1.7217547897024097,0.6647717429958074,1.310142818963484,2.4768744010841446,1.29652673589949,-0.1928852054007654,2.8364924496144863,-0.8668003441252485,-3.2444660941881,2.2600308664056974,-0.918032654194248,-3.107221027109049,-0.0724431653770045,-0.8288359133207072,1.1434815273582726,0.6040133445993208,-0.4011305882768087,1.2028467980549369,-0.6998137621534576,2.119148390211958,0.0454812825981508,-1.049170983550748,-1.5007359422349449,-1.2281861156762028,-1.0885660166965234,-0.0793413359419186,0.6246502561684006,0.4681546758882198,-0.4781808032599967,0.1782752758869306,-1.055441580268642,0.08319767849773,0.0006127824453669,0.6841893926983602,0.4781699506470478,0.6947927889102795,1.7078041363480028,-0.3469823620572791,1.9472093394663164,-0.8054980476606867,-0.3517014057522893,1.203561147391831,-0.3799273398829805,0.1560125623701523,36
12.81584398754134,1.528438143666285,15.387575968632596,-4.988771763113113,-3.667084409835572,-0.8928223638305542,1.3568370104151526,-0.0568009964065778,2.8471744661669023,-0.0297823707165689,-1.3834394611844167,2.0706868230724376,2.702036752127096,1.3015594191247994,4.428555342438759,0.8541171114529236,2.002149942967835,2.3840239891520487,0.2416431773752576,-4.621001513471453,1.4517312769618045,-2.0529576992104657,-3.861332351851859,-0.9767521194861456,0.7863391818394788,1.8573656455417973,-0.2212379775826813,0.4995066150406522,1.1756110777674746,0.488137446824434,2.5342352015785017,-0.188736297299085,-1.8494468366347627,-1.5923007612504996,-2.245691548188838,-1.310736446086753,0.1744947095626287,-0.0080607755787622,0.3740018294754436,-0.7259259417538224,-0.0333895031004859,-1.020986617088296,0.5613445808041011,0.3151025869176622,0.3760907975894932,0.2800928849228183,0.7451165554059719,1.253392842601908,-0.4105650735435114,2.2907325340921245,-0.2683945050592593,-0.2879976551503717,0.8685852032489644,-0.6542844792732433,-0.5359688642028356,36
-2.880712421639134,-0.6136452125518895,22.44157559525204,-1.9179367503846392,-5.613260056977165,-1.3064270895088546,3.515993452947749,1.0784125543558607,3.7659467229097623,-0.6767197945112297,-0.8742832981128927,-1.133881944179712,0.0696561626697258,-0.1252818672175387,5.16078419078812,-0.6278081717049337,3.435813741025581,2.295471968660818,-0.9772183178281626,-6.002710384897705,0.8972701332601997,-2.523580472810165,-3.2807465656923966,-1.9014482504507328,0.5084399968474838,2.288058501973846,-1.5106221262573165,0.5876802519580396,1.7207581236294132,1.787956239786635,2.302062376142896,-0.2253891302425631,-2.292468737193167,-0.2349672754792446,-3.729738193993905,0.9016346231538148,-0.8397517403163124,-1.2354337503578727,1.1839516170570996,-1.0895858012925108,1.0505546524464138,-1.604876089829851,-0.8526374947915834,-1.8271482352528223,-0.6570454362393012,-1.444248919930873,0.682834263220867,-0.0065159862474822,1.1390978341085003,1.077765363447297,0.7275692661346533,0.060654303130191,0.9830660691687436,-0.445315597611313,-0.6273001036595872,36
-43.75271469029782,-8.74558701312194,7.039112980784137,-11.028238815304633,-0.6038459483836589,1.0441200517527551,0.8384509880168566,-0.5639052808087796,1.8033366686461023,0.9994058488207916,1.204720851104106,0.3744368828792827,-0.931628728298328,1.1627569202182113,1.004416882132736,-1.5475717688785833,1.0495532713152953,-0.1908657186502402,-0.0238174455510043,0.548363535446432,1.751127066984772,-2.511942171992208,0.6077649236901524,0.4143062665413214,0.3823936615497138,-0.3243962268050622,0.0596887223287114,-0.3162020410451372,0.5193009343683974,1.4833166122744068,0.9520607965018912,-1.08006568804647,0.0130231583652039,0.1579426209667357,-0.8290675829260777,-0.4107939945828671,-0.8323519698206197,-1.3408369597101504,0.2807797006506989,-0.5826417635700791,1.7634957107395015,-1.1396024633431765,-0.8490748281658915,-0.62004401640572,0.3410422389859636,0.7989357588903231,-0.7619239217870538,-0.9585979985441128,1.0410015149678926,0.0088316166831643,0.1984728140776023,-0.6418191558005075,-0.0772676056141566,-0.8904062538309142,0.1553795242216269,36
17.356205966910053,2.118370261113013,-2.8296490075329084,-11.15429692325074,-2.905868605341812,-0.2205199489402715,0.4266494023526524,-0.1414175707767079,1.8195559338329292,1.2560763784286022,-0.392193703305711,3.246659750055171,-0.0258421756403074,1.898383332791328,1.6067057915118517,1.456819262111292,-0.7340277496777677,2.5152653920930583,-1.1157022861291297,-1.993886019125369,2.071823133613573,-1.9719121496133003,-2.110956456846941,0.7566280961700207,-1.6932482139988378,1.717688711308208,0.4612551153280386,-0.3752999012024883,0.6379613463905673,-1.863745259638071,1.3920506993655384,-0.276493832259241,-0.477037118698628,-1.3839307757940684,-1.8309104016958948,-0.0705425968216016,0.3042088692187623,0.1752721292332908,-0.5921280443659402,0.6446033182816565,-0.8203214598856141,-0.4684583093774624,0.1491803778474638,0.2990229815692656,-0.0613381610795061,1.0179175907485298,1.0347648445295905,1.8455928926240877,-0.6996286895932712,1.373954046941835,-1.1955539488603224,-0.2817559457731317,0.7924342028179394,-0.3956144060270701,0.2506157696926233,36
0.9916061658670275,0.6820109623837457,-6.846970439679511,-13.70479598740174,-1.3961343216287951,-0.2403671838736758,1.3980765586062167,0.8601247170951953,2.109016256125725,2.4824105587004217,-0.0249739834018531,2.2933605774589334,-0.8577141456561945,-1.104822666609945,1.3058888654966456,2.6449199381279405,-0.6789100739267111,0.4871198302459299,-1.447162502420031,-2.080006188635702,1.8480521618913608,-1.9120158006228831,-0.9296262113351264,1.3845761144513378,-2.398001933741855,1.595584774997181,0.3678790019487932,-0.1951879216860507,0.8610190821203406,-2.491110875027964,1.265540463559684,-0.8813253891026239,-0.6125539149142556,0.4318071762567465,-1.3044595238478705,-0.0004243325886731,-0.1323570917348437,0.3178118187269946,-0.5098834189395443,-0.097626524083152,-0.8898518302378684,-0.3884699086258863,0.3308982172230909,0.2956835727849299,0.8133420078858394,0.5913804731983482,0.2095274432955748,1.8100175209033051,-1.093020114343204,0.0454612598830375,-1.224975721459734,0.0252031320903783,-0.2630655850922823,-0.1128751554545016,0.2678950029880518,36
14.530967945777975,7.512863260266285,9.259443001430697,-7.1023590500463865,-4.799866898049085,-1.0736180613880704,3.8221519358073497,1.319699575245338,3.887602131963535,-0.4230060715746165,-0.9870677675626082,0.7609284722657648,-0.2629812812739117,1.6726674987178296,5.066132106329135,2.517372497021179,1.2545787963247148,2.324354559471519,-2.4120630873063265,-4.623765795361065,2.2213474810162848,-1.9816067091035172,-3.1660980185217986,-1.0548363190924737,-0.9338909122179444,1.6096883073227886,-0.7239970316776174,-0.0911789031973433,0.3102975014811102,0.4439400989384719,2.7833866077018152,0.3301187735303586,-1.6709589518023116,-0.3285630157905892,-1.6978173414736792,-1.0681210922330189,-0.3881338089336488,0.5103642555468106,1.1826998554055344,-1.0554461771109058,0.3022613800930935,-2.0018907550083016,0.3106201137030547,0.4642843126586602,-0.0341561171770865,-0.2660614991270575,0.030008783600129,1.422269770490061,-0.4283233301499193,0.4541185647829916,-0.3557463165145005,0.7763618138291544,0.2231264380116222,-0.3873409738505484,-0.5867078139234194,36
13.77218990360512,8.334548445590332,0.3344320873115786,-9.855846783373243,-3.1896693132264144,-0.859182047608967,2.7306013003334138,0.9949814863841464,3.219912257796092,0.7947929776356192,-0.820648368540368,1.6710258291560474,-0.8202200405530529,0.6916641483422875,3.4442029447482327,2.365267847612485,-0.1705834444550245,1.987416810225578,-2.3866662229533047,-2.921297922435634,2.62769477646981,-1.3338182597094208,-2.379192746749108,-0.1350881833897529,-2.1883047163363947,1.7814289308490288,-0.1985878235063964,-0.0591207853949161,0.7688394830207077,-1.3948154795214052,1.848123267163136,-0.1993215644174393,-1.3785494177545372,-0.3875768997223949,-1.302146678324663,-0.312553991439733,-0.0810920524438124,0.3505806397954879,0.4985554566063534,-0.4135650444049579,0.0370224387370595,-1.1127835088222913,0.3830357708808473,0.3176779538632858,0.3027303467909721,0.4540418957454595,0.2331631212532502,1.618213954367119,-0.8406303738813403,0.4076711614416635,-0.747511374593016,0.6629878353087314,0.1756624564523037,-0.2777602022606563,0.2472051828564704,36
17.782578533855595,14.359457673997724,4.520406609021688,-8.177488404689624,-4.1108660407824535,-1.2380671377606844,3.7455746398281264,1.2796519119852197,3.787560333940639,0.1806583349119813,-1.4901803813511312,1.2910686613026874,-0.4394049225167535,1.5281916213768438,4.333225805160979,2.7296248285112203,0.2655270442506186,2.142479378188117,-2.8614057185855244,-3.805359533855378,2.600714971873844,-1.705682340439402,-2.9568053789437347,-0.6077454291101632,-1.688522264592159,1.6742377584193755,-0.6531376879066069,0.0995727244908194,0.9717629143689632,-0.4020258376416376,2.103549027152722,-0.217447112930543,-1.7485971652025898,-0.577792603321039,-1.1156059093933084,-0.789918872491565,-0.3212515566181614,0.7252605691765237,0.9728925263769912,-0.6805186254855049,0.7629183599792082,-1.526901213188269,0.3028492579945832,0.4681382241033129,-0.1467809286951613,0.2131066581809762,-0.0018763808699598,1.8353382162459837,-0.995066247463826,0.5375085410929249,-0.4449990572281028,0.8567194723183282,0.4422866689697898,-0.3638485974795101,-0.1815278186377263,36
10.4147300612178,10.073799589865336,-2.8157022878428104,-11.822615557845188,-2.922342889162133,-0.0625471148844026,1.492219201814424,-0.6999558393776759,3.358144364413006,1.1732835853797132,-1.0085821977347895,2.217677675316252,-0.0266674026814285,1.105633602487381,0.6647824733731434,1.4585890307587168,-0.7064110226675389,2.194407464226602,-1.1743785236511883,-1.9539521407658405,2.3793811148839565,-1.7564807672513234,-2.2192193988805893,0.8030903719986155,-1.2750593661866796,1.1635520171779363,0.6271361874549803,-0.4901299002667494,1.6854127093702491,-1.9200938765137296,1.838862108786991,-0.907949584082602,-0.4637446252795921,-1.0452097527913766,-0.8297518852756373,-0.4035306773557527,0.4345976064952113,0.3404376390410434,0.1722044921976412,0.2543168159783636,-0.064282488014475,-0.2546398867377164,-0.0870723049364482,-0.1657017447589968,0.2813831453491562,0.7302213859286123,0.6687125197929739,1.7775496342364123,-0.5518940561089524,1.983858676707435,-1.2616787375545382,-0.692022178878574,1.0884273288864628,-0.8664214308668308,0.2495446749851316,36
13.6163785302539,13.57801403534326,15.341491105940817,-4.315340376331318,-4.265164694575605,-0.0162064598973097,1.7268411048952694,-0.3958882792696969,3.5841316984398897,-0.0449719179850296,-1.859222764444242,1.722867114542729,2.934885715179815,1.3400650055230487,4.504621123933855,0.7324079474144868,1.7282330574164808,2.682097671437781,0.275168874774093,-4.39577372536284,2.0175737949317414,-1.9237714325268207,-4.01863181441584,-1.249728757920764,0.9827089810621872,2.596002702685397,-0.4954530714143351,0.1508457828037513,1.7865602378973962,-0.0215757218481546,2.27192837572979,-1.1472914045717937,-2.419519537198384,-1.0600526251987237,-1.874198530064751,-2.002725782534672,0.0473801647995733,0.4170299617456857,0.4478185052491337,-1.0269094635502851,0.8418881313097002,-0.9555690516155808,0.4131460764365517,0.0210067812305687,0.8304758222325018,0.280453195013306,0.6611733017455942,1.4824408951979562,-0.8889726715666089,2.408191172732246,-0.5279524579707537,-0.1503991660454777,0.8070376413374186,-1.1667221885704575,-0.4221629253884962,36
12.48093878557754,19.111701849843488,9.753438505065954,-6.032704928060472,-4.253288338165757,-0.0098218821318332,2.4589398904940563,-0.6604695948292931,4.130158671719972,-0.0982067114271279,-1.9198193342165983,1.3120119815961755,2.3660035047671,1.7000015408516955,3.428862995611533,0.8077968761892059,0.739170050114695,2.537491027598326,-0.4642186718541771,-3.680340065337443,2.1745005338209844,-1.6899617760459698,-3.424332418308257,-0.9180802383413068,0.4561059806293444,2.2965635743301727,-0.4010683969425943,-0.2324019954962852,2.1392728609147817,-0.7694966153501022,2.070334763223508,-1.1990938617282525,-1.706604818477339,-0.989829681915412,-0.9488038536053708,-2.241460928001477,0.1148403257270847,0.6940796779021378,0.7320590522899362,-0.6663375688080572,1.1423526541164168,-0.7646461025230078,-0.0382261239817956,-0.1480369378371236,0.6605293624430901,0.3979284251347928,0.5021587543311847,1.4825057536695243,-1.3247122842674228,2.657856285682139,-1.074596350428579,-0.1592588970181266,1.0735100639552695,-1.1904906346201136,-0.4849739805768699,36
6.270072872411218,15.361104810799604,-0.1319060327622164,-10.84533169289824,-3.019030225908058,-0.2252126096603284,1.9134475127502952,-0.9242063682497867,3.258574759317081,0.3976304105344527,-1.4307691607006583,2.0038710168338083,0.5631135876440659,1.3290677998926823,0.8514423859651626,1.303341104533917,-0.1852542000880849,1.988295947311021,-0.9834471284402037,-1.9727344921795609,2.025661075905148,-1.810593410298193,-2.417681435424237,0.4242951306611645,-0.6651163597783117,1.0654385637957131,0.3329140223982505,-0.3035883645858897,1.978410095505624,-1.5869990032675103,1.87907933788456,-0.9072867951235248,-0.5996692519412982,-0.9796732482580776,-0.4411850882664364,-0.9574623130706164,0.4271138512583974,0.5995998071314044,0.3856351331323641,0.1317983017220457,0.4471521197508284,-0.014420023956983,-0.2538943798202863,-0.1701889880067657,0.1285663964368403,0.6700369385692283,0.5208271695552185,1.5388737102033203,-0.8940207572329943,2.094884350706221,-0.961993813173823,-0.5126682019203026,1.2762038607816522,-1.0351608668927774,0.0267832329397501,36
-8.676848640301644,10.247166726441916,-7.391754869984764,-14.21345604164472,-1.0004760620572812,-0.4636309413137677,1.778079938472848,-0.7792556784089232,1.2204334300423445,2.607743234286281,-0.9061886415144776,1.845967562420338,0.2882715436673569,-0.4415116259292461,0.3445611556533604,3.0733184651924668,-0.5013299555286747,0.0756549206563321,-1.3682606255362446,-1.3489214285838098,1.920167634696765,-2.230150307709532,-0.4552893571118389,1.6020770733460323,-1.813089675253707,1.2580522166481447,-0.0487202384085006,-0.5225124260189791,0.918568149683264,-2.314271308500349,0.7578201697310405,-1.7894631660222375,-0.4214126764530943,0.4567237272603949,-0.6074023330241028,0.0530071544804212,0.5697165015885722,0.3664846429257519,-0.1599212480607419,0.0682788634553876,-0.7781169638177763,0.6631955518886091,0.0582158697405361,0.6126804360102994,0.7245437199853811,0.8926117457273877,0.3323323562556137,1.625172436140608,-1.2319359865209891,0.3913470837589299,-0.8484206010690376,-0.2441490893006978,0.0600313562988234,-0.4320314139233492,0.0549112755380119,36
-3.222060119656695,14.631708118603395,3.966073042565324,-9.814463925791811,-3.192839868529394,0.3449622770998189,2.093878029891237,-0.929992361244619,2.9726525127144057,-0.0695021896372386,-2.0489951132751774,1.155333515900849,1.2189912669490202,1.5473947955149676,1.628257401378361,0.8626357419711245,0.3851315138249747,1.6891289024519598,-0.3728865625429131,-2.167519662734428,1.6041152879662304,-1.596123118113563,-2.3672390724162287,-0.0370359819154345,0.0672993947791917,1.280640454975486,-0.0846494814837211,-0.2474203452432071,1.9434630043799808,-1.2723681089873844,2.02448473108124,-0.8505088950828962,-0.6111193816237269,-0.5466235335478256,-0.4611411963507945,-1.6924151347171452,0.3544035841528041,0.4064097938993745,0.554129174504993,-0.0996883572182632,0.8453087536974319,-0.0303237827657506,-0.2909974764352792,-0.2770630457054182,0.3947520470228727,0.3108515818515908,0.3499245118492156,0.9504369381885008,-1.1733101390494898,2.1529840622515977,-0.9640851489517852,-0.4276351990288962,0.9030278801767688,-0.8775728530601307,-0.0969532356590348,36
-0.0424950998743401,28.410214685939483,8.269241564681678,-3.59187781906332,-6.521564088175614,2.3667650550678845,4.670186699779835,-0.4021643158003345,4.061132358113085,-1.57003549931198,-4.568961758427718,-2.0623176688234444,1.9208777310267653,1.9051908257634529,3.573179941117379,1.4043258409188375,1.868202471304788,1.4565092924891951,-1.279902315793387,-3.0405249244657915,2.54767473217287,-1.2235372299928269,-2.34898322968804,-0.8245438035951042,-0.2004392742546197,1.5803333318140171,-2.142072540079217,-0.1127286996721717,1.3345813694204374,0.4253239285205267,1.6187612240357805,-1.1011937245767234,-2.188886733085877,0.8972353854007701,-0.7240454406938737,-1.7874629702788445,-0.4072639433134821,0.7923777677885442,2.086276897923631,-1.3867732330365428,2.3215365939265986,-0.934983190320126,-0.4014948015355645,-0.8612231000346398,0.2670312412820613,0.9552656655951262,-0.4765695108067742,1.2672724402505335,-0.3917908358329924,1.4933977329091563,-0.7215396417267965,0.8236394719771627,0.0774287187599354,-0.9883038446977208,0.0269534147613205,36
-11.750084304333264,21.871283583076096,16.02418808878772,-0.0591783012736416,-6.557998640789689,4.591366412157928,2.4256212295950266,0.505210163796595,3.1863251246830187,-1.8015464052730887,-4.686637908322671,-2.5592934528756466,2.1209461672064536,0.6220194655879886,3.2727269908035472,-0.6385312761011137,3.9889791800821457,3.091400382045028,-0.6378789781365991,-3.322753793837081,1.7680058991380667,-1.8654045214511328,-2.116698879095384,-0.1300350073495725,0.3111497896466156,2.532941754151293,-2.9446910027231,0.6915361221220813,-0.1026523940378179,0.8297067776389656,1.446787857657938,-1.5859465776868822,-2.181643185633815,0.5080311949983046,-2.844113945302544,0.1488815822088023,-1.0181775172470224,0.3049773498556108,1.4663750389685757,-2.91759775263238,2.771980467262676,-1.1131770917248685,-0.6932706898537401,-0.1034323870320726,0.2979449192550185,0.5060921057639547,-0.8079513680244629,0.6986166714344421,1.6177781637995194,0.8333865676385708,0.0547371216829947,0.481378397263923,0.1233385826402234,-0.2783555918018069,-0.8565614850354981,36
-30.816349090069725,1.9090564501235936,19.56040680758492,-2.3180922505112447,-1.7939620858794398,5.593625246210729,-3.00447387657477,0.9767069216801548,-0.1821916988972376,2.948964391553153,2.0799791140359183,0.0889209328087237,-2.628620589246512,0.8824374167362237,0.4343328708668177,-2.913095120694452,0.069752281229027,2.722228614078536,-2.308289937213729,-2.4443852787479177,3.6610195949523487,-1.81136255694353,0.9343156766924924,-0.093406809080874,0.3521744176740304,0.9709573735150364,-0.229262704274192,0.5622187532170595,2.384609525046664,1.1076549144081032,0.1120681453182698,-1.42325379257151,0.7956280033069505,-0.0452811540921111,-0.4190479554409892,0.8653318611088642,-1.508942857477281,0.1735108100745514,0.7784797227914382,-0.9551351209775536,0.3920594850626317,-0.5283849228968435,-0.1109915474107764,-1.394717528461879,-0.0248971534771027,-0.5001694366904421,-0.985095341435398,-0.4435509435193577,0.7752030451045815,-1.507955945778787,0.8575379609781744,-0.7733270899603419,0.9182783515681426,0.2250358538320741,-1.5587358139871077,36
-2.49918137443359,24.516657400282376,-4.716382999002499,-10.7331943177653,-2.532950713117649,0.1766266965133136,3.6784779216016816,-1.5006616246948783,2.0249456678973328,1.2873001261927952,-2.152861601996224,1.235175214850328,0.6750730453081898,0.7775713978549403,1.0984024276554425,3.2260561962177228,-0.3357287331591911,0.6409833260143001,-2.160346610887373,-1.6065192635499057,3.0551584680500743,-1.5492009175263006,-1.159367562395174,0.8822450625052468,-1.543659255543924,0.6027636129252414,-0.5612837948066299,-0.5618062774050686,1.247639891551504,-1.785645676574284,0.8287266273064631,-1.9665277420895704,-0.9800708533941936,0.366109907034872,-0.235432488129437,-0.6104229391007033,1.253624867170799,0.3921578083498404,0.8007681327335596,0.1209837798111411,0.0440871925058556,0.7507621884143543,-0.2439895047599772,0.3711406532125781,0.3959827351299122,1.0692011543696691,0.449899224221479,1.3394543129865977,-1.3626845030490249,0.4302924474877559,-0.4528281611713377,-0.2450712485676885,0.3918301148233076,-0.5040423483903291,-0.0081249810101576,36
-10.505939322456276,28.973444852830795,-0.4021622031182696,-4.9729590803680805,-4.598654130429368,3.068044228882392,4.451633509550288,-2.399224307956038,2.1461091569772983,-1.0343365486367349,-3.79595652757832,-0.3255143849234971,1.7966394990023782,2.027691990314333,1.349468398262384,2.34941842483506,0.4320287024254755,0.8644759759745113,-1.961344512464252,-2.440141069164832,2.219508761578654,-1.065589457138349,-1.3954877826926588,0.4694378317493997,-0.3189176218369202,0.0914778909209701,-1.3546777457873076,-0.2502671639317936,0.8274854011617994,-0.7387534483201633,0.6682787980489386,-1.3400012244892276,-1.2840572015370295,0.4471521204271296,-0.1633788378671199,-1.940184719022642,1.152571130630932,0.5260774925818921,1.3523543819345607,-0.3848645756323687,1.3299909664085734,0.4532521302889786,-0.5326062437493466,-0.0711581643111331,0.2688674635702038,0.7924362869073838,-0.1965065028907063,0.7728418617123622,-1.1433871829230111,0.6133510002336824,-0.0853162550898885,-0.4935353844520569,0.0308229994357302,-0.0825212079079376,0.2523154511420277,36
-18.898294461585905,18.29546033937292,-8.458342199135036,-11.670192136469431,-0.41145145446671,-1.2596910938245036,0.9307075820944998,-3.954407722944019,-2.4192270135733374,1.7993635781549209,0.1608507987589238,2.0199388360676247,-0.2047679490890503,0.8186343035985816,-0.6029936765252735,3.124210508953229,-0.5257628623349777,0.5900178291932547,-0.1188734703937328,-1.39676222682698,1.3059257410706169,-2.617185441248845,1.3706184412416966,0.8920210239183419,-1.4587543293587768,1.31393019984871,-0.5927486197437708,0.6488534276173249,0.4393753053559482,-3.2705603531263057,0.1726117722435139,-0.8052864846442327,-0.309963173090292,0.0696504848136926,-1.1171635198955994,0.5454365845986049,1.6261525673818888,0.4518799646729205,-0.7217617971976436,0.0577829495097259,-0.6686361960572844,1.5422986683892943,-0.9638266802262524,0.6994000753086244,-0.6963549710274973,1.287568289479076,-0.3721208655267738,1.191737836150806,-0.6047180460197161,0.6609216026432544,-0.6320732524027791,-0.1552663075143781,-0.0484410580688028,-0.3287634329925395,-0.3211603541742749,36
-13.329023259523249,34.54240439368047,6.353583307621361,4.037807157783537,-5.414475357158179,6.523782722144829,1.83504716800886,-1.2351915775465483,1.731387996022571,-2.7935335939514845,-2.020665731661094,0.909190608672884,3.177159998173257,1.9627937851961017,1.6616529151973358,0.8561197466407764,2.455306261144916,3.644046510301637,-1.1106391908258757,-3.4893668435013865,0.9100171995941922,-0.228430667338012,-1.2998327143017074,-0.5715720389021844,1.2630293709301714,2.3408127212602685,-2.968843581354753,0.5524567654264523,0.0334678010689722,-1.3859867967613633,0.7368315854827928,-1.442302713728176,-1.021150308740309,-0.3992047050835999,-0.4395129267715323,-1.2271418370386613,-0.3128643318776313,0.937159574188856,0.3774706134774151,-2.489536454311966,3.4724160625758,0.5494685928349804,-0.6387360495403391,-0.0602460432053561,0.0057313940170046,0.7164594464156788,-0.7118110351054526,-0.6216855031706867,-1.3379969631751731,0.5725166488932342,-0.1275495153359143,0.683596996567253,-0.1219683482352212,-0.0780851868559463,-1.495254155134708,36
-15.443098059046628,30.51401562765771,-6.872440012206079,-4.160215441666677,-2.019709113244425,0.3563938489207596,2.1315073151925303,-4.42150845512638,-2.387859101523973,0.5928692231655083,-0.7792118386143227,2.1351409528091563,1.0964547483275198,0.5691081965503274,0.6987076414780353,3.634301464719662,-0.3068255511022537,1.8101314056584756,-0.798801070597696,-1.774873352189483,1.490592807802,-2.0941493181122923,0.9508290350880368,0.6468047149509962,-0.7783675946047486,1.414079753233173,-0.8542748074843859,0.9682965735279552,0.7196605327509052,-2.944043791570321,0.3211452411862299,-0.508970605314613,-0.5692044480365093,0.1567723508178473,-0.915455347075771,-0.5633665865793175,1.7096507839377375,0.9143930779614836,-0.4254929674467541,-0.4456532036705902,0.5873137449297838,1.4772612553000604,-1.2107822164622422,0.959798681449932,-0.6640637318588076,1.315726388661983,-0.6260022841316492,0.7001718321655853,-1.361882723155298,0.8201665646167058,-0.3059721603020839,0.1857991983468848,-0.444542360275472,0.0699833975796025,-0.1724433598292334,36
-16.943715623275367,37.57098895459211,-2.9554430102823765,6.303682860361542,-4.258031890186673,1.9590991930013093,2.263031566886414,-1.522903052074242,-1.526853316921817,-2.0424839783364,-2.6635553333974022,1.6124255978777198,2.532648451349448,0.3303379079077839,0.3002981412599968,4.24204171983616,1.1855833998880911,2.8435737804085384,-1.5833173605663715,-1.858339547760802,1.3745378948823828,-0.0410518317800449,-0.0208701617974483,0.370823660465759,0.1178337953794181,1.9228911716848325,-2.661810099569655,0.2927155339640562,1.4382280593604284,-2.291540683968548,-0.1257308887196475,-1.0164662109595313,-0.6398884503818454,0.4779100069727994,-0.4906302407116841,-1.4860642502005692,1.43609578643891,1.2333660563610416,-0.1277863767390186,-1.5996558917369048,2.8740028191748963,1.304981100009354,-0.7306441859124643,0.5372057915389701,-0.3860017941461538,1.23775005626321,-1.0465784446059454,-0.114057774059219,-1.4655235519037133,0.6351295035318533,-0.1813511005237709,1.5142344976324256,-0.1996516217724759,0.3963135812519845,-0.8279011659680997,36
-29.66889131727087,18.89962637852717,10.73253501109036,4.095945845177786,-5.079496410851929,7.430983962133324,-2.1650593150924538,4.85366870536107,1.1120635772457197,-0.6413160491624019,-0.5324111417050694,1.972548624891873,0.8450071112558114,0.8488168767790412,-0.2352768550059048,-0.5408429672055242,3.027802522253653,2.2739939134384684,-2.095901691000541,-1.977640944421675,2.470305906547798,-0.8665842990202571,-0.5524710375945625,-1.4981059748456904,0.6710767146962949,1.4551345989438722,-2.375707939567283,0.001342693555563,0.8725963272638542,-0.1202071605700754,0.8575790807085674,-1.8873615264237755,-0.3195533296654436,-1.1380729422935538,-0.7266507490371912,0.0805296347469844,-1.780056115919902,0.9898007991927908,0.2244859910133121,-1.331367439582233,2.4957428637023367,0.8361620907083891,-0.9507219409809824,-0.6574012944686727,0.6400041168164009,-0.1732460065224545,-2.044677581803847,-1.173647257282746,-0.2480617325493376,-1.7126172479165744,0.0499937058345352,-0.0053105151034727,1.1984997441898595,0.7759938049051394,-1.7275652021788066,36
-26.48040414014687,20.69323130134613,-8.983316714980601,-6.048857416912102,-0.3226735239716652,-3.939161345562849,3.1515972419191844,-4.800348903275169,-2.166058649208494,1.377655642511981,-2.1924751802193643,0.1413995986366305,1.119612792552144,-1.3611473109723005,-0.5672509914609112,3.76660710697444,-0.9785867545984812,0.1168480287098165,0.183670685353542,-0.8680386839293056,0.3271220996513924,-1.095836501745186,0.7390621304717858,1.9010630242658688,-0.5355682378873166,1.424444640004704,0.1901785335652989,-0.6369536007329024,1.3112052135814771,-1.842714399506062,-1.127111245946164,-1.0495571174638534,0.3472892736404257,0.6490156043687291,1.1690507603235394,0.0377483949769797,2.56239118834314,0.2731932948001653,0.7280510721781814,-0.6664668466766843,0.3241137603499179,1.559813467671069,-0.6479172120181492,0.808034052406117,0.4039625121067456,2.449735516569078,-1.3438611537698832,0.3490838717539199,-0.0551395388379227,1.426313220068448,-0.1199651245653949,-0.531152406786102,-0.9029306417031449,0.2956996818439688,0.3754027978896247,36
-29.18426764574049,24.25935555448829,1.783137656204331,7.226973162683089,-5.723053649305951,2.317073514129537,1.0151291765261918,3.950801944338117,-1.1980862797921528,-4.371826350876076,-7.063264827867574,0.0766407291874452,4.679729224960245,2.982087195700288,-3.927378210560223,1.472607584703749,2.760373759861632,0.8115661232628296,-1.496153152969571,-2.0192508990928357,1.9361830495967036,3.435851301580653,0.0332721729691297,0.6359355113425582,0.0226509081916366,1.7271942156900348,-3.639616593230484,-1.6709850752668542,0.6018072670096579,0.0459660681140444,1.4233822959322888,-2.6867453498728797,-1.7043807341605823,2.3951837576395287,-0.817163557428871,0.065377402315394,0.8595676952628964,-0.5590857284923799,0.3968773672649433,-1.663546869765068,2.3202288987126525,1.1563003720978686,-0.4901729389243575,0.6680491467090693,0.1839634335015528,0.5073207993681497,-2.5111543327161856,0.2702647021278298,0.0286228033871049,-1.868563092155366,-1.015941401486598,0.4194908644892218,0.3090872252858107,0.9777943866157924,-0.6894989388170273,36
-27.924691178433022,24.35852471546212,-8.494016942375255,0.9073010754735644,-1.986433659860397,-5.187606240037107,3.161712809769514,-2.2927361402816637,-2.571712333668093,-0.1871296089625215,-4.111216738572892,-0.3501860397502393,2.858892025540278,-0.223665143532433,-1.2597745734455983,3.1758030935803405,-0.1817970324874772,0.2391247933490564,-0.6466174006010534,-0.449738337267263,1.2460732396796634,0.3879982843600759,0.1670339773081955,2.826441006566564,-0.3173492471979524,1.5176871578552036,-0.8780296848342337,-1.507933583651054,2.204399011846955,-0.3481282394226582,-1.3105226126518026,-0.7710338217691742,0.2531160434194301,1.7336641047289678,1.2738286948473234,-0.7983885705487022,3.290360839330238,-0.4000547262596287,0.9715067537108414,-0.646742032421605,1.086141979494632,1.6120711717864011,-0.7710890144347881,0.8097143248391874,0.0971157346370681,2.5000634979242906,-1.2106266962019654,0.1989470713767242,0.1671099625688195,0.3348853966782872,-0.0632497332190319,-0.3165825825950736,-0.7101106893960883,0.9363238859528026,0.3555470367134769,36
-47.99406711674551,-8.399652653224978,3.154598276196344,-14.833927000345769,-1.0811887099073791,0.8376368325483865,0.9427042495697442,-0.4779256616524204,0.5014198327327578,-0.5987608633819446,-2.701130252001745,-1.2199161479741043,0.5797377956234498,0.6727089699710561,-0.2336472277798554,0.2993590397434926,1.3623895677156377,-0.4673448327826681,1.149883011379886,-0.7054665042153251,-0.29668471848846,-0.8968209482783033,-0.5268381500151396,0.9955458980206232,0.2751357013372834,-0.1146437325325687,-0.1383826477914329,-0.0618147396871638,0.2907524915164147,-0.4772591699660436,1.7747242141613886,0.3855029868801075,0.9658731710192152,0.2280311920597818,-0.2724752199739022,-0.8108419500267083,-0.0392062390712425,-0.2837566534421051,-0.0107371171812532,-0.5262958488719481,0.4960423284472707,0.553763200164723,-0.3955766773426152,-0.0875972562117547,0.3390214674048888,-0.2788998760707775,-0.0991192691578847,-0.1851083260827903,-0.5359465763186324,0.4140187396294645,-0.4606134713158882,0.0297285312629036,-0.3992320683469165,0.2994304141109394,0.13404340891512,36
-37.9799830691655,12.542445677108574,-0.3081731267350192,4.231462519349182,-2.216645691829904,-2.672536322238132,-0.5983516878549402,7.696579278294892,-0.2163463985263592,-2.354092051630382,-5.846178364630248,0.905173606896286,5.029846816490159,3.4673941904008463,-4.999230711482843,-0.0778410931325665,0.8353190403033438,1.1194873091791944,-0.4665042863214701,0.7314695005562667,2.874203318523963,3.816018185244576,0.0222418327061054,0.1631055720264815,0.1280748414041263,3.6619986815000662,-0.1752896433970285,-1.111250842057178,-0.0195453779023224,-0.4445108698867428,2.0133056337837103,-2.4542201002542376,-3.021885874171488,2.586256311335028,0.0734235043142921,0.5605677852769175,-0.5745288345994057,0.4008722378558784,0.6646662914400571,0.0962187921305191,-0.9050810137698242,1.443172225158674,-1.5241979401743226,0.9816625186694852,0.0821385232474177,-1.340179207730147,-3.9696840411374152,0.3986316910870749,-0.6883822730734421,-1.8642156629567408,-1.944726956020017,0.8435437397738337,0.9417879582027582,0.2107210432900575,-0.067872408836577,36
-42.07844373320001,1.3272718287656844,3.612713548513465,-4.137776939271794,-1.6681018660307894,1.0008034471129224,-1.4108634445744408,6.073357156562065,1.423428641899551,-0.9212520262376016,-3.3888941374994843,0.6326810647186537,1.4601429696274946,2.285258335998812,-2.2291311930719053,0.5782525065100382,0.779126974265727,-0.0703343753312078,-0.8383135420558018,1.207490082408171,2.205945504199849,0.9653096086020072,-1.4126169487487228,-1.3322614466873652,0.1560394014091997,0.4667880428748889,1.5683295542678326,-0.6659067982996438,-1.0094009503132917,-0.8779662368933995,1.1016707565694128,-0.6508748373199528,-1.2279445088275638,0.4420993770005507,-1.209993332244674,-0.6716735001324511,-0.3984049764024341,-0.0646346296135516,-0.1249977939784033,-0.7580078953208573,-0.738209274878066,-0.2405471608637941,-2.094310917365265,-0.4061079623807074,0.1045905137730533,-0.8694308003388996,-3.5446273871086444,0.323436646947212,1.4095473416947166,-0.1043304902029716,-0.8504511809862166,-0.4905995007136526,-0.1119756710206532,-2.0487128460172555,0.0130462010321899,36
-44.0292428382118,-7.11318070259095,4.435947861678939,-11.299847474838373,-1.159049520966862,1.723923531263604,0.0357904679041399,2.2834660161750504,1.6658849599770922,0.0507206158541317,-1.5782412613675614,-0.0662840087072311,-0.1104744376359992,0.8363155483017821,0.3923150668604444,0.6364892293347962,0.9671664717971292,-0.7253019419132105,0.041349565603038,-0.023197647024951,0.3478666118341295,-1.5594900995437166,-1.0376218532591173,0.0395332084161033,0.217616993579147,-0.4003827615507834,0.3512352712875959,-0.8075208409427307,-0.5939730597724056,-0.6120670052756322,0.8092152691499027,0.2406233300773541,0.0773999967191501,1.0578174625148804,-1.4753714067911263,-0.6744712404172163,-0.1068812382642374,-0.8272590611841224,-0.0013206803651631,-1.2541259458914178,0.5584468530070588,-0.6574180076329317,-0.6544465547768706,-0.8742906215270728,-0.223642574369882,-0.5307481144968367,-1.152965780993116,-0.3251670757147995,0.3403337210211009,0.1348258531462788,0.363104528976069,-0.7225476315926171,-0.49306014429028,-0.9020569877658304,0.3817443481563986,36
-37.66850673652294,12.21853095699622,-8.322215530748942,-0.4487598566444594,1.0751656178103726,-10.099072186129188,1.527600158488592,1.0439548307947255,-0.9050710245400873,1.2071403296613965,-3.2164576126575386,-1.6250762010792132,4.220626169527153,0.3117411088282698,-1.7251319628864312,-0.7871343388221599,0.0509331035600292,0.7276042806665004,0.3705357579611782,-0.1071279720082897,0.5283485154483171,0.4414716962875826,0.3826726163062157,2.9842894874417008,0.1990374259714137,3.633085075133716,0.2964583828164554,-1.8286158324624733,1.507659033189474,1.4191571786909596,0.3077997035383353,0.164553729115144,-0.8517294407899847,1.0698269585545912,1.979683971252755,-0.7493595351048391,2.551676557630864,-0.0517993552095098,0.2542406226308722,0.9637844465489976,-0.0128394567579968,0.9197677737028264,-1.4113444076789858,1.040759680131763,-0.0025303310372167,1.0881223071423132,-0.640189877687506,-0.8488541180752616,-0.104957515354658,-0.6803917194435626,0.9906015601788872,-0.2246399846014057,-0.8280698368475168,1.5759936848906648,0.1727134564390308,36
-42.526533226444656,3.885368032212362,-3.735701195648954,-2.421963524039909,1.3360831527392758,-7.702531634440788,0.2423494201970309,4.606620184986047,1.0667656192534196,0.8731879696160555,-4.266974546316696,-1.0989831867113904,4.3047914066256325,1.8357078059238503,-2.247402179616319,-2.644882112416009,-0.03432310171245,0.9468988244559744,0.0683900788925166,0.4001854620841915,0.5707381461298606,1.291804967360808,-0.2505620732732558,1.2929944006118632,0.2866184193816294,3.371286758476698,0.492600628539196,-1.2896488394092784,-0.1533906237037129,0.6083748616851468,0.9971549164785676,0.2034912955786338,-2.3657766992864544,1.1001902799981456,0.9214583450748828,-0.5862233959504368,0.7834048666130058,0.4865829718720037,-0.2192569091701753,0.8809613746697186,-1.3464197546062446,0.1047462859237321,-2.4320600936445067,-0.1832731664429283,-0.148900976814147,-1.2202108727303305,-2.0440307830707583,-0.8922628658535677,-0.2527975273653079,-0.7105260965319543,-0.5799960191233877,0.7712174056189637,0.1853702696582686,0.2252469784196943,0.1040577975904351,36
-43.66718817020093,-4.917596419901615,0.8949006955903437,-8.685344762627144,0.3006908053649892,-2.335803846382944,0.1962125554588133,3.31890093526142,2.463445346003368,0.1264229160091738,-3.988324284297372,-0.4011732933604342,1.3561565772550137,3.18599717511929,-0.349498462056024,-0.8688729595404495,0.501699397877065,-0.5772092523064943,0.9193844051637192,-0.7078782957048195,0.1275862634131938,0.2416215073292326,-0.7432059493267111,-0.1460134856443705,0.8464821943941244,0.4645944175855721,0.4636004689421352,-1.0211133016625211,-1.2158530486491088,-1.450300012646194,-0.5508618344610109,0.2001249262309588,-1.5236443025013575,1.450132234972275,-1.0438656005412028,0.8988664100184351,-1.0504212344777564,-0.4931970649510228,0.0421602408288111,-1.46853316519653,-0.6663819614969655,-0.329783362042895,-1.216664667886247,-1.0666083662785328,0.4609138178413642,-1.3432209768170371,-1.9799484956891784,0.0588587233185833,-1.084425742745011,0.0601807465697482,-0.3986000068188963,0.5061556131262592,0.160268138421422,0.1026796241230511,-0.1512091056911738,36
3.889751717296852,-2.1978153002542595,8.052982739190341,-8.31686661163176,-3.978971358760294,-0.7114143447216142,3.067854553118456,1.1343775394903326,3.333375801744831,-0.2812276062791351,-0.3356391557179941,0.6121999624071144,-0.4830718744388144,1.2887386536179184,4.313903922070176,1.7924747016430438,1.1386431816181986,2.1227573446085195,-1.6329285278442975,-4.007840455992673,1.5974604249648074,-1.4201308306853482,-2.526052010288957,-0.7465719722833223,-0.9705890658544802,1.4914791435597097,-0.3495581024114432,-0.1500554057958098,-0.153678106115317,-0.1917172930714005,2.880742479206197,0.6943292389198475,-0.8773418067613655,-0.357316046748184,-2.001560866954804,-0.7940848288511784,-0.1714571318642811,-0.1509073951073906,0.8867480862796298,-1.057953637666608,-0.1586206816116501,-1.5990334743722583,0.2187410764601062,0.0430534175063721,0.188075087469633,-0.2435085244460809,0.1491038408315373,0.9451478151511667,-0.1347283629567371,0.4997918113502363,-0.4825667814388245,0.8988735155220229,0.1837945567394844,-0.1283377051270291,-0.3715826906532754,36
21.55856902618923,-1.0911917089243572,0.4271603732790118,-8.945166413312768,-3.11297881553235,-0.8365701703475741,3.2162101671036365,1.71934421889694,4.398035047458245,1.0481567459825911,0.5761059639970902,2.080230774389487,-2.0263696982049537,-0.0876842297046085,3.992647031781727,2.274098456969635,-0.6645246166725872,2.1945605396168064,-2.722095795105448,-3.5909022020325336,2.65372142650966,-0.3532088121273726,-2.6543412929927754,-0.0708072111492111,-2.5714794277960102,1.6793038798843758,0.3521650113905448,0.1926967695276722,0.4572765932062033,-1.6747500595751512,2.150695761810612,0.1713115837351543,-1.4996089812966469,-0.1103156051823335,-1.9847409904984168,-0.2185479381419408,-0.6440470602330473,0.2788084402341207,0.5866026471262307,-0.7346100273825049,-0.4395611708478143,-1.7277809987332595,0.692111229162339,-0.1034320628760457,0.7682105562602104,0.219506558203884,0.1690601030086808,1.5795981191644208,-0.265722802653674,0.0415102935499468,-1.163125460141657,0.9031998498492276,0.1309537238712523,-0.0958716994700757,0.3647000782559375,36
21.3090136567916,-5.289068170189386,4.9061255193496764,-7.473263277121819,-3.81402100909964,-0.8532345534007875,3.534662944048896,1.7555859559622822,4.538112733657103,0.564936697723553,1.097116235470468,1.8888094260161088,-1.7346455641511351,0.7740711672029207,4.839376963447555,2.1316481811470105,0.1164015743345992,2.9446613766561374,-2.3704403761670565,-4.2706277947633104,2.35926944462562,-0.7950529040676522,-2.811133285928499,-0.7427252031574695,-2.1052099786120384,1.718484551969335,0.0411609506766912,-0.0663908733126927,0.0053822258339998,-1.280781067861635,2.975979712989992,0.7584351527972556,-1.2059303208780667,-0.21529287490246,-2.4158251347488124,-0.4212322436103853,-0.372612101274851,-0.1967105605910442,0.8315617290157666,-1.0704983300557571,-0.6473133574582512,-2.126797216747547,0.7388327992394085,-0.0610568531303068,0.5815204589705649,-0.0445487266199746,0.2952685044315657,1.452360329830126,0.0698186383513602,0.2729585960748349,-0.884968214880757,1.1012512919415716,0.1749255119509884,-0.3225238456996968,0.1234700727073471,36
16.02922948127236,-6.6094791365362,-2.982535189947458,-11.219744185083762,-2.790252690241567,-0.0678848358657195,0.3460086603519278,0.279264474633035,1.8833655833283076,1.4158380547377398,-0.1630152232684835,3.10276557814917,-0.2240879200951632,1.7512502952250764,1.4534820487992803,1.4907141504785877,-0.8371168819939857,2.4098237132528983,-0.9293137062332016,-2.338620921582251,1.779547573056458,-1.8240240581392475,-1.9051659974776216,0.9244205928151829,-1.8676870632168936,1.1932595111929318,0.5893505915294721,-0.3217902024090674,0.4035269108736081,-1.77520569509338,1.2873450636646404,0.1139384761682548,-0.1262480605035138,-1.5113115438445843,-2.154760035179277,-0.1051875853576516,0.0405006611891348,0.0655580478181363,-0.7646918038280568,0.5393282468233255,-1.031082996916376,-0.5596325401215928,0.2314512998264731,0.1155839900615531,0.1522538139385515,0.9215889938386784,1.118331749325958,1.8744471379986969,-0.3200888177990942,1.2163709151050066,-1.2864124061176423,-0.2473980845890102,0.5981960856965199,-0.1238459566106277,0.258436779990282,36
15.348944801438378,-9.952608311675109,14.93096592407978,-4.316358232599639,-3.3960309962858912,-1.7320401998095245,1.4772491708907158,0.4283529546870942,2.980587578232966,0.4077271577747897,-1.0481109699694096,2.071274042242841,2.2980701535636965,1.5458513312014468,4.8215488172765975,0.3879890353538526,1.5497975778326147,2.645911455221741,0.0966702710259854,-4.894078000537313,1.200383071961184,-1.6099728670466746,-3.362850460344974,-1.055174182775277,0.0603519121253215,1.685366517945715,0.0341263109863929,0.4997610529392044,0.7493382889061289,0.2174758463478677,2.702157868033579,0.7322727516859996,-1.205791825954715,-2.396716404607895,-2.9609473981657577,-0.9826226335784424,0.2457758327251531,-0.8559833706369776,0.3527146778985554,-0.6025183592868019,-0.3239186526528801,-0.9204626738870552,0.3495032730087313,-0.2998833970588,0.3724410772764721,0.2354818623502189,1.0332703895042288,1.1702831078001092,-0.0155073680130501,2.7264089342935383,-0.2997409561811638,0.3281981505596243,0.9815609236876162,0.0929828346115999,-0.1909903081278135,36
23.60659136282926,-15.589476692776527,10.16924867875895,-4.770457372070054,-3.4460357451398265,-1.630265996916481,1.5375954081881966,0.9243094311423182,3.3065471159083493,0.5619070336761639,-0.2433346110984408,2.3053443262653395,1.343608392196557,2.064898834648035,4.487741690935347,0.7497904701009185,0.7526171773747795,3.2652038915773605,-0.5056796348347368,-4.466730321484482,1.4965500670811012,-1.1983944411889649,-2.928181267113592,-0.7547454694799509,-0.9129527606867296,1.4401590299589784,0.3056865020797754,0.1141638146892927,0.1335378962269849,-0.551650232242751,2.6841932089767067,0.9318622046246132,-0.5073455683825343,-2.7574173754429667,-3.028522307326972,-0.8359835221986099,0.1998950963815891,-0.9865116104124289,0.2796706833101273,-0.538831124192772,-0.607381994922432,-0.9136461121217776,0.5127098880500329,-0.3895473409086242,0.811238123942438,0.6465295025466777,1.1379915264540097,1.6803779612169691,0.2876716052323547,2.5287341761937454,-0.8874127114571828,0.7407992137361583,0.7164952381046753,0.2466935100603017,0.0900925433649418,36
18.997719517336577,-10.821033179065395,1.0318709505457304,-9.573994203735054,-3.063045849049734,-0.2455703759846011,0.8335112339648985,0.5001628135603327,2.3481111804850774,0.934082789179246,-0.1625971902484032,2.9254458429324197,-0.0427704470243937,2.052582200836464,2.3371405718103424,1.6106914965395087,-0.5355333325389268,2.981058440924377,-0.8177920067006832,-2.900444825609928,1.6977090412933151,-1.4667809142198351,-2.3979888526270616,0.5159823156836131,-1.719418938416791,0.8342002196304018,0.647683756998239,-0.2798648146678719,0.3356881128844103,-1.4273126431657643,1.6428123626584756,0.5986742782353583,-0.2342697611263613,-1.6900504808777803,-2.293889319197244,-0.395305396231791,-0.0788542352528273,-0.1533885921671754,-0.3088309186407977,0.2100653921225993,-0.8220896435237,-0.8188378394727602,0.5576125049218107,-0.0285284795796029,0.3575320054101583,0.8096360565720424,1.234618264655021,1.7657399107023226,0.0670316156770071,1.5234750738976448,-1.0813251290953538,-0.0096481897792769,0.6843409475315907,-0.0569239129053384,0.3868813597944021,36
1.252940069628249,-11.718903130966046,-8.098553764848107,-13.373987385289832,-0.5820516263728225,0.5940660036595489,0.6424206471954306,1.8480216317740608,2.3169025257986293,2.9694759620009794,1.8409096993239544,3.3713715969643725,-1.5082571977645178,-1.5479737727737513,0.859767664664518,2.4966832127746645,-0.9836129876775837,0.5557765349490853,-0.9720842481715762,-2.672576623291209,1.3260411819032267,-1.3935446643541671,-0.7097224995184535,1.6761240905234993,-2.3428183714516035,1.76718004494334,1.209485027486258,0.0856067218270017,0.7130298396856065,-3.217293512996091,1.7032478453941886,-1.0590341172990785,-0.4509033958967919,0.8650825366557059,-2.060885733185208,-0.0011100658363365,-0.80337843441983,0.1910597193773871,-1.2010841738625266,-0.2850868778111539,-1.6507235776186435,-0.5038865323964637,0.6624350931426684,-0.2617973660797486,1.17197472095679,0.0731042351693285,0.1599534996948317,1.7606376438919589,-1.166324163872598,-0.3869859691519114,-1.894386456124786,0.0715651335474041,-0.2482963063138821,0.049914416666915,0.5404052106249884,36
15.989039058493953,-17.750688230155234,4.675242044528724,-7.619548880626079,-2.988310067338386,-1.0559616356928017,1.1988175834444803,1.0524934912441906,2.7379363767529217,0.7059695980265693,-0.2413772517119764,2.4414550502910783,0.408949989670597,2.1967652709628767,3.035403842702556,0.9864294717115272,0.1555912974326188,2.7913269369597438,-0.6124659305043462,-3.4162331789187177,1.2657715527199151,-1.114191801214353,-2.3401647146301934,0.0869917878168295,-1.4089799182129858,0.7422541147543137,0.3708721828127486,-0.0637077164584008,-0.0184538493617715,-1.0268298210308175,2.199162712199957,0.9229994484085255,0.2184898074618147,-2.1734985027253493,-2.6865535980753594,-0.6513868684569216,-0.1030695462876269,-0.5504692507805128,-0.121970799294699,-0.3319176791950838,-0.7451487307747512,-0.6970561684989355,0.4156362628171638,-0.3758681751981326,0.7483265059823276,0.6903418108052214,1.210633043019828,1.7874589556792817,0.2452612925426134,1.956940779086448,-0.9899213032865268,0.5940977933952393,0.3911338678143455,0.1557413046299394,0.2282097215601929,36
10.970944490070538,-25.753322604364783,9.26012017651571,-2.633333153422537,-3.2493595162292217,-4.116757415716967,4.555828369157471,3.230542183531431,6.012706363855875,-0.2269459113361121,3.039506090857318,0.7036848896908949,-2.091890212404594,0.632976022577192,5.096379433352305,-0.6279814794475169,0.5601681737068591,3.020833494798316,-1.028603356336552,-5.207488988320667,0.0121450701386472,0.4422197986978506,-2.566271401529912,-1.3424217262464813,-1.03200260024075,2.2635844413324344,0.7227251067023465,0.0203115219540824,-0.2943122205547483,-1.1394873025124812,4.410124574461817,1.7012725962827004,-0.2628442730548905,-0.6472921310496457,-2.988655241498388,-0.9109827482669056,-0.6760864680500092,-1.364686137387655,1.6113948301905765,-1.1304997465136737,-0.0007760834950804,-1.9743482271987396,0.184958257505505,-1.9949842676022784,1.1496035994840277,-0.1418033636404261,0.4208741844324336,0.6253910655626667,1.640205789002611,0.7433304711487628,-1.295884440483983,1.942339740388082,0.0478729653136181,0.7010611214007161,-0.0399377761140499,36
-3.372626607773947,-22.729480716507528,16.18904627533648,-0.8016140449812531,-3.573428213212136,-5.117228291954682,4.085869270248866,1.8338896715686983,3.775268424349496,0.3776117872594339,2.158276611293813,-0.7886266704515841,-1.1096365171323723,1.2445300207908414,5.756059490861841,-2.155154524090237,1.44161805389545,3.006128627488922,-0.8942982471281573,-5.449266635542156,-1.7290281465403383,-0.7514098589916496,-2.709438471057808,-2.390716086538044,-0.2758235233012138,3.1781785569084877,0.3858476976392574,-0.2538573558132243,0.208789769358429,-0.4056452745499242,3.6428395864931913,1.2741831767605707,-0.7716215253076276,-0.4109660801215142,-1.0055537615080608,-0.8018498602347057,-0.5506150971132868,-2.9028456314950866,1.8625884924155267,0.2692677919801555,-0.064343562867055,-2.043218721010956,-0.1712014669947696,-2.773647253379733,-0.1111504368493071,-0.6704450312271123,0.6584927959103416,-0.9559953752871876,1.2037760021075992,0.9353763457274614,0.3834329089141577,1.2164114180456151,0.3251059831680068,0.6986180033597192,-0.8984244625308943,36
-30.93718779160157,-15.60271515035244,16.755374044914696,-3.766629684313141,0.2380979889723792,-5.221174008054006,1.7329293013556983,-3.226693956198639,-1.3077195254584062,2.841610377309888,3.221108205030032,0.5523251894443308,-2.71588032281108,1.274905163318069,1.820373986035456,-2.1174801525306126,-1.9815684041293216,1.244919902677316,-1.0738516950868853,-2.177225279960509,1.8754595648067025,-1.0485705258885951,-0.6123850951980027,0.3194684090007943,1.2505163654324056,0.2372689992253515,-0.3527861813058718,-0.3797485158679614,1.76630632533575,1.9348527461837888,-0.2013035779153156,-1.014354570940495,0.2264030719517388,-0.0331753283024973,-0.1570917881351183,0.3848986928383504,-2.2394916173209074,-1.0595589513381527,1.1610720538350614,0.6254547222800116,0.0987945866266578,-0.7852153029793288,0.1319870658316699,-0.5896173479717878,1.0533113135844934,-1.1717448219044575,-0.6152104836300125,0.1254413005900392,-0.0596774187630529,0.6880209584759605,1.3468257108149155,-1.123230984654904,0.5682807460690694,-0.2869064019069844,-0.820173620208024,36
11.35789214519624,-23.795379336107256,-4.098185923561359,-9.183548039710251,-1.0941840068341795,-0.5345804919307297,1.4854278897421924,3.241340773869701,3.782554690360529,1.8813303265893064,3.5043709684090105,4.027676685632019,-2.671709081163941,-0.7843469318873434,2.199598319833235,1.6424675751341635,-1.0577111111203426,1.3420808923137784,-1.5149225528716033,-3.64669244662924,1.2158636528104037,0.5306393535506032,-1.9906266661784784,1.2197102964735191,-2.048543196391921,2.050236170741034,1.8696956350306373,0.3301352253066362,0.6305906743650839,-3.287477940629792,2.9366554025225198,-0.4298003612578935,-0.4355918513919073,1.108376904061277,-2.941809788446928,-0.2730400263902071,-1.4818374804980234,-0.35022746622908,-0.6334765752754024,-1.055251223160849,-1.2485822215280478,-1.4551617710494644,0.8417896078136407,-0.9247190606599432,1.5312169034361307,-0.0049543118019668,0.1871693600058962,1.7737190167559231,-0.6136073098731218,-0.5167631208734613,-2.3300072098190063,0.7787471157812595,0.010210717216359,0.1040204815814468,0.8231639942430444,36
9.278553343248092,-33.44190675857008,1.3534656389139286,-2.89168540965057,-1.329207880794396,-3.920010268126689,2.770381262746973,4.169295824216623,4.236108003050986,0.5572153948223793,4.112404449697852,2.9406625396232253,-2.1775638559877133,0.5808390945783897,3.026617874539248,-0.4096372851390483,-0.4959619994571373,2.2972535599683024,-1.1014663039166368,-4.575439254305106,-0.1277333637552435,1.7132523526071266,-2.5274662616563983,0.4361559620711668,-1.1394369479247324,2.640313172309499,1.837647622196032,-0.1229411819866574,0.341370204973445,-2.2621703709403578,4.476763855158282,0.344582205673649,-0.2520066614612588,0.7656143120048913,-3.046804001475803,-0.7547236799290767,-1.2517464913743828,-1.6901002822783149,0.3827482013748419,-1.3074471552249065,-0.5765826505057418,-2.2065773594826537,0.690712276146934,-1.6998735978771062,1.6283606138025335,0.132492689699683,-0.003999632980266,1.0882235659967656,0.1435033139022234,-0.1812722572449379,-1.8440795285089704,1.3576728935115228,0.206071860609247,0.9078602119718878,0.9793002425250557,36
-11.20634146562016,-24.386074714522827,-7.582813789248736,-10.683983050451902,-0.7243552931511205,2.0551944638657136,-2.169967265429704,3.000892723856679,0.2917686362788511,2.429378221390531,1.7544910389093684,2.8136744376035674,-0.0311385004690809,0.341357157566081,-1.7989301954616437,1.8568613411581776,-0.309127553249562,-0.021918757510608,0.2713143429252773,-2.760296052127474,-0.428031486656928,-1.223010723467506,0.4418426601849644,1.5101260689088534,-1.6030369938047546,1.961768241580503,1.3032007820305695,-0.3686401468923024,0.0758941429525669,-2.370666937050022,2.4730222514455287,-1.21382024240214,-0.0016858806761396,1.1650524279096175,-2.071421884608635,-0.1899281556739371,-0.9550086949207608,-1.1574718133391484,-1.2746699095901606,0.1264574940759424,-1.4903394868409956,-0.9951797423528792,0.6167109932681959,-0.5010262534973818,1.0392807153455077,0.0340867670542127,-0.1799108910972724,0.7171446087309246,-1.2762947530570976,-0.1724197985008139,-1.0669234671847052,-0.1196185961995577,0.040228355076921,0.5711031924493352,0.8405000312368971,36
-1.3572191591692162,-36.80692953214723,6.974591666431972,3.5814819121821584,-2.17250710009,-7.483170757371989,3.2289892406456078,1.8640725402897795,1.3853691394913996,-0.5194327851309746,2.264034632473216,0.5962538393559033,0.2655070403175899,1.7737465200131706,3.8387134755241457,0.2383782836048202,-0.5071205536972705,2.691291637396017,0.4325124169122014,-4.180689557215475,-1.5961709702671163,1.1411705562944556,-2.294907086362016,-0.4599624371907592,-0.6037837333940275,2.5407252770300803,3.021498127308767,-0.4012171689417515,1.006489741427603,-0.1065338543026755,3.144838283677587,1.4195036761833055,0.6036734015962795,-0.5476780250807565,-1.3731761198616637,-2.113324878028986,-0.0367842826881159,-3.368974403509778,1.118180654563235,0.1602723379892345,-0.1620883158694079,-1.779074354067428,0.7746942835090971,-1.4031494614343836,1.2900624978359836,-0.2447825849250049,-0.0885818933280151,0.0830099421318769,0.4959494374551701,1.806845283829236,0.2110061340294683,0.7969063894916699,0.5621591518761222,1.4660981943183546,0.5086138442689544,36
-3.312044462082346,-34.67665654202106,-5.739472615887301,-3.326656445727867,-1.3101488894839646,-0.3214266359768779,-1.1656726216221898,4.236246210965839,0.2191490035383624,1.5256003736107675,1.8957489912591872,3.167170571851135,0.8308223919329759,0.9532596358339522,-0.8793156215214977,1.0924718924834398,-0.4256098684676727,0.929382224243386,-0.4567876644822248,-3.4664238997780163,-1.20563747684738,0.4560671128546951,-0.5452401490842776,1.5775922459821272,-1.628859460407291,2.1607563254064424,1.44683053830592,-0.6357284538549979,0.3030229244961594,-2.037889344855256,2.997639053296026,-0.6506417187667115,0.2426302832615998,0.9283580447445252,-2.247350616285657,-1.364954588682614,-0.4953149084761787,-1.3300083124252695,-0.742785184310183,-0.211192562392677,-1.2619722879193775,-1.960463405530631,0.2803715648394104,-1.242383156404742,1.296545185688284,0.5312154406017034,-0.2275549462094239,0.0772161683283881,-0.5979229404627476,-0.0052330107504862,-1.1233499674997185,0.3407206251941548,0.3014900721931556,1.2614264638904398,0.8968439302659025,36
-6.386016964815624,-38.845462045090414,-1.8401295305105192,4.569112729128813,-2.661233586158683,-2.7019670695565288,1.360066482007899,1.9670042671332373,-0.2751620825288538,-0.7930878109680182,1.1098292993346253,2.1979220367385586,1.23500266749363,0.6058419082760343,0.026269848839904,1.3398799202219107,-0.7217896426973834,1.057137814896103,-0.2466536426545346,-3.545515020895313,-1.825608740379125,1.811207866024361,-1.4554990331852609,0.997204506067062,-1.524000400321295,1.6629749908918858,2.55076051243044,-0.5722295731014168,1.131789860208756,-1.0076338640566014,2.582343201204929,0.9756197164167072,1.0368333481473109,-0.0691044160184652,-2.151831095854797,-2.41711964380951,0.1143052601572393,-2.6838008984467123,-0.007056987266736,-0.8383681421314054,-0.4704632906136288,-2.1800498316080468,0.1348831712664433,-1.764902087077312,1.5244932415123944,0.3215514887027739,-0.0357256292063329,-0.5597085936615949,0.0707270011486083,0.674137965181676,-0.0526800939890228,0.4084569014571358,0.2179415284631105,2.0571856175155565,0.3217572560844307,36
-19.556682972422312,-28.560020716716476,11.213882375135343,3.490551099680769,-1.9952851747714504,-7.799560946071324,4.344431246686221,-4.170354374417102,-1.915756390240684,0.347245012431607,2.772016677571672,1.2634428881462465,-0.8672115224222792,1.567771343362777,3.5237388801599123,0.1201969467380918,-2.336986038462361,0.9061135879925548,-0.1800257405607026,-2.945150401149503,0.0610771403489765,0.9876106720083612,-2.25411138187392,-1.162657037706074,0.6700675478852125,1.2868586384898946,1.7175145110980912,-0.9187367561825894,1.1903600505402572,0.6451229501336678,0.4387429940201947,0.9907119543451128,0.2619539790085564,-0.5751316615687925,0.2487078356985994,-1.6178968153175446,0.1314129910456402,-3.3181137392290787,1.3308480519356434,0.7952069936624308,-1.1983118575224352,0.1013044577944209,0.6407073392618718,-1.7369904452398224,1.8931007568767737,-0.1333843797554158,-0.452424810598273,0.1636306878375973,0.4241044720160329,1.755913969855486,1.2855464848893223,-0.3726829643658478,0.8415568189681321,1.0949203756757595,0.0132368829703177,36
-15.961034505073048,-28.93249096993712,-7.823005499917156,-5.669976828717802,-1.0075970761044284,3.5767201688531687,-1.8574616996463127,3.3158513335494244,1.2083722038809708,0.9289114057179718,1.4714245931945535,3.504296557916521,0.1946475221566275,-0.8125324867283946,-3.3208902674633536,-0.5218055838035669,0.1507771697797987,-0.6180550308817927,-0.0278802075316633,-2.8791155682656204,-1.5440819238262151,1.3941642448425986,0.5181158871724616,2.81460600601864,-1.1931228297201315,1.802013596656696,-0.1630658095344575,-0.6487721878182096,0.8086584663429505,-2.6305248950637767,2.0611237338467885,-1.1852396438677368,-0.5550697093082595,2.0024637527304505,-2.638718031399375,-2.087018672735658,-0.4956099001358888,-1.1232996073581225,-1.3745349045154591,-0.5924133314406963,-1.4774259836704902,-1.0656550519861112,0.0152011053299751,-1.2023734926892953,1.808209785386584,1.0082470468570597,0.03641152837399,-0.2962123688353517,-0.3248624751056853,-0.5432011952595682,-0.6264482164318467,-0.5279077522228325,-0.4337135328954058,1.165719338076679,0.5836082928273192,36
-15.829699960407318,-34.35823236001622,3.3882639032178656,7.869197742832015,-3.7733436652114527,-3.276978850571833,4.7067463701895615,-4.59354098808736,-0.4855835269399458,-0.8740654567574833,4.165247322514033,3.877533825074708,-0.2086502606252463,1.606686187697482,1.4743715183782646,-1.0175337315266413,-2.257634109783138,0.7449104244581148,-0.3316116622906665,-3.040562140653136,-1.6964430860732016,2.964960161968975,-2.6408717961876005,-0.376448193521918,0.1378085828105747,1.604475131996559,2.810325395866608,-1.9833868095785028,1.0348172390292354,-0.9785028462080022,1.6735545484909429,1.0141593268593565,0.2385856670681587,0.0424085563926506,0.159889125501433,-2.5875067603815403,1.247726233032346,-4.199282640430337,1.8585146982975311,-1.0306612773639987,-2.0016421573157026,-1.204819367341326,-0.188370647514804,-3.234228708479072,2.487773317383905,0.5135882623478084,0.2815973364584493,-0.6137737330836602,0.7926305050394016,1.2519424290102334,0.823045685405421,0.1145560639111619,0.664749029493615,2.573082452246223,-0.9508168552556172,36
-17.499602066228427,-32.096961287494544,-6.434382495684972,0.5190813803573977,-2.4871514611423238,3.098383485930264,-0.6373244605745157,1.0768154732511153,0.1479691232297808,-0.0126814599674877,1.5286511252619253,3.9390688652146464,0.8995948547275204,-0.1475927466840292,-2.405383241559124,-0.888661894054642,0.1663727722679331,-0.1147112493235295,-0.4438182848687052,-2.5852977812301,-2.0652338388258094,2.524819917062599,-0.7807884940352443,3.315084384480373,-0.7179761016616691,1.440348665784551,0.7541874348603995,-0.8933043665047021,1.0592820654087636,-2.387327561563742,1.62972037868522,-0.0135991972800463,0.1686261513595285,1.6944775345723535,-2.324888444907397,-3.150330341328029,-0.2407953369678448,-1.7271003768789968,-0.4052082632592425,-2.017774589627908,-1.0815859343775314,-1.150286205188462,-0.4150798193346665,-2.094662879903372,1.7616300194235028,1.5136508251078515,0.8053170821802883,-0.9531505967569308,0.2780773788020035,-0.0360388866362133,-0.685433436938165,0.0516417712595849,-0.3002707739492271,1.5260711999482133,0.2569886154783252,36
-22.84126979953216,-31.8630253186762,-3.895907855807097,5.749858195014809,-3.683598421062127,2.79654085847966,1.9973716673263795,-4.385158635611954,-0.5470682026806692,-0.7970194883799263,1.671100490813495,3.6464198630495273,1.1862002534989466,0.4873213939249493,-0.7054213804094479,-0.5689942385228216,-1.165159953502473,-0.2532055274339512,-0.5442043252893137,-1.7967221946850649,-2.5379854037772103,2.736338912018885,-2.266485437853249,1.9000526374179008,-0.1418007403319513,1.0334336601439191,2.1645278077622936,-1.4977354697877103,0.8286243707738316,-2.3473761868186296,1.1297562458274948,0.7079823340692791,0.1677020712818293,0.4152045979317583,-1.3455357855813748,-3.442481306877518,0.2478794987750711,-1.8691549626610011,0.833693099841094,-2.1144138168002278,-1.9402016668781144,-1.766750880013143,-0.5257128049461197,-2.630718381641579,1.901639972884253,0.9334573210567532,0.8195088160701962,-1.3195079266788434,0.5494097167049489,0.9174492728485608,0.2945910882586361,0.2767746921926279,0.1604161355364364,2.23789560941253,-0.3725471050276057,36
-33.2771891145481,-24.40644479591669,-0.176176443435947,2.6997933013549864,-2.636066390399275,2.5863862049101902,4.4684205586304175,-8.774749100423055,-0.6601130906385716,-0.4320268724142159,-0.5798298444257206,2.945918823740986,0.7563670033558857,1.3369357649294558,1.5029508616632932,1.0515997465864957,-2.332052704396212,-0.6258476397117712,-0.2379793198633495,-1.088839385151195,-0.8763269559491312,1.5027759572781796,-2.192701330504113,-0.9400493657215367,-1.0687797598998643,0.0333169322863092,2.606403999851842,-1.4574656793321554,-1.5541655467318214,0.3757140618556105,1.2699106105513316,-0.0583734487494581,-1.3242460884532332,-0.6082299699498414,-1.4668513631452602,-2.137602949316668,-0.100028594891471,-0.0860344979554942,0.3459265175067231,0.0634400960799849,-2.253308148410351,-0.9263420237118076,-0.5672606261051961,-1.481769118624781,2.829913232296972,-0.1822987684499979,1.7151183580942972,-2.583682133798543,0.5181834993080805,-0.0127734085961504,1.4424602002132705,0.5803191404174602,0.3602029519502754,1.9570474399677065,-0.9829838531629872,36
-36.254813103968615,-20.20383588344344,3.4732650810286563,-1.5332757028133543,-1.5660555575407653,0.857689761157503,4.378737593843413,-8.555125413774283,1.1838688979269056,0.6699969951057139,1.3235060885127772,2.695636323721965,0.4345093920855248,3.0061132476524413,1.2255382333671792,-0.3723983091715059,-1.2315942745784076,-1.322411547669595,0.5752525103068207,1.3165820382864946,0.3712265578607775,0.5245664064634074,-1.9663527592298915,-0.4774035221809075,-0.5509898667983709,0.7254096650419034,1.445407562178599,-4.18130933897489,-0.5863040013393384,2.0298928073893685,1.1681668789600037,-0.9836568528104274,-0.8066822713678745,-0.1195816575670495,-1.5207186281869212,-1.4697771241214197,-0.1935227207730662,-2.6445504891316656,0.5534151046387108,1.9516178296740143,1.0917237037012624,-0.0219541361233181,-0.17019333237079,-0.8848549247058277,2.899066351995349,0.1245147791709829,0.1354634654898375,-2.1759263087642258,1.2279914644140633,-0.5366291440171885,0.3784661686259764,2.857289111807577,0.3089613516261528,0.6377022168803492,-0.7250146634794531,36
-43.35481554185844,-11.084689160086816,6.103605966172578,-10.03326687319393,-0.3336076459281752,-0.0303322819295371,2.465107268475069,-3.978174104445948,1.8430295927139877,0.671596696808271,-0.1505665907393249,1.08278981892559,-0.4906563946139056,2.3287986121405804,0.752422544257834,-0.5514189273894524,1.4437928726893012,-1.0885627432237572,0.5779994444699498,1.2672343231517424,0.0865281932784176,-2.214456389503664,0.1395768281585809,0.928606864370512,-0.691388670372262,-0.1625559568816321,0.5118096883850594,-0.7931707657151907,0.5765957004874311,2.09003539317154,0.7613225072912982,-1.5465356329058264,-0.0930375340231107,-0.0429933655640805,-0.8782452576627242,-0.4888253823197301,-0.2679081215067601,-2.1334785463664705,0.2138238268627697,0.6603573303374294,2.134708264496373,-0.1750015573896901,-0.6839216779271367,-0.2363220219302003,0.5835952544590609,-0.0595136000417729,-0.7736510542172461,-0.403025758948671,0.8285913042016357,-0.279649212856553,-0.0546876763166516,0.4905551164403688,0.4021203787850068,-0.406845474484676,-0.2794481527587581,36
-31.3314721656413,-25.787549561888447,-8.335899714707224,1.0419152035215464,-3.368785810864523,8.936410258653439,-1.5737496705372334,-3.647409590706209,-0.0895832285881211,0.3800946447243501,-0.99010081497952,0.9183454554986704,2.3832544938836246,-0.6877288119136453,-0.8485022188417358,-1.0650394014614426,0.3041640198314933,0.0154283470824193,-0.4658116785068193,-0.5683274253343915,-2.1112070017450293,0.8989402546496124,-1.0301328908657978,3.2337063875959635,0.724950746926994,0.9445801856827738,-0.0709199780606157,-1.2380758754975152,0.2002108321272012,-1.979321492966413,0.7255635157852242,1.3712401937840322,-0.2225807009400857,-0.0084412062460153,-1.259693438785753,-1.8736388957915056,-1.5638233060053537,0.4298251688347486,0.4279388007722512,-2.466871511053196,-1.7450839621372043,-2.167543519849028,0.3520294432885815,-1.1475831314453575,1.0687459793165228,1.794951110272483,0.4056575879616224,-1.4919503829158338,0.2314397959453328,1.3543868544897726,0.3619006019949551,0.510419013276814,-0.4920828360516942,1.254342798070359,0.1619385667546084,36
-36.967188772035946,-21.906932251297608,-4.810695926992892,0.7862481712492881,-2.9492252621347763,8.309138989070936,1.3212453965624298,-8.031181456192481,0.6340101653275193,1.3882484697263018,-2.8567558797653194,0.6376071204686652,1.5499486826351698,0.4234899792593111,1.6462216834053691,-0.5515906212055468,0.7061927404265476,0.1681377816334282,0.3335730454370519,1.702511603881491,-1.651083276506129,0.1302071742773703,-1.2600939967811975,1.8375439004487852,-1.06035123050001,1.0022813070255616,1.732058352220814,-2.042198499306061,-1.2753270181847436,-0.4098271207717919,1.7470586906185164,0.2841832521645746,-1.4201125026984756,-0.363247253886289,-1.7506860944331968,-1.212518972753174,-1.6936651500246962,0.942194535109938,0.440648033547405,-1.3340049932603115,-1.6058744455716911,-2.267186400673675,-0.2019163915467184,-0.5616731540237005,1.9212894535385907,0.3540282989261204,1.0327532485259654,-1.2994901363181148,0.9817963779193848,1.7749774665034377,0.9674917089902552,1.8472326162952493,0.7866743817080922,1.4536182597757956,-0.3099375731974615,36
-42.73049739929811,-13.744748457318453,0.6999165248608044,-7.109678144702171,-1.1183481609548531,3.605604803178174,2.181092650720987,-5.917391385827173,1.6646550505887676,0.4373638979666638,-3.700286314769836,0.2863371784914584,-0.1475165910978469,2.149363647945412,2.088176418926793,0.374405322257653,2.5490802931902707,-0.3829332392765501,1.846363781435348,1.1472531020790029,-0.587810737603986,-0.754031299212933,0.5453458757328715,0.4743698891348799,-2.2293454748247723,0.039859824761781,2.2546751749848544,-0.3001712907553773,-0.6545767340596474,0.4921312285043673,2.157056832704765,-1.5137592669498303,-1.355283311631932,-0.1758954740107305,-0.6531590092144933,-1.4803329923793136,0.1650364972561299,-0.0666963970799808,0.4090414265486296,0.1229850236062524,-0.2544485195355164,-0.7293100903038939,-1.6866390404014897,-0.8050393331113704,0.7712877949924138,-0.7237841625962536,0.8196247095302236,0.1946222830259014,0.7916786778793071,1.2551389130189694,0.3680557971492296,0.9247238432367322,1.8707801138737692,0.5346368287517508,-0.6584944447603314,36
