PC_1,PC_2,PC_3,PC_4,PC_5,PC_6,PC_7,PC_8,PC_9,PC_10,PC_11,PC_12,PC_13,PC_14,PC_15,PC_16,PC_17,PC_18,PC_19,PC_20,PC_21,PC_22,PC_23,PC_24,PC_25,PC_26,PC_27,PC_28,PC_29,PC_30,PC_31,PC_32,PC_33,PC_34,PC_35,PC_36,PC_37,PC_38,PC_39,PC_40,PC_41,PC_42,PC_43,PC_44,PC_45,PC_46,PC_47,PC_48,PC_49,PC_50,PC_51,PC_52,PC_53,PC_54,PC_55,id
35.7224241051531,7.122092488746842,1.4556974664723492,-1.7568853470283365,3.622408043943644,1.860577876020579,0.9182661495585938,0.7949352387821006,1.1887189564501714,1.32069089810094,-2.4889166642654525,4.819319077297765,0.9782908562335755,4.257289640425293,2.6281605328219073,2.3925886727041963,0.28164235492575884,1.7993416780840998,0.6944998953652837,0.5918542908400932,-1.7851397269461695,-3.153883510975035,0.10240210814371749,1.8178668342736661,0.09602342647138007,2.6879114652752354,-0.8921981912041018,-2.225919927657433,1.863326438598938,-0.11683490556879106,-0.6843209288829437,2.295546067960955,-1.422662118230301,-0.7469908999820536,1.620354966361135,1.2725466419031517,-0.5605478522090005,-2.5253344734267555,-2.922735150020997,-2.3024304017660704,0.6593323265086021,-0.9317297547599235,0.8699815518653323,0.4138540173781473,-1.246169450776271,-1.4206998818415686,1.5139387502761712,-0.43280103223701777,1.5301555792880464,-1.0288165713704773,1.0540962140464123,0.1268125529562524,1.646396198176481,-2.036435317375343,1.548977004958875,0
36.62580512230255,6.70970379100324,12.87820778336368,2.595567918655675,3.8167784445534743,1.465874942926089,1.3500590809538626,1.6436163875898664,-0.7422763824400274,-2.5665291549483036,-4.550161764012926,4.085379351100781,0.13084112276531895,4.239492853055245,4.709655540444182,1.1339460259191083,2.6514564264987146,0.6074851267435387,-0.7892746030587051,1.1882874991867822,-1.9064494488064239,-1.6834216520988974,0.7449393556877473,4.100573655755345,0.5876692841342047,2.307203551575008,-0.8929507124502336,-2.9037281041334815,0.37606269411397725,-0.05023544607386737,-0.10426974919515544,4.566276274979794,-0.16768511305721662,-0.11423714767237662,1.9493809264921045,0.4903323413652686,-1.9470200453950135,-2.8062913981080158,-3.497325185761929,-1.595730494732951,0.4765644742650068,1.155509741969329,0.30336309220276103,0.2611059338195531,-1.6668114881619704,-2.3541924198400377,1.205649193464646,-1.8426319346264497,1.4987454490711554,-1.0925205946149403,2.542924116757393,0.3364604314715374,2.7299275386567374,-1.2948076840125573,2.2509710215404906,0
28.18366582576573,3.581946337806463,26.412843421228782,8.37956726253048,3.8919614833449407,1.067438792938511,3.086569470456319,2.59403283180861,-1.1683836747753595,-4.217166949291961,-3.2241563628460836,-0.9064237215072899,1.4099944298624079,1.2199297958214292,5.012117126746089,2.613724084631213,6.150728519530543,0.020109458679835848,-2.836029169578226,-0.9523355636777775,-3.8484110515026417,-0.6258146030447244,1.9323614430139193,3.347466416762383,1.957814513781987,1.1261931483859702,-0.3507809555956402,-3.56541762272995,-1.3167862506656818,0.8232405520826089,0.8141379239318337,3.76477439313917,0.4535148388802963,-1.44547193189203,2.058054768100295,1.0409130114489147,-2.4080538761300025,-3.637649060476317,-1.8055704428458759,-0.7056984956370047,-1.3753454878960323,3.2859834648065593,-0.7465171687853546,0.13139915924472856,-1.2895410537528058,-2.1157289020168295,0.7237786268712996,-1.1248522935083742,0.7370625699472453,0.819540972917338,1.8505316162775953,0.3445004443660324,4.032635486126597,-0.4962834449713432,0.3112349478608579,0
-38.62180765890729,-7.748907517541445,11.14297869929461,-7.660463928854292,-1.3080129104172669,1.8737859214447825,0.9823339634590308,1.3604975146968739,-0.09845041903088299,2.439918112845513,5.409957956698663,1.3876999458364025,-4.057676996635309,0.9732706378646251,0.11682686614243461,-3.3587263016112074,-1.1972830970667312,0.4893344201126365,0.40142870077526527,-1.6284267137014063,2.947173054429012,-1.6712979690524497,-0.043047907065682046,0.1844191506137415,2.9374334893319047,-1.7686843059989503,0.12044024797875688,-1.5506324129330538,2.377251165081123,1.9808558410256503,-0.7886632948124297,0.5548012686896536,-0.8025469719317235,-1.1568472984724487,1.2567898247250826,1.2553442667236714,-2.7456321664164123,0.5718711177110555,-0.6685430481309176,0.5164696929370487,0.3302341956918735,-1.9812626821170696,-1.9841918098148381,-1.0444928439370824,2.2552039401826174,2.639292241822882,-0.98382543647344,-2.03399338249132,0.9363230722731426,0.7648227604347696,-0.11843747026061667,-1.0899055757777563,0.10551556344171986,-0.5441205849822247,-0.3965445806358329,0
29.979411922883063,7.233107861511552,-8.026376427938587,-6.569933645294698,3.8238200580886743,1.737747403885,-0.07161213903743813,0.8831634565921452,0.7359078454321362,4.408850866733604,-1.544569809279806,6.768745642404356,-0.6292051094283542,4.131322683371358,2.958540903453832,2.391449027143374,-1.1419677672327633,0.9836829831836794,0.9782989155938149,0.1498004424922801,-1.2680450058965522,-4.852716245723807,-0.35669395940294973,0.7875519139366466,-0.5579361910771989,4.125934888224683,-1.9481508901552045,-0.25833681818054244,1.902574877247187,-0.12176528217596173,-0.9270609613809615,0.7195471703696205,-1.978547980621577,0.8101598688583841,0.21639585713644546,1.955908860536398,0.1296533514147268,-2.6089460107742584,-3.643261746721884,-2.8122922615422135,0.06396017236329492,-0.6565758293037057,0.8632783037817664,0.47691353327113867,-1.0447191744890871,-1.73364386517245,2.0783977778399216,0.2801888926357653,1.7718359492473557,-1.4878514451649743,1.2421881028188093,-0.15007614121359036,0.41266443619731313,-1.8206704760701045,1.1163308971346437,0
14.917610768708675,5.209549467614944,-12.347739952511374,-10.646009761032648,3.4523812082763645,1.8310874187892128,-0.346387088407593,0.08888086566371389,1.751736628881754,6.097723458750689,-0.659608125639229,6.305703160516326,-0.26692562248979107,2.8566124710891017,1.7248549750179243,2.5072990516180576,-1.7202081811733136,0.15860844958606887,2.197054692094742,-0.7208039852194322,-0.7428743218824987,-5.565303205005653,-0.39725228993394096,0.25083809402803053,-0.5288006811856297,4.843326795013385,-2.1496449080529727,0.2576574360635709,1.9552197802119355,-0.18734584371744376,-1.0945713402811976,-0.6982340010170777,-1.7081103497030523,1.4327858654084535,-0.5222477229898308,2.1482352448259654,0.3427801299722821,-2.226832665153471,-3.3024358265462395,-3.08430829088109,-0.21068628038984014,-0.8613117142252871,0.6657956002882941,0.13831060744894796,-0.49063799744296027,-1.4938211339154324,1.4182110599511248,0.6833167766391094,1.5566079688654597,-1.2654981694253469,0.3151139850082087,-0.309787487039564,-0.5000599402582598,-1.658523939612269,0.2754877755696647,0
39.755134490783185,12.319630152299007,7.025093439374773,0.6829390212757891,4.036169848487224,1.7931707998054993,2.033233599086181,2.357237371603128,0.0007485390580473663,-1.0382503663569704,-4.577951853057728,5.3901208471761395,-1.3990985316677098,4.279575406932057,5.304540966677904,1.8812904464916764,0.9475047377681315,0.8552140561896102,-1.1940389514105392,1.4028674681819195,-1.9009501101060506,-2.3925781811253635,-0.3679421145447141,3.123712051762649,0.07250719879497959,2.71097824830098,-1.5016412569181297,-2.0576799543709954,1.3371385508676839,-0.11524388658231768,-0.11454058624976461,3.917033270079913,-1.1472174768459629,0.0019238697653307362,1.725729017708283,1.6170323165911513,-1.668985080863751,-3.177769602500094,-3.6439504166285435,-2.126942498628968,0.5795477820215055,0.1609435759418124,0.8769612624708332,0.051792369779123555,-2.019178784665016,-2.4228954981628217,2.081425857623945,-1.6325272092497944,1.8673391604284744,-1.3270215012864934,2.8738453444419467,0.49136734771006757,2.0649767272417425,-1.9484264933737276,2.3386116585023116,0
35.51659374426778,14.078505559276051,-3.743904135076614,-3.7156940626906394,4.0568367024139205,1.5176850540174254,1.0934098328542534,1.8044316101176407,1.2200736841901594,2.5120624908672755,-2.715436148850799,6.632801141651089,-0.9967337852486194,3.8665751197881884,4.073627387258237,2.6853273729733442,-0.9298475281638153,0.6669917815740899,0.16594719793070592,0.5519935414097383,-1.4015616242661992,-4.047196641079402,-0.7097168617748155,1.371209201489208,-0.26734895637497125,3.6840351715694544,-1.9986106670773376,-1.0594504736738843,2.081170216489758,-0.23564594403074252,-0.5161962677894033,1.6278017449075135,-1.889555841607881,0.5093626995147972,0.932137053564632,2.190211474864019,-0.7082373717841293,-2.9244800147601953,-3.3248931397236934,-2.867623034589698,0.4131729617776803,-0.6558629534860803,1.0572296508664034,0.302697235918841,-1.3186711800052324,-1.8123233844614564,2.3901707727438017,-0.13677989042540037,1.7213937883823829,-1.3622521464135173,2.062025832213304,0.2959818726015643,0.8778098635770941,-2.2136170990355537,1.3086314188016188,0
42.15205683243221,20.132616734442813,1.3457374468561372,-0.7129345136673166,4.306509960088715,1.9475057688988082,1.9297138515090342,2.636707735240203,0.5398833871056917,0.8467326885454994,-4.227658856704217,6.413158305539164,-1.4900950181917791,4.418767819161753,5.240889645400101,2.9016576285967335,-0.46112088384877087,0.7325120581002668,-0.4831350320581157,1.3083946350594964,-1.5886944916407835,-3.379230104835816,-1.0518568921120997,2.4542330997755863,0.4787653116253313,3.2317300404042815,-2.0131887316530603,-1.8612954549438296,2.237013757069208,-0.5365446308751352,-0.17832561215122641,2.6280240275598756,-1.7848763288625562,0.5533945254243503,1.6774657306910459,2.2681663170416417,-1.2951679362070205,-3.229777639728409,-3.4039078141925803,-2.5243247618049742,0.8280496042510084,-0.3410521204202334,1.2186158721769167,0.06938396080258245,-1.9709625195851015,-2.111613599039988,2.5039791028530565,-0.9372418579949792,1.71133216469247,-1.3000658629414794,2.83123725195279,0.6350946128713946,1.5581597326738692,-2.3873977836440092,1.7199607480928238,0
28.25441017952136,16.45413283747859,-7.842334875489251,-6.220078759547032,3.9433508558344474,1.901369586150202,-0.10305633610769108,0.5013334944584271,0.7757966869087567,4.363851879208557,-1.416229916490091,6.000338278096731,0.47522273346335825,4.382122100501293,2.216879825574624,2.961611041767324,-1.4634690868892681,1.3966996170210437,1.9450854776577862,0.22419166564330517,-1.517102799033944,-4.935123514143548,-0.7204173526786578,0.8295472957572733,0.7275200106501751,3.570223180488105,-2.0917268134127074,-1.5889189464315727,2.614837328878188,-0.8254306979095384,-0.6522827395020427,-0.04492936140524538,-1.7627390825224296,0.5477896932358942,0.6310950147426007,2.448619377490659,-0.16647848486394481,-2.479718677915876,-2.3714237582682607,-2.5054025781913065,0.5778369211043772,-1.373515728793931,1.083678248176158,0.06778252139519263,-0.8959845489698408,-1.868985503620403,1.6629215411790372,0.3227324405305836,1.3887313583137881,-0.6261570912279184,0.6221120920675243,0.2306073256481113,1.003800753847765,-2.3247927881160786,0.811987571335352,0
33.59145574182482,18.153067177203997,12.739552219991428,2.7892396615689803,3.651014222872417,2.446887884901408,1.384234063345122,2.093579480872509,-1.0306405428391583,-2.9382649362172857,-5.403721293363004,4.127791408057598,-0.43973721089445245,4.409374887925959,5.275825732607875,1.2423202069730221,1.8570478500328336,0.04513111058165177,-0.25053129207131897,1.6051008329864316,-1.8319676248834753,-1.6268639121947943,-0.04909063526176642,4.236757777207852,1.8328165104967076,2.511505950041672,-1.3191673250025833,-3.3841706722591582,1.193421043709876,-1.199710935722413,0.11766996906289018,3.6753926369722136,-0.19759746572099846,0.6778420749736255,2.212255190654991,0.19643293649476057,-2.2671089529172104,-2.5902511986355914,-3.236970170415902,-1.2508054114934837,0.736850309017799,1.0121415285803101,0.7880147097306754,-0.34364426556338584,-1.691553588136486,-2.339166107812875,1.4901413823546887,-2.016503661397721,1.0765721959275556,-1.0269874822417437,2.6163174160394487,0.3309992097695241,2.4680607336726075,-1.6496300318918318,2.134365510345939,0
28.185987885883304,22.590774538585343,6.753119954053344,-0.14285695384303834,3.362761997710881,2.60162762918198,1.2954542538658558,1.987286113363874,-0.9320565152782815,-1.5201824159307518,-4.911619804538812,5.444210962046582,-1.1338985517472537,4.813698036706179,5.165850865795219,1.1029466878157828,0.2606872035305195,0.03969266645983268,0.2108316752427198,1.906756220110359,-1.2842273783851976,-2.0632116234051354,-1.1531485450779086,3.5915310226987893,2.1969681390024447,2.35397974843445,-1.6585559744565448,-2.5786302954672635,2.2076123882821626,-1.8531977678399223,0.7216200549440084,2.5122544225708157,-0.3559813581908279,1.3387426816829762,1.692379394566232,0.9035427295989972,-1.7004576268475167,-2.6671441014609747,-2.978484976022112,-1.3531365075408066,0.7071586378966642,0.44794899355977635,0.9768593729276971,-0.4615182935640862,-2.032696492021726,-2.0364559816011454,1.5132962964645418,-1.9169195971624682,0.7553696190294478,-1.0139189845106409,2.0993361324044146,0.5560256825272758,1.929379721988773,-2.105475112501721,2.0257337941365345,0
24.49995515897002,20.924870632683174,-4.011825840949284,-4.936334491835013,3.565945454985844,2.0004404251378163,0.492461748548812,0.9690456259716363,0.2655109616420137,2.746846246349258,-2.1636653995247452,5.6672192734580165,0.22386344144216416,4.617842585008964,2.8774674313889856,2.7671023073170105,-1.1622942536118002,1.1138654737460654,1.6823110375126393,0.6504278717369758,-1.620765559832212,-4.227773314834748,-0.971013562373847,1.4484184821048907,1.4835033221689957,2.9197484197965706,-2.086783923354101,-2.1114928397913295,2.6835481897026305,-1.3262425393152453,-0.12447978348443445,0.5677536485933415,-1.2414047574126,0.6554032294972312,0.8107452776961253,2.017019076627921,-0.5898397548937683,-2.408018439441294,-2.1067030139670306,-2.0730874599809614,0.6068850869154123,-0.8697518747129616,1.062843753123133,0.027059476282445743,-1.150863129211001,-1.7082620705475213,1.799888417547094,-0.008187973509594288,0.8474652571157355,-0.617943000856632,1.229539418445178,0.6826896563290988,1.4341619251432602,-2.4420038639654247,0.9949867966930571,0
0.5601029593208287,15.00192809449571,-11.457035870367996,-10.790831116288926,3.8717609906646975,1.0633125476905478,0.4446503928908512,-1.3979849114733105,0.694085392473031,5.3434617295137,-0.2026869711811221,5.478241133909514,-0.3223815632501992,2.848991695298431,1.0306981391720285,3.268272223156289,-2.431770317313356,-0.09475251852812036,1.881417791298194,-1.4451866079742834,-0.7089533709835083,-4.445358162717096,-1.3071533233640285,0.48873295333923983,1.0533401210180933,4.331409509210066,-2.8589929971109633,0.04659275078638603,1.0562264809966058,-2.025818591029811,-0.3342608041730455,-1.5502557759715876,-1.420742652337195,1.959894711172903,-0.7930616393223936,2.3915034186778414,0.16885624565524995,-1.712527261589283,-1.8828040890164541,-3.5526760519270626,-0.6173273272349604,-0.06547845754030993,0.24078092917845234,-0.4654516834749955,-0.7415397333684096,-1.3427911426326002,1.3975891136662577,0.9765058299714628,1.1369945443645617,-0.8938526586579629,0.4496991045387858,-1.112671206045963,0.04745356595847361,-1.5266964821733657,-0.060909685932990155,0
11.404248035996252,19.262176846627966,1.083739861322097,-5.0582624484109795,2.8473365696029886,2.276893658998737,1.1993010761008158,1.3349724023704646,-0.5193208954883982,0.25193323293113445,-3.656423102177438,5.317898896281613,-1.1652430051537928,4.4168468114233415,3.943402491056528,1.0494987596511798,-0.6173598985221045,-0.16574055757663195,0.8408553271226916,1.4284787657276377,-0.7260982418590587,-2.281696788286829,-1.5512413174180248,2.613010977529356,2.095888670230772,1.7921025582358336,-1.763883814440884,-1.5039142628657147,2.344759284418259,-1.8871093237732834,1.3843188167557072,1.3210983319507346,-0.27826136255775946,1.5918601714781393,0.7225930494661018,1.3217917766525944,-0.8057968351132843,-2.1868432473991284,-2.1316963278832004,-1.5340742914311571,0.504272451068514,-0.02475817806995261,0.8855284556372752,-0.3269441889645087,-1.535390182060287,-1.5135021391683636,1.2569972936687124,-1.306466450378295,0.33757855670491693,-0.8169070837358727,1.2631888155847948,0.6971094708034787,1.183811147847293,-2.1139367623761074,1.3640631651178396,0
21.690553340495978,35.91624234258635,9.5939894600978,3.3063212153404025,3.1828898054464108,4.286819161478553,2.3480579346382764,2.505583152602449,0.24737444457066782,-3.311987304639394,-5.333694292066411,2.2319037461745443,-0.009029286496262733,3.1285816578744186,4.736906729912035,3.3469628828466593,0.9990011011846998,-0.2976409844667538,1.557945637694225,0.9230664144281434,-3.1620806426454755,-2.1252630623250486,-1.13046415464304,2.9210069747231393,2.9146260949440093,2.0579603588252047,-1.9780037806876973,-4.552531473015141,2.8445398968664835,-2.756815014664195,-0.07687678721562481,1.4270282519266844,-0.33760398847859036,1.0842176037032372,2.086064508169256,0.22484114859208304,-2.5425815262231426,-1.9544668803037248,-1.1214400201551868,-0.6433251152627476,1.2261667365897146,1.0190129630907805,0.7424439028502561,-1.8341416174521186,-0.8284296682154627,-1.4306111113074116,2.2274075680753778,-1.3745215769285704,-0.17361216739227556,0.13483651648957118,2.390542894400695,0.5877943320355781,2.130031908683855,-2.5232668820181883,1.5266141793107513,0
13.097935952734645,30.43924801213644,21.07988965197683,7.431833123012893,2.0767076594663543,6.501671629966665,1.8884562017277962,3.690535743630286,-0.26648770449081116,-4.580202874022322,-4.44640404595712,-1.9998454038288045,2.5525400961058384,1.2518834832522823,3.851899404494031,3.903638821432625,3.7831455352250973,-0.05246006998411279,1.0964438800477205,-0.24530138333945606,-3.8034020856641035,-0.25015892931014694,1.2533789514108968,3.666823024738342,1.5699833268711065,1.1070938532731875,-1.8035351944014073,-4.857557414768182,1.1066607589859794,-2.2682983609898817,0.12633092918585562,1.1171837354789405,0.27269219865137967,0.28727100867441757,2.219743393188484,0.9681468470321074,-4.521631606863956,-1.8466130003848724,-0.6312965608872582,-0.5763725938521349,0.12520914010076656,2.2245597273267697,0.898337452087616,-1.8941627419804725,-0.788540611491709,-1.1800163886567252,2.009532745397072,-0.3722488588806918,0.20478934781482974,-0.7007930454590867,2.031029805999815,1.143194042809907,3.4690852333216804,-1.3157056916878929,1.0532532224913544,0
-7.844004679552496,9.730098756707047,25.635045211221446,3.914107703040101,2.3628129568781993,5.487777976550979,-1.047950318584683,3.058946214442693,-3.9421468389215404,1.3473078501383773,2.8297613457851387,-2.457218442468371,1.3625863976509531,-3.356219993541503,-0.28655865156663335,1.6430863161447615,2.949224869511891,1.0489177338872822,-4.794578109428581,1.2194108452389605,2.774149029929808,1.69711106424496,4.07681678205516,5.086909164258786,1.2392693771370402,-0.4365820850385925,0.843571243085663,-1.9981878915043683,2.5151556188019493,0.6382185457449354,1.6545752270885832,1.3450600482187438,2.8853527519699687,-3.090055555406392,1.5822153888451211,2.016887210602277,-2.4518927944332582,-0.13789136066952776,-1.2674225521905187,-0.4572212076434437,-3.6718163549216976,2.1045497765322683,-0.9710306466732145,-1.6747141658828324,-0.7963137873323447,-0.12102781300357209,-0.11951772139862082,0.5610119843097098,0.2703650427689241,-0.07796204400680626,1.6376095676105715,-0.8624314180862084,1.0698209154924285,0.4845553995871061,0.12522040076470206,0
8.848948957140324,29.41134749529444,-7.914245964528279,-5.9113394088956825,4.672420936972263,2.1053718872539298,1.245253430924515,-0.6588985265119203,0.3448619700920634,3.019434819674626,-0.8880105544362822,5.800437685775763,-0.4566484549272435,3.939256651095194,2.031824741798875,4.1757594902671595,-2.8857823907674516,0.10191349806879993,1.1370966940820926,-1.4384945946523002,-0.5194009625494344,-3.680909543242544,-1.6427560749094172,1.1416566107917465,2.098226718848825,2.2153314544008174,-3.0469821521400484,-1.4188761246202737,2.1521360307716355,-2.978467486898332,0.5431228680504023,-0.8852784273548973,-1.333328716299616,1.4730454965481898,-0.18158074329346494,2.0905858536744755,-0.42317742386250307,-1.8740761256608245,-1.2220205778871867,-3.084318056164832,0.08139522951209024,-0.22750186004165218,0.09704361757083015,-0.603557989080975,-1.346549532659841,-1.809965964780633,2.6614472902174375,0.5066690902674659,0.43425263477165615,-1.241702874665828,1.528727935540317,-0.7613183835624326,0.9244120500580691,-1.6631133711145398,-0.0022417246172629665,0
2.237901681421096,35.19008513299372,-0.9672507196860984,-0.7846311888964091,3.752977914911865,4.517253784300577,2.152193243572218,0.036129965612978335,0.5042495404480946,-1.047010357882964,-2.6585134054711177,4.080158084520886,-0.7863302809063127,3.862686438049875,3.290609953599831,3.7164906991988325,-1.7876574455863454,-0.145387836359949,1.515048738186977,-1.4361206678002814,-1.4369879553477032,-2.2368337423178635,-1.6451379135038455,2.0979032469706764,3.012642027277317,0.701337892711792,-1.8183467273632055,-2.825442991774337,2.1692013615087107,-3.207447128770926,0.7060742742671627,-0.28094341778413123,-0.8949374212672728,1.1638447737697648,0.5819385207585565,0.28853481207150905,-0.6885195156107125,-1.2854086604200723,-0.8917663645873889,-1.5134223090916532,0.8981682988990367,0.48297486700546266,-0.12612684245642908,-0.814237908813862,-1.0552203747969644,-1.8882002158758606,2.4802517270952182,-1.07025469085636,-0.3962537764436852,-0.727774034165018,1.928432404487873,-0.670826913612471,1.113075623582763,-1.547864494241977,0.8720529420306129,0
-13.26832822229618,23.8445369196311,-11.378562144925862,-7.904916737957156,5.10378524831912,-1.3158922944558946,1.8193723719925534,-3.70540898909256,-1.7718670835857493,4.236100362777727,0.24611148977521574,3.389562549772741,-1.6612743731213377,2.2329599627518144,1.136780345851121,4.991906597872412,-2.766689249754554,-0.4139792774275148,3.6763183081258064,-2.546076747840599,-1.0993994066568828,-4.119288046487586,-0.37729564676280525,-0.8137010679676028,1.646662991734701,2.7255908269791935,-2.5932031910042777,0.709393871872706,0.8538343654556332,-3.8591459559547356,-0.8707854767730716,-1.6766928957569747,-1.2596851825003583,1.9771059915879503,-0.6018865560396521,3.000079411845257,0.6787355990600019,-0.08671966193894362,-0.4804998080921741,-3.125654487290396,0.8250765023330713,-0.8269794846402025,-0.45884341697731285,-1.2392445901881544,-0.9971018305146566,-0.25094094443232656,-0.4964653257328432,0.8480866585245296,0.7132365597455304,-0.3745078324944275,-0.13845225318295654,-0.48292139868782935,-0.28497807350545756,-0.8863112235492927,-0.716177940303106,0
0.09339319817555285,44.31587645017699,7.38824704310474,8.701973333847802,2.263131893770833,9.783034942399297,2.6715109161443924,1.968181867774834,0.620178557788636,-4.545420366255929,-3.1408762405690265,2.859936911734974,1.335984999348038,3.6447164280933513,3.9869296444552056,3.848694379564546,0.3601326069016153,0.15231240364492307,1.995515035677047,-2.3163743400816386,-3.174666614501471,0.30868162885358214,0.0171327364037962,2.20600387062251,1.0564801120267493,-0.015204698747077514,-1.6594078160696342,-3.4671615717632993,1.0182674444411906,-3.2426600196110615,0.01727838443714727,0.9090386162129372,1.0725910635083138,1.5797008261210697,0.6599103731540005,2.068959407643306,-1.987743141988023,-0.3984977089922221,0.2833990405531996,0.26560129973556174,2.0917578098804617,1.667295752356251,1.2449874020628087,-1.107648620094269,-0.5788681268067613,-1.0032917722892223,1.3431393865188246,-1.359715466953484,-0.5447659742418357,-1.179694580329435,2.287564995335756,-0.5332701522653811,2.2783730123336072,-1.9687321679604919,1.524509506236956,0
-9.233611464957283,35.36766714951401,-8.997815267796694,-1.0010530962769215,4.67464965752274,0.9457604602456156,2.591669638368015,-2.176059221971974,-2.254762022869352,1.9100323583244454,-1.3812957528704,4.997134734624272,-1.6347327331555705,3.5257370996654567,3.45855738522322,4.9518351004951695,-3.3560471730564654,0.12913118555430292,2.3237017083920533,-2.69933072418981,-0.7171879411712244,-2.982852973606117,-0.4149233557489439,0.28692781817276525,1.5808802773000574,1.3656877921033188,-2.3807867649946526,-0.35543436356920405,1.2224916688459413,-3.8806975073344856,0.4325135630401697,-0.30154053256469804,-1.0759412674602624,2.496936917485299,-0.2149655157374975,2.5790593057355156,0.14179992152495768,-0.01536301633746879,-0.2751385250548083,-1.971628244325719,1.2687753966612192,-0.13860362911698673,-0.37294863753603796,-0.08872376673655179,-1.6359586257522691,-0.9823372689662646,0.7143232595924679,0.30378792412770583,0.412634174521383,-0.5293154329337524,1.5512903005607799,-0.5859318767822078,0.6591964441718273,-0.7606297214980899,0.6088103199665251,0
-6.617199721571,48.22725716943865,-4.603577678960727,11.893977243556712,4.370186497963943,4.668903349363088,2.809430892639237,1.8445932778022847,-1.3737899503166489,-2.482257800736124,-3.0744662431982,4.676198163006452,-1.5587931899122958,3.4157640477864013,4.7270392279803,6.460892474850745,-2.134055441016811,0.7085155882099663,2.129977191706706,-3.2685793609808016,-1.7466792945781038,-0.1311601710760225,-0.7560883927724416,1.2580708285701903,1.4592689554305158,0.4190253713709308,-2.2915078683242225,-2.8457721097599697,2.3345071758220346,-3.9702529024144075,-0.5340761163018013,-0.3545121220967035,-0.31374244989968864,2.8882962240208405,0.15933359580043097,2.697813229241465,-0.8273909631376803,0.8571088605184305,1.2175013678926494,-1.0532065411376406,2.195131514918963,0.44930343602459893,0.6358226056812712,0.6668301361683768,-1.1331538624514506,-1.0964291388475984,1.1760353167827557,-0.3210175541909244,0.5227014398721435,-0.7101697847613497,2.0559010654960734,0.2396998650466377,1.234849313246146,-0.9764970704049928,0.7436619793797377,0
-15.039057719012042,32.607681167708535,14.756151427709552,10.184331930647636,-1.012768557957163,14.530810925876624,-0.8406439259889692,7.274966353340717,-0.018437786207444892,-4.141757855860516,0.010960671090405619,1.0415729451700546,1.8101592781966986,2.0857791672215127,1.266551653272916,3.56209816757983,1.6900797136064287,0.010694555470968098,-0.9825747532538259,-0.4847817398807709,-1.112360048305225,2.404891287593747,2.089983202695395,2.3886350852752893,-1.057838998731044,-2.7614845065538063,-1.3645569421236992,-2.982466317293427,0.9512063341570203,-1.1383347234704526,1.1946376748002756,0.4154929035152702,2.664056532371393,-1.5250502939632127,2.6153855725713324,0.9695622804688173,-1.8702355421019354,0.11317528938106716,0.06375937543093078,1.0564579087798232,-0.9057546850303684,3.652805233087201,0.1668310610673527,-0.22846143940881244,0.8145821414008657,-0.590510160468061,1.4426316412293905,1.2062336379122474,0.4093844151974597,-1.0980223746159183,0.6351954150594901,-0.0478003424126356,2.6281908064529036,-0.3348392147010133,-0.9558703604600479,0
-18.79288702164704,28.454536468573412,-12.557867031140644,-2.4869037036696295,4.888493064307578,-4.448146933703731,3.2508708826114754,-3.7337476436577908,-2.108208373385803,3.345391679865178,-1.4423423816399386,3.8330364408250226,-3.0210029231378472,1.5318459993254712,2.5094737482402385,5.204954997254348,-3.406666077646377,0.5895974832155576,3.701209227934642,-1.9587175036645859,-1.2199953949287818,-3.4723190594214266,-0.867526639497669,-0.8947378084352636,2.7488777400227606,3.2778922606584775,-1.6713734516743453,0.4324734182089682,1.051911691304772,-3.2479712574136363,-1.144295502424885,-1.700377702100727,-0.0912862508679256,2.735107846875439,-0.26015326380420845,3.1226529772938187,0.2900082866935051,0.795874185622524,0.0904846642260213,-2.3698220014384037,1.3687614505320698,-0.8569692084723636,-0.20304255725376386,-0.9306284433769512,-0.551031828303965,-0.15534721599425513,-0.4611083752052892,0.7948929487562205,0.9296194737161873,0.8319903894995283,0.43424886561782067,-0.26907863167784535,-1.1298227317349065,0.21586008986149055,-0.5154318412052987,0
-18.775035133153825,36.432712532130374,4.082165358697749,14.259065732145404,0.4836396309325646,8.794906163115806,0.680862566050274,8.753297966416717,0.8832149355458038,-4.8582324709153335,-2.1948537126643863,3.1350515321643857,0.41490822805497524,3.594996219708195,2.1563231779642225,6.565732433597808,0.33655168435140775,0.6168241664138391,0.8079676766233438,-1.4479335242425542,-1.30459255829234,2.563156550840188,0.3524497616347796,2.0425945918024873,-1.011262539423673,-1.889532677251531,-2.008180389030355,-3.890678082237374,1.969813314206839,-2.4038343879115285,0.5336851397669337,-1.3532490236262709,0.8384162892322427,0.6501025139769258,0.7630227771292227,1.682133079254498,-1.557054676783545,1.6676812780410206,1.492366473897072,1.2253723532037797,0.6674934776290515,2.1264462778055946,1.0781041698283078,1.0982024903700058,0.5403462976068796,-1.688240661365986,2.0481980961539623,1.022671405986879,-0.5762154237729376,-1.1385241925773772,1.3129933679667465,0.24397360711572974,2.17763945052988,-0.4905596780085922,0.4441993352128933,0
-21.18582487512063,30.86394384873754,-10.17140850803889,4.922993116676046,4.055779865516208,-4.038120855668965,3.4662995698884043,0.5343922266686449,-1.2816879489835324,0.8312158622985666,-2.6836512453040666,3.700270805189657,-2.0854974937369266,1.9955083048483315,2.9256819810252046,5.028181491222695,-2.5513609970563063,0.8234522972218239,2.6150501329574225,-1.9490745511786747,-1.0873200411060395,-1.7322974237761877,-0.8554872092059027,0.2761625727049177,2.4743009721573532,2.3599997052946224,-1.8154449546946014,-1.1738390890920816,2.3951597987171573,-2.96541797712986,-0.061300183723400875,-1.54211723510838,0.20941855176666968,2.9517759215129034,0.13249472304936175,2.222534179026818,-0.2749123157288916,0.9942419962823121,1.3483929633668177,-1.1149709616747518,1.6986504554878352,-0.4073813840936258,0.22402404501713177,0.44990377689903277,-0.6231050349632303,-0.3214593198049189,0.8026545311715577,0.4174056745169486,0.9329819192818319,0.5132734746316042,1.0947631469907866,0.2026784181573642,-0.4594986600688382,-0.1785060012939609,0.3683139614878637,0
-26.996166143809834,27.25609824707648,-5.055124595564142,10.191098550300039,2.8825561383819323,-1.7535712191485155,2.1669054450944154,7.256614148608656,0.7213239770523997,-1.748004609554422,-3.0675922906319686,3.565096749012378,-0.3723271830208722,2.633249532234814,1.9177540264513917,4.967786297013882,-1.166923449589232,1.1510073191691537,1.470479039516357,-0.8467002275614484,-0.20756907327259,0.939818778223412,-0.5376384883307177,1.3592592861630624,0.6986237595428605,0.46165851291006066,-1.6500112078742502,-2.752203399518745,2.3425347977710542,-2.1904737474290936,0.7199043081718688,-1.6444303121605224,-0.2188278485675652,2.775562559684411,-0.05505508775686104,1.347289892460548,-0.4650126359531372,2.0301795610257303,2.4953070270933377,1.0621047650509976,0.724126353114436,0.2367789971258264,0.5485521778261634,1.7046737403079428,0.34661913569456954,-1.0819801462407046,1.8568214205221656,0.6648336066295824,0.15932827043159647,-0.16442063249963274,1.2753183104162993,0.14127445422994814,0.5028260048608665,-0.6379971051982188,0.7751392542053948,0
-32.81094844174222,18.401567957586376,1.368380646058256,9.41807588093176,1.3245926088345232,2.1863825718538163,-0.4205202868087852,13.176912814240083,3.4444508934901577,-2.7416430803726395,-2.315099139430914,3.5085246548676925,0.5881891112365596,4.365527037623425,0.4713471681627512,4.9621221693153235,-0.8932333245569879,-0.060144837786592534,0.28833659370255255,2.0270994808407585,1.0219091845935335,2.1660368257807576,-0.26388374025466044,0.6009377873083195,-1.1762995786037234,-2.0489272522242885,-0.19530940790115764,-3.336888143410147,-0.6364287592341275,-1.9794616853156264,0.15830189711254886,-1.5326199391991187,-1.0876417390927717,0.7370738816781267,-0.18473252592795267,0.49535203855355847,-0.4258715019163177,2.609405838838385,2.3716817834342354,1.8118204175881778,-1.8343654980663247,0.6500691639575548,-0.4078087112108775,2.2331712023180303,1.7648866045985085,-0.6443835765512301,0.2060046786186248,2.397530333522013,-0.11825865549699414,0.7170177481285253,0.12175833775149512,-0.720004767871945,0.9063528913623136,-1.616463821202859,0.816952864640906,0
-35.21312445946593,10.308681526775032,6.666156998762432,2.866648825587177,-2.0534854739024158,6.830114588205706,-1.0090185111961931,10.804891065679376,2.1404325861624907,-1.7395128057669298,-0.7347594457307524,2.441902145901519,-0.8246570806669122,2.8265518484948915,-0.7985492595035898,4.683537114445464,1.054889108160899,-0.8080926573528874,-0.07743653898768033,3.2354028975913462,1.5008966141582818,0.2299905568557965,-0.874297151502249,0.7239196918390585,-1.2105367104624736,-3.9054162710724603,1.125610048500785,-1.7217971868465833,-2.7407241808495364,-1.0587885520722793,-0.15650455243052988,0.5578431807764497,0.5931219263845259,-2.633128360852054,0.33307920317964135,-0.689412899166044,1.3326374604929667,-0.06449241273941116,-0.5485920669888525,1.8063320561707097,-2.132918885786248,0.7186321044593017,0.33110434148736867,-0.6899243173161858,1.0857586214969877,1.8849048367552281,-1.1030530209088203,2.6744183061955606,0.45715523489492754,0.2207797559172115,-0.7915613043811931,-1.3765512373708828,1.387969669311829,-1.8362474593996292,1.4757337142733684,0
-38.836773850085265,-2.9239524632890848,6.210121913477693,-7.322126215885904,-0.5007082205123432,3.309151385649069,-0.180263089525441,3.0514322569693104,1.0848320253011663,1.2586442032010159,0.4352900295975658,0.2940547224718188,-1.102914190572815,0.4923786390314559,-0.05480274891366958,1.2172890051449943,0.89878092796013,-0.8918532725038805,-0.03678751968717225,0.3900713241232716,0.7961506446361896,-1.8884087667588811,-0.20133700187285616,2.006507303992813,0.2730702718914084,-1.4889191683622354,0.970728243295295,-1.200584631047282,0.09594108026300315,1.1534568979222872,0.5296180158551698,1.9855950466987047,0.6172446382677308,-0.11426512595476193,-0.6957585804687819,-0.4464292445945413,1.3625642468625634,-0.8487698446454138,-0.27282059053313673,0.2396919046850803,0.16810351242963517,0.0011293158437103443,-1.4969622207915556,-0.1814079726466263,0.1386210461360678,1.2579370495391033,-1.0483219111382225,-0.585843214913503,0.5739105762726473,0.21777756004669904,-0.555558943446422,-0.5741707708322912,0.05596632417490879,-1.0082301078300793,0.43828596418451926,0
-34.54126814764217,13.38989462632067,-8.005286957145755,1.3394385702588916,3.6837087408992413,-8.483860155358922,2.4224661069887894,3.7673204869719497,1.32552899887846,2.0273592907790583,-2.8500561519573018,1.5978476993021862,0.0672550172864212,2.1840117637648206,1.7059985178034844,0.4288398970311255,-1.560299542588862,0.9957055723711034,0.9863901516349358,-0.4089086226193468,-0.007052570874016339,-0.20674246746053818,-0.38868534259395354,0.14923891939516995,2.2457283606344864,3.0410761441946854,-0.6996315267023137,-0.24976336800471666,1.1098478631699,-1.183562299940996,0.5628996646307949,-1.3820897412383093,0.13108914341883462,1.3948148304290378,0.4649317135101457,1.0433934634860753,-0.5180519672684787,2.1593412543125754,0.8371787094521387,0.33257872749779044,0.5032671737403791,-1.3247225016306357,-0.7249960857551044,0.20818652715902566,-0.5712071734054587,-0.5115264814017934,0.6040975423742063,-0.2277932035833257,0.6286782054706855,0.4257945466835956,1.3867627088328727,0.33614530564431533,-0.5608531000443245,0.16706630791750854,0.4697930680073387,0
-40.25325040929036,4.2838974661337055,-1.4931361273902002,-0.6973771255333306,2.18289949236785,-4.467461950126543,0.7321886299783793,7.915763142243106,3.3083219378702506,0.8497289784307273,-3.516314694353495,0.9791027198278839,1.8062576170801419,2.6695175000740705,-0.07904262061876804,-0.4372666618037412,-0.8234852756910225,0.022882192544374076,-0.24095910055385247,1.1974195476296627,0.4231105317886763,0.18207091860839336,-0.21508461548203953,0.12687001796836433,0.4718762695998552,1.4305108146161745,0.016062630761598855,-1.0509017032360675,-1.4028912998023735,-0.9851957687107619,0.9175902785945287,-0.42419967357164506,-2.0011796379671236,1.0729941891587573,-0.05863771905822375,-0.4138394931848192,0.12829375601076398,1.8435171393632421,0.841744576384249,1.0993783288640304,-1.9287416496491225,-1.440681930995948,-1.994330556014479,0.17739072742747283,0.032916359335979674,-0.9135250448009755,-0.2704338496623671,0.28955777677307404,0.8866402477069727,0.6582653352624444,0.6339087865974687,-0.35659903829586836,-0.09826168391981036,-1.3095578259491376,0.39017650954649274,0
-40.41143230237273,-2.7291169715390886,2.438659010733851,-4.866323247396203,1.4406294818133092,0.11644221802724185,-0.13393118106686475,7.337661584374515,2.8711495605245063,1.0295284951735613,-3.615597832490143,0.9343713103754048,0.8005282125759245,3.855512753325744,-0.1855948156504345,1.3593350015591499,-0.4701249736368408,-1.9532445682694302,0.38801948647550644,1.381792293283618,0.0027714414338844873,-0.44614242242464264,-1.1135651741436374,0.7316565879209886,0.31712453090427123,-0.894820835678849,1.65994466782743,-0.96243678780282,-2.9066404120812095,-1.5687383961181955,-0.4363856854547951,0.9184075289087239,-2.4245054111195055,2.041716048340738,-0.6544916630826345,0.8143320402454183,1.0142751469685927,-0.9066040381600767,0.5717345314205874,-0.44152232832396354,-2.1191435098016864,-1.0531459777622734,-0.8987202306311822,-1.6146921756352675,-0.29251427372276995,-1.5453754089570106,-0.7042005698503331,1.2480401841883006,0.0635417001186111,1.1237374140127092,-0.01920022515251906,-0.48293000066422603,-0.24629056813789274,-1.1729668261035984,0.9801579396534336,0
29.702963526837422,2.0011656189793325,6.3209338643338135,-1.4914290889051471,3.4767059706289563,1.330247768073242,1.935516014396958,1.568205562681413,0.25337890596296075,-0.6252992623743547,-3.5209821542458797,5.088953873448225,-0.9782825616225594,3.9379790939721135,4.342537995602118,1.1025805299090272,1.4141750051898607,1.0841875867333426,-1.0297573045086696,0.9675591959528891,-1.7436021415053058,-2.176839753658897,0.07177196151879649,2.797434148355975,-0.6108095965662544,2.1697828377683184,-1.005391060102983,-1.3211124775922103,0.8184811608619309,0.34252616941715025,0.011391247051008682,3.9438863041423105,-0.8364591654459989,-0.24133104038682102,1.0995607134885315,1.113031018531848,-1.148830008271234,-2.9394877471802547,-3.4418317091121033,-2.122621845675081,0.28216504171983264,0.46524478608568115,0.4425727328335319,0.10060760774993677,-1.4599097155275895,-1.977819230806095,1.7031294275946316,-1.4949548469444713,1.7058458489474446,-1.2949868253795291,2.0930373858688194,0.3006074737364029,1.694522369012734,-1.5350156241758417,2.194572836119092,0
45.18097034510288,3.28520794196683,-4.237472468117432,-2.6979421695441235,4.2291551771086136,1.9204751879710322,1.1066205682653703,1.1995097374489063,2.155057140326485,3.3011039843168186,-1.4762669390834,7.468705172611827,-0.48556642049409543,4.073667417714571,3.4871379740381996,2.4896743316671173,-0.32284492161815537,1.6596526516123133,0.18272917426630192,0.07597778808016864,-1.9654505737562395,-4.393602130485702,-0.05919521605110208,1.1815119435598138,-1.0473558915668477,4.054167988650659,-1.442651643623186,-0.9863758764277747,1.86442127533519,0.4873207474107872,-1.5274423920874163,2.002695465277669,-2.1267892139679034,-0.08423709232157808,0.9517344392636276,1.7467483352051856,-0.21910094956153678,-3.229560005435993,-4.068312572349329,-3.283640196593023,0.10267357328394179,-0.7902533812120472,0.7765497414058415,0.40549176053159713,-1.1871183319261105,-1.7658834861570025,2.2990449583620722,-0.015805869966749483,2.3235133639852745,-1.74223698814013,1.4170761654209532,-0.02845107943798575,0.8645261992002978,-2.2713433005335846,1.6706905571718396,0
40.34041588014855,-1.796995053652395,1.361914691708365,-1.6091325388966389,4.000146721313241,1.4961671452715033,1.978736391897652,1.3635702818359865,1.8287738458851934,1.5786084049481892,-1.8997723266008633,6.488276288713981,-0.4809622932621016,3.9936258792958594,3.6081317255624894,1.7985422358437735,1.022597763856833,1.9061271720020554,-0.4906098153433676,0.24680926125304803,-2.1670965257767874,-3.3731939172595427,0.3631759485233275,1.7892552524400867,-1.2911260737958152,2.9140986503995783,-0.9852652232679289,-1.1824547166127604,1.2805950307387848,0.753117044502538,-1.0348453306261696,3.4042914933174067,-1.4278518387709358,-0.6490568608679839,1.003435560585963,1.1342431535838955,-0.47524084286312557,-3.204560480032678,-3.8737086325830554,-2.9454210793266014,0.014700827124817545,-0.193132229987503,0.5087483494962396,0.39695036847557524,-1.0498619685591566,-1.6340187474510472,2.242885870453697,-0.5104217824954542,2.0441775802028017,-1.6791780499078477,1.6563045087454613,0.20428680264513568,1.1912564453117902,-1.9562215313585045,1.9254079587852508,0
28.941425652923456,-2.373507587915388,-8.000135363837716,-7.031364723701968,3.878913388654215,1.945561785016739,-0.04740247814492072,0.704761378577241,1.192617720652222,4.966021305106275,-0.7336261269880376,7.051753125409246,-0.7000233963372413,4.101631884328639,2.8171173108233596,1.892613519397326,-0.4911656184988465,1.3741922131859832,0.8391015208351748,-0.26328770127316586,-1.400121169006766,-4.921444183092521,0.06823090625373239,0.7139496896832878,-1.2258981270374087,3.8248952946247923,-1.414039348456699,0.18878575250283455,1.5295138509235755,0.3331002847461677,-1.3267699883625659,1.1895302580146165,-1.7693302951125878,0.40114840454973427,-0.10991136773335587,1.1786029074584103,0.5703812941138825,-2.481468430095835,-4.051873097708548,-2.9630851034613466,-0.2302873408370276,-0.6382013105519132,0.5636595678686592,0.3911431116582669,-0.8216974120353229,-1.5814312277103384,1.923545662129642,0.23649606792942074,1.9666777448719985,-1.6935628855427687,0.9975354247503682,-0.41957471168816224,0.254634006654603,-1.7956235288055342,1.185859385940981,0
46.89626325150406,-5.317915769679989,13.39203593590181,4.356578787263699,4.536243751581863,0.5637218706442506,2.1238539835504713,1.6185409518298157,-0.3604574248250602,-1.7968200068225275,-3.8201473587733186,5.41069331632801,-0.02405022324981024,4.4947692320816905,4.923606886159471,0.4979414348071515,3.7003004545541556,1.4136500483299417,-1.3934597413002436,1.018917766047291,-2.4231306048295735,-1.9693645947287668,1.6731700098084803,4.163540101548567,-0.8414268510279143,1.9402330081179382,-0.6566159466727366,-2.204718985211742,-0.10013340584566228,1.0167627415602978,-0.24317085133773966,5.855772850690099,-0.11872848331623395,-0.8434960148378693,1.2970291019991622,0.4909058900924818,-1.5754819396820217,-3.499229386462579,-3.9078552468415615,-2.1445476513313864,0.36727517575160357,2.009847378907189,-0.312449387903607,0.37022628873789054,-1.4583677050613237,-2.199643726710118,1.2481950021079982,-1.6323856591956116,2.0557438610627328,-1.2968945876114744,2.1284184739102243,0.5659348091368569,2.661904440101777,-1.2625351749934979,2.591763685237454,0
48.94090517407691,-11.283472341026952,6.350275733991247,1.9862323582272825,4.647448447838278,0.712161942089392,1.8732719527265878,1.3392212744821956,0.46644451955818755,0.5624977155629663,-2.085438356981658,7.182316394018132,-0.5032607702078806,4.911150230995663,4.453913186428046,0.5921424451158847,2.9753633773852837,2.2637462277036975,-1.0914072804814017,0.5725235160990791,-2.3966329627619953,-2.8877260013050177,1.6269520458963975,3.179146322048031,-1.8405701459887345,2.0275629622592515,-0.9248760515218983,-1.3587471898514778,0.30543767617168543,1.2312721844010268,-0.7087778013634819,5.38536031654925,-0.5236726578825268,-0.8948672292084798,0.6190105896190802,0.3652269739214373,-0.7364486181116446,-3.426324474330046,-4.411884687988558,-2.6966269018398177,0.06849331553002785,1.4857547536549005,-0.1029102608653074,0.3095071103263862,-1.0242882241289333,-1.8404080854236569,2.0065200678818633,-0.9344057339658662,2.298795276587684,-1.7925680327542062,1.935855243288736,0.24836572939938853,1.8135369854289558,-1.4875248233851395,2.496579935549389,0
36.289126148577544,-6.303528404058575,-4.192358841069957,-4.531168300261702,4.2922257322024,1.7103101394691462,0.7262430184696346,0.9226404846914937,1.2476207753765474,4.034864114982047,-0.820112072717759,7.44257223276096,-0.8825167217345619,4.406920639764109,3.3618066723381,1.6370212096918917,0.4236441435420886,2.0062621494648405,0.17833428751956446,-0.10180279429648305,-1.7553496010984155,-4.349856842850283,0.40212279635087284,1.2286031842079417,-1.4601080874627483,3.0546557342573104,-1.0514692758932613,-0.13336632695380085,1.1760640213969697,0.6930665254431086,-1.303772633818876,2.5303469206214397,-1.5747414930160037,-0.13881375437775678,0.20762883220748668,0.7366826237763892,0.4909084895748079,-2.623339300161814,-4.402514678515852,-3.0170389015321963,-0.16052845290525644,-0.33586613510050506,0.502745969629965,0.37724481321117326,-0.9097164233460994,-1.5978367393753727,1.9685424040253252,-0.2353990474910526,2.263093435034016,-1.8699515638448887,1.231625739902308,-0.2957714771705666,0.6627338819445118,-1.855623161407438,1.5830708171069505,0
12.998400555173484,-9.113859858588597,-14.531402639745334,-10.89277646966476,3.7697750999663393,2.8031249916109036,-1.5234171195472852,0.8792097585908616,2.003967927737858,7.248465910554875,2.217387232319366,6.7052357153566335,-1.005941949864151,2.7796418887338676,0.7574690575687131,2.092064328476729,-1.0273015744927885,0.8716524036901846,2.6792510909619924,-1.2236321991750734,-0.6705926716556666,-5.523764779974471,0.44220072750299455,-0.19066515336317605,-1.6885966715958027,5.878321844524335,-1.2680432480250998,2.639785975603956,1.8314222070472845,0.7548278954531245,-0.09576447707111564,-1.141875194071722,-1.4230503414715459,1.5008520850758267,-1.2669341989023135,1.0510871465513303,0.32949576925701246,-1.8013890905534475,-4.368591261963456,-2.6107802536860722,-1.7633394226441648,-0.20261465864484443,0.3932473154491579,0.4738440020751561,-0.33571234789064586,-2.7774928492925812,0.9330543986761335,0.8278313194570761,1.1558427579077457,-1.7224119938423084,-0.8338380329908334,0.01979004984013102,-0.5381493299308454,-1.5228246412808932,0.42456751162948914,0
40.16227012398019,-14.792582240176902,-0.186123748819785,-1.9770337474633208,4.712040544446314,1.1487938724879443,1.5403205068450827,1.1712294954047378,1.2957484171173472,2.783566873189995,-0.5615237009526112,7.828393209097582,-1.0808470797751881,4.681831814247371,3.752552730400922,0.767571131889132,2.0015949235145527,2.508663931224163,-0.36384136351905044,0.05533855845562198,-1.8899082337610282,-3.5999171686018507,1.073935641233727,1.9928597891165258,-1.916420486002665,2.029437904620524,-0.7776923619101426,-0.373886041966835,0.6620214873576961,1.1216283929394486,-0.9194495598737001,4.165867612920951,-0.8197585813851304,-0.7581910167704826,-0.1308606014912091,0.09326215023328298,0.24862984266485924,-2.68561489916048,-4.636926697406361,-2.986976889279305,-0.19671343856658657,0.2332307537600864,0.14861785539785682,0.34393471109752016,-0.6535397326213124,-1.6743933896980399,1.9435558644381006,-0.32552673144818184,2.552211453219417,-1.8135549320962747,1.3220187620076895,-0.15057825724371235,0.9621220223455259,-1.7981085733160722,2.027638623508967,0
36.85995805526133,-28.143920035560672,8.26680424183338,3.4433762970596553,5.055421917042595,-1.919579584074689,3.7524205066675433,1.918105276702264,2.8464385736354174,-0.004671499842769176,0.9309802948574338,6.087466946970382,-0.6574548709204072,3.255829101535864,3.959006711966456,0.28724419349152547,4.769765837038236,3.199581388927934,-1.2780099484297707,-0.7754524467479268,-3.332993271980667,-2.2638092519645867,2.4267768338507083,2.792306481698161,-1.7884443376479433,1.1878262396292742,0.17920221416033763,-0.6077151523300928,-0.37734679610439875,1.6791545226748446,0.09832356927915542,5.555840019975966,0.9383860535557477,-2.0504285240780344,-0.843541771754544,-0.961300490724203,-0.6540167064680795,-2.533926675114099,-3.136716071948306,-1.8899283357180419,0.05957898312505907,1.4447431898103047,-0.8461894126464072,-0.04379746663408089,-0.5223219952948631,-1.4163352456247114,1.5168194596247255,0.10982474884574477,2.591687700050827,-0.3316157778892652,0.865619087860821,0.8527792448130438,1.4514182838685081,-1.3064215933994119,2.613001700879779,0
28.282777570265655,-26.135177820890977,20.423541518156128,7.4997523579891965,4.753093871783792,-4.813274197632563,4.946339731920636,1.0052083208823712,0.42525270337149496,-1.495425996975039,0.33609382035567037,1.8734677118375942,0.3254809136921697,1.4828141689005618,4.474380048439959,0.6470112526750208,6.297018210817236,2.5685731413840247,-4.238398255321304,-0.35193329301665793,-5.188539841147411,-1.892963946593536,3.4339423117047283,2.3485012130306027,-0.46805024654719785,1.620770094413369,1.193891234351097,-1.299510010918066,-1.4036358428593165,0.9412440691316243,0.3246645641899209,5.309836932557901,1.6679031563336835,-1.6655200399605734,2.0255313152653227,-0.7075184752624037,-1.5288734145304101,-4.090280806940279,-0.9873173601589273,0.05786380312472088,-0.38846805317475447,3.7731655107012316,-1.505260939989842,-0.4935058261609789,-2.0947603874641527,-1.713785974076383,0.42815145456803705,-1.4897745749845706,1.8957935634244836,2.168579696899539,2.0959705432484235,1.5195077873713068,2.7104301898400824,-0.4955869251504679,1.8743852660881255,0
-5.6445330724625435,-21.13676872666917,24.84211455594838,4.116397846954954,6.564996528927748,-7.029299998044133,4.043980518895186,-3.480620400992888,-2.8653479272576914,3.225465677486819,3.286572058682527,-0.144540789318735,-1.6694677781705036,-0.029280019603040764,-0.014468252028009207,-0.4125755786324026,2.5344049945662848,1.2214039922774302,-7.425290659723127,0.3138290139940804,1.715695664218853,0.9070356041399685,1.9573831343117174,0.8508644090513114,3.640815492637962,-0.18723384432762513,2.1427158829724404,-3.639214035671992,1.645090462303664,0.5984650283501514,1.2336312203030704,3.2686935670646964,2.506636390577868,-0.5149888732833607,3.1219179406267754,1.677712228646597,-3.185257226465287,-0.32218357263864533,-0.4465374663727119,0.6006061956377668,-2.0232869580852766,0.8214125498028244,-2.654809412026435,-3.154519208061573,-2.1758217002195526,-1.8033580122433446,-2.117632947608858,-0.9032813895720492,-2.219755297523404,1.0771496437533379,0.42506652143946305,-1.721819195385404,1.2092591048845378,-0.9324617655901364,-2.313215394580523,0
28.4760718521397,-24.4031165948813,-10.988981374761531,-5.17986915732517,5.241227622030396,2.3487707907123716,-1.3348631977981684,1.6760680746703507,1.9986853281413675,6.128174721824782,4.134867042094224,8.859221106991807,-1.7065130436179206,3.558226695932351,1.4539165412882868,1.8563365838704302,0.5220803584876992,2.0513844267445207,0.8303878779225119,-1.4742664515681865,-0.9651637767092643,-3.990657250910339,0.7221053497685419,0.884484661547169,-2.622283822893918,4.944860284810485,0.9135428091614329,2.446222849031653,2.035451905137689,1.5926069483158305,0.9054956036971374,0.0356407778756913,-0.9795694509649933,1.4079933660984183,-0.8378575274520257,-0.004438643323787376,0.021470196620658622,-2.3111757252119176,-4.372406983450175,-2.9288222926792162,-1.3887943734913295,-0.4976899463839968,0.44987863970297354,0.6433772441786711,-0.1290914038006026,-2.5014023362060347,0.5424218583755303,1.4568957334511192,1.2565153515512277,-2.42130548149797,-1.0410839618669532,0.11446365937045923,-0.13387981675053087,-2.345187201774067,2.003462197504573,0
31.83703493549643,-39.87247628799936,-3.8023998089636186,1.6642443020926148,6.699993963675873,-1.2827742558208737,1.3875500548913329,2.3112153227653076,2.93552782999565,2.965681136807976,4.404310532211396,9.370215491523274,-1.5976568640820399,4.687893388801881,2.2175482961028594,0.1696730632181394,3.0118847939068814,3.232091953336016,-0.5893050788207257,-2.166696119981035,-1.336693804129015,-1.37513938315705,1.609885777274519,2.3983456641964076,-1.9666387814447017,3.3646866475037482,2.2808502792627183,1.7722371049838914,0.8819081295437654,2.527672327233631,1.579776902626442,2.3704830532897527,-0.5871794020004433,0.5224444753774758,-1.1307272891658888,-0.8087744737241802,-1.1200101614677866,-2.275052200054033,-3.2336593211968303,-2.987054725406784,-0.7346861607878095,-0.4608362226222219,-0.6303445736065322,1.3661093020514963,0.25476629824809177,-1.8270884098746007,0.5159055065224339,1.5875905289041221,1.2494671389436904,-1.5822521664420337,-0.628527634560206,0.1496622824107965,0.5426449189082658,-2.024164332349942,3.401087946212985,0
6.504830678491373,-29.030366710027415,-16.13763406423329,-7.317620944942047,3.7790897343737244,6.361823563085882,-2.748319783868785,4.353705929315797,3.109002394113539,6.530032465276419,4.771248182902499,6.52840189804388,-1.3646078330064642,2.509464121432714,-3.7340163877923205,0.17846149357695643,1.159962838843591,-0.3488069631840833,3.2489558374757395,-3.072648553713897,-0.6837991546305036,-3.60846506612111,2.8292943576308356,0.4134836180172238,-4.190221059573291,6.364238831599137,-0.6454807863326126,3.9028162145320273,0.7897907795958448,2.54799202030863,1.1209981327352427,-2.192066201996103,-3.0133283930405126,2.371534252086063,-2.9437016447714717,-1.1305812293825024,0.6026254397265047,-2.3566294293262766,-2.3565093748322243,-0.12673660669192774,-1.095706793078494,0.20037531968875105,1.6869209239510787,1.4036569726495989,1.635399996562572,-1.9710935649913452,0.8952936500085819,1.4979451139799786,1.075181872919892,-1.7765849521593724,0.6415354902391422,-1.9879812431292827,-0.5511425365006255,-0.10829023825027483,1.5751957358375204,0
23.84790062147612,-48.01548791109235,6.514715431710718,10.523855080772002,7.197452455946365,-6.6244334027414915,4.870371964929691,1.582724856561986,1.283128780684695,-0.29082911991230515,3.7333126373697882,8.0692397742736,-0.9774415273201688,4.118200982162679,2.955989695565587,-0.05328784024763333,4.9912995785896745,4.154365834873882,-2.4746954098744363,-0.9849030464080073,-2.618836021328247,0.4029528686280135,3.205274107814302,2.7159059800523555,-0.3459010538613991,2.710414088026789,3.1469730559554296,1.1273726032380105,-1.69311792930096,1.5705795617083014,0.2968224014882281,2.5115719751733163,1.743338350627259,-0.06272111049249555,1.297196339951323,-2.2407816010145076,-1.2860223750697208,-2.963098614158407,-1.633954440955312,0.3251971733474791,1.0886754630968791,0.8281058691853542,-1.0651121847800658,0.4050170894513485,-0.6973944480146286,-1.0876232117315514,-0.9410717530526342,0.4186849815120463,1.8669364622017155,1.3131690173056965,2.0354600431286083,-0.9582987643474168,2.0370046097421954,-0.06297884562166171,4.001664278884518,0
10.27186320742695,-40.10082353799195,-11.291458876473145,-0.444323299002088,3.1771201399359206,4.090571538183405,-1.2691957404312302,3.4908075063306194,1.3645068749738414,4.838781650886648,4.130165993346813,8.906259397859765,-0.24438368013713535,5.2656905874613305,-1.3501040901047967,-0.11905977556797612,2.165717298378444,1.3800966785919802,1.2362519216753014,-3.187156023347774,-1.2467996737214173,-2.0261380491277543,2.5388267141116585,1.5470505515317137,-3.2176920687273642,4.990626545086878,0.7753046861028017,3.0802040896344844,-0.1741611509242374,1.9087148103052012,1.5796935470532245,-1.5539733873655026,-1.9202339848934462,1.6558570263435828,-0.8743334451176681,-1.4796324416276436,1.3348661185273007,-1.6451923815882867,-2.4286933359514022,-1.2929055532336466,-0.5589321449155655,-0.6394276754135794,0.45981971842621,1.2938461917941555,0.7332050379685942,-0.8083675366063148,0.14008989487153542,1.1713294285818592,1.1381266890155137,-0.8685617607123597,-0.010195337929991222,-1.3252248853936095,0.5510240624887496,-0.9401314931994847,3.5725535310458234,0
9.084801961277938,-47.82834785352752,-5.742022581919889,10.121366679001792,3.9895475482921663,1.021167536480248,2.2443438893653775,0.5820023517981471,0.8801787014862195,0.7696213850001936,2.8892175266952673,9.332248100624492,0.17183733721364064,4.7415742411211745,-1.065659424937485,-0.43830353697189617,3.470488029794617,2.1940693285514064,-0.9741348289946624,-2.7296994269170787,-1.8150300490042721,0.5898697763976929,2.9490921347418486,2.4831767859375002,-2.9684047812530046,3.1803678545401013,2.9195755624139217,2.4926844207918704,-0.5586807192474894,2.995985503152746,0.09180374805025825,0.28847441282834735,-0.26259000916156433,1.0159861781159962,0.3082664768757973,-2.813838709840594,0.7083865011180948,-2.2944348309134077,-1.710105551297138,-1.0476189409721224,0.07715050269091493,-0.22672026688527702,-0.8694548011103997,0.5759266829209829,0.2565405916841925,-0.19040734261906833,-0.11501759236479132,0.6945950788639857,1.0672428166144734,-0.3896739826672277,0.8691123983406618,-1.682648119018378,1.414533737615247,-0.08769887189127877,3.115086758849186,0
4.209172831050696,-40.66348624609044,15.872398911047624,11.834237454354426,7.1029209393854655,-11.721793613316603,7.60446468154267,-4.348616344279616,-1.9586693864732891,-0.3781581333846536,3.371416360197156,5.50657663012642,-3.1166679402362605,3.336098540922586,3.2510229129898294,0.8550527879932003,3.846562560531,1.6592347962619758,-6.102389067350886,1.417729356054788,-0.49750563901233197,1.2610216266840188,2.3425384176130737,0.34482581103567317,3.598677584739741,1.0415593466737985,2.5706698835607455,-1.9689920461316095,-1.729918781108793,0.6728306608968373,0.10802897418024054,3.1751008865617085,3.3958340803736884,0.5037441800717971,4.0456215052447595,-0.7918309124550218,-1.3531889016818883,-1.7307614055002836,0.34735257612205567,1.5404524230014602,-0.2856598155586939,1.8451601512661344,-1.725385032049198,-1.5473557746681958,-0.7545097667231587,-0.39845112301769814,-1.603071308695835,0.39293312457350066,-0.3551111570823857,1.7512061753401946,1.4719571288448985,-3.1017768948269233,2.6646370462091786,0.6004916961655581,0.3797914472039278,0
-8.38764192327532,-32.893965602321295,-13.41847987708497,-3.5837872241029127,0.6804100777093073,9.16312199541537,-2.0087839919026993,3.872375782157065,2.6693409569437447,4.402006529901007,2.7437567555497253,6.665149406444716,0.3742784999365331,2.83322208912404,-3.77380788272092,-1.9120712596495906,1.817496048046858,-0.3834958312038619,2.748402415176712,-4.146905717043783,-0.786725137249005,-0.9706996795517095,2.841589176370935,0.8540299717351283,-5.1975102276274665,4.7308416708612215,-1.233125874275499,3.030241050389127,0.9899852471876399,2.813802310345006,0.2579687608610561,-1.9280796947126275,-2.4408515230815584,1.892981551158651,-2.6947381574695317,-1.889796743298258,1.6823320839743945,-0.9985925962870852,-1.5926636592645937,-0.7582794673623622,-0.9926861161493357,0.3018152042744143,0.4312244965082723,1.1174093473921007,1.4881209873814136,-0.4020312199221843,0.08525250612652928,1.0946064553494497,0.5614934359864855,-0.977167781856231,-0.1547978913172915,-2.536810331490335,-0.08377208583524497,-0.47209647368713836,1.8466444649942635,0
0.8433717815762685,-46.12363630826004,2.3338485296222995,17.033916259458195,3.5011120384995573,-4.124242348493283,7.3751269839122635,-6.167909925900534,-1.193109154879842,-2.0983995669538253,2.852379094105157,8.990008020127904,-1.424336803383062,4.6505700083859765,0.9699450635580695,1.0049925264784516,2.4890792020963954,1.1416334520864406,-3.9620772573147667,-0.9464853221406065,-2.3608088281282025,1.888315050550709,2.026450918526823,1.058640953384711,-0.4297895262615479,1.451876698611339,5.339628850770479,0.7526982233515704,-0.8324195908623617,1.5029737952548619,-1.3286911718342043,1.6834551186164204,1.7931069758167997,0.41018026449644807,2.2448767428536596,-2.981504933530214,1.092653066921965,-1.9234135597148443,-0.966461650299623,-0.1318408570179039,-0.37948787491813424,0.42168991828840724,-2.1798734230501355,-1.0513555398150884,0.08718400108851664,0.28873048573785587,-0.2768287699666439,0.5244252970959649,-0.07228525379752448,0.702112584688897,1.0681195786788982,-2.768860028856174,2.5786156049587947,0.671170467684678,1.4691231981846025,0
-9.66173723765816,-37.504913189761496,-11.542267992022932,4.687812525036662,-0.04555862182196687,8.406095314508695,0.35579601231632924,0.3291279153351924,1.6788002562145885,2.2323620570036127,2.016309631418471,7.494085376351356,0.9989498247429913,3.468532941866433,-2.2046079527244045,-1.8467887278894057,1.9830030070251374,0.6924219076401062,1.278307585232133,-4.208963528346496,-1.2788292255016271,0.5879030135415203,2.247618574396805,1.9340283735042207,-4.484581096791055,3.5421833540685737,0.9958453894797209,3.072559298575807,0.6552428497869401,3.0797994462479283,-0.4458588506964554,-0.3286573712044499,-1.454057455508569,1.6761046063371936,-1.037702042668452,-2.2644318127741503,1.8915860495900914,-1.018826207638281,-1.4648471585176706,-1.651912256661849,-0.7715328534524521,0.2944826268529584,-0.17352964760356057,0.3843186372806335,0.9020961004286941,0.5656046859137662,0.32538551521581277,0.8544521083145854,0.7389903155339306,-0.3801895728113601,0.022600134515373724,-2.2475429099072226,0.7038463975089496,-0.7230439965190261,2.1238670331722065,0
-12.62080208044241,-40.906843996161406,-8.745499863108215,14.347039301547484,-0.20897844081208147,7.546511244133843,4.270264881212957,-7.154434077645103,0.3774066265967993,-0.20686562657710827,1.3298667206859087,8.294632467092189,0.8412678612075127,3.2842368750324686,0.5047933129171779,-0.7400839161401812,1.4406853862927151,0.6128833592749916,-1.3196924904172787,-2.3116878678257797,-1.7774699740326119,1.7151237712569978,1.722613232588685,0.9249456619985075,-3.388842550976909,2.3661338655576714,4.429362343903158,2.2192705225498535,-0.8003332869488313,2.698776276488869,-1.523871215022756,1.0625531924284957,-0.891718899660308,0.916045245291268,0.9452681839940701,-2.615946902390233,1.6143864714765512,0.697505849532713,-0.829187279206623,-1.599873640005778,-1.518006735256247,-0.8169156876098774,-1.6556301128730868,-0.4602537731520831,1.3109380997604847,1.3337794333648874,0.5465811783904884,0.2522000197420855,0.26137997788909234,-0.27030432546989824,0.48065132538895416,-1.7927732593630523,2.8418300915019543,0.22956701426641063,1.5885181741678576,0
-26.273662943670814,-30.694849585520913,-0.662456420417431,10.400074243163724,0.7957068279211025,3.0775716059032003,7.836100278449269,-12.957038526261377,-0.034939373244469316,-1.1774293688157278,-0.7303870247511508,6.370937481062416,-1.2842540148479649,3.604487558134822,2.3062292612964104,2.006393569403986,0.19411752829868295,-1.0731869900002062,-2.3060369601062622,0.7756535698080025,-0.4448707447220007,1.049766390807319,1.064921137411633,-1.5816672804020495,-2.62854010264575,-0.03482059942805242,5.274512154611837,-0.23144179023126438,-3.686599258741203,1.7960810993775629,0.07868179228533505,0.04002636301218027,-1.038453383177787,-0.23083514580899325,1.165720143818924,-1.6841065560878328,1.5275185318240134,2.30025236845094,-0.730988388031848,0.8857873303951276,-1.5439861228356995,-0.9121473444511375,-3.003462331361233,-0.3357338752680928,1.5803271463997062,0.3122799480226967,1.1274988105101846,-1.7511933122040537,-1.0479216769313344,-1.7515404138134691,-0.5332165371541653,-1.4227265078869284,2.584919219339083,2.0001314376900847,-0.5253703700791607,0
-25.733042747413386,-28.52989607610843,7.194632361093597,7.619223386028791,2.4953021526721946,-4.377887900481633,10.180883717020698,-12.55395968175954,-0.22393500359177385,-0.3008303527938024,1.2952777115925136,6.012025055199105,-3.370327738107048,5.606043656229766,0.011542364219254723,2.2779254480870814,0.6742074735809274,-1.3941011895725497,-3.10219250796843,3.3680087897710527,-0.3192848598416991,-0.05653735412944362,-0.1746499117998852,-2.0227183656876764,0.0051679557752231904,-2.0840995632202133,3.658357939038156,-4.495191097234087,-1.779524194028509,0.8003215128553078,0.8832121507776802,-0.5237644300729286,0.48839767180594407,-2.1824458112675935,1.4287441418797824,-0.5997962832744546,1.544278109004302,-0.668325631308735,-0.13498420009066905,4.574358425529775,0.9734852729414032,1.1213700093596406,-2.017483910234899,-0.32140465334868557,1.8390495089058632,0.5065706675636604,-0.06919152439778438,-0.8559694233649895,-2.2812113250199744,-1.4787673141865108,-2.129397251595774,-0.9902534908292348,1.0141054963995446,0.9428465167086949,-1.9389289357568065,0
-33.72274595936068,-17.20946516000659,10.016554954095303,-2.8118455816025354,1.0452008715111927,-3.8561411736500393,6.258992967909043,-5.508017728982649,-1.209411719446414,1.9142929469033747,3.2227613519088827,2.7138555655253644,-2.6600506071060344,2.7298045625407634,-1.6608791598628199,-0.1764036826948213,0.9403634807675453,-2.503023996548675,-1.3193465842412568,3.3004990906224676,0.7182016968652885,-1.3228890063902539,-1.3197683796369324,-0.4062190388259265,2.0647092983754094,-2.5478211797593953,-0.0770633874722296,-5.451918921018456,1.8793583371541007,-0.3581867588265468,0.35243662636754514,0.1884155616927303,-0.12793103298614739,-1.2370507820582364,0.5085151877905056,-0.3547994673180416,-0.9541683707344034,0.049812912711479425,-2.074525976094525,2.8586944982360967,2.1265120187495317,0.11193716502666713,-1.1153921187125204,0.21793543597565004,1.389212260171648,0.9435200327159555,-0.7880768254945895,-0.31691164307616415,-1.2988120984380898,-0.05362968490957048,-1.8382744887099634,0.3237052097698921,0.13583671132861475,0.6036149327548965,-0.8964214513719393,0
-28.398409431403223,-26.943882635276793,-10.2824292496906,2.9445129665346017,-2.296870828482196,13.149095159089505,0.34681925481746484,-5.1047785255015325,1.771092390284336,2.8262164948328863,-0.21212995303475685,2.6223025458133806,2.2767859404403414,1.5768278595115024,1.7697613060356283,-3.7753246436278527,1.1885118866156505,1.2360541255439732,1.9536251457682934,-1.0083817836321893,0.3220312409160346,2.00732739749622,0.6003597505869546,0.28486021425687214,-3.456913493177345,3.9999275486260415,0.4558526996534919,1.4331246358690357,-0.1573004221950534,2.222905909306048,-1.1649034699011778,1.6060433437661361,-1.625815155274914,2.1513724598785986,-0.5234364334413729,-0.43942856300322686,1.958061104263222,0.3421023589978658,0.41526135027771005,-0.9068594010095445,-1.6440778150186783,-0.17459260382847763,0.9091443768739275,0.6039862241108747,2.5707418746548325,0.2426146895228657,0.5853493747647199,0.5888907384564083,1.1086562258955526,2.0510574394275656,0.4100098599687751,-0.4822858323931746,1.6364786558583586,-0.9323607725143604,1.8967794376729976,0
-36.65195662465702,-21.34549494916388,-3.8335711697169668,2.1622346911854873,-1.5807099725820726,9.44175431200141,3.258360634735465,-10.28967454965013,1.3001881457856215,1.7293042582679716,-2.8866138729475974,0.830511446438246,1.2986845855789357,1.340274304190167,3.9652342720409997,-1.564052232595399,0.32405924356141036,0.7685150386663793,1.4457528849627934,2.72039280923037,0.39280705180928976,0.38029946002739545,0.7428483407252678,-0.35261977980152953,-2.609991098162456,1.9127300152773412,2.91940503223523,-0.26665962538234983,-2.7442685727610487,0.8691851605704755,1.1616541015031527,0.905595989878165,-1.8157303694754694,2.0336753575621813,-0.39851984588136324,0.02690193179572705,0.7104849407811632,2.570493006367125,-0.37429574059278087,-0.6833832145745835,-1.708880225733925,-1.2975452027667644,-0.9511243859300516,0.9496274265806703,2.8897821917777002,0.6717720986653373,1.2729227831832424,0.11607553993948855,0.030955182622568654,0.8353896574835471,0.5988913219294791,1.399619336009653,3.1662910531943615,0.28790604326909514,0.9224296040156522,0
-39.85325313681621,-14.861160919690205,2.1943012923101857,-3.7205661449552805,1.5621763233010453,3.1136213558586308,5.356397176117317,-9.389227572195043,1.7410986743069277,1.2195477370586485,-3.0359635558055764,1.517633556761216,-0.9397568670977524,4.232183798912413,1.9932354641083008,0.9012754935258083,3.515566636917533,-1.414796279289016,1.465401028650868,3.0668549936912695,1.3150877669106142,-1.1517716363313926,2.4612671313362475,-0.3486125100298466,-3.762838773084578,-1.413105586072834,3.744983690856951,-0.8237782983136221,-1.2436369749929659,-1.0988828193363385,2.473120343365526,-3.3228392870986623,-2.400660436412527,0.1990476209918106,0.1472286284525525,-1.4685069522631264,2.360785105362068,2.132698722392929,-1.0440792208113066,-0.11447611623584494,-0.536548091690683,-0.4344781256657512,-2.1349781958112817,0.10397998732396706,-0.1965017959644318,-0.9461879010698588,1.5287419124564205,-0.5249179190876206,0.7279516601414716,-0.961224577587719,-1.8079788563845498,2.176732940209914,3.1052975256426536,0.6476712299653334,-0.4676328192513757,0
37.23522029837656,5.582900928423965,-8.320372184926702,3.7587836892195523,-10.938739314656353,-0.7616778003691609,3.969219150298004,1.2492348462639005,-2.8119711957899773,12.29887909833666,-0.542816301822331,-4.599479623248824,2.829953618564047,0.36766621125127985,0.20675153025094445,-4.102066348038196,0.4877935717935798,-0.32681729628526157,0.29109445914246956,-0.5146921043238506,0.03659942122105603,-1.7083632626337426,0.137405124452494,0.7456208163661072,-0.9309086380491471,1.5892331129619663,-2.13550334904055,0.9419444050500911,-1.1846742359523366,-0.3500034728244915,-3.424392172164107,-0.8925369179466587,3.381431472014544,-0.9399490451746504,1.5488264713467292,-1.1574323284964285,-0.4978155639663436,-0.14914903936392643,2.9794863911102194,-1.0042894159721012,-0.006705776544384617,0.47543138686689423,-0.6507424386742763,-0.039747233353285054,0.5639083952557512,0.011988410684845302,0.8152002296492835,-1.829924031900587,0.9755557534665372,0.12096974658754156,-1.179507305830555,-0.2662527079040399,-0.10551365266327435,-2.020167069689966,0.029126813528606545,1
36.858739239347436,6.735084487331589,-0.9973335485214281,7.321473587579632,-14.14307932894598,-2.119581831584937,0.9734448383293363,-0.0326026539519659,-4.224555523006286,13.561253524820204,0.07490236796565253,-1.9586616006800976,3.5691857026330656,-0.39399308301945063,-1.1351177821024245,-3.2411602305815057,-0.2774846445582604,-2.043184290521869,1.3594686092987085,-1.3999410256356817,0.9294820708838704,-2.3978670435841014,0.8802222942270983,1.2239564840437596,0.5077899909616228,1.6756781316745857,-2.2483485937537235,1.374097775085038,-1.023521951910318,-0.12441865211476655,-1.2395502747334664,0.048594166317380984,2.3673363709081103,-0.03574373657190473,0.3171246610532155,-1.4664061600996166,-0.6439468540749658,0.39923578831298073,1.502273437159082,-0.8729954139651142,-0.23634994389925482,0.36272272371329295,-0.701574980350279,0.4628926716669341,0.8809113630647437,0.5521215554875669,-0.05584215687799836,-2.4781192092422417,0.773895511072011,0.0709270233760257,-0.2375078415241095,0.2488320126578559,0.04842089744224722,-2.8460471317228198,-0.9038602702505689,1
25.330721179325536,5.645360178168094,8.510178103540902,9.423520431448043,-16.681919194702843,-3.300155709415605,-1.1141638673319458,-0.7899791126793921,-3.437813732834803,12.50377361447951,0.948575538002766,2.5749522374106544,4.352345349858285,-3.772466872562189,-2.7291145722084926,-1.5076904909361204,-1.2533877426864395,-4.018182015481149,2.9371951649249595,-3.0036543515854004,1.6434776209595297,-4.230551770381558,1.5464753348913327,2.4770122273486765,1.785085507942121,1.6916364783837707,-1.7696293923695334,0.9003039363053451,-0.19980744955608418,-0.19865579303344105,0.24756066081450376,0.33955381210459973,0.5251730051530419,1.3051780650364366,-0.7340305172483473,-0.5396559288162425,-0.8449418827608165,1.3443572601234437,-1.5775498050337176,-0.9069205720458458,-0.428202625942606,1.0029601595044413,-2.022883102821086,0.30353087106323146,1.422364516573904,0.5917245169345441,-0.52807756876213,-1.4960358243493155,1.7522876612445162,0.3230863849836282,0.7514106495239694,0.33881845801793237,0.4044257058138255,-2.827781259826863,-0.605220701867077,1
-36.50983526052191,-2.493180710408936,11.736229722487247,-4.167232261840298,-4.2467906183160045,2.9824754920288794,-0.8949745824410873,1.4047261364074584,-1.676134532909492,3.3338013995999796,7.948124024893873,1.3505216909409214,-3.835168317136838,-1.8773223079523411,-1.416656626791626,-4.885374920330042,-2.3009816626260067,0.051013380397386746,-0.7533426197201255,-0.3160122285685287,4.686058810049193,-2.0841705986180625,0.14518688174886565,-0.15714876284962775,1.7466158953519229,-1.4418622340064713,1.429475150596241,-2.325682556375447,1.6577425720543135,3.4739428751097887,-2.436790032657979,0.9594624481376416,-0.1192209263153553,-0.3332039897211892,-0.7535373159812129,1.410420369429409,0.8626640382506815,-0.07432872037381923,-1.5909979922418789,-0.39837627904971623,0.08507163028554633,-1.828648407711721,-3.7687208254046034,-0.22568148911014527,1.1433217925207462,1.3588805370115333,-0.8779970614574929,-1.1031899418386064,1.3440763437292431,0.8451318927650462,0.4408383426303275,0.13280638193532332,-0.12560754460609783,-1.3356505950912199,-0.31863599064616255,1
31.632869296375244,3.3408292823337717,-15.350106616227999,-0.14700130790302482,-7.752161786586934,1.0006078292883076,5.0742498785404955,0.9312377302748428,-3.6717476761596632,10.388422881861583,-0.2095534547655008,-6.861861227343618,3.2578160064347874,1.9686936281173204,0.234885240403809,-5.6460036159805,0.6079610414728752,1.0834156706066407,0.5728516042747005,0.8415042554262672,-0.22910285265715158,-1.1499280743597637,-0.991216416538566,-0.65329968815162,-1.5361846094638132,1.1789198981857576,-2.1002085535843413,1.2045916046098224,-0.6910399455139513,-0.6361804727463438,-4.06692445612485,-2.785574566919464,4.271939413385119,-1.3361629331124587,0.6808636345213605,-0.3699692429170693,-0.08946932939497523,-2.2504849294886027,2.7438818213186265,-0.6692156531828768,-0.6031968808382369,0.48289587935984646,0.025309881246203488,0.5208803951493615,-0.03497131364728313,-0.48642020078666737,1.0855382538666372,-1.7746298390065958,0.053228235535571836,1.4170924960577223,-1.5332560521783398,-0.778437215869848,-0.8895578996351935,-1.4150909417048463,-0.08856809140591042,1
17.060053108872545,0.6059353374759268,-17.786354349944773,-5.084717150956551,-4.20536112708084,2.1933846130277654,5.143513472690802,0.8764831151300284,-3.3181351255372125,8.337893628441988,-0.19486980965678707,-7.519438082095145,2.4603300774706995,2.6651778524950696,0.3185905019801188,-5.548243951445075,1.0338905851444007,1.916889803871399,0.5678366860832783,1.3041418612964213,-0.6075484622342111,-1.303105412327566,-1.4675187283127604,-1.4780022837978741,-1.7531983380058205,1.1719551224571667,-2.0863469819225475,1.3099868943931032,-0.5143643934941333,-0.6772826484834754,-4.123431739830086,-3.2659281557704225,4.34806473902812,-1.5299912982442136,-0.04846549992319492,0.08046824649901127,0.43757220484958437,-2.838306907439315,2.2618373591308147,-0.5892495539052138,-0.9159582547408429,0.36874806008799266,0.2612476987455204,0.38175763959268183,-0.3903330124735031,-1.072430762470017,1.2942980296024729,-0.8580972343082348,-0.40800875745311865,1.641805097819871,-1.6411878043602908,-0.672494067192136,-1.518595353965767,-0.9356584928860152,-0.008021829932987574,1
41.108789573831274,10.339793718741866,-4.945931313335139,6.329806729629794,-13.11468005857311,-0.7665638717330846,4.327362312174255,0.3449589389950317,-2.8205948363522664,13.02836518669114,-0.5529021818168863,-3.4056173377896366,4.088661992610119,-0.3263830715540899,-1.1304346646716272,-4.286132737686575,-0.2752660540437501,-1.3149016716289708,1.60157350378291,-0.9716003889793859,1.1514144474449723,-2.2870842432690637,0.578865134212124,1.2266933864999856,0.49638661059772304,1.9653823944227118,-2.079685509267395,0.7669569547659707,-1.523821468211757,-0.9891216798170381,-2.2171169731728093,-1.1491565820744,4.3003432306033735,-0.549293905628453,1.2255779495197887,-1.479736537605181,-1.120412725827601,-0.34188549012955427,1.9427131467218688,-0.6682695758800266,-0.08280722757515839,-0.06122274201674782,-0.8669894696791315,0.5397786819765928,1.0612785686688726,-0.1869255360779344,-0.20902430784955545,-3.0729396208063253,0.32746464254256585,0.7876965877357018,-0.6233315381669685,-0.07592951672506429,0.05607623980010855,-2.741558335568053,-0.8679792711669329,1
38.7880723988348,10.116058808846244,-12.690994839108667,2.6432842060728876,-9.619039425541864,0.2165924733460978,5.286800283728486,0.6918534271794556,-3.0655887767839203,11.834783063712338,-0.5566154744821573,-5.959486177174452,3.6296363396999545,1.322070200791957,-0.3349967045020668,-5.494658614659118,0.3266353207601123,0.4309708525085671,0.9062963561492612,0.6237845224217898,0.4796091695830716,-1.6575598855058498,-0.3127368517014379,0.11176342032279797,-0.20161511040993127,1.7706480234223834,-2.2777968119147576,1.3762928032255164,-1.118620665560304,-0.9153089322506781,-3.4561901801905006,-2.6323618961800634,4.805322443696957,-1.2748059070047093,1.0366594459409106,-0.8130296771702962,-0.6390586078562185,-1.459423715036563,2.6196532973949416,-0.6085337124343109,-0.4682276834150332,0.008658243766569505,-0.25758566117525566,0.2609643232723061,0.31472725926705486,-0.6008073938334196,0.8549694877296818,-2.603924636514481,-0.13308852843922647,1.3567517655442698,-1.2799011981107926,-0.5077973780148768,-0.6072039482176745,-2.099648313665199,-0.3475900597304279,1
44.184106431481275,16.257191322182578,-9.45320310616408,5.563072617011417,-11.732470716020293,-0.47590123256607175,5.303612359507621,0.6350402910386211,-2.861638023968929,13.300515728768744,-0.7135689554138385,-4.828114908154432,3.8139563910678502,0.6682515898859804,-0.6802428521309463,-5.036910573722713,0.009646178542385933,-0.18662476365630032,1.1577258731718163,0.09406423414025866,0.8206812783913874,-2.192387874670927,0.4513041666701143,1.043924664371597,0.9949033928231483,2.2310644298441247,-2.3076430709941773,1.440950377571143,-1.354195534995018,-1.160823187966726,-2.863082413515231,-2.3969425839814984,4.931835812141147,-1.3217101563587155,1.331423709206805,-1.4095321465668351,-1.2342037201600622,-0.747172845359778,2.3876585444533656,-0.29886135732741825,-0.22547774774034138,-0.19102049592578654,-0.5572248088126883,-0.1088572508671215,0.48110278452651095,-0.4837081243995201,0.6276968324250471,-3.166772423217537,-0.19275511489001546,1.0922066027377733,-0.9772724377945174,-0.026255882391071808,-0.17463779761445422,-2.674116747375086,-0.6151987161939211,1
32.100397789828634,12.25628305034393,-15.711689890446996,-0.10546441259398069,-7.562003271296109,-0.12560239596704936,5.347001861530806,1.9565817420661233,-3.1672840319007762,11.342096643307254,-0.8312820893736013,-7.036221879906303,2.2806117085860316,1.684084026651649,0.7710204016275496,-4.901904423435766,1.134138865253748,1.4021408565200673,-0.25757170320128403,1.397914844385723,-0.568760850179021,-1.5845476134761212,-0.41828980481603834,0.12833352401970638,-0.13655460424486718,2.1980705705736194,-1.8694924354699844,1.8101488533405612,-0.8492685115253371,-0.6990258266047055,-4.1241511352365885,-3.3703383398105045,3.949413400541453,-1.9532034798032156,1.4885175768327703,-1.0845392169987909,-0.6551006593183093,-1.0446261955678182,3.3035802048155207,-0.4438158812021391,-0.21847706503034445,0.058916634086712105,-0.062489122281226175,-0.9968837860873843,-0.07972129755683852,-0.3534376545893631,1.9060847573996538,-1.1070515614172396,-0.17468041821174246,0.4598269306514654,-1.3958190172139744,-0.23801073978453602,-0.7572273629902607,-1.429075419825969,0.47993325778936013,1
33.80422744516065,16.489422156877925,-0.9201262699442826,6.751273222303719,-13.757054272604547,-2.005544561536176,1.610714761814914,0.3177722676688252,-3.7128575129227652,13.742862542704707,-0.7037645734019704,-1.8989261989289032,3.108554766690592,-0.4139120649936246,-1.0213067313000268,-2.7225117320077605,0.22132897351855776,-1.5429036748513618,0.8163908962682226,-0.9615181918310891,0.8695528172797307,-2.857666452578737,1.419880396551637,1.9232889347909643,2.206920185665936,2.457688285184423,-2.268655005667681,2.016747114116672,-1.0465203318244929,-0.65850965435879,-0.9929454667254157,-0.6605037628964648,2.551943920036869,-0.5773593077794567,0.7521978843718125,-1.9413019017449582,-1.2932548703930602,1.015524812135997,1.2913056671242025,-0.3067223735747974,0.006076713038013692,-0.01396087533340048,-0.6952688788944185,-0.673009293652255,0.4492227904485048,0.2936095065469275,0.41042387316982165,-2.4224859765371893,0.18913526526557392,-0.2516618936221186,-0.11758515213750459,1.0254882322933159,0.1859166330092044,-2.947696681405129,-0.7448878451409308,1
30.362558727582247,20.099657180001447,-4.291921665947946,4.647830153750887,-11.847118623666791,-1.5964970888058154,3.00534626902899,0.8758528850295643,-3.048613768393009,12.683776887974098,-1.2971125305556876,-3.141165178861733,2.692393130491189,0.19109626918580722,-0.46250355551733957,-2.8141569562493913,0.7214769354250031,-0.5522871199867803,0.3314353634369911,-0.3239683770167233,0.5202259817111138,-2.6696530305144797,1.2905120006358248,1.9390747343891848,2.4713463718287696,2.6149711882055025,-2.089819068574454,2.137880402281706,-0.9634349362039208,-0.995399432575524,-1.2724521467693828,-1.3961651659060126,3.2687468410959455,-1.204923755549694,1.2177563200184847,-2.0520996501057103,-1.4293367637569439,0.6805800209949797,1.7754236189501076,0.06201157375317405,0.25680659298361364,-0.17030303344684372,-0.4897802715852643,-1.306847864370848,0.20704458833048328,-0.02068871522633498,0.9420846581688687,-2.323830361310103,-0.2861539290817438,-0.2630824546097624,-0.5338337651439197,1.1369075678044305,0.0055310000821252175,-2.508693827379409,-0.4184177228491368,1
-9.471755267889728,4.332350362881617,-4.580620541359331,-6.878936955137318,-4.784137828376861,0.013314430235828142,2.931043730765323,0.6721543186174226,-1.16037636671394,5.375412904002853,-1.8944191598120927,-3.523625702274634,1.4408959225723477,0.9267977683667596,0.06740412159198829,-1.965582004437608,1.1966891449988053,0.2221550763207968,0.5064970306324629,0.1558630118746889,-0.18504834533656794,-1.4336162641198944,-0.20787270539271183,0.969378229765089,0.766142198757356,1.0943252057661073,-1.0728852006199434,1.0167221670391797,-0.2795932193766544,-0.6945537510514448,-0.6101594589709598,-1.2540171686911268,2.4294086671313933,-0.8327979711276523,0.5139573928387485,-1.1068858063425853,-0.5225944432486985,-0.3997203234054782,1.3678527561567633,-0.3113467583491602,0.2988242540492228,0.2057868515812237,-0.26912759848447665,-0.7388156021295293,0.1696420233000414,-0.35013635027962353,0.7432890210384512,-0.8667980820489741,-0.4889222321701991,0.3650041257179826,-0.8181012967014804,0.19852404400491752,-0.4750787879889227,-0.6944755653528817,0.20506333123699028,1
5.098201459135825,10.476327853297638,-16.797523636065865,-6.92705390292071,-2.084080030293059,1.0730653140875295,5.745902712796454,0.33062736574969614,-2.7239878152589374,6.998827978740085,0.099442944482138,-6.324752785625955,1.700115390119369,3.053735458657256,-0.22127213444528354,-5.036207981878682,0.7717310273940134,2.3012419497496412,-0.2518819385053132,1.6190644903743168,-0.6771969769209308,-1.0573659770572752,-1.3033902972704476,-0.3615381913460581,1.11441904016418,1.4554124538762232,-2.008168363304306,1.9881124946712212,-1.0359440644202529,-1.2307494310487332,-2.6939898099310082,-4.191485645246602,3.8383939232893725,-2.2360051747579233,-0.7376119712706753,-0.2902409071296699,-0.2515389709008513,-2.7230373566495607,1.6230487442759178,-0.06410780979432662,-1.4152712078537086,0.08624132875964113,0.23314878724730057,-0.6297487119156565,-0.31958615102093574,-1.1309988545766605,2.0772152916826156,-0.8857821689326678,-1.4515925452761338,1.1622179520339213,-1.090160080149483,-0.33077431099920857,-1.2822538223071502,-1.1029695738725853,-0.08490333113658788,1
49.80905998950374,26.58792146030538,-14.96589656588984,6.949594844790414,-10.88799203172635,-2.0804595938799624,5.353873707817985,3.283795677930381,-3.588307114344475,13.92997615252532,-0.03645042444751299,-4.912324760179127,2.030622087389795,1.8183789599938414,0.23865005310143084,-4.258892272216928,0.7303166100089459,0.5247445065902424,0.47795302626159125,1.9555933124199354,0.7408537257501918,-1.9645938917620667,0.741346564087925,1.104831235987547,3.364606736479304,2.892244494133525,-1.9401291942475625,2.609250359011175,-0.7164216562423997,-1.2760768212341997,-2.852891338822709,-3.4417377725056095,4.071139002882974,-2.267298635545473,1.4597792931874638,-1.1150968539428439,-2.10552215870235,-0.2843151652723119,2.960209236278168,0.27951441999010995,0.5584502595906838,-0.8098098303028063,-0.44986244894363037,-1.2017445020788138,0.4946740420752562,0.17545048162076393,1.9410376946102237,-1.107322978208134,-0.7662559064746237,0.0020558181278660867,-0.8288802689867824,0.4288767626527685,-0.33092138878821525,-2.2274201245068936,0.3288586956824885,1
26.649529896007714,32.349421076664434,-2.510556103836185,6.9424613263126025,-12.147239170638672,-1.18077764464842,3.5985437746859237,0.40360380765613224,-1.5875718261904106,12.18562326259972,-0.1809679683204616,-0.9672471105712882,2.831938021862374,-0.9226064972063637,-1.9467202173809104,-2.6659310652484667,0.11019881284465491,-0.5245280940998521,1.6441001622110587,-0.24703354333292926,1.126130304728129,-2.8827237580117413,1.984172852459074,3.046477140524168,5.196345145042692,3.000166068205685,-2.1496074456454513,3.175916123452985,-1.0683687558373223,-2.290773369415137,0.5331324524979671,-2.3095602757341926,4.151828069177084,-0.9592898123152038,0.7749532201099757,-2.663395004652326,-2.07850494599989,1.009620509902833,0.1472193500322972,1.0315793115995686,0.6243004498344152,-0.31276776676394585,-0.6548032981453294,-1.917846994220781,0.5876159252422793,-0.033341430003995066,0.8854792572532677,-3.0430645530307365,-1.2892892204524586,0.8448411152004149,-0.38981948416878376,1.6660118570454276,0.25460775638171607,-3.638462810581358,-0.9866495699066881,1
16.98433053072999,29.331062927870903,6.350319343408315,8.664091098360966,-15.217634257741109,-1.3590330417068943,-0.18384551308423866,-0.028111788301927766,-1.3427509784365577,11.71984777144114,0.14488721542672503,2.190313352947526,3.1737300210764756,-3.3525941069179463,-3.0004011460259385,-1.0111402118706587,-0.19341195946025544,-1.379384022284463,2.084394612635945,-0.6974175239056486,1.8302674146050242,-4.07653638116298,2.973045407764499,4.06783623022404,5.800994585944163,3.4806713023917357,-1.4839208078789214,3.0984026965860885,-1.5850829643053448,-2.179902804733174,1.7113394957802703,-1.4599471780319377,1.950015471559478,0.12576866507469173,0.38889971855283945,-1.6175830342551913,-1.3857705614918692,1.744595629508164,-1.4732964986650066,0.11982681832579407,0.4961518044299654,0.4161542772874099,-1.449128311922567,-1.571671045414018,1.1450305808110963,0.7534434644832347,0.2817797115389467,-2.03890312743254,0.11918702703455723,0.09103605715104891,0.15574087801576855,2.2456451431741105,0.9697881734749613,-2.7708558142792117,-1.4799891015241706,1
-4.958386045447326,13.611739247950387,15.799305768956241,7.867952527442441,-12.161795430506668,-0.5398335066958898,-3.7438243678619414,-0.39151165122414655,-1.253008866699502,7.18553526822715,2.8201719698852954,2.43138677948007,-0.5582406239432922,-6.442532289400765,-5.506349955409831,-1.559448165826546,-1.7200114147265644,-0.16836006436886128,2.5872856937083593,0.7495743491718575,1.9886067205855424,-4.5718939473640114,3.233820244478826,3.8249096395434186,3.674866588570109,3.4997491804601046,-0.21537731770195845,1.1148020570590944,0.0655554598527818,-1.4657014067560161,-0.7508027099010138,-0.24129446511850794,2.090343178131267,1.3683383252537087,-0.5671669639606189,0.9133643481961945,0.32010187673561546,2.2705018132255246,-2.0432544208673353,-2.0923131039434324,-1.873337202975541,1.0535409411370622,-3.3688877979063214,0.3874250121328934,1.331773475486565,1.1130130763872457,-0.912510925673477,-0.5776235013857495,2.2281895191296406,-1.267487427416303,0.456857492356955,0.9765747944273797,1.7961864990954477,-0.6450132266761603,-1.25867478096177,1
13.987229767516247,24.115634621698668,-14.679397954928914,-1.6151455541705786,-4.529827381320274,-0.3469056383321935,6.346494767106721,0.39493345260627793,-1.8698807452519028,8.621708212390358,0.5608888772970319,-4.402728618528284,1.6409531427786797,2.4163457879472237,-0.6614730396110157,-4.743999222334247,0.4104440198256496,1.7746320986116255,0.14399339403810926,1.197927899268515,0.034655823217742944,-1.3844243065260171,-0.24121108363967259,1.3328946781943103,3.8795782198545687,1.4511131540557303,-1.9947853279678236,2.939427450675994,-1.4313084740862307,-1.6938649274372082,-1.1432384935811488,-4.260872792338033,4.5208599154510605,-2.622611974163087,-0.44483318404852096,-1.4197631297136697,-0.8930005696344054,-1.6728512759530183,1.0681996691691813,0.4913544570363958,-0.9705434390530526,-0.669807079710927,-0.007301490340836348,-1.1704845070837098,0.10123233585762628,-1.1668190902505786,2.599806576754167,-2.393584866434587,-2.0298163006035463,0.9194427560783435,-0.7751521870434603,-0.05145978994341499,-0.9213109372290773,-2.199155963925219,-0.3236220443072274,1
6.943189535157207,31.013028196588717,-8.081559936323108,1.7532232363081839,-6.414066505699991,-0.9430059920641056,5.146518573152029,0.17728771985080302,-0.49560120760994897,8.172486729717809,0.6820659983550545,-1.1952573865675822,1.104881427217026,0.9897915412828556,-1.090378052757018,-2.5612982210753508,0.10527747462053165,0.9273464498621676,0.8467988610348199,-0.24995857616090572,0.5719472523915926,-1.806347704921058,0.9654996407011467,2.6897374713160445,5.49633432898055,1.5482542938105213,-1.6079890619124244,3.6089932881619844,-1.5058901660401416,-2.0872559658929406,0.8716131297237109,-3.06765161427279,4.234628268423691,-1.990686665720417,-0.2877105726662477,-2.4585867956410854,-0.8650942881998753,0.1809975077411136,-0.15607129410083684,1.0307433537552677,0.24419846835281225,-0.8441432139831763,-0.23206318619233715,-1.5804541524845181,0.5859686770481227,-1.0339445029668262,2.058951612270839,-2.8420251866296895,-1.8784067781420544,0.5082683679138303,-0.3264263731265302,0.5869058802677363,-0.3569089894362877,-2.60183066641078,-0.4013059379540921,1
-10.442285121973612,18.565540381889985,-15.061302563031639,-6.159411763238438,1.5121909302996868,-1.377996426534955,5.995424333186087,-0.713630483698415,-3.869825430795914,4.514563138775559,1.9530900434278624,-5.2220182865355165,0.3487945095476181,3.1743425821938103,-0.026306732361582045,-2.720788102000859,0.3755074882777961,3.12262042545254,-0.6433539087017972,-0.3124893353077575,-1.1780169584130136,0.21416585846469657,0.21413040096297584,-0.13187753668099952,2.4435562648273566,2.200803422152539,-2.582698118755614,4.317638839712154,-1.9766737463283632,-2.5302068966580715,-2.3110467818752065,-3.401788422374342,2.3284945343351335,-3.3995043909750136,-1.5461812289967511,-0.26248181345044314,-1.0430109286895035,-2.260055651864197,-0.17992450868939092,-0.7818145392292037,-1.1771016535432377,-0.9538497005821981,-0.4739418397281889,-1.268874593628614,-1.553595228227425,-0.3682700943940668,1.6151754191888932,0.22300616166059245,-0.9312843307828326,-0.16649568876092322,-0.7475725682143447,0.6811699428466758,-0.9344481742720013,-0.34774177605703155,0.1315718029670951,1
5.535460671000099,42.88630074015242,-1.3087167771203885,9.104713578839364,-10.307677806908208,0.416220521371088,3.5058601827181946,0.014172252490821049,0.8159153175186825,9.416940120736635,1.4224091352375876,2.9015603039204754,0.8778261110545361,-1.2353134047924763,-1.8516776957801588,-0.4402690083020279,-0.3639827425023176,0.8979562195801286,2.1562408041220023,-0.4271327747623065,1.6914183844289103,-1.4802763031263975,2.728714906669317,3.352325753696505,6.830535530609253,3.4189117398413913,-1.1899045299232451,5.271535876357229,-2.7718257432079993,-2.399625771843718,2.23772486821244,-1.4971924499725093,3.6891784158164116,-0.9241299800915739,-0.15407986046311867,-1.8033064390923697,0.3293615778933634,2.288956651865422,-1.711317086869789,2.4522098394494467,1.7100552218508178,-0.268650098003872,0.25534098522784276,-2.213780558862997,1.3269228357816283,-0.2937141279841293,0.8107575389324474,-2.5555850615570295,-0.9188333431174477,0.45463635977113426,0.3073384317731577,0.9068959977629057,1.1185399179602942,-3.20022178353353,-0.7914706098448123,1
-6.5755479910223205,32.04031354727049,-13.487624805299108,-0.3847638324395444,-0.38780991176026064,-2.4486488812097376,6.482649363770419,-0.40320129083053785,-1.9794366810904003,5.662646488630912,2.0087938501816485,-2.200351324642054,-0.6898484341259159,2.0705442970285595,0.2459226992764225,-2.0080739546334776,-0.27598279974482887,2.8457926038273884,-0.23184216402769423,-1.0920487265971737,0.8541181603631312,0.5182800940919431,1.0645875588236153,1.2502595339411067,4.627003979244491,1.7707092590001567,-2.3037518808165367,5.865351119499525,-2.3616699884246612,-2.59303136142002,-0.416082779649586,-3.1834927200691663,2.773441753879374,-3.442838805979935,-0.5817106228239296,-1.0198822594123023,-1.0911703460018054,-0.4610442690456282,-1.5153509090892143,-0.06495330777196964,-0.752965693347264,-2.1887062779219835,-0.44702358046952784,-1.219654793739903,-1.685473780573519,-0.9308274547651723,2.146566959095277,-0.8022771005711864,-1.2130028464180456,-0.1571612151033085,0.08485664282535084,0.914803399799886,-0.5604837504803873,-0.6262522091788425,-0.41734831026441677,1
-4.409427248971606,47.95784782288714,-10.356603689169157,10.387024812074412,-3.817554347686462,-3.231062228249784,6.035869989490075,1.1127784429508,1.0669686450164604,7.193723995103738,2.225323210845776,2.144317055102076,-2.033643377092042,0.4990493129855181,0.6732020394131971,0.7849459103888935,-0.52187354246381,3.305450087211459,1.8254876938584916,-1.2726653574923599,2.740865449823634,1.4132958905053108,1.7403194287873356,2.357884841936633,6.9121930543274015,4.138903797026306,-2.2467664627945467,7.413008888625645,-2.982043363170924,-3.10971096150934,0.6208744037087944,-2.363719326727218,2.7595230354850493,-2.4572587733480886,-0.3136914981704739,-0.4207228477229762,0.4957306296529792,1.9451969497412718,-2.6358749629778004,1.8058599541102143,0.4182171365264696,-2.704915497695293,0.5290617531329933,-1.577941323757271,-0.4245181857799019,-1.2055765023907459,1.600267290491924,-1.0272073044241794,-0.4551430866057848,0.42925062310836615,0.7018845843989189,0.5928507366161444,1.0477233357428881,-1.5931162113867947,-0.5253416032668633,1
-11.445797281085461,33.78907573629504,8.360590990583301,10.235672103302806,-11.033057133782863,2.5362159761166576,-1.6216206541722948,1.9322895238585907,1.3005555544915874,6.648866040828378,3.1972828062105267,4.005010004483909,-0.2653151911298929,-4.288529581599632,-4.506526567890693,0.8716125666083742,1.7957110079412921,1.6038187295688169,2.8035984671594116,0.949718386749045,2.894880454871924,-1.4890743033723324,3.1242902108770467,2.0509237196884365,6.9558730950324845,4.883430282629331,-0.19272830863806154,3.923820461676575,-1.7718887470602493,-2.597917885314351,1.8756150923827024,-0.2735736886723261,2.3731911990291716,-0.12903061019433174,0.21567599834925166,1.9354071020309773,2.2076678399131233,2.9012522097920224,-1.3284057008273131,0.3849617404283004,1.5504565434772424,1.766370322244987,-1.3486523104517485,-1.2143492456214133,1.9568131477997428,0.9846233980983992,-0.8572702925518769,-1.0371337258717417,0.8349136906860578,-0.5679531373097179,0.027878454463813047,0.19246762923323088,2.5283489255990816,-0.7934805711406632,-1.9668712466730245,1
-19.59127799139166,25.38095607362891,-13.313383643774579,-3.579527557221475,3.379930734956699,-5.87626606221639,7.513576611274841,-1.7448645628362998,-1.8980413322576337,3.348936683150997,0.9840277466463612,-3.8918425062582536,-1.4771614158969744,2.15214120223182,-0.07737820840567215,-1.248455648694911,-0.381550478099309,3.18000701745701,1.3204147541421547,-0.08588217147636325,-1.2196916149510049,1.7704824753767332,0.17035688011213648,-1.3080041223764503,2.228486146860155,3.61578428433083,-1.7804462943397812,5.667807576527559,-2.7349053800322913,-1.5398531995755513,-2.489478159084918,-2.9700114690362875,2.354795096698078,-3.731671958834207,-0.5760530907091153,0.9672293475766962,-1.6294675952351685,-0.05128645736401254,-2.0698905575255746,0.11661017721272017,-0.3215681739406843,-3.2263319449350254,-0.18345341764699008,-2.2621837244054213,-1.6061764618791035,0.05770536487477642,0.06721454639483662,0.5606143632390898,-1.053288974368141,0.672955512080316,0.12751465540112086,1.5644143354021123,-0.9455468345761339,-0.057756090214571405,0.3212556070258847,1
-17.799855564614266,38.688171881136185,-2.4402317833879694,14.296814413340904,-6.308255134669593,-0.5220783552643588,1.333679319710328,5.491908902767919,1.861604375514947,4.117174539926688,0.9193235125974993,4.335631054847838,-1.828249421885279,-1.8671921011880084,-2.428394233131653,4.40659758040675,2.591518792591278,2.591510322626431,2.1816919812976305,-0.5541188385696398,4.367963660550954,1.7914422997892818,1.8770615877827217,2.252540874020773,7.995715444530539,5.451550614104947,-1.3482261452827753,4.986053211082877,-2.0860978586053096,-3.2224967106036093,1.1040091334158,-1.3647820825481816,0.49356437770493833,-0.7026105935832868,-0.8340386888705512,1.9976509554436868,2.4167503327073345,3.8471992885845396,-0.7702359965371122,2.2302517315371726,2.349221568614289,-0.7226671949484467,0.8582695180091919,-1.1166525808320056,0.6851213423320458,-1.0817566475111677,-0.1889350984275361,-0.12289472257569768,0.7386236188269898,-0.40811581108685174,0.5947505195917322,0.6059130342787963,2.6792587181479814,-0.527042447956197,-1.9947764749955488,1
-22.057663682867492,28.527339904296362,-12.078871262302513,3.124358655867056,0.8349172102383944,-7.39197262178995,5.866402769913976,1.1124292202208133,-0.08966579562411506,3.4533043595931505,0.17658164122191367,-0.7454487373782174,-1.6531249611093957,1.8677963766035661,0.4715920066853151,0.23110117115866174,-0.47326474772787047,2.6392208008710965,1.9250466338705765,0.320633462427128,0.4520688510472307,2.232083482887752,0.6494008263377569,0.36508312250423014,4.677554307953406,5.158403739698148,-2.0773534709513166,6.107194085788689,-2.263546872904323,-2.0720598393148464,-1.5293253273459373,-2.3943095808974486,1.8114511136980456,-3.224506520288852,-0.2359671005038324,0.7038756287267948,-1.3769145460209107,1.3496856486871258,-2.418161939775364,0.9821397162964456,0.5209499661341216,-3.721210554637819,0.4784508349725402,-1.9627571903747016,-1.1175055468006838,-0.6635730688637154,0.47909210666483615,0.5726473479989451,-0.6082708596107719,0.8542647987336993,0.6015288970042195,1.7217521611365225,-0.0794040372255128,0.6550413412222379,0.018252196797967038,1
-47.561504101036626,-8.486716265388281,3.255463779466989,-14.572357414951078,-1.2439847790867256,0.858473327087401,0.8770371466341504,-0.341734524564443,0.39585824362554484,-0.47873999380060855,-2.5497705278863636,-1.1965122249445992,0.6402516862682509,0.5360162978171764,-0.2971364131070745,0.2562268954981982,1.2506972627359811,-0.4742136386616068,1.1146772600561388,-0.7422362217134219,-0.30245895670404443,-0.9465665194187339,-0.595703455247868,1.0126372551006158,0.23809172386021593,-0.09930401194049747,-0.2562853948059106,-0.02009820164001448,0.29005597020971136,-0.4358306946120971,1.65321795101252,0.47388154257582826,1.005871927560143,0.26156551839818276,-0.31339409492607906,-0.7757899229324534,-0.026062590365085955,-0.21152303982898468,-0.09387697236411337,-0.5359363335774764,0.5235227666352319,0.5355349492755711,-0.37659854191442815,-0.06901831209642771,0.31502348224628896,-0.2928937483564863,-0.16343760727160336,-0.17962872165311075,-0.4939714709361476,0.3949827670216642,-0.4547281354221265,0.023850175946114608,-0.4134799233387657,0.2210762453304733,0.14382326418866123,1
-32.42966218201695,20.761207754380877,-3.621681520805331,9.484775833917165,-2.5973265121944764,-3.7370464785602584,0.43142914188914433,11.620796850198138,5.1680523715651026,3.1468526638239065,0.6517419177458436,5.4287167640657765,-0.7198718634597082,1.0182927040720111,-1.2010567683132067,6.156195710195935,-0.28770063062448903,2.563033754469886,3.1260347762542575,5.022770515416126,6.553712397806971,0.7919774825311777,-1.435315627668687,0.3112580379880003,7.122516424487112,4.33448413953185,-0.5505627543849019,4.342975451140937,-1.9514234805951483,-3.267211423113706,-2.7102581315469787,-0.4187778066686792,-2.422562009881867,-1.6136560014259949,-1.4679050382847472,1.0272915595931065,1.3870168525527804,3.500814858904312,-0.3273027203832698,1.2559948973701744,-0.8843157758783942,-2.58396250192617,-0.8197377498796721,-0.9840024179971231,0.25384180534378625,-0.35367107700386935,-2.6065659751053887,1.1831014583284878,2.2637948983356613,0.06576602748761576,1.2137531158659836,-1.7382505164257567,2.6988618251880245,0.805881415408382,-1.8495298071772264,1
-33.787808518292564,13.844929502097239,3.708676690957171,4.223414558125102,-5.118509990961105,2.571688154801276,-1.9946589436515885,8.92599970053721,3.1408181062478704,2.7541543707570684,2.032800029804218,4.624507214480079,-1.5720682041384357,-1.1442739733705387,-2.401960278559345,4.735949120820148,1.6898360729827469,1.4733983540103857,0.9653464933246407,3.8968449405077945,6.257908607703693,-1.2106283368591708,-1.0892831989207565,-1.0228121222474527,5.146713956568418,1.644534818088256,1.092676501096328,2.0743283521444806,-1.0427268166224317,-1.3846420060006843,-0.9351602512753469,0.39590013229525867,-1.034887200378447,-2.0790149031278786,-2.0642706773832833,0.50676584917814,2.1890451568562717,2.15787871657923,-0.5557323516737352,0.34339391629509075,0.2522353283441313,-1.219806873239035,-3.066424799978802,-1.2614493564217493,0.4703815080781303,0.6338274999485639,-3.5264140574709946,1.0539955089464539,3.4400427651754297,-0.06412484750875948,0.5150224094692007,-2.9953659373227786,2.224710570033849,-0.6948695618896439,-0.6874076953002096,1
-33.968813094728276,6.492120231947203,9.365635546202736,-0.6297587037192313,-5.732443585451932,5.173451225302384,-2.8386253914429265,4.772619792684381,0.61694478623904,3.417969507238325,5.097135752693203,2.548381225511478,-3.224156462762028,-1.77460875922226,-2.585316092552972,-0.6064643136923024,0.8621116534165324,0.15507952473032183,-0.5112592019080904,2.236782497817417,4.904309427188726,-2.9316584838947755,-0.412844059366589,-0.6755502745197983,2.7843761851509177,-0.49085076079555384,1.9507673098433467,-0.2323300047756184,0.7650264561328675,1.3748260566313686,-2.160600166711712,1.8186548645184917,0.9248389513964155,-1.9988208313528366,-1.2207626094044002,0.9575613763055715,2.2184166831141545,-0.06527139048231308,-1.6375112099321296,-0.14843162387072478,0.010148285793727766,-1.2054316032474852,-4.098980577739137,-1.746235952132092,0.3635061317626538,1.6207905192411396,-2.5624858706583624,0.44617499881026174,2.5430618901914137,0.2547933414011479,0.23450309539375377,-2.350802695648226,1.0943853775472185,-0.6818614320595742,-0.5921223355133131,1
-36.655611974770295,9.86215243643581,-7.9607673936244145,-1.1768040824478752,0.968238318790412,-8.669180114665972,2.71109077051322,3.9992485093495898,3.276605619908083,2.0295061053583745,-0.7379485506925376,-0.12257537484396974,0.3973607886747663,3.120005496304663,0.6733888939396288,-0.3438178030311171,-2.1099269604868667,1.6457577553555844,2.175091774907293,2.9841409411425577,1.0310444692641187,2.496232250510993,-0.3030250865209285,0.004618101319319143,3.5808887485847647,5.454865728555022,-1.994178512280619,4.840204239736245,-0.9789178117054008,-1.6543702254939965,-2.506751522266677,-1.208568955161889,0.837306363389213,-3.560121415607595,1.028901800710671,-0.37778329703583513,-2.088946805752356,1.9236765888644944,-3.3218974454006047,-0.14893521111632638,0.6285810707574578,-3.2528888582523336,0.11344599252580223,-2.006442309096357,-1.1435964636576814,-0.7649258585527121,-0.7122628866612051,0.41718080329542656,-1.191273067351673,0.6021263676727202,1.082272511466337,1.4772051099642964,-0.35886489986762643,2.3942621212563804,-0.7883612232495225,1
-40.419996293230206,3.9256081313736355,-3.458087153553462,-2.414339550207516,-0.255574011647097,-5.316852430237479,2.671267599355864,7.244108044792698,4.7281870800538615,2.8492393275915395,-2.5016179141357466,1.990078291744506,1.153748687412442,2.596379820236282,0.10766041116538434,2.0588799917906684,-1.8681941164919318,1.6768889740107895,2.3993694389974873,3.141988709442268,3.2062745273248736,0.7326904688120995,-1.7082586811970162,1.0629913888197215,4.646386358359747,4.310701273362284,-2.298532294861487,3.480098749484679,-2.0406859863794145,-2.97587499834655,-4.127685801193831,0.10010323347367006,-2.4582597273643016,-0.9422145936792538,-0.4405719315669004,-0.572207745141621,0.1510916471690462,1.0106047913547112,-1.5930397778153482,-0.15059953958617808,-0.424433888715527,-2.988244728182536,-0.7297455421586819,-2.1334901656679834,-1.8619537016748273,-0.9448408136691564,-2.93487335861062,0.6251551217203363,-1.3545730990076346,0.02197903977358877,2.0811723073356214,0.6439505464041563,1.0133787074682985,2.4906822573681087,-1.877655018633051,1
-39.8810029496482,-0.27348545858829154,1.478011726116746,-3.5511257830360057,-1.9242613822088013,0.31398539193614944,1.1860258545262694,8.736796445663812,4.812169359659528,1.9499364741521978,-2.7643577176289673,2.444796426722012,0.7068103462962042,3.200134133391783,-0.2640013214679287,4.506917394406179,-0.20161099944737276,1.282449739931464,1.7294754159829309,2.896361472631002,3.5734527646638807,-0.578386205419509,-2.7169341186158023,0.29306733551210057,3.472175544714149,0.9420074199920897,-0.9861042629404942,0.38316875574958076,-3.4859186320922864,-2.7545021235809366,-5.050627739467795,0.4367824056242005,-4.129352650757998,2.9841818315207975,-2.6211526950151893,-0.5411006776397056,1.4333332677120154,-0.9304104653310762,-0.6323304942881623,-1.4814914916342712,-0.6794186604312956,-2.467400250206357,-0.3858150264291397,-2.256264949540365,-1.7456146948275395,-1.9121598096773569,-4.148478557060483,0.7212371403022184,-0.6206124413888475,-1.1882017686705153,3.003572137699397,-1.2857848332606587,1.0598677282795759,-0.6336184384259731,-1.3826062411741822,1
27.837956119628,0.7802612354200821,-3.7101227141136786,3.1749918776093784,-11.33621770712164,-0.464292307035838,3.4643146037371393,0.14165878020614123,-2.7787756323545625,10.634105225095974,-0.5595721522929399,-3.0405328799510762,3.806350796276641,-0.28836293093034093,-0.9931411423853796,-3.551507847005382,-0.1814634447947955,-1.5000694941509674,1.788888384450744,-1.2329504310521122,0.8674726216872364,-1.8814928067616463,-0.019241948905651503,0.7315592188798037,-0.7950228937974871,1.0932769571068066,-1.811818535018385,0.11516625584459672,-1.2197154851110368,-0.6568446011534088,-1.903384066056143,-0.3070267569704495,3.7434586411511277,-0.017000824486603616,0.8272658884606946,-1.1509603782140145,-0.5066965455143991,-0.6226161246579376,1.7691384441616187,-1.0263903678171917,0.167127520329978,0.2724026278175582,-0.8737353577025398,1.0543925879816862,1.2864296601069698,-0.03144505964100628,-0.5284203927683488,-2.4230063614166824,0.6877912225878509,0.8155525646208156,-0.6827545885488042,-0.4307093228014324,-0.12792007082762466,-2.099247815042171,-0.7476752744436974,1
46.24005231563968,0.3239878494387726,-13.62174524650917,4.270385987582592,-10.357730325915748,1.011116767177291,5.270674522595553,0.4980604869475566,-3.9018614625904897,12.507460538441215,-0.05823852481106468,-6.1721581730390325,4.202642251842048,1.5351643534514539,-0.2900289350446693,-5.616473539312901,0.012335033986167648,-0.0665453559586136,1.3679599187970597,-0.013242014990678298,0.3697180113679364,-1.4697078196330173,-0.7305572976494069,-0.5892983006137829,-2.3113809384573227,1.1362424860857507,-2.3639162644588674,0.5521169745274107,-1.1547869701475015,-0.6090131864131193,-4.554266685182703,-1.8609816001558064,5.220161981082442,-0.8807831910807449,0.9902505516143845,-0.6911758808421179,-0.1533150325287636,-1.8196159759610178,3.087751290613117,-1.1009028229519784,-0.3406013440907331,0.4591141133216914,-0.38168304950773535,1.2653079389349082,0.6474889282027712,-0.41204129833220726,0.3742282069484006,-2.501088038818487,0.8603741101521233,1.5409166681406472,-1.4406886272188444,-1.1295403852727053,-0.6728387312039622,-2.0894515216862293,-0.3982646787802611,1
41.5214866446357,-3.3095846457142875,-8.799381714184213,4.9891276132808935,-11.480643538320752,0.2666265677095847,4.457103321897603,0.29836902320455744,-3.611930605746695,11.942284519141397,-0.07596115168641593,-4.4957391149333965,4.2541486917906814,0.5438078825070163,-0.743596239028895,-4.632710776661285,-0.19481433686716332,-1.0290603699814231,1.7484019888452624,-0.9082025140120437,0.6215110873221142,-1.5306236088391243,-0.49648664317833024,-0.13362950250275718,-2.3967898382260326,0.7631175023488965,-2.1897510647788727,0.0675838726890105,-1.2426297237322586,-0.5632946510342843,-3.50050800452101,-0.5699550685899122,4.735363452668076,-0.178246475226573,0.9471729086116822,-0.8570248273578766,-0.13413194058325276,-1.3630515793288787,2.5852889902397416,-1.4190756020254944,0.02089959122484695,0.5811310227322823,-0.7476058764501798,1.593153331066281,1.2377709715471208,-0.060913823221031685,-0.2695318439054346,-2.502934283954805,1.1515991191853323,1.1823885833176144,-1.1487451742386605,-0.9594488029651553,-0.5514842268371354,-2.173881057945995,-0.6048864865158222,1
30.916173410673185,-5.1245837762742354,-15.06743404816354,-0.13530891707252277,-7.728680123422309,1.765415223975203,4.782369136243708,0.9116550938124279,-3.8514357499388754,10.213916772196237,0.11763821285682502,-6.691605710416995,3.2069550008169485,2.1476770686723725,0.4107374794403263,-5.387449160356388,0.7160274492008882,0.9786287157067203,0.72271525847051,0.09891756867508193,-0.5260164700326193,-0.8686680360903052,-1.194645412578853,-1.0822561155449626,-3.083915371111868,0.5192453330415701,-2.0296441404942196,0.7456806162389858,-0.5634095323736611,-0.40471895719078566,-4.580863985487529,-1.751864441772257,4.292898243020447,-0.9554976027788078,0.5878246992998138,-0.38645344390471986,0.4488449908008309,-2.1159882174309406,2.8543723824126976,-1.1178672952373632,-0.4880308895121501,1.044828916102424,0.03837062396798069,0.9710661093363452,0.08090226309272654,-0.25235392537509094,0.897737381792141,-1.5660199819930911,0.7155956891115829,1.2974897139608157,-1.6683135522017247,-1.0030346355783735,-1.0705362779406542,-1.4754828734008636,-0.1070416484574537,1
45.313771507311706,-3.798866086419746,-1.0752166127118827,9.747047748993836,-15.331433051538237,-2.380290983238777,0.8085140906765373,-0.3704501090962078,-5.213155410235952,14.597257264250324,0.6500563838744658,-1.6170968734994344,4.405053681968766,-0.2798337382538005,-1.5104333980750306,-3.2812297644760218,-0.8678166328755496,-2.434474819698197,1.9069181829746202,-2.1957400613055653,0.73807333268036,-2.0803755422771486,0.5507577946305987,0.7587500277622865,-1.6614615171409455,1.0508881980461597,-2.4242145630379657,0.9366674559405066,-0.8322953032100746,0.1866745260111436,-1.7519592705992615,1.0611642407683248,2.6099155823348217,0.5682488760665783,-0.40306868867782286,-0.9564225350751162,-0.09213265880028072,-0.4161377527402376,1.9207133096800098,-1.503388814200885,-0.2191188169774637,1.1396226012641926,-0.9004981695390946,1.4344940307079301,1.2738924585152045,0.9251005054110096,-0.37169788144963717,-2.464877017760778,1.7114836074671118,0.5019627563476592,-0.49162707028479846,-0.4114028496505411,-0.06281246137273735,-3.0591953167176706,-1.1371581535652977,1
48.195866734381475,-10.34362455942267,-5.704112507788704,8.9643708625647,-14.058621146605837,-1.2359595760712445,1.932373923326282,-0.18369090421708564,-5.357574573558292,13.67013764085763,0.723487836511067,-3.2226646910165817,4.562786671362787,0.6761455905964028,-1.010389765832406,-3.9706772473466034,-0.580744163703434,-1.7993744813771853,1.6978220669274113,-1.8568113917616187,0.27940506148222183,-1.2093076832611853,-0.06411588449032822,0.06002451935890335,-3.468668187046924,0.28908603163042806,-2.5097400214595695,0.550032307465299,-0.6859625751139231,0.08569999839227281,-2.7890549200833252,1.0914436333630069,3.526365125145735,0.39006888491510655,-0.24344643960483778,-0.8480542507033438,0.21410830935897868,-1.2572373595049695,2.8179217941407737,-1.712355332526633,0.08138233542499278,1.3795813996389308,-0.5790066372360942,1.7972959457533155,1.482944286947644,0.9876236507779133,-0.32786441430900115,-2.5485648753934025,1.7415490410622112,0.9493136764840833,-0.8377694412310638,-0.8595648077921126,-0.3425896951685022,-2.820008221355113,-0.9751526510271354,1
35.28063160880863,-7.935102592869265,-12.050204095588079,2.475623731363429,-9.476208858583357,1.0542086229238081,4.11462938534891,0.5565875435897144,-4.031932706215124,10.901919403031963,0.2814575606826032,-5.612436345057627,3.5161557342605883,1.819788997945651,0.13842915510707757,-4.873482023214662,0.388721171123366,0.15719297009743854,0.9851292868485124,-0.7209515372504679,-0.3339311250585235,-0.7317638016306062,-0.8594959405059074,-0.696544647027187,-3.5327484208731486,0.15996875163258012,-2.1788249130281794,0.5860032141373224,-0.5993245060727365,-0.2356591016802773,-4.0811249046367095,-0.6579113288699668,4.252390728854297,-0.4683602035643804,0.5512374233890446,-0.6420095037533239,0.4530963332049451,-1.838452217358838,2.961117794674722,-1.4198484886532146,-0.1491903837403093,1.293509404168334,-0.10079956426105163,1.314116932054353,0.5349808932155908,0.19344793613807904,0.47055108143366287,-1.9272383552987196,1.1488732985325667,1.1650601731882364,-1.4891387591641736,-1.0062047936226917,-0.864808828250595,-1.9298126819553503,-0.39108427981245497,1
14.826144911425326,-13.089955626974346,-19.48366822665637,-5.048890260129452,-2.4533333204525447,4.145462202760616,3.9043078815372,2.2205854912780465,-3.005233133263157,7.816078830649626,2.1176088459495404,-7.860799459322504,1.4357276827552363,2.9054740369160896,1.0548718946148354,-4.829428112045041,1.0590566487828954,2.885870262164873,1.1042182786322574,1.1224182229316106,-0.6328633723263484,-0.7254917123075665,-2.310057984499527,-3.0612159882519507,-4.280015088245444,0.35032922168860664,-0.9744503720333666,0.9661667082226255,-0.2377481925173696,0.08101528963900616,-4.862089462383372,-1.8250176824833237,4.6513690944747825,-1.4430500265000483,-0.25603363802872237,0.24541864314134365,0.9233337590563427,-2.0427245616691985,1.8693993109864806,-0.7340777763714934,-1.7242676921445972,1.0618630554033979,0.1787994367709197,1.1028628458082625,-0.5353779327891185,-2.0886709043639407,0.8697039166454702,-0.227027143446092,0.8626677510512246,2.0590462774183824,-2.2144181144263966,-0.7527826590677489,-1.77433420349337,-1.6231379981269864,-0.08913121435384255,1
40.248970377030204,-14.73479835989494,-9.410119800344129,5.699415133487552,-11.367985855194513,0.42194996448220123,3.0757203025862925,0.16296644375970967,-4.729170957836215,11.712320985840762,0.8057340179716965,-4.340329315415043,3.9437398402768533,1.5109165832913007,-0.24257728720420874,-4.259968416493336,0.07012210116857967,-0.8238767855149834,1.4372341665397517,-1.6425694838554232,-0.24823295764402661,-0.6369061461635944,-0.6355252097702553,-0.5416876618586316,-4.546653670700982,-0.22475160451018766,-2.4712068787516794,0.2769501480952066,-0.5212902119078618,-0.07504076775471454,-3.598114465579385,0.8120315154555712,4.131314831494232,0.15064570717291595,-0.06485543024511513,-0.690647205722068,0.4919337226233698,-1.5420800249326045,3.04882103984815,-1.708448096714778,0.16251156473824938,1.6277493098090108,-0.25300646467865884,1.9089669830326614,1.0690839675303399,0.6196641654017426,-0.12450968060237366,-2.057698458545255,1.7667578753169766,1.0814458500185415,-1.2355152698868759,-1.007867764920545,-0.7556660556324151,-2.320631800235157,-0.6508291845457698,1
35.45541799464938,-25.113997011054444,-2.3590636901926936,8.998967352023033,-13.280385680739899,-1.114312038672188,2.456415009262477,-0.1854743317320784,-4.476330066418275,11.3592665240186,1.4424436946504773,-0.7076089857098548,4.598876139694748,-1.7976482437484915,-1.4185383462580505,-2.123624049434231,-0.9145569576633263,-3.5950386588892473,3.2606307441826874,-3.5617189453498064,-0.2031601734838596,-1.7848904705261865,-0.7447125484751054,-0.45144990865941104,-4.9321101751691625,-0.05901194180509178,-1.9679036718025553,-1.000728559547907,-0.7175639637170912,-0.16974298058510184,-2.1833374407673958,2.821616005988365,3.555941139390615,1.2604482979777576,-0.4639676440779493,-0.4299535409757222,0.533885553667465,-0.27401313404640676,1.6083067746693225,-1.9512644212368986,1.0063040831912935,1.336800773147838,-1.6642695477201563,2.260704336492194,2.3120791531185945,0.5024519856285171,-1.683796984699944,-1.9303972534908433,2.887445098500689,1.2913469710698744,-1.0817783152350855,-0.737023999042939,-0.6234384346026105,-1.6606106699796341,-1.0386123116065622,1
24.679862924776753,-20.388928472846818,7.389331153057188,9.776353642297053,-15.217879654578763,-4.599396471092574,-0.6218725915352025,-1.3446812693511474,-4.518699079313859,10.899651186580819,1.4708626433207956,2.674757121257749,4.8645525725332766,-3.485399821407083,-2.2575540625377775,-1.5785792223835107,-2.368921072878995,-5.075475875814952,3.558636022773812,-4.623726989959118,-0.2356612491519579,-2.931555633291828,0.013966578537361728,0.4025792158018792,-3.999951907612077,0.6357572947997063,-2.6328996918123333,-1.1907635650479096,0.7671645175726274,0.08140302965949121,-0.8424392579004429,3.702237894002694,1.0906909995988932,2.543817248461175,-0.8655717333135419,-0.7638248053333047,-0.2768869311047411,0.708692278921931,-1.0147086336101452,-1.5352403704870827,-0.34428785535759804,0.9817811403975968,-2.5025399048073598,0.9091803897293732,1.3775892314044589,-0.022189064275816055,-1.206051163022254,-0.6938627551013264,2.3973226113902912,1.0370027470150358,0.0031808043081825873,0.26721618279356374,-0.46124748957261336,-2.2201546736966016,-0.6538880184115559,1
-9.37702237736643,-13.386657928063585,17.376130862006704,6.250342378200142,-8.832426866040397,-4.433201897610561,-2.4623210218708156,-1.6088970825887794,-5.239111910678756,5.192833076532856,3.7122564093211414,2.3341966870488724,-0.4931972527498587,-5.305430013489525,-5.764684335508338,-2.2607903129154683,-5.466515964752825,-3.6096714513924013,0.9085864160525329,-2.7586536562847703,0.393401668893619,-1.9874673295992398,1.196004805626743,2.6867075897896493,-2.452064391046686,1.2068674917857265,-1.8700807386443936,-0.3624807850263425,1.4785494389033875,2.1136701866074423,-2.6611326075962194,0.19945888447198276,1.4532613504800649,3.095087413781049,-0.23091408144521267,-1.1180435545597875,-2.4945728586621807,0.8045485381057106,-3.145978019417491,-1.2396753295573766,-3.282741053913216,0.06684095575591845,-2.4836348971511057,-1.223681059620251,0.4505988275275199,-0.9791611562006323,-2.1097213648827173,0.6041921649050568,0.8959030100545516,-0.462956697479963,1.1002023537897885,1.686703903354907,0.45719281152522306,-2.2430884966015485,-1.2579092776093188,1
28.832547070559677,-26.451211406382466,-17.736430109969806,1.9275821413371865,-5.569314838133461,4.025595590841218,3.681093448510028,1.9010683422956742,-3.0725305146709188,9.248935258434924,3.3174216428408703,-5.899997035391864,1.7862486938456457,2.2933632884347643,1.1641262434785302,-3.95649402978968,0.6225281727537703,1.2704205791295755,2.505902630101444,-0.9964369157100986,0.18829463343835684,0.06446239608381074,-2.652710035745291,-2.9374546273527433,-5.922544112580321,-0.8447816602958715,-0.9675821180027953,-0.2384309568272784,-0.2763002995473062,0.4326678981612431,-5.033993708365176,0.0250490715455757,5.044201688979678,-0.17829503911263234,-0.26632006032508254,0.03242826754119693,1.3152455636007603,-0.8466408445315629,2.523716444143301,-1.3017765170812712,-0.7260287751962484,1.032248675223669,-0.09723990679191037,2.6684958852504095,0.47959841164809447,-1.453353286061372,-0.7505504250304804,-0.47596594850146834,2.6036927953095583,2.534200454860271,-2.0778739757610647,-1.7574285176153006,-1.2179995147655773,-2.6525116035820195,-0.17755321064062676,1
30.68357868441868,-38.908388229139696,-11.36650780318423,8.618318663701773,-8.844231180802314,1.570274162712445,3.378261892072775,1.4766743757911518,-3.0379218894987767,9.524314626267175,3.3880207699683482,-1.707885025238073,2.4208739262059624,0.8686621644249956,0.7954304719947923,-1.9218738240968412,-0.15722177331157736,-1.2310835624419936,4.319994764482177,-3.6261352151122987,0.18381175225242533,0.22316234001935756,-2.482596444521658,-1.9042793112125305,-6.437126098379449,-1.1128131523908187,-1.5035513396466373,-1.4615636301566928,-0.8986991871073444,0.542516398329258,-3.9119141136067683,1.8837344164543077,4.034289820505306,0.7298373526137216,-0.9692172244346194,0.3964886348616387,1.3895542711306108,0.9197123793319925,2.065974318660778,-1.8939956630614947,0.8947244389860675,0.13421185867757077,-0.4659804011157025,3.427713104310518,1.6510988216265816,-0.4527824148191197,-2.514986513106732,-0.32811552541623484,3.643984266180231,2.7220757110772946,-1.344865341310769,-2.023832651943814,0.09328282239387682,-1.7948084708127092,-0.18561440374770208,1
3.82832491241529,-31.003821553563792,-18.21800140776881,-2.0393794282513396,-0.6660615178481039,8.736243501374679,1.5324865104066778,5.212637836029729,-3.066581455741473,4.89926275147893,4.311556796328339,-7.492786713568971,0.7878919608741178,2.975486728939497,0.260948939832791,-2.835091110469968,1.9401222985111735,3.279552848266456,2.319820251457229,-0.2872083504166191,0.46690039140167877,1.857896670133515,-2.055797738290388,-4.3587578350228515,-6.71813745743908,2.242955107390774,0.3502314974137633,0.15276987575876935,0.5645734731846008,1.196720903736128,-2.062440025707636,-0.4711783667350178,1.8938951644180357,0.9232800451247714,-1.2944064686828043,1.9922552827840359,1.7046775438348825,-3.1054468733442224,2.33058243291917,1.155789871102576,-0.40087784357271433,1.0263538769481846,1.4153616070978703,3.0472721125323723,-0.2183583503989963,-3.995239763065344,-0.5576219612572172,-0.3329897328789359,0.43603578782708213,1.7811141894542695,-1.133096183639204,-1.528298834859049,-0.665710212489517,-0.8162525113712336,0.6468119324283775,1
17.13388262237885,-43.366284558583025,-0.18480521053034218,11.432747608773113,-11.15253998838226,-3.7346681617516104,1.6939587504295657,0.512648392553039,-2.969319037451149,7.951400956101913,0.8886458087183124,2.31826299321389,3.6771960506561263,-1.1292629070092668,0.015372353465032244,0.23518395236700484,-3.1723231804763086,-4.881134343674012,5.356698273732758,-4.648711355737182,-0.6853959534890751,0.6770395117741036,-1.5196799367960143,-2.098773468620543,-6.827714840761193,0.8567844283454671,-3.667823852363034,-0.5065429567332655,-0.246637990003524,-0.1367803344134204,-2.5289719321137216,3.8994652205327704,1.9737878507850581,0.8226944259485771,-0.4286334570936625,-0.5620169143996545,0.18421652295256105,2.336207058319344,-1.0098744506829649,-0.24913838821250459,0.9792355677033211,-1.972329984720418,-0.7649000050716547,2.105840217377569,1.0586177785161726,-0.14991283726176524,-3.40616735958693,0.11420804156306984,3.9513242027829403,1.609795452674348,1.104237934890193,-0.11232193730788875,-0.07897535060791516,0.012679024246021374,-1.1819166606092146,1
7.077621894244479,-41.58488446525514,-15.0861767333527,5.023151866669618,-3.7889492957600988,6.884256651343546,1.670219588006439,4.085009837168833,-3.199064673305543,5.716773911938912,3.010913497434736,-3.4994590120375433,0.7904102945437047,2.683451406635997,1.4141118346373678,-1.2136563189247054,0.912964526613179,1.1429689683247641,3.2107436185391793,-2.1995997596091548,1.1583975166730789,2.9334968635082124,-2.572194032823519,-4.3985406492697,-7.8072138782960065,2.240889147788019,-0.4382202418604174,-0.03556926640048407,0.2159254852919864,0.31528467006021105,-2.416476887007977,0.2174424834010053,1.9716763041271281,1.630640022866326,-0.0885469787664317,2.1960380784034053,2.1250983473829828,-0.8156538040948393,1.8629393293019225,0.8793415020569828,0.3613583255037198,0.2124566119015375,0.9973748536293487,3.4030021044472507,-0.2707132030942862,-2.866792044810554,-2.7847587319846347,-0.4472214731152963,1.2474035699931785,2.2749894941735334,-0.7110205637230961,-1.4428262528799032,0.2604863324926988,-0.4242229186108892,-0.10057413073158292,1
0.483299457976049,-45.2248503717194,-9.084796178463803,11.297268308432908,-6.046918081930717,2.240269519024395,2.207936210374318,0.9707277710037568,-2.0821184717578394,4.212727979528504,1.4245042365061247,1.0018189893087424,0.855890451353753,0.5094098261662072,0.9291386565022817,1.143859188630941,-0.5835619165061797,-2.1015420059499945,4.4603720034201375,-4.64403767772631,1.1810956926869582,3.473300358183606,-2.570003556586238,-4.0175365271152,-8.855213288448311,2.0181286789207573,-0.7904565166501516,0.6422313318273868,0.07837538854970875,1.437359321109883,-1.7440956793314686,1.6372580097455862,1.411122042796808,1.1996904077898476,0.5615259343176746,1.890497646277364,2.242596850569452,1.590643316693378,-0.7586253588320132,0.24165728005896764,0.8217700908019917,-1.3131634456643086,0.45655809402270264,2.8153907980664528,-0.2117871493058575,-2.6579288712988447,-3.502253030803225,-0.4256900753407779,2.645761383250292,2.6359986818167944,0.4423134126011523,-1.2129300077435548,1.2310943667187502,0.6863403704462875,-1.3035532803511085,1
-5.352220762124801,-33.27812338015114,10.205867056763354,8.876056679725217,-7.957232289811649,-8.167994895423487,0.7131888219503747,-3.303215896394868,-5.692422651661129,4.604754627998243,3.390867849629255,3.1983146649138536,0.8541464588276093,-4.254345355618359,-1.902615071433406,1.1695189733246896,-5.840419462559363,-6.183671101199708,3.1228203844628877,-4.874432492912346,-1.0315723662885772,1.170712781954753,-2.107011535910258,-0.7739581540532227,-5.000981520790987,1.1326692872097104,-4.633867844965304,0.5476799411983513,1.3392415843511312,1.8858115734456335,-2.783068255985957,2.301480188029269,-0.9022984660164327,2.425290042931283,0.7751313034966458,-1.8663546587995459,-2.4072086217908573,1.115813732728893,-4.562034788348309,-0.18630882116951225,-2.6690080308356223,-0.9771710922083874,-0.867072104806877,-0.5391397302776444,1.0932562607775702,-1.792122207556668,-3.3818930500515205,0.8665712567361036,1.9949279476732158,0.5758699513570202,2.3937169690290743,1.9216273609991972,0.11224250736534229,-0.5188356141405882,-0.380365568303511,1
-13.418134862943942,-32.52082840624653,-13.21162252371044,-0.21463315208445125,-1.7661611079964268,10.265010089714385,0.3848612777196329,3.8074710960017244,-0.32445117240520394,0.9159623015844564,2.2359689140650234,-4.2609022174538635,-0.41993902307053765,1.9513417652852,0.06378165822845233,-2.887138019788683,1.3509725974028626,3.221314822347776,3.1462692960214507,-1.6110292111036986,0.8146493563582689,4.31081625862184,-1.2623393733613348,-4.094313101705036,-6.146628583963628,4.129697963135676,-1.0432030887769828,0.6707533764388216,0.5087901036553987,-0.24117630784251737,-2.62950755783404,1.45995304295525,0.37761276340463235,0.4787934378698108,-1.369009443209983,2.1128851059042564,4.117664169446239,-2.0831489138568124,1.3984178377374155,1.6403970035819533,0.9560807910835281,1.2887266292593706,0.8597870509133865,2.0894383613701946,-0.2666497055052613,-2.2894654258752163,0.29837018488265415,-0.9265579422525486,1.3492884579113846,1.9078679119762088,-0.5777407650048731,-2.275504884119846,0.12008988034740033,-0.07909378758155394,0.5923332068855667,1
-9.748776765254934,-39.14523808628792,-0.36647387950602794,12.820656795216614,-6.2189135062139265,-3.3857965451233456,3.485905678584193,-4.953605942137836,-4.042052144316652,2.321576233204777,4.766014414547615,5.737278936090227,0.2237415993157365,-1.4833393781045054,-0.6568553435943353,1.9406682613880069,-4.406012367590774,-5.036349959844362,3.6446501445322044,-7.377002346469605,-0.38939832356538295,4.501719542810824,-4.1362693798210755,-3.296601769816133,-6.724521488522491,1.1721120839756922,-2.6703821331456634,0.9551906668705563,-0.4325008892810042,2.1809147760073433,-2.9308024953076113,2.5061010905895222,-1.4203685829910895,1.1242498807492411,0.2962641100623847,0.13525313242830492,0.9024582468529129,1.7674558621622,-4.004774069052431,0.24532346261965335,-1.8667660786113658,-1.338536821443285,0.7148786615659374,1.0052771166070065,0.7470130104521924,-2.5088224022788936,-3.1136554199109283,0.6705873839247923,2.017611500052168,1.64819976936843,2.060017297531311,-1.5296885110362057,0.7019730842559797,-0.28968387845009524,-1.2585518529691562,1
-16.780779237932546,-34.713247387645815,-11.118516310019803,5.536196971667013,-3.7199668727175426,8.299136527842577,1.1739568908022284,-0.13742632427724855,-0.36476481806266015,0.8500395054768876,1.94127990186521,-0.8317487254948712,-0.1759151723247551,0.8486922120647711,0.5262740060123368,-1.3829978674581571,0.3990077091248892,1.1907537864136775,3.4392118585584477,-4.1141530759284715,1.1511978850535762,5.433015281642943,-2.130132669692412,-4.232984181063688,-7.430115605239833,3.88023369892603,-1.1224133683177429,0.6366908291649155,-0.3942538040384788,0.520570253744948,-2.5560277286854896,2.664002113045806,0.5418558655695636,0.8690918785392512,-0.4982922046197278,2.710917483996518,5.3219836808864205,-0.9711542350418368,-0.02397217311117123,0.376154662966248,0.5998511472958926,0.9416414384613296,1.279515695048524,1.5149583562711786,-0.45331677946103066,-1.813545049270758,-0.5666216252141516,-1.14108061281988,2.038652355352479,3.1707684211700453,-0.0025473656049654464,-2.197510004215822,0.7179836671802353,0.08646719578447497,-0.8590510075338185,1
-22.348805497887337,-32.71517178993998,-6.34158844476197,8.907195468035257,-4.386964322112015,5.215997328627841,4.159465626893357,-7.272472511034437,-0.1254077134687751,1.2866337736560394,2.2829543723300882,3.764095470258847,-0.20550880693109824,0.9083415813967348,0.9395850873097732,0.8606534625255686,-0.7042838793178688,-2.906346146981521,1.3240232631602544,-5.999008467633153,1.5757517090495892,5.1964889230082125,-4.219880751195127,-5.210153733695137,-8.191947373097923,2.884406457261407,-1.281908058886441,0.39146346586968866,-1.537402478891749,2.3793650193147173,-2.4500707113184004,2.1845476856887354,-1.6573513754875342,0.29651215714657186,1.0864712600961122,2.454522254233703,4.776891115062044,2.1612634137700937,-2.0103525470488957,0.6881468823431868,-3.2068603285195345,-0.5750422437806715,2.2894315623356394,0.6819712101454183,0.31100562932472947,-3.0424268275237285,-0.9881129324105898,-1.77426605405952,2.2687532010529594,3.0256154822168813,1.424226228508039,-0.950839035960937,1.900569859396576,0.6776462101280324,-1.7459266402024465,1
-35.513287622497124,-19.520633481448012,1.3347348305671944,-1.7804686238899718,-2.3128640495128776,0.901546248168048,4.937080263306428,-7.735717194320106,-0.20210844227457747,1.26859197466188,0.4593733415841387,3.7983323496104107,0.5230820672453463,1.04957031091344,0.3191980980405699,2.0691253394083113,-1.9135928830187012,-2.704497400358619,0.5903153308596687,-3.3052156575689287,1.0119119882375542,2.409747376688482,-3.920472506191226,-3.6588697344577112,-5.583013806006017,0.25424473716781143,-0.5440452477930016,-0.8413240283628708,-2.8277838353840736,3.3514802111687954,-0.4615448140391521,0.20427307443026307,-1.7834713833898277,-0.15317578759171352,-1.2334618142888545,1.9432012404902472,1.8467564899309694,2.685260018042161,-3.3647004269253022,0.8968230526423219,-1.9701316402014974,-0.14766335438545172,1.4903871777859974,1.5484931672569024,2.9997178535910285,-3.1592711765452743,0.6850346732133535,-3.21655480617948,1.3007009057606542,-0.604819490501733,1.3550556368653877,1.428549261254412,1.1916378609263076,0.2166906741362806,-1.8353937468582386,1
-35.67063427907541,-17.72871713866113,5.047799272805244,-4.415826881843787,-2.0093713740761814,-2.3359443220600205,4.001482977590539,-6.792787693686648,-0.9145878404728284,1.7676600451505755,2.7715312850007967,3.656004660439904,1.46663750351651,0.5492625062567187,-1.3514950988628747,1.5169517706889877,-3.0286616767971233,-3.957330081917099,0.6705396714871739,-1.2120690599889228,0.839256923587897,1.638881325515914,-3.791000013054194,-2.2146163029001067,-2.2844736034958277,-0.9292912849879472,-2.1087699040869468,-3.2355684740199346,-1.2716538893253593,3.277255343099918,-1.5505854410349973,-0.42704350660307877,-1.2818812128332988,0.6812087302541733,-1.877404098374363,1.5313706486555465,-0.9178699431142616,1.3817462664072986,-3.8132919430788355,2.4486940409332454,0.7767453237721723,-0.19738051892116107,0.9642582675567446,0.9652091142806073,3.133164552942643,-1.6112413124176248,0.20024815491206766,-2.837115041751621,0.5617899526138697,-1.5139786122379726,0.2647578923367968,3.010009861060795,0.6864947987782999,-1.2569192378246496,-0.3293316206885854,1
-40.03319364670139,-11.910339854549443,5.246033642127639,-9.173048145559543,-1.9727089287853592,-0.7604483130745125,1.8752750168731966,-2.8864510822134837,-0.4818493345618049,1.4852860500899663,2.0938176582328483,0.5392916379872145,0.8244630660335306,0.08335326228804976,-1.4101417957147546,-0.9181955173559188,-1.304271105975712,-2.535856766353706,1.0156518414260507,1.0662419656867392,0.3714191521988961,-0.9425043641950018,-1.2525987380592354,1.0687240342733204,0.31414833582412,-0.5493725623259615,-1.1467777022704877,-2.229498353315853,0.640428847015796,1.198794345869257,-0.9919486024450418,-0.6889927088981652,0.2456176927957085,1.0296708815622844,-1.4624698743012834,-0.20109242489731158,-1.6328426236871887,-0.05256860753909972,-1.885867094367686,0.7494449299014111,2.3614209102472588,-0.8111838152465095,-0.903697437698631,0.05052945806611161,1.1954373015159792,0.6433492219218475,-0.5018211550011212,-1.347533365801547,0.2943459139863373,-0.8508792581147938,-0.5507616446505171,2.0313974705293356,0.8587355651072838,-0.3160270826879657,0.1621959214455861,1
-35.960145267813786,-18.944133733820166,-5.284370213050537,-3.578476277361954,-3.3927051145975957,7.7664560520952675,0.9327154890491921,-3.9002455949081094,1.9674953555779062,0.9935103440919588,-0.6068425825040502,-1.4087378212326156,0.024291117412167357,0.930364479206388,2.2920273170065264,-1.4656392267251717,0.2624549846814926,1.3279956195488782,0.948961176041298,-1.3865105980825818,1.8689611266413524,4.246221351107026,-1.9600901186324522,-2.917656519777671,-5.1785808631476495,4.3832475779971745,-0.7807943322995111,-0.9805098156654053,-0.7452725123912025,0.36591567474062364,-0.508443432342616,2.3006091371828994,0.4203572719657278,0.6675043933414984,-0.4745080988233663,3.6663617364183083,5.163697508103642,-2.035198406931076,0.5629751654102192,-0.04119027192225119,-1.1084614013866867,0.6956369444773203,2.880382819124612,0.12098487462622444,1.919314062515562,-1.1554979836249786,0.3398872298484226,-1.8347190124815962,2.1134991779519408,2.939475347354916,0.8126609041208613,0.8834604777766643,1.656046785117238,0.3006304579874604,-0.6414990536992347,1
-42.8847696985241,-11.20656169010982,1.0479580334722773,-10.074929065140203,-2.4657860569457357,2.6895484453839282,2.5503921616177556,-2.5512653630497395,1.0291416306109569,0.6207085079029161,-1.832948306230465,0.44678134734047087,1.0116253013248844,0.8528268712807361,0.625423684234751,-0.1564087404383466,0.5880990815501669,-0.27036657245817874,1.0598587007439157,-1.0842017610469241,-0.25411421854357547,0.7122637621865214,-2.4108586453316074,-0.652073631140019,-2.318528397430562,2.2287091067443967,0.7803978387506553,-0.9178588315837951,-0.3225403548628343,1.1501665938718948,1.2435474003894689,1.090620180370875,1.1577580425994138,0.4733710312313411,-0.9136765941017142,0.3360043403322548,1.2399458143146558,-0.42132490932388844,-0.015366342530330092,-0.47659582688910956,-0.48470882728421555,0.1724223518208844,1.2795042210088416,-0.25693114362035935,1.7614273333891766,-1.2269193826359852,-0.07735804988684289,-0.9631872640958666,0.9185354765908357,1.3264147881648891,1.1689433004084802,1.4876184203758234,0.33198053773547936,1.050178374071818,-0.1376980011687541,1
-43.19288638417755,-8.253596342844682,2.20453982170287,-12.980963295039457,-1.6905667413599779,0.8372283654565867,0.9892940272644437,-0.25556072072710845,0.3148670171337785,0.1836621828324736,-2.2199023372060704,-1.3003469829369174,0.6764938146750993,0.5229516895141665,-0.2662964858237138,0.05830282212601965,1.1529457163305188,-0.4223321992819463,1.2395563294839165,-0.7098490850596841,-0.12505060025291298,-0.7518482740307011,-0.5972803745865108,0.8304096426714289,0.06236749712779034,0.15321767201463354,-0.3650763654402271,0.05954303101989836,0.1785882512407998,-0.5007987826127968,1.3673794830988864,0.38166822804502043,1.0684479301465828,0.1867793180771656,-0.3361249839868663,-0.6847476486341505,0.08221469294416277,-0.2939638216131062,-0.07820268944025989,-0.5017861813913598,0.49203956212885414,0.49175264913196004,-0.37568033269585455,-0.07461668401735429,0.38174678470718676,-0.3578455676132394,-0.18113684170412225,-0.3029497227753392,-0.3874184641257828,0.4793732752608638,-0.4563460631508044,0.04291678516687136,-0.34701304488774154,0.1609938409730853,0.08685238064350657,1
50.19112414843626,6.742632829383242,1.81670092194448,-0.16145211308176335,-0.20143570543190042,1.4376702204497915,5.263483294463897,-0.5040064256490723,10.740086145264142,1.670420701991197,-5.33104010001656,3.1551638404141977,-0.7563403634469922,-1.5957986782965126,0.037414412344982856,0.1713716044782431,-0.9938064321793559,2.8293172555532355,0.48036817151255196,-0.12573563927617454,-0.4192856370338275,0.15123715731179857,-1.625735726904313,0.8611279942028037,0.2504905666893426,0.783794639579485,0.6816736148041282,-0.36005865349463273,2.137192140603917,0.5545849084292503,0.0007928756638441424,0.6075184433002262,-1.9003999028166365,1.0587203617303862,2.588098886019752,1.0506243742910346,1.3860649406120396,-0.44842914561281,-0.7069861680349914,-1.095540804360235,-1.9023624448743317,-1.5473384780795758,-0.8129753715610127,1.338923786747054,0.6768414823455166,1.908872319383287,1.7254964643082895,0.28395331159559734,-1.0559461805801218,1.6175915347183554,-1.6099397113237164,-0.8587279659178039,-0.4161759320132003,0.23628490761522672,-1.8413767742412845,2
43.41879515003909,7.369564986931456,14.590868430865624,5.440410276562595,-2.73394225866321,-0.13643973098055356,6.240552099808418,0.9755300824823723,10.489409437200187,-1.4183101621720993,-6.890321413417015,2.5773524023326857,0.15645849551022978,-5.993601896289302,1.6008870639073693,-0.6053828663983452,1.9536090037308735,-0.48997352650554427,1.6947664485310114,-0.1133652816837228,-2.9975659890728985,-2.661992957205537,-1.174122616055094,0.7790938299457871,1.0873614633918813,0.8810439609906157,-2.060233597059068,0.39772008460755587,3.989158481394024,1.3436318637372437,0.4556444046756395,-0.13918871250185952,-3.1072251932586985,0.5323914690608353,-0.33621593000735,2.59165349659798,4.247875121917634,-0.43460282317762583,-0.864742855684602,-2.4565629184983035,-2.0646368059546423,-1.9923044213719705,0.655314623373282,-0.4003904214786974,1.037441969380542,0.8304126794341772,2.7413225588649106,0.13543143015591688,0.27596594061090446,3.1200129560851355,-0.834055121863189,-0.36548535798277315,-0.5133185092709704,-0.7299253794731775,-1.7468309886773274,2
18.830870664718407,4.2833851852527385,24.17291157699305,8.75819007928575,-2.9863272514994863,-0.3919439410147231,6.174797825020614,2.9058222045545863,5.757390378779632,-3.3182542993625215,-2.824794341384531,-0.1708711800495137,-0.01695639174189811,-7.679852388149742,2.124250424086407,-1.8052124979820279,2.900237162326054,-0.6372758244659228,-1.1719503411279846,0.8560302923856506,-5.9085891505165495,-5.765826453992906,3.242922309036237,2.299312714816012,-0.6985143912918199,1.883418354728012,-3.2456353180048296,-0.4530144858127855,4.983375342085324,-0.5195798560012812,-1.6901111038816203,-3.987982776033428,0.050213371300394695,1.4806494043762548,-2.729330959086389,5.883667966201635,4.544769966206829,-1.7049774273190947,-0.7953261775091046,-2.1033889903084044,-2.8328591413461965,-1.6442792835856874,2.402770558596,-3.6350267800045497,-1.9754432872717997,-3.282432056530655,3.1914797619888926,0.3877086360406774,-0.042048278576355194,3.612521745410396,0.4822076742778162,-1.016912735077271,2.787617354121027,-0.6630399346177869,-1.4979378450764134,2
-41.68242485432956,-7.880925683538036,6.459844026377535,-10.481553250425856,-0.35136470414735527,1.7800013460715616,1.505469166129182,0.9624526953750123,2.132240731184746,1.868861135681324,2.223536936446441,0.43647719185797695,-0.9492154206786537,0.053668816321609525,1.141233188859385,-2.3954273814482683,-0.46341550878656323,-1.0742070036949292,0.6852598387597407,0.8243317335414612,0.6416522638426251,-2.839046978426197,-0.0011720701020522084,0.5038120271204595,0.48632687787996376,-0.48278874586233494,-0.43592725869845894,-0.6666491231213777,0.33998965418642046,1.7200951680183558,-0.35095234177561235,-0.1449393064376873,0.16600527340512758,0.617173970140769,-0.019687070106291716,0.3954333296986898,-0.14299532865498402,-1.6085184002768371,-0.4467245543277814,-1.1440475285114307,2.3715097078583054,-1.3790354878922528,-0.49420649964529956,-0.075654373285264,-0.038441582395525094,1.1350955306870019,-0.3406626573929741,-0.8068106076972715,0.0586585603479777,0.13485847009115262,0.15335725090362926,-0.411118786327888,-0.2382781996365706,0.5321330832508633,0.4736984178104823,2
45.120725891669416,6.040200152083554,-8.719408077438349,-5.085063462462583,2.7855523976458962,1.8050224567236073,3.6408268316220798,-0.47391443700869185,10.166239686054775,5.094207677777259,-3.264477042910405,3.4104358253703944,-2.7355127085538644,-0.8674816659035302,-0.4136331182725656,2.123113611249479,-2.30720657166403,4.673732027756905,-0.5700746521574804,-2.133736657291254,-0.13686850772817857,-0.8516843892749221,-2.318521990204137,-0.32130205098378617,-1.244042962517642,2.1654698702076045,0.8495511358445283,0.598234598615053,2.1740499340377433,-0.45849037916279334,0.6904024047721298,1.384933012239055,-3.373307422939159,0.32792757257784233,2.3262824144978547,0.7975843083585651,-1.3344044458566275,-1.6837679316107146,-2.822844650209322,-0.550193833442404,-2.4714456205101896,-1.3564812950773542,-2.4267348368910064,2.3329489833368555,1.4482938680080957,2.8997927953235436,1.7348499046670927,1.1159902698562634,-0.5895892541545886,0.5956173985599696,-1.2723572444501892,0.3343747476586101,-1.4282354746759434,0.04915363729284885,-0.9993057245429244,2
26.301736496218517,3.26646153097008,-13.573881146741535,-9.610357461865132,4.620021445969976,2.3618152081014347,2.660553595078393,-0.2895215034166648,7.511249765602898,7.403150374016547,-1.776507924689094,2.117950933164549,-3.2906921509826645,0.0359750616986674,-1.378738676220742,3.006576366449798,-2.4875656818081313,4.707766757005179,-0.045213032946070604,-3.1595342130299295,0.05136172344319328,-1.160331040843882,-2.2405181044175713,-0.07732168943138178,-1.462927184929398,2.4477060697969963,1.2628360754098689,0.8820753474487425,1.7614769937968613,-1.0016818426102316,0.93594828203418,1.2013323183555698,-3.7555227213185987,0.20492177646599366,1.6680619422145908,-0.2810793989057508,-2.9422591399884404,-1.8773966736128143,-3.5815171259304437,0.2937623503643211,-2.138742032867924,-0.7733591794700435,-2.711479629303242,2.7714074833245474,1.6616095507453852,3.32035730331452,1.4314999638587917,1.473948584320539,-0.5505244917614119,0.05763915457211107,-0.7959055349371124,0.6122796995866352,-2.304165553797324,-0.2273757125402368,-0.801954200456445,2
49.92858381003855,14.148611872399202,7.589955205792458,3.1033290046338395,-1.1115353465364257,0.2544582647750765,6.729260204080829,1.8213348884433953,10.890360948264817,0.2574603369170046,-8.058616348266622,3.190971230793227,-3.073650705562603,-4.744163774775311,3.2100403178684247,0.7539145752862143,0.8521635007261594,0.1859107870916799,-0.7833145497735756,-1.0640522309677605,-1.6172993850773654,-1.3435794984260971,-2.09697197576299,-0.03548129294480258,0.5221765229813723,0.8735514147643698,-2.217208783183539,0.7345686097319498,2.8883517613951946,0.7931364123218434,0.7378382805390293,1.4144081102923778,-3.1865334341204936,0.8522583402325243,0.6965684410137148,1.2280048123950964,2.141960900105262,0.06433278406374619,-0.04276459746325555,-1.1938693482416236,-2.23791536439125,-2.7445245619671375,0.17793588085409184,0.9897545524969658,0.8361678991141387,1.4978208032968379,2.71534506761036,0.2504542886390571,0.7255063729237985,1.8838303391736542,-0.5764241344886536,0.05506276502204421,-1.586692371876676,-0.24134412969613903,-2.3864077145762534,2
52.00882971611513,15.770159835750613,-4.911519924936386,-2.2245275226587875,1.9422493249480681,1.1806779160151022,4.913331225441256,0.8065031348781516,10.433114652710794,3.530489755913056,-5.548013815309199,3.501137558132975,-4.223168181704803,-1.7314628068927087,1.682177316231814,2.2048308793667344,-1.9281461268793632,2.9817236212397273,-1.6443504167142646,-1.6081872828032626,-0.3361833641578893,-0.5094490141670005,-2.481035722358216,-0.12844653438216655,-0.7318720987039362,1.8311241113518217,-0.465175182766842,0.5553546668192271,2.5282916918121376,-0.7128559672100451,0.13670517574306135,1.7701591912543815,-3.460860737761386,0.5166765014374457,2.310825269393747,0.42944077661420116,-1.318484737061284,-0.5802605958086978,-1.5040967539534296,-0.014546575516754704,-2.297560934783956,-2.122572412159585,-1.5129143020772466,2.2718844737462143,1.0372903144190848,2.2447495696589526,1.905564083705944,0.7848964856896659,0.20609152819601317,0.5514626085651061,-0.4365219966708255,0.765624110439332,-1.5637560048196666,0.23296259692921265,-1.129662275158198,2
56.991155123229035,23.886313441565466,0.4134359193970025,1.3188413840483908,0.29796581550492685,1.0262965987882746,6.649916654809784,1.5105857610457634,11.027550695348712,1.9359921630765458,-7.859108749201524,3.577120635924157,-4.034778981872675,-2.7374016320310823,2.864595560506347,2.210970004244442,-0.9779087525001946,1.4822933818990427,-1.7968802339039072,-1.3058687413020098,-0.9586932327777653,-0.7419995578686295,-2.427875602993108,0.13853174035382085,0.5127574208332931,1.633602144850501,-2.034457145218003,-0.04731356533869384,3.0444912943867766,-0.7256736412391248,-0.06203830070012216,1.38035224238754,-3.7244778618222067,0.9040764997425642,2.234853348493982,0.27068480384136706,-0.11087314305761586,0.022537922689108085,-0.4542630584352219,-0.30562257114972413,-1.9318376632904881,-2.776555316460173,-0.9053973783935141,1.8294685036282734,0.9273615744984213,1.9839972304649582,2.428946523826372,0.9839003736352782,0.7847695356403103,1.2782620544743657,-0.5250082705492156,0.4768450673379291,-1.6566992197156314,0.2625319129102435,-1.845690405550035,2
44.212430464297945,17.788283192425038,-9.224590834865538,-5.163218864611906,2.96788511274291,2.738962968051348,3.9223173739738355,-1.4273387149069334,9.615167790508513,5.585209823078491,-3.5752714831925747,2.8797712812064153,-1.5591054097819368,0.16505387193706747,-1.67430729148131,2.40842199557377,-2.612807801155395,4.845935284929605,-0.375665514846381,-1.622000183925931,-0.11423956898957305,-0.09519197346435165,-2.4897905589177793,0.7863625594611126,0.965479576961239,2.1784045762510567,0.8202169632005583,-0.40480980712243175,2.4962232392002055,-1.3357258527257023,-0.06528248071205607,0.36164439894880407,-3.6506213015097675,0.6540381730754051,2.923806233044469,0.6670420459479444,-1.5008440465127597,-1.451146297385562,-1.2289700685246823,0.7161006823044554,-2.0447229802445612,-1.3183081895396622,-2.6833799899817117,1.8528990497852036,0.14235340733157914,2.978360363456115,1.0151063827391709,1.2093669411496824,-0.5893968981272961,1.4107465524498901,-2.0443143605352043,-0.6726519265068014,-0.8367593106625731,0.41165248734797877,-0.9297725691898042,2
38.42400063659327,21.61035419510493,13.116930450985821,4.945954790153919,-3.1963986447492787,1.3121133628323265,6.00108257074323,0.7599116204720251,10.071542080183521,-1.2207344833315623,-7.847142164072803,2.416658986547935,0.35576349973475174,-5.086426731326456,1.5823902344671172,0.08362052777738935,1.1395245121577673,-0.6459977724892931,1.0709716765198602,-0.3377525708442188,-3.192791614021056,-2.026610636622662,-1.5071186748189958,1.4110573756575215,2.381286519342978,1.590809587883767,-3.3928147612625446,-0.47667183675388797,3.8377868633780508,-0.48052555089465937,-0.6185138377280952,-1.5216669865542984,-3.83644667619451,0.6100723889574251,-0.00998739827987046,1.4119720745230129,3.117889696998667,0.3209592501812766,-0.5499364191128501,-2.1506791456791405,-1.4133251566429557,-2.26074731952327,0.3796019407342368,-0.8315698172995917,1.1459138622121219,1.287009981938121,2.404946968903337,0.6089545766547154,0.7551481276722997,3.34411807727582,-1.1807758779679507,-0.07531687991370091,-0.6918447546290823,-0.9257356898823927,-1.4716393998991362,2
36.333226407163096,27.390786618184308,6.714547457955467,1.6886026597080488,-2.4482500248209242,1.9164070308651717,5.766707215082674,-0.04005920134096462,9.618985962478844,0.32077112273121355,-6.994365240385735,2.7370283040133123,0.08123417103754332,-2.474367288342373,1.4913302495402838,0.9930729264072239,-0.15377911037755834,0.6940655036539827,-0.025161513083638024,-0.8484147852671665,-2.372497829421679,-1.4117034354150753,-1.8767979080696302,1.3825584960490365,2.777173752480747,1.995695358580311,-3.040800119593682,-1.1169991893303453,3.078861098894708,-1.7526937121146422,-0.5094695711630317,-1.1678202700354436,-3.325941793305451,1.1026765832010041,1.536462421190729,-0.07827064749372246,1.546556251887404,0.5109415993735125,-0.08572661609281529,-1.1863816464308974,-1.4820559504076918,-2.3339263318609333,-0.6121802138261324,-0.031108084533105956,0.483991868891464,1.8109833192551896,2.096989015619972,0.6000491461883691,0.07077738656226801,3.144992749295734,-1.584912545218111,0.08323615674995673,-1.0648642257933039,-0.8442312870069262,-1.6158003068350482,2
39.33450509889665,24.795655725368597,-5.283540340052128,-3.837563550285668,1.5735330811254635,2.5408898069233237,4.597289890673991,-1.2483097677705168,9.626284158462,3.9076150012780784,-4.337881344441979,2.83086140321378,-1.2711555763059146,-0.24683655751915623,-0.6452670319073078,2.184807698501254,-2.2347691465645694,3.6879793110645274,-0.8008949058048377,-1.420312894731879,-0.7702746480563611,-0.3193035183105362,-2.4397610881314247,1.2016480095914253,2.076200596361402,2.052113839261927,-0.39618771896019184,-0.8945851338793582,2.8514488379833764,-2.0682923140822034,-0.34420750732445776,-0.13710461532586904,-3.353665686662982,1.0329049068011222,2.7917397681563374,-0.02746392208394095,-1.075679098602682,-0.8031136634147982,-0.09532767499450666,0.7133623548048162,-1.859384396702662,-1.6349684555356625,-2.2193273462648824,1.3351981923157308,-0.03693422568322437,2.504605515411724,0.9542978082032869,0.9131492320612429,-0.38906290062337584,1.9248196801006658,-1.8805029358555811,-0.3878746815403203,-0.5733801402272032,0.160107067880652,-1.0001950672882631,2
10.64888760927756,16.541409501291277,-13.666197488272722,-11.045714846512212,4.900207812709657,2.329588546164333,2.9679214676044188,-1.816611400133713,5.444046845189239,6.904961698572268,-2.0079281067178725,1.5226098495400024,-1.9809143604789348,1.0056652383994302,-2.0227706104852303,4.074444372663769,-3.1047734053293583,3.4437388359126864,-0.7971280688720003,-3.4286850682679653,-0.21307416805983453,-0.6967830834121651,-3.079157183729671,0.601273502087033,1.0894747294651217,3.1295395356456073,-0.17627289064549403,-0.36616655134634596,1.7751529128245132,-2.904183467301148,0.18456351408062388,-0.21606019595451367,-3.8525099143336154,0.36634771879227357,2.0013805140789245,-0.6880648114070294,-3.0955964212166243,-1.962227562923067,-1.8183970044289142,0.6926951336889724,-1.8689535620896933,-0.6345991982954218,-2.92660671594031,2.383315186587296,0.9340893132113752,3.292619490890788,0.9338411893394483,2.10960789972927,0.9085963643751368,0.6596734482031495,-0.75653103909463,-0.010860277682194884,-1.2363730543843277,-0.3771887513847083,-0.6841123310652469,2
20.6924826043911,23.976170057749858,0.5333418193734151,-3.7694016974005353,-0.6540529977677261,2.1995295270185853,4.584830423107211,-0.8536925364497376,7.7552584013129495,1.8089535700633883,-4.672049014929244,2.3017041423452453,-0.14494560958911384,-0.2969245381569128,0.592227403249479,1.7176454582545502,-1.0900932816880475,1.7586997560096775,-0.5244916281274312,-1.3376311762392923,-1.4823695331774842,-1.1226901470737176,-1.914521088465321,1.3249182332224814,2.724016695348684,1.8479802149060662,-1.7453602991362152,-1.1598029798640666,2.5622606877107454,-2.498807869892025,0.12333439884022471,-0.7021070604310538,-2.4083522079014434,1.1792322105480808,1.8196492784138711,-0.6463562437491839,0.12171388457127628,-0.06622272746759408,0.14250983025040406,-0.03686166966434449,-1.3844209639394576,-1.6233194821361678,-1.40977070676236,0.33567173576799963,0.014775449519929684,1.7186474319525258,0.9755937431029509,0.43920538087493927,-0.4070539421519073,2.4604657335830806,-1.4811614788291692,-0.022583617553271575,-0.6202198515827075,-0.49526711858941086,-0.9427400729958245,2
25.36026904802604,43.81887390799408,6.846147427118693,4.616935992489289,-2.6829333589517734,4.995652028200561,6.735044410246534,0.18012139585128262,9.163656700117873,-2.641310016727303,-8.544091949742846,1.9583128100883833,0.3168754984358583,-3.1971674465348516,1.8150679797891727,1.469166045583202,0.2730494592399254,-1.7285716131731168,-0.5465521500157381,-1.228320253843559,-3.207434649266264,-0.42340006279644427,-1.5340218776456267,1.446125677230185,3.687957573707204,1.8342991446713397,-5.893247150534273,-1.2741016122302886,2.8179403893779074,-3.7714962885388212,-1.4935157770978322,-2.3234699528013003,-3.06611209113493,1.8942463784141195,-0.25846578452529223,-0.5460761848281147,1.7796152977646689,0.9428543634908282,2.2750228830966046,-0.015086825641222318,-0.4280556484303006,-2.4363127921123033,-0.56368832699665,-1.777160010643792,0.31979407731183834,2.5824151725187146,1.9818634831556778,-0.15661911080237326,2.832912951269341,3.3422002398919757,-1.3712019750326407,-0.6100683023653347,-0.5433832241279621,-0.8615707387045043,-1.9149284234932644,2
6.174547333867695,35.51410729244932,16.545424640917584,8.041632813200874,-4.602501183003153,7.288291462285095,5.40508098877897,3.0508194850460555,5.346778043843659,-3.3325352133170583,-6.703125331714753,0.6929628991297234,2.3196157051760014,-5.564756313613915,1.4670683204267492,0.31989056896895157,2.8586678328840773,0.09029136649599753,-0.7038695874559348,-0.20877106098160117,-4.672337669013153,-2.900349284537893,2.7526107264316537,2.601831738822539,1.0590053446586154,1.7727123633535546,-7.188693377859885,-0.8920855925772456,1.3372186911285184,-4.1821407878239025,-1.6559434285725738,-2.7080147860757298,-1.0820590409892716,0.8153464645284105,-3.4972038008362287,3.942558207354308,2.7016990596763626,-0.14374007348357953,1.3260505111937788,-0.4854517883525484,-0.21677147735605573,-0.8052631922271566,1.296589802128646,-1.5575469756599027,-0.9717855242585782,-0.34165770179237315,1.3465806864180878,1.1597118861660478,4.085892754156368,3.5393825348304366,0.08000527253559836,-0.752519361895986,1.512885732352216,3.133611736841938,-1.717420431595841,2
-23.75500874880023,11.834693782260725,17.646835595505365,3.3062602621411328,-1.1757765772108282,9.624876791578464,-1.15733339191338,5.274440026831145,-0.4494167372992472,2.30560153502464,3.0958042058811537,1.3544840235247588,-1.8730274747162385,-2.753591517659281,0.7315659191904222,-0.8067309478773409,-0.4382322678460126,-0.7090043266879988,-3.137535158194087,1.0457510361031528,0.4447316264235856,-1.962701965023184,2.4880013960470806,2.243668441957345,-1.7987055062982988,-0.2926744993897348,-2.0651439709176875,-1.5336729605779833,2.180175478953518,0.020329443171167673,0.6977615025619635,-2.4954639077522875,2.390549190681359,-1.0744375454811388,0.15775108041346292,2.5842204227877743,2.391633425072082,0.6932673377867489,0.21891686902247284,0.46050795716779774,-1.1293098225028049,-0.5368475025899857,0.24523579096014875,-3.0823679800518735,-1.3452530496912933,-1.2765120974636726,2.421448020689415,0.10339853768484836,0.30798109917474187,0.08158946623815883,1.4995530553273844,-0.42174265319238613,0.29154193598111916,1.0273623994633971,-0.7847165946264231,2
18.202061329945384,34.83119545843701,-10.130139287759068,-5.876788966916535,4.131822742495222,2.9045214223050206,4.679814906548881,-2.6010950559229618,6.0230828967101955,4.047662574896946,-3.3875124461686354,2.8008019291705173,-1.6739545029695038,1.1038433612872278,-0.8008523562070837,4.8660149038179785,-3.6532799152568733,1.9214425509227409,-2.283233041663052,-4.083271982477737,-0.48588576476779155,0.08871679544713332,-3.3667340372540706,1.104064644902633,3.0098443074608925,2.1604107562103474,-2.23088193114272,-0.838277887866937,2.5247352125411973,-4.581793363909684,-0.5754926552820991,-0.7399449645820274,-4.086524175138119,0.8905321840106803,1.8480230823741663,-1.5769417135975032,-1.8629761529060402,-1.0157521019267068,0.29723683552104857,1.173907288694415,-1.7984149598987333,-1.3171224061210633,-3.3056704153890153,1.5392445255603877,0.09138567781628892,3.0765353423372943,1.2691874600917867,1.8015904580330047,1.8961685831751347,0.36232743629421144,-0.6689315892117488,-0.8769033464284381,-0.6677064416661963,0.1938608860882917,-1.049684713162247,2
5.527620301770108,41.6323734614061,-3.4033760844106777,0.2830090172687355,1.085592638584759,5.06203382833318,5.638655169023779,-2.7670508496559982,5.1906627982185976,-0.4690266612768982,-4.6759019600227925,2.6335736163165215,-0.6479864594277218,0.29433349815154614,0.8746621068295958,4.241427636596007,-2.4588740558127316,-0.4364455489852374,-1.6320219950265327,-5.287033760350378,-1.3105437741892747,0.7877203572471003,-1.6219396281028686,1.136320770091793,3.1315766764890154,0.9188686980736287,-4.361833056775565,-0.454663888142596,2.031021426602319,-4.811963456561632,-1.4172865493861568,-1.3938479825835315,-3.065995790642606,1.3430266492379312,0.6749372107133881,-1.9014813841437266,1.1998688756367857,0.354826953936508,1.4293292169670162,0.9809421917438697,0.1388466094047755,-1.8360378304291218,-2.305313663954066,0.5125210721969489,-0.456309858786496,2.271559860145466,0.7498790222690848,0.5900462967869554,3.3110454774228057,1.222288542304288,-0.4202544437622993,-1.1939470605975688,-0.5979474799007489,0.2987935189244641,-1.0462921477266673,2
-8.506812916574363,25.54686904697931,-11.660944016648292,-8.656661164527565,5.85499033043224,-0.5650869389208093,3.990801274759892,-4.587119295834835,0.5039494434772968,5.345639844344492,-1.4252994555653677,-0.36760732235317245,-1.7100165521205446,0.5839439916398999,-1.7667254025343593,6.177732153592825,-3.440695541401519,2.9344298796350325,0.7095125281856998,-4.1292638488179065,-1.297134545677175,-0.5031294534724378,-1.5986036755886228,-0.5580845553676219,2.2404039764682633,2.2227177092087014,-0.7726081938860125,-0.001125459652464843,1.2452555762584436,-5.307933647818081,-1.8268481415825972,-0.7704986554295882,-4.151744851177484,0.1231781016636613,1.482862576109092,-0.007232056991455934,-1.7526820460438648,-0.36446509986568243,-0.40508918317578724,0.7212239999436406,0.20972218651259728,-1.675190290484724,-3.498286072800362,1.7167448796964693,-0.3867664386477161,3.1804215555233606,-1.3977720840260575,1.6257843216868724,3.2048226335651204,0.6439197683156677,-0.9610348663458034,1.3894835430013,-0.7140998604159067,0.40060252416009257,-1.190026525149051,2
-2.0137401802690453,49.47182108329914,3.6354827545572332,10.667127431717546,-2.2425717472391744,10.514151591776352,6.032435775731821,0.2791237272922355,3.8826405497057284,-3.6595475516477602,-5.89793021200902,2.9315496432216483,1.9800252924306636,-1.2585950140743907,1.2310994325925009,4.431412102413559,-0.5842048346685701,-0.01616506558735549,-1.0540171232175402,-4.985129705977984,-3.242237054254952,0.7980546460373035,1.591919915041459,0.5220731283988986,1.6439810506465515,0.6742424906602593,-7.366033561877513,-0.13682660479033118,0.8972520422362956,-4.6632848460106695,-2.5200184156310854,-1.471555480077477,-2.2772590041195455,0.4161565295760552,-1.0620084207703284,0.8550824634428227,2.8819355051011115,1.4234212502681414,1.7460864806749032,1.7017136652792948,2.386309138390527,-1.5064619448256293,-0.1421399898805233,-0.36501923307339007,-0.9162294222839666,2.422136697267245,0.14258695933586524,0.7523224451843925,3.43480502784195,1.4559902277764478,0.7042872707414756,-0.5916074370895293,-0.5018523324694608,2.227776147198893,-2.7082308057957882,2
-4.295137396426266,40.23287608457703,-10.012473839740105,-0.5420081299098929,4.040171714748011,0.9322307252453178,5.704561420999381,-4.217584501034897,0.7704406912091849,3.1971399473633566,-3.5103808493724205,1.0967082346453803,-1.1160911165168645,1.2151754011669613,0.636176172148734,7.1433631969603075,-4.160281844104669,2.4061126172460336,-0.025529228876488414,-4.943494195152367,-2.1443722582447795,-0.22890922100431865,-1.0960393906812869,-0.2032361285980307,2.445122045688755,2.263595394957114,-2.4530825459815797,0.15197629062624188,2.3083894934902767,-5.459475790345415,-2.2774717079174422,-0.8889861728801365,-3.8983010601227663,1.8140002914110627,1.017794035527479,-0.4624663476982704,-0.5651790213157667,0.6907147162015881,1.2777637101051507,1.5478351476572123,1.0121837333099857,-2.29705428152245,-3.0146713364191533,2.3214620403458563,0.28671849796050497,3.3195081864776084,-1.263101454457664,1.3472137148418992,4.1741073876360355,0.6604011987964724,-0.4567968219114233,0.8034128653138699,-0.4103874523227213,0.990804577777504,-1.674792502063697,2
-4.17355663552454,53.05306089647351,-6.138510105640604,13.02377567939627,1.5769076548321468,4.152821480902072,6.72764102855434,-0.26338965057349534,1.601841964707665,-1.1050577812271714,-6.982377131419573,2.5847377994345018,0.3493171845388976,1.0490149442597507,1.9144594362453329,8.311329511470273,-3.9691171990245224,1.2539906976250896,-0.45739246503865405,-4.768744634860639,-2.8155990320013635,1.3527333663511218,-0.005111404811472828,0.7900108769932683,2.696680091278106,2.264978046394869,-6.023125908667575,-0.5225568641455975,2.9469121064589285,-5.085550517757938,-3.2273694642012978,-1.959704883706183,-2.8361517844222472,3.754009548358483,0.23859710657281213,0.10038799673590368,1.7861170180945574,2.018724664156934,3.2620252501574436,2.5971348522093862,3.451034683674916,-2.433614514022402,-1.2323659269240508,2.108495475784568,0.3895971216839068,3.468291499327078,-1.0413985769970675,1.1639145472972585,4.680207287350027,0.7097969062651547,0.4632007964041451,0.10684917391544015,-0.8814081325092189,1.3111105044907758,-3.275421045808761,2
-20.963992562991766,30.811242677054715,10.344787432457274,10.734197802071265,-4.590280741648611,11.895555844276045,1.6039511627394658,8.304004451953116,2.279963924984369,-3.2717626669449484,-3.0270261550190467,3.9266138916606685,1.5919708172090623,-1.2436911364362548,0.25432062856068455,2.639651840386012,1.6401695318486964,0.6120202782585928,-1.356360495558889,-1.0459893635844815,-2.505080096097338,-0.1652485800445344,3.562526648668272,0.5989205298078225,-1.1464943065417443,0.2752775315376609,-6.110564781291036,-1.0267817279655092,1.047335630310839,-3.208157168810661,0.047588327518718075,-4.29961747432831,0.21501111634353556,-1.931607055264936,-1.228072446789898,2.4353655612165666,1.6243828720717857,1.7605440419196476,-0.1253135032651611,2.180822090273826,0.38487816761457194,1.4363256356141505,1.73559095249462,-2.518553514260347,-1.6405436862461524,-1.3088115886500047,1.569139693545394,-0.26489661617243443,1.5762020012267548,0.14005261368315117,1.4136122165619889,-1.245467525677088,1.066939432841606,2.288656750310702,-1.1464802576347182,2
-15.928296727331901,31.207084912578186,-12.776524418227991,-3.0852291467287287,5.50897593472671,-3.521588374664015,6.152651835341511,-5.141477061676108,-0.28055466477975527,4.15701137839038,-3.413497131029977,-0.14621788301680277,-2.3523649136383167,0.516512447696925,-0.19001277017689872,6.280462510556997,-5.106747325822283,3.1840749151375074,0.8967056744990045,-3.1913936531717795,-2.5703037275203777,-0.665042884812616,-1.8599742190017414,-0.8190210786996547,3.621167439544717,3.707929381030613,0.1887090672575002,1.5550610682587647,2.1311973593037377,-3.7268323584503467,-2.1987270203747475,-0.8590052837600503,-3.141723212751189,3.0905286436561683,2.4320921002648372,0.12459975727436244,-0.7552587982806015,0.07735116919558067,1.0879480598601345,2.1384696254327364,1.8888512597045755,-1.908388223093138,-3.0461618787113096,2.501788011479746,0.2854846670088149,3.6208584560522845,-1.9309006393078176,1.236298340214028,3.592097467244839,1.140951641992599,-0.2495404887282628,0.5438334464551375,-0.708744184375937,0.42020244985531946,-2.3977072169510247,2
-19.97266344948899,36.713393569852215,2.1321669607259377,15.19597058785367,-2.3342742317902823,6.287305549550339,3.706327708104016,8.715400077776223,2.516721469023712,-4.761486541095637,-6.316568961594971,4.191676780691427,1.8483548543813597,1.3274182813676068,-0.4667795439682529,5.339848068685113,-0.1844825169955089,1.2234899134268844,-0.5900681257686554,-1.9859750438416992,-1.353829081864823,2.3516045482581083,1.9468238989954187,0.5385076491383644,0.36056579773412156,0.9748646170639851,-7.11282514905944,-1.1524220691959985,1.647530786267441,-4.250825729668268,0.054661498121358634,-4.269429978515878,-1.8565362468562863,1.9954509531954654,-2.200591292974016,1.2534863635045186,1.8831371538976278,1.9945968423402598,2.3665712247125112,2.9535647871017487,2.7780152595324923,0.03887163742131716,1.7939225875566238,0.09405795128040427,-0.05269406017254529,1.217084114159712,0.049124346233428644,1.458094107993428,2.022346847597528,-0.5649417334847207,0.7176797975786771,-0.29237591719952205,0.05304554740699907,1.8941433030800536,-1.6579792294130353,2
-18.43898376153236,34.87088983537293,-11.549012094496534,5.2508063822577276,4.022019099143642,-4.265772807755932,6.2228357420403615,-1.135838933860618,0.004727982172541908,1.9949703554680367,-5.286811414679411,1.0095100425273005,-1.0100795023787732,1.2262581643523487,0.6033733614362615,6.038569756321808,-4.32320130702808,2.729342915423553,0.2252046051461751,-3.420548095208876,-1.9958890764065396,0.5892236653695162,-1.0442233312414215,0.09475110208399029,3.6417479302570825,3.509685321730386,-2.4165242922793455,0.3152385632874995,3.6973860208034184,-3.349321304306261,-2.039245020642442,-1.8275406361965694,-2.632208946423282,4.831059936583234,2.018130591446283,-0.4548083784753932,-0.16863410103202098,0.6007924009033652,3.0351648803086624,2.9917837742532045,2.4148884646007747,-2.4020110267166177,-1.907696532676047,2.963874319119721,0.5381200462821223,3.17499269000781,-1.7049336092063763,0.8129145875759826,4.486895478540623,0.29398107337900603,0.1262702875096704,0.3342849357315271,-0.761407568335177,1.009004779214583,-2.7020888615312093,2
-25.245958584877684,30.660920654798748,-6.414174984132856,11.70988392001425,2.39534069778564,-2.8887420943010857,4.05509756641098,6.531349562399084,1.637687143705731,-1.3315749254333136,-6.224519773987259,2.3892599009459583,1.2657390596866223,2.434089863407236,-0.4874553026505481,4.990328699927686,-2.5803475107876084,2.104568224623228,-0.045473830965898084,-2.4312470975729945,-0.7166668394804698,2.4643171795368803,0.30480731000228684,0.7702346737466901,2.062214325505255,3.1555593276844767,-4.419329940936,-1.3262245054520683,3.0920422709515236,-3.0348282905958097,-0.5569569011448602,-3.419175732886728,-2.6595378940388743,5.3667096989011815,-0.3114045543302704,-0.05092762219705281,0.975826521070501,1.9669923968595127,3.745251987655377,3.5769288609625005,2.4236696728986025,-1.6083650842567745,0.013781591380086571,2.4670437180204314,0.8810736729030181,1.720280349495284,-1.5919522353601725,0.9819796442468449,2.8816637850092297,-0.670257308313344,0.6610855541937339,0.22848070561745856,-0.6530329167758451,1.424540994601625,-2.575123705060205,2
-32.73297458398657,19.776817111206466,0.9701894249286697,11.122616902547835,0.7001008562756472,0.7727835210481818,0.6870681014269381,13.697228713681685,3.7544282487030043,-2.10528311749453,-5.736836946649669,4.251423488150903,2.3833288091625984,3.922048970197315,-2.361020836702665,3.856212791030218,-2.632314881673484,1.2446503281367682,-0.12291395828096269,1.4235827792860245,0.801255017178753,2.8524544433722143,0.7380493895644645,-0.6115379831312229,0.2281269108942571,2.5509522010233687,-2.804395944870458,-0.682612747218419,0.3177071147841184,-4.125465394961482,0.901478681211203,-4.109083901921118,-3.3548637852172893,3.1426287827423485,-1.532633176249638,1.187682575907614,0.034573882659297284,2.8003436331194815,2.708049364199641,3.3124678632239246,-0.013261030378154057,-0.1557096202529079,1.5345164980286015,0.351965202538684,0.05178702230933123,-1.3176943777798775,-1.635255496747078,1.3717996878829257,0.966575746529518,-0.6654790072466994,-0.497505602491984,-0.3728750798161745,1.0456927818492339,-0.10982711984717529,-0.9249252408206597,2
-36.746258163131365,9.148562033982078,6.127991280962989,3.626789403550205,-1.5635226018047537,4.859765744929038,-0.1246350561706553,12.617700868305208,4.398575936419762,-0.7329903344323662,-3.3808752669321893,3.645443887318099,0.6012550523307285,2.678381916934761,-1.1523979161231557,2.7575309299860513,-1.1826113809512417,0.6467404347106945,-1.0240377613820504,3.4933607294618847,0.6136925521326717,-0.6055477833185477,-0.33329201086991495,-2.5748791603140586,-0.8726864010338781,-0.8827397273214187,-1.22783019565853,0.4816145064974297,-2.3946835566479177,-3.465957649651732,-0.3915721097437389,-2.632843164100741,-0.7675013091017654,-0.858832810554777,-1.754043718540401,-0.5079567452286552,0.13212692483536373,1.0849692404582865,-0.5946910096186675,0.937710063168862,-1.1455331261416153,0.35471937914487767,1.051606114439524,-3.47459572571549,-0.9675853834479289,-1.0679297772406,-1.5439723437116895,1.4686981834696777,1.7131517170226196,-0.047891168816121724,0.07155274645164646,-1.0796101456900709,0.23558005701030718,-2.1331716730023182,0.6656898572498162,2
-39.71315519295169,-2.354133227656053,6.123556045467419,-5.945020487966226,0.062380731303875454,4.05113757409684,0.01441420746292671,6.6192476051803215,3.344900773966207,1.6227520309641106,-0.6359240613809565,1.291467935712315,-0.7422806766175617,0.45603544426099263,0.9981191577846302,1.7639860083415448,-1.0897199243018,-2.2066738933388614,-0.4424307033258578,2.5494472156821644,-0.25068871193818676,-2.5194459403531444,-0.8286702163938509,0.25357912723248116,-0.6830915192393779,-1.7160855403195105,0.06166641486579724,-0.5775264094203694,-1.6381843545748735,-0.43360389787611414,-0.747477691322743,0.6767448701700303,0.4360935213756271,0.34212240737760624,-1.6823472780618023,-0.601054586069354,2.194564068265923,-1.5847315045673112,-0.8044484967395927,-0.7535541436932147,0.6366404625000537,-0.9346586886939521,-0.860610984802743,-2.7512228957110723,-1.533031781464162,0.36485729392487004,-0.8029769021383418,0.5947269338302916,0.2526420727165656,0.7858713398678527,0.767641974046965,-0.9853944677900284,-0.7323827096847846,-1.3309568047068778,1.1482924091057425,2
-33.0455361895715,16.70468377930604,-10.344231631659014,2.3487913928561777,4.36787702638724,-9.855588316708896,4.049059668984229,3.212023714757003,1.0329399864353948,3.1813669131380395,-4.47048376751275,-0.14289706224571794,0.9495134324737519,2.5842516652984386,-0.5819900743996167,1.0044974987996227,-3.043086024733974,3.01800853274567,0.21717189757112396,-1.4132126056090129,-1.0822053839312666,1.2621981177230723,-0.29314980922753703,-0.2811442071002669,3.502639798085514,4.573672457168341,-0.8549006315749621,0.58812571077526,2.4069378837661506,-1.616086793696491,-1.0569975323960032,-2.2401169365385343,-2.1671185466774787,3.5055009141432056,2.7299297723836853,-0.2439662838922562,-1.1256641792112956,0.6572307076416084,0.8478787973671333,3.331647025002014,1.2942036101516887,-2.799306645904604,-0.9276615032250208,1.8472705730654917,0.3916285776664691,1.303359614082754,-2.2255377696178886,-0.35362523849430677,3.022637181900544,-0.7297405756094008,1.3179837465140212,0.5883572791307998,-0.864809160158642,1.4878995920528715,-3.0657355968515927,2
-39.56421563048537,7.259392436302277,-2.821293544280162,1.8361323256248732,2.423520477306147,-6.158799481886493,0.9937603108106647,8.644452517897212,3.577527018623299,1.1536463059060416,-5.314108113479405,1.037729491280471,2.446222623065568,3.369083747018723,-2.2304736201858666,-1.0154764322795697,-2.3290061661353314,1.7094796368310892,-0.13407254107046274,0.4129062508715736,0.818154622647608,2.1355085199293575,0.10411719371282552,-0.48111300674577184,1.5279065581441165,3.907021346542963,-0.5868671424613007,0.1636310851809373,0.292608560447463,-2.1230467827074544,0.5813074373151564,-2.084312576051705,-3.1872963397761547,2.1280918012375594,0.0584720496831319,0.4407641010563206,-0.8421817272980663,2.2620017254433633,0.9247634214442648,2.144288456387662,-0.5238576727463822,-2.1192087689649224,-0.5990619794249455,0.3697511671275496,0.2882697331266629,-1.7192251559410963,-2.4129404051453536,-0.1556439442915882,0.9339369261616834,0.06856451257162346,-0.24825453699649833,0.29759829068815546,0.3734045290057907,-0.5608341318821377,-1.8669982596452241,2
-39.80128513057907,-0.5522527514099504,2.5309873433906604,-2.4664271584231163,1.1933982474992137,-0.07874000514559813,-0.1008071120032006,9.783843326691061,5.240905517074463,0.6051255522459522,-4.291022835661644,2.1252109109814685,1.2123664203325448,4.330067339170757,-0.6920220243734568,0.5792955036453676,-2.2507582544732028,-1.5124277949725558,0.1915274200535878,3.020407088885314,1.3221915893212244,0.35997952659049487,-1.23441260077015,-1.6156691138025623,0.3888039766216326,-0.24768028019669733,0.7199756643795494,0.22101395170676888,-3.6421095370295022,-3.2166401845220824,-2.512947159656502,-1.5592831895540704,-1.978000675245626,0.3378200050668819,-2.727819013161139,0.3814225997043742,0.7399729321098965,-0.7660394689157394,-0.7418039698506277,-1.5204839488484168,-1.3025752211386397,-1.4111257071937229,-0.7610427261367786,-2.793840270523912,-1.0201682433959172,-1.928314655071042,-3.238097328243538,2.6908920415159163,-1.1211329083644115,1.3892281480906792,0.7972550846119593,-0.01203558685820474,0.42923307455706555,-1.8419450112380846,1.3483678005116488,2
38.270090788687924,1.330114718503219,7.531245243692703,0.6953740710790635,-0.6564737895409821,-0.3020193771745165,5.82848170867985,1.5374743285744654,9.987160288556261,0.4882265456920364,-5.880622735680554,2.923691144036843,-2.7310622204860913,-4.277052695665495,2.6566356539461715,-0.2689087880586085,1.1636546692618102,0.7696750767282046,-0.02505920496079481,-0.9560482917472884,-1.477821752663695,-1.5437173131721533,-1.5142634443458398,-0.22023763129840052,-0.43013535602435954,0.47958629588551976,-0.8340257615950268,1.4064835290443838,2.2367135156150026,1.3552312174847432,1.508405832473865,1.9072640617278596,-1.8848504717118022,0.7132486549124879,0.1557311866710912,1.489984516516784,2.3595213167265365,-0.2930121681657637,-0.19813269860787425,-1.5209530600880412,-2.3879547833358656,-1.8936882745193715,0.25160486173387614,0.6994649953415013,0.6620539515759665,1.3133553605395587,2.3043428865875186,-0.3336152220675981,-0.16995802330178483,1.3930248359899096,-0.6295857780437798,0.3059625748640175,-1.3001860854507186,-0.43240009042040156,-2.0900001834617195,2
63.100671019380364,1.4605349614778735,-4.694864443877822,-0.6027425059073586,2.3449712840950494,1.065664524509988,5.55712360937887,1.0905491365710138,11.93799625724292,4.27953676424568,-3.78620402630874,4.711615205052376,-4.941237970435189,-2.188205477396293,1.4603627251683107,1.1630677371015274,-1.5390227819961184,4.417455880995076,-1.2151606400706578,-1.6986294256951386,-0.3047901804445059,-0.4916644487726032,-2.126832615998058,-0.46523498279404796,-2.1923822386100023,1.2813331811148831,0.9899727654781026,1.5459677653868675,2.284044077357298,0.5352817286732755,0.9089416117892465,2.665617823322169,-2.945161356886207,0.826282635086193,2.0366387953454295,0.8471164223786349,-0.5712501701312559,-1.070503463624829,-2.3897535024812644,-0.7210619213870496,-2.9752112562796533,-1.5954259665905308,-1.338523360745603,2.132638216745741,1.5885506319329474,2.663165857025028,2.563163721827679,0.33603817770683536,-0.5136403923091373,0.12664782538527575,-0.5711861779694624,0.9434328477624958,-1.7638535166231595,-0.40377181420674374,-1.2206740381798482,2
55.66947916290122,-4.302652142132816,2.122317450970575,0.8953026245287216,1.0207435918517258,-0.024604408015675053,6.103575236631291,1.7062586284761831,11.766394226540248,2.39097894592621,-4.0182541729768975,4.307760798778067,-4.170372652625875,-3.3345910983820564,2.2634264847311885,-0.17416085366804335,-0.05733394385156873,3.2090610585977672,-0.5064352393534541,-1.230338295862169,-0.9780339623604941,-1.0342512749925592,-1.5147190472211294,-0.5991734565365597,-2.0289738138719597,0.6236881146517362,0.6958869413935957,1.8589756017355274,2.128466392637277,1.3722968094028283,1.5944582194528263,2.774207468798311,-1.6345569368862214,0.7637257137187295,0.916399882038983,1.2857183851449554,1.1805301461960245,-0.800113623950531,-1.3020989114374635,-1.4720650462635714,-3.0176860022718377,-1.5436955261381413,-0.47421447610229694,1.255210002097433,1.3123731241704348,2.0624128193806706,2.5855294488471334,-0.22249884242023818,-0.7250700750852258,0.5553785463628579,-0.641795425298321,1.0128851553312601,-1.6138344865269878,-0.6781843565600111,-1.6521965113081223,2
44.9879907836781,-6.262154133414196,-8.272404060649574,-5.0880180249536595,3.057852509160595,1.769200022427358,3.7987343672412823,-0.13212578302384206,10.411101741287986,5.653204879815524,-2.0390128936739336,3.882764558741841,-2.7072751224503104,-0.7093031069111763,-0.5304355073754771,1.5269887951547079,-1.8846747412636393,5.4743313541986085,-0.010300459250512891,-2.257582530974835,-0.032010900942808465,-1.2248179248494515,-1.8472695671013466,-0.5108700891967559,-2.37141065274631,1.4382231921008344,1.8713235700172608,1.2891733616081842,1.8487977157601874,0.5533811212773947,1.2349672770707547,2.0298390487929363,-2.349309827347865,0.3221016337436772,1.6559232068426584,0.7998595992884165,-0.8706118580198623,-1.735681848536641,-3.3315415739604557,-1.143434818029954,-2.7894345180870026,-0.6366913412346829,-2.1691100418527673,2.1218284072710585,1.88801202197265,3.0156502502667615,2.0678409141008736,0.9544019091583242,-1.1981137650890674,0.08260661699245044,-1.2679504574437184,0.5330278159972472,-1.5155775344795996,-0.3851585257985881,-0.9913602478364157,2
52.56972992640204,-8.391263063526976,15.831881834582916,7.506509714479802,-1.9782588398147893,-2.0908261429586235,7.336260785928281,1.379975470730279,11.928507343513804,-1.0570246231616056,-5.724448451085309,3.0558837183683187,0.0704312637879491,-6.347661231044426,1.6060431596873201,-1.8752012161118947,2.35117036786577,0.4200943227282923,2.1524955039837375,-0.02223504556921383,-3.4378465834938066,-3.411393560251585,-0.28517247157153536,-0.2406277296657468,-0.7109456034246333,0.4592917007134271,-0.4725209012327607,1.3852442464790549,4.052276874371075,2.739056189452518,1.382795515254387,1.1454217334845593,-1.8036504172020038,0.22893643854097115,-0.6165783861460445,3.4163450943412026,5.2807741271879935,-1.3665532684636787,-1.066578228710135,-3.109719718447325,-2.468544036639742,-1.3504352084080122,0.4666612751741654,-0.6855695622220346,0.9755609026297722,0.6240162896282666,3.2395769750719827,-0.2994301711051936,-0.9186623983115528,3.366432788038805,-1.0654703337416351,0.3167816923279406,-0.38807300190483784,-0.8396094983893834,-2.1492904671037993,2
58.89214830014004,-16.78204058178044,8.947680957900186,5.145864020834422,-0.5047150730228416,-1.8262740194834686,7.02486125149034,1.5478603221926563,12.724533646306817,0.5850705330342572,-3.9527862390454023,4.142055242949456,-1.2086015056196904,-4.369563437639441,1.6965567535224286,-1.6299982918611426,1.406047914658261,2.5091929844066274,1.7158282890372698,-0.24636094155646107,-2.2649395060716975,-2.5186544976680243,-0.3324698494573688,-0.9927890477440849,-2.238080310023025,0.29333959464854226,1.2446077136300575,2.0165393997672325,2.8295827924951737,2.8525865515458286,2.041556100151081,2.5309033724818764,-0.4437987233526967,-0.07371025876002171,-0.024046412729348984,2.5100631687045927,3.797557964902427,-1.4936097516153821,-1.2815753419102558,-2.8587620809065286,-2.97138075196199,-0.8819021315311627,-0.1763980299854546,0.4502193546489383,1.6807629370031132,1.8862576924057253,3.1566233710948155,-0.4058901180308181,-1.6095332752411167,2.1820311047402385,-1.6950584296928874,1.1141737136709218,-1.015165550941941,-0.9187635624737388,-2.2125676299324564,2
50.637466323246365,-11.351262717470645,-3.311959846067855,-2.3176472364957017,2.120258264734155,0.9045588593014241,4.928097839890548,0.5083462235661526,11.486668152375048,4.185626754984128,-2.2161991622995463,4.269326502238617,-2.529150486621561,-1.3289296724978799,0.25176684389509935,0.6300736727612717,-0.9321325336417661,5.294643135707383,0.2840101491149993,-1.6076352567953753,-0.39872942639903647,-1.3152966122907515,-1.414351578663089,-0.5798117733933289,-2.7957746252622555,0.699940309054423,2.006500060664881,1.5568103454710551,1.9170883928711682,1.348670540513913,1.4526674469611127,2.480295667304751,-1.014824681537777,0.30616280206424473,1.4123169274111025,1.1012411202533898,0.38760184610984916,-1.3981520543641208,-2.5792096858667675,-1.8049670114719956,-2.8414141596890907,-0.5279885691677813,-1.417275147419403,1.6484248727516815,1.8421019405777674,2.732390412963338,2.4270746111792914,0.5149102149839526,-1.35484926859887,0.23804003029687876,-1.3068026922825249,0.8976879007831329,-1.3795697736110863,-0.6197099782902928,-1.1872678172599707,2
23.396741455372844,-15.338842336571146,-14.715432855831061,-8.51583046860201,6.593768880685322,3.7325773101226893,1.412458870436118,0.8956576209371823,7.421608267908923,8.498903192920938,2.264518360013109,2.6215216379587627,-2.3044333053523216,-0.4035191865005536,-3.4496834684086206,3.010513386512665,-1.8581807002865527,6.6165604878031505,1.81451034268198,-3.7401475689846597,0.9116069722867718,-1.1704986834809492,-1.1716927729538673,-0.47341239970582766,-2.74160534988356,3.2210728520100687,3.7242737419303524,2.4935708890846358,1.4739188167382353,0.6317901853777285,4.0494393648309766,0.4977310116998298,-2.1736617400166676,1.0063918651081847,0.7519156411200362,0.07274237182972483,-3.1382969990131593,-2.9696563011555077,-5.316016483651331,0.008410261192628717,-2.7746974089542062,0.5003984059648403,-1.8924339456769137,2.0081417005659623,1.8098180925516245,2.3150046111118905,0.7508505184688796,1.0618870301373353,-3.297156792235204,-0.4128904773082742,-0.8724933964172414,1.2918048276723737,-1.8442424333021508,-0.8479714808549802,-0.02371624654880132,2
50.8295580870661,-21.501058977384968,1.974199272544346,0.8023793040112284,1.3727904353331117,-0.8414779931924012,5.749474833059489,1.646996974880777,12.03545619303393,2.7344539486107133,-1.7548435889839602,4.441597840040807,-1.9169370364038216,-2.097080606097829,1.0873066900361854,-0.7097049600023242,0.3974717679989926,4.50985004877067,1.2193325519841123,-0.9085129220686107,-1.0625532572688758,-1.8372753977411334,-0.4536130100140097,-0.9000923831423491,-3.086692450956396,0.24614649914184528,2.3073297497110223,2.201622422132802,1.912138157872575,2.3061734928147266,2.6309943646236262,2.6367338502896676,0.8025920749388549,-0.02969809417008641,0.11423750434762411,1.5670066451326319,1.8837439255751343,-1.1366985428365657,-1.9913198098895584,-2.4910660587656395,-2.9212957406978175,-0.21321190263068227,-0.7446343228603024,0.8671938574953638,2.078990340904722,2.2426533265026674,2.633870811912262,0.2769140967436037,-1.8035819150587828,0.7804414068647048,-1.5299453515190766,1.4889913015915952,-1.4610157467426512,-1.1289823898302496,-1.476387576917574,2
39.73444525197299,-35.74579862112824,10.82515642990927,6.7955850149266785,0.7585079596926991,-6.244011261973233,7.800834537746687,3.295203801923781,12.326421200794996,-0.37563578755516036,-0.14239419787785024,3.55024343068705,-1.5867318702005353,-4.755512049294194,2.6843557680762324,-3.328270836147385,1.7241865911913923,2.994981480991545,2.6658624151667194,0.6053819434016006,-3.7191831503638113,-2.7537352971589724,0.860268603790855,-1.5675662205152783,-2.631115957406513,0.7338105920691524,2.6056685560498307,3.6668609121982763,2.0670124341195635,2.4214457201429713,3.834112077031996,1.6997234582470557,2.9762811894990473,2.000973510045074,0.05539829987564409,2.321036953237918,4.008649937476584,-1.1413485895277926,0.3050986837351562,-1.5677099079792787,-1.5481994692035297,-0.08973602902546088,1.5942022661252828,-1.8463143625834624,1.0438745802320837,1.0445293310820687,2.2668644621074865,-0.42880614535456324,-1.8267289112093945,1.9373123226485487,-0.5614056942512339,1.3203071114824312,-1.2175035762725421,-1.314013304231946,-2.417043858990714,2
19.476183000413446,-30.02099259910782,21.58344213740662,8.609773327376125,-1.1182421874058772,-8.046725462808597,6.95512755119213,2.129255672188231,4.9094943108629225,-0.4516339154078645,0.2838828367249035,0.9699447990294688,-0.805789065242537,-5.341004544022782,2.7575657269799505,-4.354359936981402,2.6307232705978083,0.4594055817444601,0.4513387511452351,2.8360526435244378,-7.972101530601293,-4.2704426678553205,1.3701850189502922,-1.1799598204994037,-2.0654103848030245,1.7203957283234956,2.263759494738438,2.6980290817714474,3.5298317544588214,1.3732399839454368,1.554136213347647,-1.494409693358392,2.026822713285994,3.030504033824433,2.1142102830386156,4.339964559951251,5.458332409432088,-1.97201465564548,-0.6509630615717763,-0.8902354660993831,-1.161387757046463,-1.343642821144959,3.170303422866573,-5.483266046968915,-0.5472019589298889,-1.2028819078606678,0.6162798085760096,-0.4740897640412338,-3.2059419899981902,2.377438804826662,1.4193543261597716,0.475446292649019,1.625358036050741,-1.923174146389879,-1.1295540449017178,2
-26.695608412941876,-16.991508239907443,15.999590988811843,-0.9102802843365932,2.1465152810702643,-4.707727383696535,3.7338858059534563,-1.4989960249132874,-1.157257681196412,3.5510077122900348,6.111006770261382,1.2539333914199189,-1.982746934729724,-1.0752837959988475,0.20519582511349801,-3.0568885962218935,-0.7612449722203668,-0.6358978254910163,-2.9220801403467442,3.418930726766102,1.972678689939686,-2.780734350127685,1.8721906158174149,0.10860019757673024,2.261140136229864,-0.6124664653876875,-0.4409158991024675,-0.7945991465239076,2.65967096506159,0.3485876568416139,-0.8513885403184583,-1.8267651902687136,1.8917540288860215,2.1891733359203505,-0.8494536014816366,2.699110962602114,-0.5960549237592413,0.4268968679622226,-0.165120511479027,-0.9368993375231709,0.8365022342895541,-3.289367315874979,0.4239718435237702,-0.12167851743086774,0.922397523956593,0.8880329771085336,0.4251503574390809,1.2669434200175491,-1.3856997666417432,1.0648924714966397,-0.45991902743581325,-1.8139423328488369,2.906935928370429,-0.7327930373924837,-1.4680881849194467,2
38.488357900612144,-34.353045899036395,-9.834908892903435,-1.4514520989339599,7.097054608623019,1.4225405980733177,2.035073250778187,3.0730235499619862,9.150203699110344,6.193787226954598,3.503557949777686,5.02100609455763,-2.9179849855835074,-0.3352871910778665,-2.4353592799908617,0.9471030647674741,-1.0275560140642028,6.613419551253332,1.8312066263102231,-2.658966006129422,1.3543161008167361,-0.22154545853532134,-0.7088411344122685,-0.25771707223169016,-3.507538382290659,2.3867485258906482,5.941254736142894,3.6988012087465303,1.8040528595376795,2.8029705086162218,6.220153844665292,0.8417541782170258,-0.25298738736691,2.9997315298970375,-0.2751913018391022,0.9635466359326633,-1.2750655233185306,-2.630159580679205,-4.1133179604266985,-1.6566667703028872,-1.6662224482370478,0.40589044466051527,-1.0405263637731832,1.8966651495452918,2.729856913855987,2.540151038970043,0.43662221076641133,1.3300601985363874,-4.963580769993672,-0.9629666485671383,-0.5685884845575558,0.9945707723183554,-1.5242766005945152,-1.9366979172630965,0.5117184597046037,2
36.90186074922572,-49.6037317801126,-0.8988776902921075,7.607988041955894,5.766116164186128,-4.9194892476422885,4.6540837661517385,4.729017654946823,9.861815743387382,1.8645933414025173,3.1056750147074537,5.6664835297314085,-1.6875315821199504,-0.3239010376780592,-0.9947718460503501,-2.2624850722313883,0.6118548473763638,5.300578393958804,3.438973893607893,-0.847841968507887,-0.6796077705378325,0.051611000216434416,0.7253388614508506,-0.9771407486862597,-2.7988155454724586,1.920261336066731,6.601590430016332,4.324202105398929,1.973367719680298,3.6772212864844045,6.319659220938499,0.08377867539568862,2.3833590174328254,3.5559205507319427,-0.732853641376649,2.2338184620852606,1.1799759846307156,-2.8402549447297876,-1.1145164910453416,-1.926243247765088,-0.30255084791333137,-1.0842754074107335,1.0295682153101517,0.5920341967217461,2.764644022623257,2.73698457611345,-0.444729679324034,0.273099480620721,-5.494565906034203,-0.272851451256991,0.40555786987752046,-0.37957850059113485,-0.32737682603546614,-1.7066310758769596,-0.44112120560219836,2
12.675368530189614,-35.78430592429869,-13.383991497015776,-4.409755256878468,6.488941419683689,7.546771359354095,-0.2495153403053615,4.595672664328982,5.878749691431908,6.271012609754607,2.1449376347492137,3.249325986192843,-1.0210065967331745,1.1718551384456344,-6.686853364841423,-0.2976698821650954,-0.2744030702904012,6.019718439781645,2.8373877563808203,-3.7701055517839004,0.4774702107084451,0.8787252099089694,1.2150858056379636,-1.313801853542784,-6.21412342552985,1.915977258491652,4.692095156112094,2.8698832375372665,0.19712739219352896,2.439295580944802,4.77831475385995,-0.4127859039170607,-2.1596707311059156,0.8825644698700084,-1.4556343103498228,-0.27337644668973643,-2.843476965463694,-3.3395476947538807,-3.443865793772457,0.5499844589270588,-1.7633459921737409,1.0953323109960367,-0.45796416715283905,1.9966100335879486,3.261576597366647,3.8011583071066934,0.7321370034444156,0.5371600700173704,-3.8288864127400193,-1.8169235544563187,1.3543100394256535,-0.957490735445994,-1.7075858425068446,-1.094380337167299,2.05002425817536,2
18.78090260779617,-49.71603603158246,10.054386406070819,13.622211181447028,2.2822068243388696,-11.406047406975025,7.72572216427732,1.5055966533186336,5.255080316838783,-0.42703919169933185,2.0042103868858376,4.161708646517608,-0.3189282340535324,-0.5717963503536503,1.0152879015287208,-2.3976476056435394,0.7717278720310593,3.4166508698947515,3.3345020931220803,1.6930806343527,-4.621172813687953,-0.821840175204479,1.162954500116568,-2.2112838962073376,-1.5671527920881694,2.129904498607771,6.386301730959223,3.8535396396496733,3.256656390440847,2.727092347436011,3.259818263184887,-0.49720916811384647,3.622249119076548,4.045442930112889,1.5583618888047859,3.6156115668641213,5.085809062069655,-2.476398687208514,1.419870247578721,-1.7823511661155993,0.8579085235901006,-2.4473020771667513,2.4700804296468624,-1.210533280644794,2.031315595213255,3.0445083987472246,-1.4151371980146112,0.6134434801355955,-3.347991557347962,0.9189074765157342,0.9031458648588233,-1.3271976110968395,0.6939395641968492,-1.9003126050044739,-1.4505890693800954,2
15.562529949664274,-46.428465230557435,-8.494945517952903,4.899215377133616,4.9995715669278455,3.1956191132742107,2.1656117885895037,4.473592426091572,6.025485680062511,3.870073378191352,1.438869142020945,4.982455528662954,0.5814369716895182,2.6023807573068622,-4.609732474809857,-1.0150044305362727,-0.08161551828778497,6.584914713760066,2.6537884623013457,-2.281172514706876,-0.6147623597358312,1.0821993064709674,2.0062982279914494,-0.5292182234966297,-4.838862419167439,1.5582810763659012,4.742839959345664,4.02231402294194,0.5523104905358225,3.4070042603382786,4.557163501020594,-0.7681310808206585,0.4739653451117526,2.1772474341334167,-0.1936514029595008,0.7625711219320068,0.8735053271020542,-1.55835872316076,-2.4120923935702323,-0.6656873265172337,0.017174190565098835,0.19265233770193566,-0.33870185466958674,0.7613995616062117,2.951714464713229,4.806441030549689,-0.03758300688123934,-0.07893153764653749,-3.5049384551348703,-1.4699983912496337,1.722013195403659,-1.1725546266515463,-0.858349633196285,-1.0990003076474844,0.8896016673365172,2
7.430183755932477,-48.36575010856644,-1.354481138008554,13.621182273410703,2.509912588446139,-2.182074129446005,5.897525912578042,-0.4074060624053893,3.716263243153419,-0.1613493036466501,0.638917483074241,5.797657811299381,1.2798811114342028,2.247184249062425,-2.5586300167906897,-0.8057776858194032,-0.54615325335172,4.325455343115315,2.616156751016895,-0.3567141893268033,-2.5460264896015894,0.3998682938275203,2.29358898737573,-1.1932607356488292,-4.492153490182836,0.4655524164111007,6.329689784048361,4.957198508343885,1.9889128327502652,2.8979423000899174,2.6900341505075787,0.019995629249395238,3.4865506506907002,3.0701753957295708,-0.01947553395555728,1.375239585236755,3.457242326763215,-1.7303745863842421,-0.2429718703720194,-1.8675606938040386,1.3039047792241252,-1.066382443322241,0.2967401270357829,-0.7513148661906413,2.391540384036144,4.793985012950803,-0.673837393996745,-0.12816919679412234,-3.1420847367133202,-0.9149561702460404,1.474171985712502,-1.6187136540964178,0.4787026542036777,-1.3980800195805991,-2.2689801324203622,2
-10.704270152527261,-33.362158791754815,15.04873472993532,8.926906210673625,0.8120607337350666,-11.015266593757405,9.845102547694536,-5.249449290780325,-1.059751627887883,-0.0392766316697223,4.960420550335121,3.7141072943369338,0.03506412866862774,-0.24358575199414467,0.8314750075127683,-1.2567805279990838,-1.8496102640157335,0.08640537325053686,-1.3082725994321136,4.142387666115052,-3.9186526398077195,-2.643551531869362,1.0669641030976857,-3.100874699096352,1.2504099338794292,0.1537151481292426,2.563677581329707,0.4622827185621264,3.022096070513183,1.5785575672143082,-2.252442745572391,-1.2747858784546167,3.114568696505135,2.973109394862472,0.9577028864080289,4.603531376066495,2.7531139222447614,-1.852125780295169,1.5893020654629202,0.03911512066138688,0.6933813926739373,-0.5412940502885668,2.219239015448616,-1.604483305953459,1.0325735971287453,0.20048932975590697,-0.36220582075756874,2.827049358846281,-1.4266206581043308,0.8945601151891611,0.39884661313349795,-2.092343829876671,3.9445969163717804,-0.8009332274692513,-1.8464171861222936,2
-8.18513826899912,-34.73650866171439,-11.218171224377526,-0.6148871309194066,2.4736523169405085,8.488072909305263,0.3879421959093294,3.362604166049004,3.9900384742568753,3.7190170975582166,0.08700481883172365,3.27748156871499,1.1028664080130093,2.4141715570428084,-4.870931560887111,-1.0998427648824562,-0.2416522407229312,5.907322183368871,3.2156821159028603,-3.511012148580877,0.6492927769034558,1.7667567018126682,1.893211394689556,-0.4368104052799257,-6.157459568795359,0.8857018266064267,2.163488629486571,2.7547309349737925,0.7849225891075509,2.4448036021649595,2.544392590682153,-0.2219726372533876,0.09520909579217685,0.5260295897670444,-1.2244614333752557,0.2686610996872559,-0.365406416788643,-1.1847814348171877,-2.469000758498174,-0.17932092159787968,-0.018337805461887836,0.9972600906741526,-0.8071970128550168,0.7961582383141546,2.242731272939412,4.3064300784385185,0.42269723969100004,0.09489655762005994,-2.4670724586398536,-1.659889460390655,1.7681812054048671,-1.4186812034604033,-1.4633584663433319,-0.7420318791132394,0.5759968155680336,2
-8.765138274614038,-40.100505203783555,7.144417697189249,15.724410709513371,0.11197956621538645,-7.072591038718762,11.096871573593678,-8.56066811008988,-0.3248768715336623,-2.5124041152857512,1.985616573942471,5.818033711757464,0.5216235647999109,1.5585579754153236,-0.05668616558018959,0.42892085836457344,-3.598991738519905,0.915533155245617,0.5820872080290161,1.7217372853218549,-4.462346388046321,-0.2687916748929502,0.5455321056362314,-3.607583877573545,-2.5141492222490407,0.02664985540985969,6.013501523901204,3.796831637408052,1.6323574660954792,1.3456562920555661,-0.48557065938749344,-0.5530272752522927,2.9728383608260724,2.8828040162715496,0.6982605388099058,2.466664103546452,5.346382683848002,-1.9530696924809772,2.016186125013026,-0.7234370788478985,0.39405358679570507,-0.709321569054863,1.01662615074844,-2.663863442669157,2.4041722630675775,2.0930566460019486,-0.8125552772757366,1.8734081712112467,-1.6260306749894484,0.017264544913522063,0.6941046152351015,-2.1301114928856624,3.48740807562416,-1.4837280751852047,-3.1598466139754233,2
-10.638560213729027,-38.233274823436865,-8.977502396892895,7.21678838477858,0.9601733472661267,7.165018069280395,2.6683443730895022,-0.5587091748968653,2.401204303058149,1.4927260365743409,-0.4979443021313558,4.381430152687572,1.633155566377371,1.9229340348131907,-3.1863456667517207,-1.1868914413479255,-0.716852057125384,5.047150738089892,3.0243235374393187,-2.679907125086466,-0.19934246006685716,2.103406678808572,2.0745379541496565,-0.6432597221916925,-6.086950563811261,0.15287065480026812,4.075266183429151,4.427754976952204,0.5580568995184776,2.472135826654612,1.569322422820898,0.5526256009700344,1.6808485337661134,1.8647178539523936,-0.3740612485020929,0.8109194321183086,1.5835502326267379,-0.3018669773694738,-1.1643812903247928,-2.044164369139363,0.8167046535824478,0.6173592382857087,-0.7915841432017467,-0.3432389126006555,2.010128703976595,5.212827875761826,0.5669568991194078,-0.4138676905240316,-2.0374991096326296,-0.9636265495029246,2.301783072260044,-1.556736156152085,0.05698857449826135,-1.1362446084313735,-1.386066177243058,2
-18.81326898095694,-35.841557010537876,-2.5953335519755325,12.977276109658321,-0.22854849508854883,3.623852002073244,6.950764990279643,-9.384140428542205,0.2641038780989235,-0.9137446235831842,-0.2975489646404185,4.971548419763405,1.6680514097626866,1.496365096875009,-0.45989063759764576,0.017806700018553875,-3.4865761272562104,2.2623215075908556,1.5787166828522512,-0.788763330438484,-1.837977217068252,1.4167375939240465,1.2660278653012602,-1.7270132520683583,-5.242779366283152,-0.7725323704358291,6.17368896886296,5.097307547588123,-0.8597569340774318,0.6789962247102914,0.6026998910156425,0.47344148563067817,1.1857168684056405,1.9885742688393029,-0.1466372933248339,0.7955512004339182,3.923923550489462,1.6345264643141324,0.6128171188330988,-2.4945177154435747,-0.9272213518193153,-1.8725361944288923,-0.08490602134094848,-1.7212301609065253,2.270638961102649,4.463288000271022,-0.1233611665787424,-0.392889658866366,-1.2156695559336161,-0.40882343004095195,2.240978936805597,-1.0857546156062787,3.060670189219989,-0.6220479633257573,-3.5471506488117606,2
-33.17075665612571,-23.27605546687532,4.770845671381647,4.83137582746747,0.09192251325862406,0.14986193023641106,9.243118913329017,-13.55850777164006,-0.18250360558901682,1.1863857251341192,-0.10394437430138115,4.9307138364150465,0.5061825151834384,2.9585919593314496,0.14093877375674416,0.6889441050223629,-4.005534477401863,-0.27816656226509673,1.2157186387195538,2.6535649881656687,-0.45818449861737903,0.19694014260260423,-1.0169113586267935,-2.588596765629644,-5.692801440922613,-1.4400562006058863,3.8805496061430755,1.3747681520631114,-2.427569888585161,1.0686603399564558,0.3508949985456904,-2.8463377983528924,-1.1659273875201688,0.7094962180971429,-1.8125459884791952,1.5877770884132603,3.0533264513454723,1.7821365010645496,0.5063782083673107,0.34345549898741856,-0.45227494859303274,-0.7678124225764029,-0.1972009584409606,0.15418206305225288,2.679773980239343,-0.5585164322120256,1.6212412016300737,-1.004547522370919,1.222959636185677,-2.54980143345971,0.32307739915074785,1.1875042161638507,3.3976360352350192,-0.17628141417526927,-3.3720867877382763,2
-37.33616599457889,-16.738194184805565,5.99909352286177,-3.7002221925467205,0.8960952300409527,-1.2412665103201523,6.651400328241605,-8.799152560916973,1.3776021358213402,1.5280186006907888,-0.23210270830113772,3.814739269681052,1.276592832299081,3.2454573959241375,-0.8350994134972565,0.45935238294174774,0.36680179986320266,-1.6587501016937265,0.48976306859475727,4.8785970703793415,-1.5055852517488522,-2.0083552862539413,-0.8549999019551483,-0.32855764331699255,-2.9331856512434165,-0.5656992327434731,1.0547649820143634,-1.679717601319005,-1.1179500635051105,1.9080411823657066,0.6068723355964613,-2.8782366367185723,0.856524081049752,0.9031355655058797,-2.37894313022928,2.0122478319104933,1.0553654839435465,-0.8629496722905268,0.23123353063483937,1.8918892095467548,3.16395356258668,-0.772032278733912,0.3707506509563157,1.1806531186595277,1.2730981807496198,-1.7849538640803113,0.3323066653538956,0.2449867796940815,1.2023637739659456,-0.9319286918577016,-1.4611521702048498,2.159884020679344,2.3456694101208164,-0.9263274148608114,-1.5846824534707928,2
-42.68679230730966,-10.23316523893815,3.6616846567819503,-10.84172790332417,0.7304239148296173,0.8437870076620465,2.6868519653011926,-2.7943322703965947,1.4582840058234783,0.5367550684565124,-2.0244738720740454,0.3178347803157061,0.6606324939652263,1.7160568915060255,-0.4805547188345996,0.21950858835335552,2.182140926973857,-0.8190974516955268,0.907587797479549,1.3812449025977929,-0.2494359699580754,-1.5533941178886113,0.3822475232475383,0.9713478857143261,-0.7114356040556528,-0.3211378326863416,0.6528345108969663,-0.03731200845168477,0.46385742165924493,-0.3051046029471206,1.5794554620970116,-0.8205335733786687,0.5477730204403317,0.5572783272565666,-0.5592249917975567,-0.7601508824588143,0.47722740807895253,-0.09798797580500034,-0.20554764826501276,-0.3045607925110409,1.4673126637663543,-0.12840003998915453,-0.49393414065201374,0.07774971690497491,-0.10287400246330677,-0.2221887645154944,-0.1552308349875987,0.35538909154388165,-0.31942826811777975,-0.0943553914877557,-1.1485034768926223,0.5178920934277058,0.31036692251093,0.2528438577826322,-0.4032622977726251,2
-31.10135066217275,-24.4519032638743,-7.162775472805896,2.312642471747451,-1.7120224813068765,10.938848464664538,1.7808372456486454,-6.134873380710575,1.6894825785235406,2.5857092433880022,-1.4743710415531113,1.3331970361272107,2.097104121502749,0.6052131453812345,0.22141168058100966,-3.174145781097644,-1.288670749769823,3.6828106659423026,3.3894987980461537,-0.3752867527349293,0.36775565193489934,3.1417584227004345,0.35759757728958086,-0.12964349405929737,-4.918193974517762,1.1590532918654248,2.641979683818062,1.96739866774388,-0.4394991502052183,-0.22051957748697795,0.5693440367114634,1.380113904484084,-0.23218588765352013,1.5147407697949065,-0.6924774249920091,1.1936045533641049,2.2528633978069643,0.6641814576998833,0.683574285715286,-1.5599267119903935,-1.1810815402310735,-0.26965296406181694,1.5737844732086932,-0.9122646329090395,2.8153567632423253,4.291119235534363,0.5205585816286125,-0.25914171038225503,0.29782012984176337,2.2408391108439143,2.4174273909363895,0.7252332951659635,1.0197341150883945,-1.214731468897935,-1.7937090918403984,2
-39.738723451828996,-16.177762821327818,0.288835687822723,-3.630136682303657,-0.6364408625415046,4.997460448701109,3.843099622952713,-8.026129506421604,1.961224864251868,1.6173195715107873,-1.9572281039390886,1.2272958304945858,1.5136628321822183,1.6964360155004454,0.8661350587806343,-1.0728592201462728,0.09947672123916582,0.613850070050871,2.866678494952969,2.1830732998497746,1.2239881011850828,1.2434454911868298,0.1224275961831253,-1.0249721199138748,-4.304215730440708,-0.3818543727766567,2.643222244630364,0.13131604229414912,-1.342360942105579,-0.5731270007968374,1.8312391626265674,-1.320793856121867,-0.6299413126151473,1.7428175891913305,-0.4405898337307413,0.4913244406883204,2.684914541903769,1.1815668445061454,0.4847989221020858,-0.4610235394863178,-0.34552053257329624,-1.5402302987537584,0.14358836916407983,-0.9815927108464451,2.1200194962474797,1.4149610942698811,1.3147243785264635,-0.6714509305443974,0.8779851005678513,1.6144737661578215,0.5479899329146933,2.645406817037668,3.3527059851860987,0.510768657695657,-2.2317313128648046,2
-42.52691812307108,-10.10688911120565,2.83149587935597,-10.761762047455678,0.4408829583903391,1.3936688682641278,2.7740883035488895,-2.7343248639066364,1.6987293405586943,0.3513105571947396,-2.8574887736257137,-0.0725068550034111,-0.06937014887150916,1.982066341920111,0.07371336521667854,0.3219669947485967,2.8418482685239166,-0.578741638527312,1.3609357019880683,0.913421670917362,0.2931322299453551,-0.9622369576751205,0.7010126233956266,0.6582531548887671,-1.3626693459647288,-0.484840234385703,1.3170719552098844,-0.14643129350954295,0.22326624074486673,-1.2878797751620419,2.11464964142315,-1.2227982134286137,0.15461007209019817,0.4581503566792264,0.246440970753182,-1.1216326639717418,1.2685865375078273,0.2583789506214534,-0.24381322862604954,-0.45787028232924076,0.4389609524105258,0.050464449896657396,-0.9041867932079867,-0.3148589446461888,-0.5101767522641723,-0.36566544401223455,0.18998684703376398,0.1922707869114141,-0.20481478539645853,0.289499057485887,-1.4409347172427436,0.7075038143233693,0.5830176170750558,1.2687272518343886,-0.23039769193993279,2
15.517271489114341,2.044050987382396,-2.6363447590352616,-2.661834305160857,6.654567531059288,2.8765210957338767,3.2389311028560877,2.0006851920638313,-0.09902777457834873,-2.001349832269448,0.29187816160464763,-1.8523968215010005,0.028858931057958264,-0.5866421890639352,1.8381038948868025,-1.1218621928789698,1.6199997530266304,-1.4457655456457565,2.106357917809307,1.3057975616661803,-2.6101919047054083,0.9676534599554447,3.737865095262788,-1.0826924228168795,1.125529012138557,-0.12631686768909092,0.29974473120904854,-1.5521533841902522,-1.073730103046929,1.6451355415898874,-1.0405691651942097,1.4508431345421198,-1.1500352268220804,-0.12181850104825558,0.19863865165800307,-0.6465206969445628,-1.433294862505605,-0.843246671287929,0.38540366141535626,0.611309783449633,1.6967936908564865,-0.19331856384716334,-1.0364834958262115,-0.18624060259166833,-0.2859987443357938,1.1063066255836234,0.7211667304387205,-0.7773883351114311,0.24954201804926954,-0.8207609310442621,-0.35867019919740273,-0.1651250368946911,0.2728960506529305,-1.6609162731800922,-0.3395540684503715,3
16.462891771070204,2.3506983871114002,4.491207090886355,-1.0482550990104627,6.202660275547772,2.920595766729347,3.9238032139932573,2.053342596199718,0.41411372358541326,-3.4775405102017745,1.7035562198524146,-6.5201596428429545,-1.1981638552876095,2.479231035420539,-0.7193607082838244,0.11116599463844792,2.2621787798291426,-1.0965829070000122,2.6768381937433423,0.8102169653517549,-3.566095698741701,-1.8932361875214878,3.102284816831206,-0.3434384192131468,0.29710716386656055,0.7926732468104706,-0.7208580484606065,-2.131741483775103,-2.0921901470530373,1.0975098026188626,0.2492895958834106,3.079467260045378,-0.5089618098282512,-0.9287008483468546,0.5335988697745179,-1.1716885156917525,-1.508909997116716,0.010594543056829322,0.057578532240236895,1.3588124122417495,1.3226413994607595,-0.33059065799343396,-0.8575735238826055,0.2510147012835244,-0.49643880341958946,1.1913160249809867,0.23234917214518858,-0.33530438358687553,-0.06921929247164331,-0.7743418846759591,-0.4847122421498674,0.058760210035751666,0.4627124416422864,-2.0654114552883143,0.4679136674723171,3
12.917458910462543,0.6475597272802487,13.945111013301469,1.0251243649211537,5.674785005783094,3.5160072143066086,4.826778670242991,2.1520540178913006,-2.5396857725771835,-1.9557807835539263,3.8190965745567143,-10.824081425119815,0.14714717871350344,6.218387003959537,-2.5651232867709197,0.5110802088477592,2.3435275883345885,-1.7379670131440244,3.9582639757009246,0.302795300004234,-2.592409799381797,-3.7350771486362278,1.3130771556399268,0.5814253733858938,0.0073999250350084,2.5639665688600264,-0.8060017707546627,0.1777511694488796,-2.219955822726954,0.21464886300830827,2.800285258478208,2.309039372467344,0.054734330353105244,-0.5659141285556392,0.5102038454574921,-2.311802119076099,-0.464668262861513,0.2109929155577596,-0.3641418623545465,1.3729249934966334,-0.3199393758267117,1.282330983408774,0.03940368874823521,0.9018801214463301,-0.22320824211017404,1.9478829641168347,-0.6213537171076455,1.1432522915343932,-1.5158426617316398,-0.5960878862526291,-1.608286148362736,0.23053291654247116,0.007451709277004144,-1.7131349698708418,-0.4615930271071413,3
-37.73249757195451,-7.618743242126602,9.453679531064402,-8.564539038966487,1.2770773174713919,1.5316491888716195,1.8694890835984577,0.160604162987885,-0.7539975177424856,2.1876714811478193,2.6546511050919044,-0.9918068109695423,-1.7626256702138867,1.7609626738594308,0.31893358353655693,-3.456587923773433,-1.2129095452353837,1.3940466241572793,1.4738267169749193,-2.4858163330228114,2.4402417533689746,-0.6230729210659204,1.0629554522961076,2.0076929884586914,1.7211971734722615,-0.7856996950505968,1.1237002092694084,0.5629205901600792,2.1344356574374164,0.6648044321071374,-0.0027809660862172457,0.8133269514907315,0.14260174729724287,-0.623153405877504,1.0935737573792004,-0.25170981772476325,0.14720076081314787,-0.02904407202401498,-0.7409980927543717,-1.4058859015496372,-0.5820607567842102,-0.8181759241579608,-1.0716311763311437,0.5047043606519013,0.459613355884905,0.9343767095393837,-1.1224375917312535,0.040616856179546516,-0.08863157589659963,0.35756770769998225,0.7745994030078357,-0.45300330468220906,-0.45994905515420703,0.013473556005298567,-0.007334833636042306,3
9.896916339562482,0.7089737484295885,-7.45814216614531,-4.350700740121389,5.636910971443117,2.171314510884336,1.4254980670846324,0.8127049099466387,0.9783097693144582,-3.203847534197576,-0.2926860943266217,0.5263457959495382,1.9239740881197285,-1.9215876774898966,3.558736289651572,-2.14024045971496,1.3363721403636453,-1.5688518000784821,1.9297998832391419,2.03588032768123,-2.4164130759439253,1.827369109600712,4.5790262701736495,-1.832926954216466,2.676238626755867,-0.593230152650105,0.418560134825233,-2.1645545113206275,-0.27109768956852287,2.8245106653296417,-2.6118299819621633,0.2312119540163555,-0.1898250010702802,0.1899774665022613,-0.8558492228904587,-0.1389838879872027,-1.4110904609806207,-1.0755326892761885,0.5161430556419573,0.2197756135468758,0.6424414368609935,-0.13336980940336687,-1.2593881762472414,0.18008925694788777,-1.2831969763526103,0.7530205160483844,1.3514788724695765,-1.2546411388812253,-0.04830488296219477,-0.03057008323410732,-0.5459422694517713,-0.005991416568357257,-0.8171687473394927,-1.3241839221007243,-0.06060349777786464,3
-4.934253650207293,-1.822298351685597,-8.727058426242047,-7.540906744723183,4.359226283111628,1.8720011636727345,0.22125316176679544,-0.2114632197605707,1.2738578599297363,-2.473939527822788,-1.7208782800873783,2.6789806242871403,2.8023314953317073,-2.918578767356778,3.9308933677418723,-2.659904133004162,1.2392543051029516,-1.6963143819892332,1.6802588546249113,1.0851158434374357,-1.0020483974095902,1.8271634101771015,4.35220804944455,-1.2711863454696408,3.129659533094692,-0.6658532835985455,0.5120160264095674,-1.829408965680859,0.05305038047269329,2.361555626729802,-2.1095794859625507,-0.2940286354024629,0.30794368390263993,0.8462851505846807,-1.4296970677951588,0.5078855600151098,-1.1266152716892737,-1.8530153377411422,0.070133571273286,-0.056710880911593584,0.30828200791955046,0.0971428111229236,-0.6676720745619185,0.23978771292257478,-1.0437413541152127,-0.24878899886308367,0.9672876887633076,-1.212099182420622,-0.38532962630493833,0.43538069573231636,-1.0060963693256564,0.04327589946057623,-1.1018437208645417,-0.30166828967525056,-0.5820329168502891,3
18.846623086199354,5.433259285079265,0.9599585271235972,-1.0568033521424878,6.460964853490768,3.2254925467153197,3.8928763567020623,1.03837242867601,1.3099698953084313,-4.252531365445018,0.7681307506310423,-4.0530920936002985,0.17542508714502422,1.2124215672317555,-0.5010387094740996,-1.1069387389386864,0.776357280470674,-0.96300201744887,3.0761768363131226,1.5959988813323007,-2.6450889395767607,-0.12494048549103969,2.886176255913238,-0.5135736164032202,1.2095715360828774,0.538133954741082,-0.15629363788178022,-1.9539611426500003,-1.1760384625103582,1.6446705874086653,-0.2057329035871627,1.8110007189201236,-0.1934902327190422,-0.5253687110703854,0.20157449178414566,-1.026238980122072,-1.5004361312944077,-0.923187180775132,-0.20693959347353882,1.398863827287393,1.434410884937934,-0.6246693373460853,-0.5579872117487297,0.7203096861002035,-1.1817672972371638,1.2105454537599503,0.5971537416187356,-1.1912696664480356,-0.6711822041876723,-0.2685986967776055,-0.5002641333650079,-0.3864020837841845,0.3795527277007608,-2.49045246059071,-0.13756128237834944,3
14.096647136743924,5.835453167677997,-5.435059499084939,-2.935486579493377,6.0830246460596715,2.6217924903471777,2.5525994669394643,0.44642971971834117,1.1789128776581004,-3.764321510457932,-0.20366873983219402,-0.14408361736982858,1.55385600756255,-1.160168878567482,1.7964270217699396,-2.291153173961639,0.4927725213187137,-1.4975005665549732,2.435106471236057,1.8161281404948189,-1.8398070239270259,1.7012157828875374,3.8334152737668665,-1.1271648745887093,2.3621980089833463,-0.37156439131222757,0.13688124336268845,-1.8712230468483324,-0.6005413094314681,2.3347391373787794,-1.3932407208223225,0.4022361791258327,-0.028303755847682327,0.07339528391882652,-0.5973043758366565,-0.11621799776504786,-1.2616561777697464,-1.5781415712439626,-0.04384826637771659,0.7752156713731102,1.0300954365657757,-0.4885306170394053,-0.5983770132470186,0.5753724589915056,-1.175059708575002,0.5382417899930789,1.0950174055278796,-1.538674759444755,-0.5140132618533362,0.346066145636227,-0.7536925733839138,-0.4499275206574323,-0.28537158613870695,-1.7804096625052308,-0.725212086271572,3
19.597104876933617,11.102752172269495,-2.7305953246074632,-1.3594633044153785,6.8879325366184805,2.9295834531729863,3.7011646966273326,0.6913865723719033,1.2052181909661583,-4.016966501761926,0.4726061359913082,-1.6858887649474246,0.8159558703962202,0.11788934527937464,0.7320232276807399,-1.9615210943344061,0.24744906427961863,-1.3354642971880786,2.7731425640434564,1.6987048945413248,-2.6183884940576054,1.2964520389800804,3.3491226222079153,-0.7128350356978261,1.8503648744456682,-0.03919920081219718,-0.11411925552185148,-2.0169055133450335,-0.9403969925049872,2.217686401437627,-0.7783473322908294,0.7729087417153747,-0.11350268592408116,-0.2988413146198179,-0.2636801746273261,-0.6335281795557456,-1.6230614951894753,-1.3332708104099973,-0.15807301031496396,1.183034239012142,1.195766578158655,-0.6474326754032553,-0.6886646506829521,0.5351685029470971,-1.3083237720134033,0.9810871277189043,1.0733212892995116,-1.6119971880657533,-0.6706561633238839,0.28081740301509367,-0.5772929404989431,-0.6034064610738041,0.15549074532819354,-2.360222770588233,-0.7506791007172089,3
8.180547824810645,8.840258368311899,-7.824051681908437,-4.71997630920311,6.408593735014253,1.6968193068292758,1.9497700972614946,0.9035409224061952,0.25892537035769725,-1.8226154579124316,-1.2433303477608362,1.332655050374468,1.1572754470470517,-2.432778224033164,3.320981998407606,-2.1474051427472887,1.056320402361919,-2.02954811103205,2.1097947282962206,1.5558696857937606,-2.6115755402451786,2.401987797315339,4.378909467247086,-0.6684090855197352,2.0880491126649723,-0.6455628327241644,0.4378687742836324,-2.0493441098358844,-0.48414040542135406,2.307679832713171,-2.0318975420038714,-0.5249721361077566,-0.6090047491791267,0.3013110533318926,-0.3026708494443868,0.006472666262903589,-1.7787393411385448,-1.1533253263472145,0.7109813122562001,0.25068933666462895,1.3448718661335413,0.18550233097021965,-1.0458596889437746,-0.5342290740308971,-0.5261231069255856,0.9659255488076588,1.184518190242767,-1.3568748973457303,0.013776958582677917,-0.07594992913941173,-0.3345778865276034,-0.4550866950099383,-0.33117114896405403,-1.0575446994194473,-1.1002948943191662,3
14.57848189512683,11.94583247626071,4.3898531624057915,-0.9812397053633033,6.425916369591551,2.9453628167607793,4.344083903013264,1.8412945132328478,0.12604655094928474,-3.1155890621932176,1.1854460128481485,-6.45143443580124,-1.0630168758949499,2.764147592740839,-0.4345921288639448,0.1946805713801991,1.733752347276392,-1.4116050976141354,2.687631079471561,0.4523814426282925,-3.999779377106702,-1.4342626092778143,2.6680134260934762,0.13774613146561576,0.3804633318433978,0.9881704657586744,-0.8892830441516676,-2.4811205186094205,-2.075172974999464,1.2908742632538381,0.513685827333951,2.357876030170618,-0.5144142695464863,-0.8685048735407959,0.38424162118004923,-1.4496044064628826,-1.9354572033182138,-0.12389370335274728,-0.04736240215414789,1.6218802607126244,1.3227115062073256,-0.33743587544684917,-0.8612114946741192,-0.37416899804928866,-0.4593921891544186,1.2007241953026202,0.539972694677576,-0.4709592538525761,-0.07551277586485038,-0.5028320495968377,-0.5858926938589266,-0.32796170939887154,0.39018076359702747,-1.714410789052323,0.06500453844170845,3
11.674038806635044,16.120792752733095,0.8975114993355299,-2.0561954461351926,6.48684218529259,2.5443998312374174,4.051598523618668,1.494160084608124,-0.03172271666686026,-2.781897596305643,0.3659957902966669,-4.227697004131773,-0.45044830334795133,1.597666598941234,0.586781278491065,-0.37741555505681046,1.1494373598350252,-1.6613460806523253,2.4839724642194163,0.851805051444394,-3.9528878812731443,0.12990179122705633,2.6140257468964756,0.03496395772154813,0.7186470668656851,0.49125137407802955,-0.5955303612466362,-2.3952179604293837,-1.455993975428454,1.6157666453534425,-0.006928944153145313,1.2950013080639426,-0.4394590313635338,-0.7333925549507724,0.16108856685636616,-1.0787442117198027,-1.9812342516683474,-0.6019906269805576,0.11367985001329976,1.3273038186351236,1.367390399878394,-0.24971957162563743,-0.9940641380305638,-0.7125596628187323,-0.6216692700070906,1.3250205799092256,0.9334518752222992,-0.9739411054386498,-0.08903725087291528,-0.23021543789377852,-0.4083062337145516,-0.4625697044276345,0.2701712613235954,-1.6958556276833532,-0.4141115130457026,3
6.01715485262276,13.172707144311685,-5.45846362518406,-4.545984108856019,6.191507101988444,1.6114690726763272,2.6566153168182813,0.869194752716065,0.02946744916932171,-1.9508744080287301,-0.877590013706369,0.06215452381240371,0.9527001852353814,-1.18262591522984,2.4835565558747663,-1.552657497044048,0.9043806946419168,-1.9078738240767141,2.1398115892448133,1.3106089943796515,-2.9503694859178857,1.984255261574289,3.508294969512438,-0.2646215785938933,1.7720273436453322,-0.5257816707729055,0.0686600298277703,-2.042440262124537,-0.6360369359252307,2.1675264304407267,-1.306974789246601,-0.3432128266884112,-0.4226074718783931,-0.13088568862661268,-0.2158538707301262,-0.17819598220974314,-1.769067902085638,-0.9627140775042571,0.6050676914190174,0.4250529395050982,1.3308889427982877,0.0808499066694105,-1.0410334727530082,-0.5794212944971564,-0.581632794544857,1.0347202737154184,1.2164375323413044,-1.3227214969314323,-0.17425260954844587,0.1114272791660643,-0.3353412526660186,-0.45269971564821315,-0.14435002605288305,-1.2915352938432767,-1.1968543471986037,3
-12.680542627896433,7.739059644893201,-8.314556107780732,-7.825764122064211,4.7238022522096585,0.6048098958613127,0.685129052389288,-1.2005233613186908,0.5310352688480928,-2.245974610623685,-0.9414675344454518,3.3262207030020354,2.7243743575672292,-2.805374749104272,3.503281280835762,-2.2422341160235635,0.5637082476128042,-1.6248126654519868,1.0658323644506171,-0.5817849944619093,-1.4613981200215878,2.7067185856057403,3.768738440768454,-0.38102935294744794,2.838687515166928,-0.47810666764661597,-0.3344994598854971,-1.3814340315524976,-0.48811570786793973,1.7363893722250994,-1.3691383932927885,-0.8537387950545747,0.5732188302587017,0.7694713836245776,-1.9916362879055207,1.1643395669406682,-1.4590620392366633,-1.976264424950821,-0.2174603662350928,-0.8918701184938281,-0.11964210396069709,0.7856129698595741,-1.113517599772515,0.08802960846871567,-1.5746615893451126,-0.3224280685211063,0.7494324886369468,-1.037498045801593,-0.15022273517949067,0.8738133099833437,-1.1226780757038421,-0.6448133410882663,-0.9413677566497368,0.23779270073071385,-1.133175531487639,3
-3.292586897694077,12.751822696719422,-1.507968662896353,-5.578933667081413,5.001258255016106,1.7858865814476308,2.9963629229416027,0.732101607960299,-0.09928387622720102,-1.9267422809337111,-0.7743027188476537,-1.7024917415130603,0.3698496015176857,0.3303425971984703,1.2509419998329168,-0.8114229313831284,0.9101667684880944,-1.6013998332294161,2.027004951300941,0.8007461988735719,-2.8888362608792226,1.0237311687041712,2.1791784439758035,0.2506475705689556,1.104597903051397,-0.1278597386616149,-0.329536397570512,-1.8307617690830864,-0.7323027368376216,1.4081577088771333,-0.09332163555438931,0.1722943280320929,-0.004627283629647012,-0.30412709205609006,-0.20438575252951122,-0.6243774570445492,-1.5361126322091774,-0.7977311443120658,0.2950386275772,0.5933018420041198,1.1332077196068162,0.08464352357712028,-0.9025613148404928,-0.6555093971391865,-0.4348005139393922,0.9569985483894584,0.9907955900528777,-1.0980134577589578,-0.30972526237307424,0.1726701242346531,-0.331772171141292,-0.43184788609018515,-0.034772954225224126,-1.194424968692708,-0.8002874512546488,3
7.335415757526212,26.252850825067107,2.5364287476439933,-0.2553826631457279,6.121107935542497,3.9526402291770224,5.01929808703039,0.1548230784779563,0.7698025350587488,-3.6114522373018785,2.6269636264583065,-4.704731795787378,0.42442390269586894,2.8072573268823238,-1.0276218604636616,-0.718778909976141,-0.7838934181627424,-1.140627625256777,3.846431986785745,-0.21795559330125117,-3.7733786119764714,0.6741361175751158,1.5941959026357315,1.0950057693530582,0.8958572379428452,0.8845449491297416,-0.7386980962208366,-1.6248129793905368,-1.26389616511105,0.9600335989423908,1.7238900130532857,0.3032086902149023,0.40717895641741886,-0.30804574477159535,-0.31827822459898375,-1.9280762130681612,-2.3065506076018067,-1.395866887394412,-1.0166657752707187,1.5054343307520532,0.5026563064076809,0.3683604573181692,-1.0782630946487088,-0.5371471703972122,-0.4100789288404314,0.7065298433787961,0.9300223797897694,-1.110557014898166,-1.414840102274031,0.6747224860072055,-0.959767323274625,-1.2439861983547083,0.0835997562944247,-1.4098275219853122,-1.0099655202553346,3
2.953512337508112,23.119982219978997,10.434599981388589,0.9820544851294374,4.6629823995451956,5.678424191841928,4.390142837054655,1.400436580968031,-1.62339413856778,-2.442368805488061,4.045051865470875,-8.45011310938733,0.5959250771602964,5.713559596132027,-2.5105773435635514,0.4564769406477154,0.31194705296353387,-0.5563107040795067,4.37574984519436,-0.4757326187154839,-3.6760389629089096,-1.4837411910482075,0.7882568686518008,1.7986524946939118,-1.0557641586455948,2.2154476236766536,-1.3099479242733467,0.01967288828462394,-2.5191060562901675,0.8553369635030669,2.4713526335719904,1.1601749821523286,0.3461447619551384,0.20014760022403055,0.6167408790524875,-2.0117017774177732,-2.498790139718898,0.10276792006492201,-1.1300064777372265,2.048950382806869,-0.41371241508547585,1.4531379102921134,-0.044935482415501264,-1.2140341915975619,0.47836386882620024,1.7035065793682163,1.2976987649459657,0.2456633002242878,-1.0921368532627922,0.5766897277974871,-0.8573044740949082,-0.12986605382041153,0.100020302406982,-0.6118533599304057,-0.5979406880199842,3
-10.876036915277814,10.269521399825312,17.61707437748448,-0.6255090018014394,4.416380456955355,7.34681523653547,1.2890498825003325,2.7921944492101147,-4.724552153906141,1.4277637977601978,5.481557119962865,-9.780384216619534,-0.5703825681382219,3.892640598544008,-2.0298129738608903,-0.6906889473294573,0.6546531893125835,0.00990067635916544,0.7344976068857713,-0.10466692683728762,-0.6356256715790221,-1.7259350535854634,-0.7122858761575749,4.128894288224667,-2.030453895385613,0.44876374314978323,-0.09179955656912944,4.639453110099315,-0.35758225171093355,0.6138616172350448,3.491092863577203,1.4370807285651555,1.2905667738132285,0.6930633754132363,0.9875650470784167,0.13368470412785396,-0.35727772888258796,0.8439781606747356,-1.3818795543174134,0.2794255626724374,-1.8951365560845632,0.5328800414309097,-0.4707330175352153,-2.0528776119528827,2.0105712271010514,2.3429974818454418,0.35162912758415243,2.5310594605439642,0.5566069470318653,0.34055844325724943,-0.22206246129914553,-0.15161685503671124,-1.0131753386196198,0.7088036973236859,-0.824054590900319,3
-4.831670630293123,20.268179749760396,-6.892044790745858,-4.607851255690258,6.1616801597973065,0.975169392372576,2.470071246480223,-1.1684742898917204,0.2983874079576616,-2.980488631970597,0.6394406847142301,2.1319263601394685,1.6964866744661682,-1.6959189944210842,2.3438797837988146,-1.967704511442265,-0.4420261966205541,-1.4430936172323505,1.54841137031049,-1.005435408670994,-1.932568623879117,3.219350123618264,3.177390651398508,0.29995977784640926,2.2045760847340428,-0.8652448550629693,-0.8430649252393951,-1.0925147182008748,-0.8071006676507854,1.7700527375794377,-0.4510194363902426,-0.8969988850026985,0.7632000586431763,0.19408181219972273,-1.7703873814942055,0.899092565138297,-1.7363243904831327,-1.9749948640009565,-0.7973843678283179,-0.5602593944636272,0.15656195923489452,0.4603737272752646,-1.5063431288474876,0.04030595191523353,-1.9225143285549915,0.02902573607446557,1.1524025739181059,-1.4977742712201836,-0.4447047721882412,1.0433471449264957,-1.112258097379799,-1.012573957326392,-0.7609952138453476,-0.14061331604775373,-1.77870169608781,3
-7.249049657854302,27.050718131432852,-3.0538983912560886,-2.16897713927895,5.502660055386736,2.7728180814395054,3.771591765863939,-0.981729848260198,0.22187710770976318,-3.1583945874521073,1.5797904923534931,-1.0381088886144663,0.2690162500172988,0.4626984995906269,0.9580114468508559,-1.1046361243414589,-0.9759704333081104,-0.9606386516728024,2.4599450353041257,-1.669235715758919,-2.328588175364525,2.484485350962501,1.9413329483840767,1.2342265918822521,0.8746448040218114,-0.4256100327076021,-1.0156592591051954,-0.6682754631867014,-0.7305729770635613,1.1672520890901354,1.0259377245779728,-0.2952752871331357,0.6957912024890253,-0.3418582513236045,-1.006184925170124,-0.3017397247587226,-1.5855610040686692,-1.7475652518214202,-1.3158745580700013,0.1256448700896365,0.42282520230687526,0.6265008844539824,-1.6308485865360458,-0.33168618009730805,-1.541923885395217,0.2766958872971859,0.8716494091021736,-1.2659823720333203,-0.7634923641979674,1.1517686122666908,-0.8140069126513414,-1.0641284124090622,-0.8582017997440796,-0.17315686390452492,-1.3166635555433954,3
-22.921737404141595,16.560108180939963,-7.145557571214391,-6.587212361670615,4.050656713930838,-2.4520997039452612,2.01521917697751,-2.5460549857951307,-0.7430946701599265,-1.831689776726524,-0.5670345266821377,1.0601957339238228,3.1887449826529335,-2.245029467903336,4.212340116487017,-0.5139487869670687,0.425577014616819,-1.8125206675332926,1.7224302279711559,-1.7938803567939485,-2.544674959105871,2.6406100042839307,3.3688246815390137,-0.757883945457942,1.7739575301440367,-0.8564906381115941,-0.4751401690842823,-1.4880000472622585,0.20217240367164593,0.9775438714076735,-1.3276887836195719,-1.2247603881672102,0.35123800044864323,-0.44316384870032893,-2.1832250353756897,1.4731674735380962,-1.2352920459095518,-0.6699230100591463,-0.2947446875511622,-1.9907793864409271,-0.06476788786662872,0.27950009236748663,-1.2163616920880869,0.3596517852052409,-1.9094122643083615,0.05806421199164554,-0.5133085930739818,-0.5696113561729559,0.34158861967740495,1.2472064167016959,-1.1818385962151974,0.04762445226765584,-1.1739955599658811,0.9468830350166466,-1.0712585550061264,3
-6.896433042219828,35.846994523923165,1.0316504941260518,3.477351600578095,3.9597187313774125,6.666619764210135,4.470627121088183,-0.45781515281684465,-0.7930673438151569,-2.9044752946405357,1.6437069721908346,-5.451505111679515,-0.519085073832294,3.635238022229234,-0.9672548044495394,1.1399884828729292,-1.1291615658743674,-0.45731169366076163,2.647822535656569,-2.5322743870921927,-4.088501708416166,1.162201036107846,1.2917906728984956,2.1295624958968546,-1.3317420011267644,0.26086113420256507,-2.0120255982306197,0.06636556114584465,-2.117316031893311,1.8816114864656015,1.6770102390122976,1.1246265608412866,0.9373196397578465,-0.6980419983867032,-0.058196392026534836,-0.16747008437954944,-1.7444706362116202,-0.972543706314083,-2.0690229024188618,2.1781381302325875,0.6257155303682538,0.6431174539789928,-0.0690248562280429,-1.4160792362083465,-0.1810920947782956,0.7765265597349484,1.7951414436812403,-0.18131139987720854,-0.4943127115900621,0.9097761015292507,-0.33612231722641667,-0.934236949688045,-0.9113616750157724,0.42429246093575695,-0.40017162312546783,3
-17.27441009285322,27.813656691476766,-7.453766170093883,-1.4821970109375744,4.213185647871889,-1.1986935810815265,3.3690115706690524,-2.2102801892688544,-1.6443926417576038,-1.9162099112246747,-0.8331188096128527,-0.43817607931064123,1.6406851956238047,-0.731847093584463,3.5811608253398366,-0.38427981286900903,-0.265393816894114,-1.0883354250698225,1.9352774074402046,-1.676610445507566,-2.8478274970661692,2.6829821237053304,3.1356703030375614,0.3421515689095892,0.596759248762082,-0.7958744718838985,-1.1433216003467468,-0.6732205058916889,-0.2732983448434927,1.5956992488963961,-0.6259397943330536,-0.7864191266316527,0.8774842633941728,-0.1707512013057828,-1.841402480471697,1.3988875199262651,-0.9775467494123564,-0.554190196153987,-0.8038023081772145,-1.1964900521062114,0.15393593318307208,0.6294556797156302,-1.0511972241485064,0.7469721943874391,-1.5727588438138906,0.18627501704828983,0.4320528570131193,-0.7539962040728393,0.09839561437603901,1.472046191706668,-0.5654309795226762,-0.4693906318756971,-1.1519691486237806,0.8912956737635733,-1.2308702597070673,3
-12.087160738736781,39.705239627742415,-6.702799485586327,7.175358957009016,3.380789149595917,1.3204699505551927,4.308414876018949,-0.5355005052930615,-1.8098678521185025,-2.5684859981709947,-0.9134550098436093,-3.2614967445362177,0.0437461410691461,1.011856619092035,1.3348886746388415,1.278211185675157,-0.7894234317224427,-0.7129947841024546,2.0912823027327936,-1.97118696501899,-3.370034447357887,2.837206229369995,1.9879108341623684,2.496249338146185,-0.3986571021550704,-0.7108280237459597,-2.21772892286198,-0.2723444500501963,0.20719525647877973,2.348054331731966,0.2727772851789462,-0.4883303518877558,1.4442097413074892,-0.09788567964017998,-0.9930223089132968,0.9989301435843146,-0.8768069806827139,-0.4975308226868651,-1.5053443778014488,0.15009801595866357,0.2561236757902514,0.29929683292669795,-0.21264444106848115,0.08149277410356648,-1.04731471496956,0.26022981288094277,1.862678492562349,-0.32801861296871526,-0.01587338277812822,1.6617596354546844,-0.40842064530583033,-0.24763430373627998,-1.341392719825409,0.9654812100497908,-1.12527246467991,3
-16.294382576186063,27.711597229726653,8.439681773435623,3.976363379646947,0.584624193056503,10.065531055903826,1.1046045439914172,2.712841118470811,-2.348209270596125,-2.101754085542798,3.182478874821254,-6.941255625937033,-0.66320178883071,4.918170253386998,-1.7840030313976252,1.4084325593185167,0.2282935878115314,-0.1156209173295921,1.142579648195106,-1.0379722026987626,-2.5159551506696065,-0.06345937256729631,-0.31665152314830497,3.3949853500380103,-2.3323071961353286,-0.6058507684279896,-1.520244826672499,2.0330896428924023,-2.8203470874689773,2.5041113527125907,3.148644925838773,0.950277506105498,1.6246301011871287,-1.109216335250802,2.4637779205906303,-0.2527119560850709,-1.1535551150576704,0.5071057418941801,-2.7633988375833765,2.3844990210097827,-1.6046694466747993,0.5438718269240228,0.7314044571249162,-4.019046929377941,1.7017402923087677,0.8516597222238727,2.445842633034144,1.6688674554304925,0.12134015394501384,0.43582003985488577,-0.5851794684140423,0.0731362867290273,-0.6895469029570555,0.9302126915429071,-1.1772150950888378,3
-24.89592142561864,21.91489923067302,-8.820982439499833,-2.4504938716529807,3.8342103389813667,-4.705456299086855,3.0909413058602935,-2.214022265430445,0.1486344019079236,-1.1359137768022842,-1.4175597346639206,1.287072954246346,1.4911388748456,-3.0120437472418238,4.4506382722467155,-1.6843164118625664,-0.07518416407798585,-1.2668597054870412,2.3038553068397296,-1.4480708506575612,-2.081276378930405,2.454118592389485,3.3495302041626265,0.10844306352421663,1.6069949339918992,-0.853057374608533,-0.856137162150133,-0.41347438228085215,1.471385947563864,0.25409605007563496,-0.3277433585975231,-1.0516543736671973,1.1043992538727205,-0.49617853507000936,-2.450404188450801,2.593604594947814,-0.7536646147561096,-0.35083299410841384,-0.2503233995757962,-2.5275093628065357,-0.07575428844415799,1.0304921521334631,-0.9786982469085008,1.539818235790744,-1.395713841326825,-1.1422094016095454,-0.7449016787447279,-0.3367791365126221,-0.18626956313820692,1.9166687271446674,-1.4142431500246606,0.03634508938643277,-1.0993105590185879,1.1594797813059543,-1.9720644231985853,3
-18.42531686538976,33.60736546797878,0.21518726397703547,9.104987610400435,0.9060396635798273,5.4127070368851795,2.7990703908965693,4.242221497758139,-1.0652366811005676,-2.4424406084674097,2.6303808439705394,-4.3478527267919524,-0.5784387696252595,2.6476757080414015,-0.05181129976770714,3.2172189693904794,-0.5507485434458286,-0.019639554714945176,1.6399542041277464,0.30156300000622427,-2.078366621097486,1.8208017054034724,0.30131507933256224,3.7477966000100533,-1.8154854794612039,-1.1126875068336168,-2.3779777951184307,1.0188942251390098,-0.06612276022378921,2.866485469610584,1.7135199230964664,-0.23768073973545237,1.6596297464457266,-1.2153307880415896,1.8585328399776648,0.09603415005296143,-1.2693708086098336,0.5657333672108102,-2.6215284613193646,1.2848520626788467,-1.128068523130564,0.9353679379484349,-0.6853958883623232,-1.9654468305547217,0.8752730835867586,-0.520481896807976,2.8572436703410093,1.1181879436227786,-0.40450359753280973,1.596784401353263,-0.724749161524065,0.6852946211631715,-0.8486336965933177,1.2242697313749908,-0.9885691683677538,3
-24.731543639468825,26.190825122002614,-8.79467313215706,3.111626198801717,3.030918151052072,-4.793080136724508,3.750410423386438,0.05337995804200919,0.07364599895956817,-1.1658175175139271,-1.1548910967912818,-0.3712443140735538,0.5833307919828334,-1.5001961228262792,3.2037170504154124,-1.0092922120147387,-0.03596842130606208,-0.5450935193875911,2.049083185722475,-1.1300949600526355,-1.668215481800968,2.0667109081949953,2.409233744725205,1.4235059413842983,0.9748394651658819,-0.639483808203734,-1.6925474212028415,-0.22603725056636467,2.1189924828567133,1.2484574141868154,0.42604602602376795,-1.0518335013884503,1.56345970110415,-0.3938309695202638,-1.6614544597056298,2.0220583909860226,-0.8450451756649626,0.17409504024782266,-0.4412484173271064,-1.930315684988396,-0.29824105082108504,1.0537551300185992,-1.2499281680564331,1.32314025598905,-0.9793008484246264,-1.0968157140532604,0.7069792907630083,-0.41555629214648165,-0.7198334385189282,2.28344349202478,-1.0977447616360183,0.3071817383206712,-1.277126266943666,1.0303809024035766,-1.7824240523258132,3
-26.304020096787767,28.466294457563258,-7.066855750648668,9.02991833427835,1.817933553052585,-3.7004846080636464,3.518216032312168,3.925119337359306,0.2816101916406491,-1.4991544236028314,-0.05373800884089067,-1.92361448130603,0.04278814457944505,-0.04995583854048023,1.1623169761421146,1.1867297417867735,0.17304474693239708,0.18345558508791518,1.2693830803411648,0.0735741447969937,-0.8094586916566531,2.117909130510183,1.12685457009482,3.138958211653851,-0.054480888465133145,-1.0275214673231847,-2.5725480284493765,-0.05294723695031642,2.093163363205318,2.8005078870620266,1.5589637751293477,-0.6168343258754713,1.9389298298143642,0.15692824315039355,-0.49575392896887305,1.228093588505881,0.11985631792342683,0.9956306480959963,-0.7589372599146911,-0.2542808084558171,-1.4655909216370018,0.4606691372865797,-1.252024290590732,0.5501748454981104,0.1726046471762352,-1.7104935924754336,2.7139011154326735,0.2395992311109284,-0.7571017130341461,2.6147758553790004,-0.6898144409187892,0.9671350679243051,-1.6887354985390115,0.6269671701038193,-1.1154165063694248,3
-30.390521815959897,22.708116541145746,-1.9196813111913815,9.044011208210105,-0.043361594587047816,0.5119128543238786,1.8197950735518873,8.337704171186989,-0.2324934198131997,-1.791794218932648,-0.23810764253016747,-2.5336437863224237,1.0132547196647912,3.085191990108111,-1.4679180165972878,3.716748403273378,0.17000076071460277,-0.2907377682591739,0.5110563783452204,2.388607786847655,0.6474158911735798,2.6338490371052794,-0.21332201341450938,4.142134327579716,-1.1364822984380443,-1.565312985128641,-1.8664275455838801,0.31956013814187756,-0.08303318269069732,3.078955910721114,1.8412232997071656,-0.6337846916171357,1.6400573305231836,0.12703930558269313,0.5427577166047255,0.5882285075604436,0.9629206711998767,0.8355867750611949,-1.379675250651779,1.8524099076534952,-2.8094469017479353,-0.4786828550273612,-0.5279338935277254,-1.338045984299871,1.3878126198101477,-1.2230030546511088,2.3740038043977054,2.9322584025614273,0.12298831613464221,1.476805988804124,-0.9383354491859422,0.08152713383114062,-1.5334218152768448,0.8702518511789281,-0.3606054039033874,3
-32.35211518494839,14.291949520852292,5.491619313190344,2.5568273644585946,-1.8332919455953507,6.591085038695605,0.6820094178066596,7.298323489157817,-0.3918915093005507,-1.0334679168026528,2.3946980298083362,-2.3600449712411646,-0.8898745613217031,2.1983949602202992,-0.0008251644149464136,2.4027162755621854,0.8099404356461541,-0.31222469776992157,-0.5648044897399366,2.9123171234302756,0.48948074792386326,-0.25908631409617616,-1.4510844060986334,3.0726707484155753,-1.643110842523415,-3.0684947236738687,-1.3480054591038084,1.0566542820378737,-1.1195762107955205,1.9494651043757274,1.0095495006491695,0.5890415775493489,1.7267693882249568,-2.9492142132225583,2.8593263412215455,-0.44486486557688626,1.0495573531191644,-0.5082645598214859,-2.9971357264971243,1.4867488582634163,-1.4303750197270666,-0.9391803678264561,-1.1304763915951817,-4.075704401345505,1.8032912778053745,1.044522506392362,0.011112109877040298,2.557560297187272,0.6962984694671963,0.5702566221989104,-0.4703785862191652,-0.7046724647127318,-1.1109371610563576,-0.11816386385686684,-0.31664607960708413,3
-33.985580673207586,3.9995580414859195,9.792111372760381,-3.692048038055468,-0.4963608463997693,6.89323371535829,0.18468914239303647,3.7534357371061273,-0.8864336519865235,1.2185110445418588,3.975416521641702,-1.689693491261104,-1.9111798745218045,0.9066770210991312,0.908153110235963,-0.48292522940021143,-0.4882894625289656,0.022400624241634852,0.23404633984660012,0.051329417175487085,1.2967075152627354,-1.2040370837920507,-1.2940602687391356,4.024357313525525,0.34360729509202786,-2.3335852852498897,0.5249967151338588,0.8716404208738383,0.44722121972110257,1.6814343667651122,0.41937329321727296,1.6454579395737063,1.28024401726358,-1.7881727067682696,2.7165739834417595,-0.026140425471685224,1.5095368740157413,-0.9671299993954315,-1.8122658874731425,0.7765489559279234,-0.8298398477409852,-1.2936724905266264,-2.283511762036701,-2.4078957897444373,1.6448105153133195,1.5365031276695065,-1.5828145661601676,1.6342550148184614,0.044251751472925614,0.17206742311777903,-0.09263919671283061,-0.38930552818346487,-0.546968301496131,-0.3755736597990355,-0.7978050782456636,3
-34.974581781255935,14.803129861144894,-8.783548006461084,2.1925659491070455,3.152408403218986,-9.376797312751327,2.4550363829436,2.6138918146120296,1.5191185634256523,0.16400239563480276,-2.2177455146079907,-1.2708348305055757,2.0049623723480727,0.5059582803250772,1.7895223423253765,-3.1159721356819454,0.14535303561165314,-0.5119679775240097,1.2647193262319674,-0.5010351035876411,-0.35040472549040147,2.25649228221414,1.5432699468592652,0.9861739367215414,1.6565124272908736,0.9055127985121539,-1.5255257927183734,0.37506431059531287,1.744462874333586,1.4336885164612596,0.8222910185204145,-1.133758125361515,1.993819233546594,-1.4719252920583132,-1.1356555901988268,1.906795267122015,-0.3261581696519884,1.3131663196336374,-0.13818897653739193,-1.423216081046841,-0.604103950784083,0.37676819944401035,-2.2720435146538174,1.1706167968543186,-0.8270353070640648,-1.1674256583157259,0.7465019193333582,-0.17447205246101408,-1.034563390486771,2.253606736232358,-0.34608610648659255,1.1991023883646088,-1.1008214141644506,1.4195432102808045,-0.7542510783600658,3
-38.35878104681603,10.867692879134678,-5.396426633223624,2.857660106670186,2.3106814447876443,-7.114377359466201,1.5251615055007657,6.773621117696921,1.584667212667469,0.3102114632020382,-2.013651741056078,-2.3112428514755914,2.7376231706414633,2.3073941484839584,-0.183302118793986,-1.1379218489471354,0.36049723286419255,0.13502123994186566,0.6730684778082151,0.9646646372256872,0.4378069175724645,1.81733319716716,0.35428621206485206,2.427618193618262,0.4707391408978483,0.3727228636860727,-0.8612253876670386,-0.699166099476722,-0.12642334684690873,2.5717678814951555,1.5791458546378359,-0.29095411018245604,-0.0012588623146778846,0.27978752111020155,-0.1434845643595881,0.7529404507871489,0.9699564494728052,1.855630935026607,0.11090487632652936,0.8115592714173344,-2.8264409955284218,-0.6257062249673447,-2.21019748656771,0.20654856130784183,0.5538009869414722,-0.96260450529416,0.7759041362831356,0.9493814862201486,-0.148392291909491,1.4485422379081572,-0.21599098347483275,0.2665525071801445,-1.4610602189584456,0.8878167217690228,0.10122100796658766,3
-40.23661090687809,1.4204101164441763,1.101954954878348,-2.0468553623731625,1.1593512385028266,0.06302680599058667,1.5725943361426358,9.516783253917753,2.4102397658161956,1.0135963704677609,-2.3084690200016817,-0.6218940630881389,1.1849584035900302,2.813056486488327,0.2200448811985935,2.447581063264655,-1.008313169066386,-2.1871062260225367,0.5009295956142207,3.0932519025894516,1.2486581298510908,0.8002769167487963,-1.3819070559851618,3.6955859713611083,0.5035049424074176,-1.4008131316026036,0.4215741417202222,0.38333751796965615,-3.2117656633877276,-0.4512657941549821,-0.2658070337315685,1.7490154365975474,-1.5758453368721002,0.15022690615129197,-0.013623795020012793,0.06327993055519487,2.8112058406309486,-0.964567439858707,0.7120934661132882,1.106278895705832,-2.3249334268213486,-1.2527228830600545,-1.2590476897313512,-2.267289122760002,-0.6343117723866102,-0.37095673977928634,-0.8689571813086935,2.0475349368135367,-1.4899105934520867,1.8163327707454386,-0.4306086204508786,0.8554367719259044,-0.16898801485673148,-0.17631878749566493,1.8764756008513175,3
10.777513257086923,-2.831977870797425,1.1776406515554305,-2.908219889765944,5.2416727716960665,3.0158061748347555,3.1531351773948635,1.044001723323896,1.1872137061531725,-3.856898979313012,0.15169213323752403,-3.890204493487937,0.1915550538343758,1.0126787436490428,-0.4376738359164819,-0.8330208806411314,1.2550825369507852,-0.7424785231276049,2.766642686388118,1.6058602575199101,-1.9743951436373868,-0.5857576947031369,2.780922376832089,-0.7332789365255585,0.958670026773963,0.3108713999892321,-0.06603952489037242,-1.5648799303835865,-0.8433843957796615,1.2121419379546645,-0.3263294479769,2.1931357371789675,-0.06362584780916533,-0.48783559153056993,0.17344009984022585,-0.9285779837265087,-0.8413503713343197,-0.8153423569393278,0.03013023361777019,1.0785348591590915,1.4569298194262386,-0.46006047867717365,-0.3717276181003489,0.7881317246544767,-0.8013437459533208,1.0462467433731049,0.3451103148707342,-0.9611590062689601,-0.5210620523842395,-0.44339495926176453,-0.5197376124883999,-0.005115935135197082,0.17256312599804396,-2.1899834691329385,0.16273261643513984,3
21.401470401185637,-3.4194013568368677,-6.0627778437650655,-2.0003907942379486,6.347086354943098,3.290893959441915,2.165535842714347,1.0044656141531472,1.2966455412473565,-3.9841303019551573,-0.3840787603310164,-0.22713657101547147,1.493392970259385,-1.4026291940801876,2.212658062292832,-2.398175866845654,1.1176873195901507,-1.38741175858079,2.3922218733114478,2.5123272746245813,-1.5898840489550017,1.3046730881200856,4.559699518161042,-2.1991388578761546,2.3290836190089026,-0.30761193825907385,0.38630996830848985,-1.9295104942833317,-0.3634630937547461,2.3934676827398276,-2.278696991808628,1.2620141835621599,-0.07721986334347113,0.11563343042499435,-0.5165796686004759,-0.39539545525420905,-0.8960100897170883,-1.613281876509819,0.3027400346040512,0.7721804946787213,1.1934615009879548,-0.8232431299816614,-0.5055515966089854,0.8466516781700194,-1.198022400345721,0.8232850270123077,1.1577561741832256,-1.413735894843449,-0.3464896467662136,-0.24986803828498563,-0.5632431073558594,-0.18763457962179425,-0.4034251092429778,-2.0349186760377393,-0.20159415101885497,3
19.683351590909943,-6.9004971800268775,-2.4899308170309307,-1.9450251728755021,5.964752509172967,3.425055393794668,2.7774941141710867,1.3011833782202775,1.2256261444669168,-3.9555126250800763,-0.11376122894335101,-2.1754684707870897,0.6702723817497288,-0.1739671889795333,0.9041993033139224,-1.5118635217729341,1.3192343775277962,-0.8726055812167216,2.6163897764669204,2.444050527837343,-1.6755971630111939,0.17510790124612338,3.9161061194127993,-1.8668440065392111,1.62379196635122,-0.11193258589519488,0.22264476177321058,-1.6365427048008818,-0.49925993454772144,1.7861819141145479,-1.6556576745002975,2.114510860330205,-0.07807387394639377,-0.28984425797280566,-0.06638813185858054,-0.7388796723400011,-0.5950990026295895,-1.1491395390453734,0.36823804413608446,0.9484554228119305,1.5264842440114288,-0.739569886988505,-0.33792524749989994,0.9310294982458153,-0.9093288533260848,1.0351450311770405,0.7136650750724192,-1.243517829678221,-0.3437768825466369,-0.56597176057488,-0.5219111973582659,0.09324636821351416,-0.16356856673959794,-2.4210375848479355,0.16863269113209584,3
10.298551364075955,-7.301887328794537,-7.418508921313327,-4.460399905418535,5.4631683718527775,2.7072791009072676,1.1844893278119615,1.2878233918511814,1.0571633597986956,-2.97333257467121,-0.29995366820598746,0.5393031715633196,1.70364849728692,-2.0718188137748075,3.7194932276565646,-1.981570568459626,1.75265655712398,-1.286055364441104,1.9560429278676397,2.1845593343764285,-2.092678772926761,1.3829537421223994,4.827861902439492,-2.2997276780449,2.7372373775016596,-0.6226722411834104,0.7682327029845719,-1.9235612954536807,-0.03914056135098423,2.5878333913895664,-2.987496803605794,0.7104579696089602,-0.18169676615313862,0.32447220209435657,-0.7755786855108001,-0.46786804883630867,-1.0508640041233517,-0.9352144868652447,0.7083505378007573,0.09600387240294167,0.7419404955684032,-0.19002602170822924,-1.2465550763610636,0.25553720020217663,-1.1260249315342084,0.7963891144774975,1.1271884085753867,-1.0739049069397264,-0.038050761490485495,-0.41071731703409947,-0.49866685826465945,0.11508252526146116,-0.7647502263202254,-1.438850609635254,0.31022229286424635,3
24.350240943313338,-7.729580292448483,4.6524815780276265,0.4818906079562953,6.805434922450157,3.2846284018466982,4.212690822624091,2.6142893787131736,0.7391311606268505,-3.4748977448598524,2.132400510991368,-6.954483904498293,-1.3591038546384289,2.584287207129307,-1.0632107499504495,-0.05659946639591013,2.7839919178756496,-0.49094147949286177,2.9027285785006005,1.5013949968575868,-3.4935923779464835,-2.2819057409479755,3.9936898247409665,-1.2302011667463404,0.09462326881979814,0.6499630587784698,-0.66426806268535,-1.9362176287713737,-1.9881502434251095,0.840963048530546,-0.43183226312916423,4.024265993592642,-0.3535187239392005,-1.4039694651429862,0.50820951501266,-1.1069643096868302,-0.7934812483650981,-0.008333182964759251,0.4657656414466038,1.210905561484739,1.7233980842716394,-0.25269423875116975,-1.0315555402317544,0.619762336468722,-0.2394286456375128,1.5596270178782194,-0.10815760343788976,-0.1272327941675465,-0.22236802279821138,-1.1032236041436159,-0.5326265737857999,0.6807501452622143,0.4597733996285203,-2.732586391716651,0.9756872072031252,3
25.52074428523399,-13.5922851125561,0.41803708708254905,-0.032927838718603934,6.789050303260362,3.4339491311118535,3.48362874402279,2.710418291230066,1.0234754712952314,-3.4206342238610254,1.6231522594213565,-4.656630924107838,-0.7361122417711523,0.9867076530130777,0.06377122063404349,-0.6718842876402219,2.6667445828080774,-0.2797013978010818,2.769886648241778,2.3744885737478976,-2.9775457842338984,-1.0577835771790864,4.6297472471772085,-2.177491737324867,0.7383688387748104,0.02699754758452039,-0.19453619874587028,-1.67195633805985,-1.0275570331093966,1.1679154445406092,-1.6959957353889772,3.5518423950981868,-0.28373676327603875,-1.0579752658083137,0.19985372635994691,-0.9568921461171673,-0.5003066514057367,-0.1866187644872255,0.833792374838839,1.0054707618333025,1.8731625743219342,-0.33952672435927456,-0.9112463154397102,0.5459750807584164,-0.24726208080077536,1.4684574345370929,0.3276110199255451,-0.3155409837024397,-0.11556512915546692,-1.2013866822065624,-0.44826840700216236,0.8019615260597921,0.10202230404359486,-2.8248918572458055,1.1087447475724754,3
14.619780310972928,-10.490312932016737,-5.225781591033323,-3.4675218368048566,5.716702553919959,3.134952927690224,1.9436936520968953,1.86664508213945,1.1055224252590237,-2.9547658337240454,0.13883443282407393,-0.6318282312924699,0.8770554622303817,-1.2694694451939952,2.6529286618057486,-1.5837564310406131,1.9390348813319982,-0.9117872716170061,2.1052900017746596,2.3069209530308195,-2.176855937612815,0.7429615211712258,4.67891766841068,-2.4693103164650525,2.0453371724218243,-0.5804688274677631,0.6025994195353808,-1.6939146714828022,-0.15516801710032946,2.073680387313301,-2.7000381182610527,1.609774698621337,-0.19515386315560507,-0.018069026574792355,-0.4143008718230614,-0.7913039541455132,-0.7035357394767426,-0.6959850109705313,0.7971146566485594,0.3210248577404908,1.0182565275886983,-0.4445671636138518,-1.0113884928392507,0.42623013191506887,-0.7931515589178574,1.05845186988933,0.9247023823821104,-0.8588050164218513,0.05870179558727834,-0.7781689411319186,-0.4078343815599341,0.24420941818683078,-0.5157539811564419,-1.9710500446359258,0.5478349070564346,3
-5.307494573537646,-13.631453539889486,-10.08853926421966,-7.238513113211624,4.4408688646622805,3.16219031475316,-0.9546221860909294,1.0923884499278138,1.3663490034021613,-1.869110956062321,-1.2748440673686445,3.0690530645390295,2.5816372283373203,-4.104512359760785,4.40661647725534,-1.825143000452702,1.7357581337946295,-1.3076782639059419,1.7084442655287064,1.5572777841139414,0.12687846667948643,1.7400108173800168,5.141199988872293,-2.2581530367023466,3.326307565037384,-0.07169084786432367,1.8691623776358717,-0.8517895514006195,1.0355724074920505,2.4211748073148303,-1.5708576441666415,-0.261867472813459,0.4959800471449144,1.4600804324595968,-1.0227424829662088,0.5580630722656349,-1.6292764040005359,-1.849570645557263,0.24725584141848758,0.5944174663271217,-0.34044213801729023,0.17186253070842966,-0.42719170767111775,0.16392534414077323,-0.7917597959340167,-1.300252065223252,0.37917979976798966,-0.6732466835736634,-0.7015713335691651,-0.577700979308355,-1.7446336562202098,0.8128332388377612,-1.0720813782189866,-0.15783252548279716,-0.14148570484751843,3
17.750568711957307,-16.907633146361817,-2.9179066953677735,-2.1830047201797727,5.982642860191812,3.358807330531351,2.4533163531433826,2.4790630208099587,1.0994734952800582,-2.9033916394988797,0.7726203902930159,-2.1821116718192752,0.016657857947730604,-0.3913182602475487,1.5575145667271926,-1.1192961948644007,2.488005791902177,-0.4153723949362153,2.374909331235059,2.4970728410720096,-2.261580609263553,-0.21557384427510204,4.651182549658206,-2.5918850615799007,1.5401243454113966,-0.3881058915904554,0.42147318999973343,-1.3944187186167782,-0.25909092536776446,1.4025901223116497,-2.381710711579119,2.601550121619467,-0.10921015840942286,-0.4972679274934907,-0.18463716964225874,-1.0589730518662652,-0.3590100627592868,-0.34217006096699626,0.964015040556278,0.5827743565284026,1.5003449991536624,-0.4650163864750538,-0.8840065319946036,0.47753682507284084,-0.31113344939193505,1.108886889274472,0.5376089970611526,-0.3823156577028271,-0.030179992063101627,-1.073839767616909,-0.47964099106182967,0.6117338570121958,-0.2521490307404161,-2.4439449830165643,1.0242453771471487,3
18.056899904176316,-27.503937082458734,1.9366680424892841,0.3110624878868223,5.7937726967182615,2.4007202961468295,4.415304996548579,2.9311301644185614,1.1131633048977487,-2.4572350500200426,0.6888648207897176,-6.628715901152961,0.2754506007109002,2.1151824851308474,-0.8928205975366543,-0.34767613125161395,3.3635861257564508,-0.7758428599326213,2.9853068975532655,2.5054524556337845,-1.155003898422134,-2.4884063019899236,4.184791988389749,-2.8414723195009284,0.6970083828547441,0.5460448873258287,-0.13422698848862233,-0.7298003575903067,-0.11037026976199023,-0.3935688480497577,-0.6798892620338594,3.7526140029788713,0.5716065089535594,-1.7293484173768665,-0.15178569948627033,-1.3471948710862969,0.7505781592386741,-0.3863104850779904,0.7550996567107837,0.9484821548878648,2.501474225614994,-0.2685995119786626,-0.6080292572216183,0.9985358606999689,0.3984432774390651,1.4162657504086769,-0.6127171820735415,0.7380664305009333,-0.9481613047041872,-1.6315296909288217,-0.8925708035414781,1.9369505979628032,0.2044931986098338,-2.6526846369845347,1.189388295254522,3
10.482061248036302,-23.352599880949796,10.200929668186332,0.9442037877414443,5.4758140018417665,0.213415067809566,5.129283971018298,2.2641972028336403,-1.5896549851405763,-1.0785598897959117,2.1234248725484988,-9.73023918356859,-0.6310380865895393,4.771625594166689,-1.9416546128257954,-0.10384761632167994,3.110876021194556,-1.447024485284125,2.720277219543,1.3500875334460893,-2.011210443149061,-4.648466086791286,2.2734315482086895,-1.6285852809914896,0.2509853274758963,2.731386872330334,-0.7658709969987035,1.0806186452724271,-0.4982419146785581,-1.8400569948912222,1.855636041508163,3.4134408987532785,0.4547916217428264,-1.4171642214734184,0.1666348836788106,-1.752639491189674,1.0671106775263226,-0.5673028886646294,0.6982761888454946,1.1206010956705503,1.4912501114304721,1.6352025487149509,-0.9131899774914775,1.7818776571526098,-0.8263412793443294,1.3235985773669778,-2.0773410678593853,0.8937938226546109,-1.1432368842417504,-1.011260590425324,-1.632602754130771,1.464115248646865,0.350220946812245,-2.0405354258691513,0.7917461553770917,3
-12.388856505721218,-16.894053549407833,16.38591371616581,-2.6931165225621516,5.075018494057019,-2.3183443923812117,4.184696443125362,1.8368279190048367,-5.2463141467929875,2.344698343686041,5.483219276196109,-8.513473599237608,-0.2821807949798857,3.0856223978371893,-2.4482850226465716,-3.2745666301373135,-0.05973129305598018,-0.5407117685255723,-0.7653457145532759,-0.37369520835499576,0.2829519811592972,-2.181844456808972,-1.3606480615964518,1.2960173639232828,0.6392577505072249,2.1608946088668413,-0.6120356587393524,2.7422436508105585,4.066867143258347,-4.284886884049356,1.4478826056999248,3.295918714908164,-0.5094351664226257,0.9635462866441596,-0.5162990726204779,0.2012779977510966,0.2750367742270282,1.7869260142620198,-0.22770187037635026,-0.2960085401208737,-0.7588144353638443,0.5442848634166149,-2.3173673155083154,1.7413621790340648,-0.915962267519956,-0.35494790864629683,-1.9259960780517629,1.7975546866492529,-2.1744263096745824,1.0860382365051804,0.37029827597126935,-0.9487162974270669,-0.07383692374121079,-1.6639657043232319,-1.1822275022076298,3
7.21184819765118,-26.363481678540353,-9.01887374021773,-3.3210271513845546,5.366721337231689,4.276646544734331,-0.2127862556990192,2.8562235695149867,1.0486004657112697,-1.959949322684876,-0.3168938395647393,0.9636736768279324,1.4537726448569603,-3.064626457895663,3.3860471932523786,-0.9464723907167393,2.33875758575685,-1.0066519215478236,1.678699902648298,2.5507349206434746,0.4428389310100283,1.14928865479086,5.314098589753655,-3.2118983508699963,3.110723130226001,0.41319204827950407,2.5935212544144606,-0.35631734391250364,1.6621740995831633,1.8775043255055588,-1.3638195350724758,0.6701056970992543,0.3237508199937919,1.5861347689920853,-0.48198768198410974,-0.09884772610537608,-1.113165683820129,-1.5614830152651586,1.1197934935188878,1.0046435752034726,0.6818349261363893,-0.7958775763213664,-0.13539014280460687,0.5669685479690428,-0.21917615170701613,-0.7692698573299807,-0.04829149885817485,0.23231803463406572,-1.275442445371642,-1.623617102914334,-1.5198042968170027,1.3346948311432323,-0.9285516855372172,-1.4150448757258254,0.9408357088679775,3
11.213462722395692,-37.32320259440102,-5.5903842483287525,0.7947416737179684,5.996400353453794,2.187503885277303,2.0495554811857337,4.406092120735084,1.0393437276704804,-1.5610901257917773,0.09424743070507789,-2.989186228022309,0.4292038117993808,0.17035452409290877,1.400512377155407,-0.6610699479910735,3.312062394341688,-0.5424365174158338,2.0305292097907075,2.7047637257196335,0.3041008001429148,-0.3630415293560577,4.606527629340628,-3.29929597776993,2.559886819044888,0.7944027528253984,1.7941853158153205,0.04273814208299464,1.7636539479156648,0.48809833332260266,-0.6819703736618062,1.9010387069074666,-0.016109020489681325,0.4131097268894064,0.026234508801329662,-0.18351101476109016,-0.2257356705583484,-0.3596163393003581,1.5525943101637416,0.8972471258426904,1.9213148925585408,-1.5513447835268417,-0.16971271304585278,1.3098567993859453,0.6265382264240608,-0.23506852083021298,-0.6700506819660381,1.214813521119715,-1.5213568764725767,-1.9667275787776413,-1.1785390694383202,1.9843530955811464,-0.23184375308401425,-2.0440011652338446,2.1547553526465637,3
-10.026415720742524,-28.928251049982883,-9.271582262592286,-4.486467884038033,2.17998907882859,6.079299070818656,-2.2238423123649054,3.879787955627065,1.5588516571668245,-2.0190645812671106,-0.9525517064134402,2.28405300122753,3.4383450020312494,-4.254006578418484,3.555468636251959,-1.2040519349121062,3.213696275375841,-0.700710723186539,1.0772950039461255,1.2699117319454598,-0.2613790556973544,1.9584109826111378,6.0696335660791245,-2.4243363245442815,3.532140968879258,0.6575735881564497,2.396865049446191,-0.3525110141338545,0.9690193581542178,2.9193183788124526,-1.0499398304494378,-1.3235182828365175,-0.7986464091687804,2.6110864301556402,0.0852996289077053,-0.5630814583098914,-0.7095929781221506,-1.5586892963390577,0.7769702813574387,1.335518649313973,0.6113447403605135,-0.2124186199265359,-0.1949939209938041,-0.2574812024564945,0.2253719307489606,-1.231071282894707,1.1783361095168512,0.7511537661839433,-1.033422554374969,-0.7898229192341748,0.009039648761642677,0.5597139259776721,-1.3946064904090512,0.7746636325455634,1.9366892323275782,3
10.209864478922663,-41.10932407487234,0.7634001744220903,5.842856394682549,6.319804939633887,-2.532633488791128,4.944067397431946,4.001468383876145,0.12031452516139209,-0.9827258033884381,2.2410844501897556,-6.874278439479317,-1.442591461358859,3.6007646468919394,-0.8962109157303328,0.2886581607517481,3.9549214485446305,0.16335656538270793,2.1513319277816287,2.705919528223588,-1.0630104785987362,-2.62862988831514,3.2571347636132737,-3.0317643703743515,1.4836489973607832,2.4257417963352585,0.17868466524302187,0.9201393531028182,1.9051129373493454,-2.340656087912085,0.24617102366275434,3.0465400155986195,0.8060369965501671,-0.9490394336154225,0.5458177981944823,-0.8291776525436673,1.7412039631134955,-0.14732695316083222,1.4747663368022934,0.5562978765669171,2.4876263222408905,-0.6133447371525456,-0.5378780401449071,2.6846264153908668,-0.3954674435356355,0.7184691047577251,-2.3801352294566405,2.333420717939053,-1.0814631539271253,-1.791811484061812,-0.5598530094350479,1.4391453855865486,0.767924861657952,-2.9155300382420326,3.0577443624445406,3
-4.153720112344892,-36.28244670753633,-8.684763875035511,0.7802428869552549,2.1053235877189636,4.725710854256392,-0.3857370986188858,4.25572239167683,0.5315136734024765,-1.6661258405883177,-1.3311130927196522,-0.394609686037795,2.1615250445891268,-1.8708720465227662,2.2432159401593226,-1.0106294266201,3.5576282401260166,-0.08233994701415179,0.9182027425408732,1.408298506741978,-0.4036730809452898,0.8361494476735689,5.167298975590947,-2.418014309861799,2.9830875094594758,1.0075308412965702,1.3427547076029938,0.46537390090340947,1.9314584570960278,1.7393085688206644,-1.1461199770226855,-0.05586385824343735,-0.09537854255155279,2.019801512880625,0.7013603272992743,-0.5860904911667879,0.6188076869478177,-1.0108614192304366,0.9489937058661565,0.9980372783158816,1.0155078839058191,-1.2993837974862743,-0.3054951577873063,-0.11255734256732977,0.5166541777374786,-0.5587381879509407,0.191465461710778,1.3464358225201674,-0.8364868885403706,-1.526282603308824,-0.3221264186236232,1.1695503849783577,-1.0156900741791093,-0.3097054339688372,2.6225097043688863,3
-1.3116188672269746,-41.88077117279937,-6.9157052879686525,7.522453836574047,1.6770071668980027,2.177907045009179,2.1318559027740838,3.3225134273779147,-0.48574400318721145,-1.7964237477559302,-1.2970402890897104,-3.694144056614982,0.4486296434585553,0.07733220559539154,0.2643147361296252,0.17194582859416302,3.9876428066412317,-0.5017515566836686,1.0360561189358684,1.8311548955921635,-0.187286268809224,-0.8061493786294631,3.917777264871191,-2.530590511133604,1.7536702858033795,0.9938460270045067,0.9715824822228392,1.409788650672107,3.519432774488106,-0.030687191147507353,-0.9291917948543109,1.8082905645104888,0.6320639034176184,0.42899417656517896,1.13227770339691,-0.4684202737445673,2.097834253603932,-0.6315943326592388,1.1128843478727284,-0.5001194682384233,1.5978759169791836,-1.5440788926044637,-0.09733115638589267,1.2957039398510561,0.11265818587220032,-0.24579788393399052,-0.6730888494846774,1.743994631449339,-1.0669827666918503,-1.9312184701098782,-0.3386615262520454,1.5334286148936835,-0.3001290029567589,-1.4144604951469728,3.128992230088834,3
-3.8794349333444527,-34.41714579810856,9.05189030318103,5.270493187231652,5.062495465681425,-7.608869014301902,7.037495387748615,0.10656018106727215,-3.2374869900593555,0.1949864115290531,4.248470217102545,-7.790145902472733,-2.253695835815036,5.406796299449288,-1.5603591535318786,-0.28976847538338085,2.45983761712538,-1.2368937692811566,0.33679509262466417,2.1540131188777614,0.01952290952970364,-3.2457120137164948,0.5193161920850015,-1.7361606526047795,1.5937683782931322,1.6876640720914138,-1.2343520626898474,1.7495180744765033,2.7638076966021212,-5.635914449574225,0.9285369149566546,3.6324784387497417,0.5934532863749985,-0.8759131713731267,0.05723612286623736,-0.9038251961108358,3.2965241175236626,-0.004954022359168756,1.5608634989809913,-0.4663527536578358,0.6880001894538238,2.0545159070807903,-0.09064261892273394,4.082577653853722,-0.9412240243698358,-0.4804345694973162,-3.019880492936168,3.384321534924995,-1.5935048466576491,-0.386792648414326,-0.12713378082545385,-1.6650498869446653,1.1683954263433634,-2.654456329835919,0.4239510174259496,3
-18.98600077329003,-29.68580676189601,-9.299321763116815,-1.6728129410442758,-0.9751259019320153,6.915810514502834,-1.8725817836214849,2.9370382159205235,0.9994705518471996,-1.765975739448212,-3.2232091233071,0.8955592487529822,2.7847057427763917,-3.458438844805541,2.8719455094948203,-1.1488233683557854,2.8162098464063523,-0.14603536842624107,0.8694587940911552,0.6448941526874533,0.614588041573966,1.4907425081726815,4.831201039216987,-1.491242395030651,2.0040458818952565,-0.030607033603564746,0.8104114311835214,0.5857757697425612,1.9414143145094465,2.7445792620557907,-1.0308176573112702,-0.2283560979180038,0.08554004971944887,2.4811744152151354,1.304491869050021,0.06632388792715042,0.41347506767671577,-1.6650658423058644,-0.019888518747475104,0.9961956282331228,0.6772566796583162,-1.3942528070813487,0.25257853343482883,-1.1312711280524474,1.2938417156686313,-1.209166300443012,1.278568133681739,0.6999153560640725,-0.7247486067713845,-0.612885381949675,-0.5129321333686806,0.6309251415006643,-1.8441759536245697,1.1004378802639783,2.000780343059476,3
-8.45815445620995,-38.50262419421391,-0.9369947072366158,10.119676096899997,1.5155569194788268,-2.5731603291673775,6.106433109584854,-0.7431340621192887,-2.404422649835799,-1.5366921783769303,-0.6365332393401215,-6.054719314913292,-2.2273789073974597,2.1571718564558653,-0.48752037179359187,2.2336028026398766,3.228787013494892,-2.4318890024681585,-0.0470080194600399,2.075887440879767,-0.13855694915314903,-2.166293882588541,1.7649129267262285,-2.697378994329549,0.0726493865625395,1.1492830075310043,0.1584177931751445,1.9166805399875753,4.025153223191944,-4.335682886350031,0.17070917399234803,2.75922494916654,0.6189928990768918,-1.159839452469379,1.0329136304779043,-0.92825831927953,3.9356590647005714,0.12516816046642654,0.235305106771128,-2.2074640428481778,1.0260286914534753,0.47844802980343953,-0.10255063621206735,2.7970974338139625,-1.0260157501526606,-1.7596218599895777,-2.2055048027412454,2.735996096486165,-0.9435985170001697,-2.072688021404091,-0.050256132545250194,-0.5220750874620471,1.4064619855938683,-1.4874062975128408,2.0487499105239206,3
-18.722815080033065,-32.76725079342382,-9.205966949672343,3.467181793814031,-1.8883640461742517,6.65106964145716,-0.32450850616149457,1.6396463917766526,-0.07910149775116579,-1.8364560838539965,-3.8051695777948673,-1.8097547283854405,1.2813299146821449,-2.358704714702593,2.402783419209411,-0.18868579812162062,2.6602466691599096,-0.3350545053694353,0.992831131569051,0.3806322266576533,0.7179433805850823,0.1871793223410454,3.840223878311293,-1.6819707383912526,1.3260612358259187,0.3982215761782208,0.5984627323982025,1.4875086765468832,3.012442280236954,1.5438415981897375,-1.1191745548898633,1.2618863713046347,0.42095176944206225,1.4065885614744331,1.6374800335735697,0.22908526565657888,1.1846797923459758,-1.3124017716351013,0.30647771659084544,-0.31372286795591514,0.9462448413099317,-1.636826087902475,0.16106358461411022,-0.37220092475247124,1.3610345972195126,-0.7978782181416099,0.7132708931971041,1.154702219724243,-0.4680572793259718,-0.7308175990299232,-0.5067074836135956,0.9440297554814161,-1.408992881540296,0.24446555355317548,2.636005576364285,3
-19.58483951946298,-34.67548759284593,-7.842207356290479,8.935244995715447,-2.428201277114298,5.54448475541382,1.902702935460922,-1.488567825760693,-1.2138616150350023,-2.1802291464387586,-3.5881479620520293,-4.8256460849877625,-0.7107061552184325,-1.6224303150271477,2.4048663867033246,1.2426078729829848,1.8435820561609455,-1.073694932707426,0.6184675680191442,-0.1517914545919263,-0.12812097693435584,-0.9491957556509019,2.237488816311471,-1.966455895055681,0.28917290594701367,0.9289113444145831,0.9230525021701327,2.55185214611072,3.4052045028756797,-1.3931564087110628,-0.5998399842170716,2.4084819414387315,0.03634325756693419,-0.34910507416096664,1.678628024612668,-0.07285597615923857,2.397690511248895,0.2207278735335992,0.031167278050976143,-2.7031416459051947,0.36129510267860704,-1.317032596214987,-0.12894816872852302,0.7018633853905244,0.3033084725578266,-0.9047009764442202,-1.0611369766463628,2.0033936679069244,-0.5953890806747649,-1.1744997418967216,0.016415489337806517,-0.21379323437407127,0.24192965662305355,-0.4522278423760607,2.8888363043578837,3
-27.923374965349954,-27.323591119729972,-1.4440637746329565,5.161868383530708,-1.0528952008243746,1.9757603258752268,5.961301024322921,-5.12005280247401,-1.7734924652791568,-0.8290099344509783,-1.5966379603224565,-3.832120247246763,-2.1630930706199303,1.2798305987760752,1.0652620099903827,1.5091093361832102,0.9137517690775501,-2.285146434229899,-0.9364828753107012,0.13842628559697998,-0.18725694097029363,-1.0153523030941192,-0.40227769966432647,-1.9620359322161793,-0.8523844640109237,0.5328923041283241,1.308129833156671,1.2462699583023849,2.071005012929158,-3.9940408230116855,0.5608804584434317,1.7174307063151708,-0.512138328850345,-1.070443504409249,0.4687062169758245,-0.6968476392043065,3.4884931726693127,2.4749816837528327,-1.1353802969661342,-2.185339281029898,-1.6326163202895647,0.9259066133432087,-0.01639201102212013,1.5853588007981487,-0.9673655116663428,-1.4865843874260158,-1.0073990340351109,1.210910112469632,-1.2092884443821743,-2.2450067418176833,-0.5592931511857542,-1.9268272147507757,1.3047191838028938,0.8154813844749994,0.5817232029395721,3
-29.138858294480123,-24.06676715599878,4.547784180077173,1.2955980470246786,1.2801220920341754,-3.089503669455536,7.826716452860249,-5.24976379366222,-2.5550759892368426,0.1954816708703211,0.5360218445730128,-2.6455103819763566,-1.253848309342943,3.1735170665656,-0.8954182838520156,1.019566725168454,0.6957612128310177,-2.509863383556168,-2.125788415490966,1.9149099546783321,1.011319704729253,-1.1111355982035036,-1.4528784720010153,-1.2424025072120388,0.04619632103530732,-0.7503551562269187,0.06057120347851494,-0.9442736757755436,2.466801814771329,-5.315713244055993,0.9300033737662531,1.5138995511368682,0.016437287251106752,-0.8125685897333956,-1.4087061733819624,-0.7744633289105985,2.947928628478146,1.7139692960274433,-2.045766144157951,0.2409265327870995,-0.7152773326971223,2.8304875655681223,1.390764045947432,2.877099467872411,0.39935677308196577,-1.3642500824206685,0.2562242740919694,1.1060707551975404,-1.010173700352578,-1.5486581561103179,-1.6150594167178591,-1.718822132871354,0.254408122385854,-0.44799057869557596,-1.1131113056333746,3
-38.84002133913724,-12.92906409694521,5.8766446622878625,-8.125180282547527,0.6978813707412928,-0.32163024235434245,3.3425858246217195,-2.119880275897525,-0.9010181094383176,0.8538836800935761,0.9060352906960781,-1.0596347823607026,0.3027323203444377,1.8364263577825375,-0.9973922131805059,-1.6995191056126127,0.20954588859078546,-0.2775196473629985,0.67475984172093,-0.4373770433231478,1.1101246315168285,-0.7115618674450328,-0.015494188357081282,1.5237496116665465,0.7530151565585522,-0.9185912245846993,0.7621703955677956,0.299576899463409,1.7425331249972482,-2.060740078438878,0.3733690450030738,1.1132566593423652,0.6108565765448356,0.4164720260882311,-0.4892424419845451,-1.328785191808965,0.4031708259873159,0.874455594433646,-1.1809277178635833,-0.8039583054337995,-0.5119389309310982,0.5158910851944302,-0.09397611270468399,1.1073826739655377,0.5344890390156023,0.7169132361377665,-0.40082288876922173,0.3716792898024189,-0.460448589777709,-0.5583701304900424,-0.024788201793849687,-0.06526503973658741,-0.4020025920890664,0.08389420048655742,-0.02105195787621748,3
-31.683688249242586,-24.73832881599261,-8.52535242920843,1.9424496027282727,-3.118360669237862,10.305140530152007,-1.152657939952909,-3.0955109385172,0.8588826057943537,-0.988942988329548,-3.433279792040526,-4.054000853026497,0.7354267697792848,-2.0665910599853126,4.500863838982378,-1.6765758380941242,0.3744990855616604,0.7245983559572611,1.8465751114202231,-0.6392318517176788,1.1308746161304264,1.3902353406415777,2.121660324726563,-1.1203521575962423,0.842623585966213,2.0771251643399795,0.7017013870695917,1.4467132803769245,0.8401680404546946,0.021069861183927962,-0.7143660473777151,1.8073182331802222,-0.38681046239422473,1.7874188037437377,0.6069469035081124,-0.05808667055242647,1.2907120099523388,-1.052023022821048,0.11341430410302084,-0.8093345525810266,-0.5978269433478379,-0.39858744489019704,0.05509148022637184,-0.8672525036227582,2.2978944175974627,0.004441115692779372,0.30005979413562034,0.8939346413451708,-0.48361790510909136,0.8995567139346463,-0.4938096420986509,-0.8817096284699775,-0.587093956346409,0.37405146711596515,2.9967075759492663,3
-37.47503449462033,-20.03268145316259,-4.434949093752814,0.13702406810044443,-2.950868643573151,8.432628923217242,1.9550807752558526,-5.524965464984184,-0.13708224128266477,0.1531492701065849,-3.4263274437238964,-4.5952576395048865,0.099084414749553,-0.9687134524231849,4.012231916832796,-0.9374561898442444,-0.5880475168327628,0.653258744329304,1.345470441575181,-0.01064287679767259,0.644896813715768,-0.14813462974082173,0.4039375624276812,-0.6221284383749911,-0.26888604780736897,2.0126243083870596,1.1710083873721586,0.4900936462367664,-0.8697805627655664,-2.3905644818350282,0.8697608428988162,2.848046830072645,-0.9194589449791705,0.3932730888207351,0.027341071180026773,0.5411067818053672,0.8670278723026188,1.583634199572504,-0.7859794637510686,-1.3528586747085611,-2.3425622021890504,0.013988516912799204,-0.14915364897831304,0.8092354432948198,1.0881063942925024,0.054211922030399415,-0.40550958464841447,0.982737678507247,-1.1069747262077028,0.24573045843253458,-0.31589374683627036,-1.1795859315031165,-0.19740335391105784,0.934466841784731,2.5214298995202413,3
-42.81680449966103,-10.336406141041632,1.4230401112500934,-10.689143385896122,-0.6579121430290623,2.602228015173841,1.7544074826077252,-1.6243253753265696,0.6085413720121616,0.13030361940555685,-2.4055928850593467,-2.0798723410131537,0.6024283757508466,0.757309879123239,0.5461543593270969,-0.25116974661192576,1.6522831305006798,-0.5557641632281264,1.4347770257974937,0.48998840127004106,0.015023235640105697,-0.5306055127034908,0.21138346467297892,0.5865890296275206,-0.25938588478718194,0.6889030615145384,0.30117407305887783,-0.8553173137496798,0.16632628939340205,-1.5388278365665606,1.7957117824696112,1.0645067149135448,0.7213349108754203,0.6627283999023352,-0.6101521892926735,-0.5715574735306068,0.3334001952593587,0.2474031038869129,-0.5748835678613398,-0.5302766252085259,0.3513593967593014,0.21522594605178674,-0.5232524457455625,-0.07940642342094924,0.22138817582826803,0.07085893563010891,-0.20896275589924257,0.18999803648572652,-0.8452881398497525,0.47987124154033045,-0.8473044394828166,0.08740234419416612,0.09382502283958949,0.6905718572012587,0.4447841948393638,3
