PC_1,PC_2,PC_3,PC_4,PC_5,PC_6,PC_7,PC_8,PC_9,PC_10,PC_11,PC_12,PC_13,PC_14,PC_15,PC_16,PC_17,PC_18,PC_19,PC_20,PC_21,PC_22,PC_23,PC_24,PC_25,PC_26,PC_27,PC_28,PC_29,PC_30,PC_31,PC_32,PC_33,PC_34,PC_35,PC_36,PC_37,PC_38,PC_39,PC_40,PC_41,PC_42,PC_43,PC_44,PC_45,PC_46,PC_47,PC_48,PC_49,PC_50,PC_51,PC_52,PC_53,PC_54,PC_55,id
35.7224241051531,7.122092488746842,1.4556974664723492,-1.7568853470283363,3.622408043943644,1.860577876020579,0.9182661495585938,0.7949352387821006,1.1887189564501714,1.32069089810094,-2.4889166642654525,4.819319077297765,0.9782908562335756,4.257289640425293,2.6281605328219078,2.3925886727041963,0.2816423549257588,1.7993416780840998,0.6944998953652837,0.5918542908400932,-1.7851397269461695,-3.153883510975035,0.1024021081437174,1.817866834273666,0.09602342647138,2.6879114652752354,-0.8921981912041018,-2.225919927657433,1.863326438598938,-0.116834905568791,-0.6843209288829437,2.295546067960955,-1.422662118230301,-0.7469908999820536,1.620354966361135,1.2725466419031517,-0.5605478522090005,-2.5253344734267555,-2.922735150020997,-2.3024304017660704,0.6593323265086021,-0.9317297547599236,0.8699815518653323,0.4138540173781473,-1.246169450776271,-1.4206998818415686,1.5139387502761712,-0.4328010322370177,1.5301555792880464,-1.028816571370477,1.0540962140464123,0.1268125529562524,1.646396198176481,-2.036435317375343,1.548977004958875,0
36.62580512230255,6.70970379100324,12.87820778336368,2.595567918655675,3.816778444553474,1.465874942926089,1.3500590809538626,1.6436163875898664,-0.7422763824400274,-2.566529154948304,-4.550161764012926,4.085379351100781,0.1308411227653189,4.239492853055245,4.709655540444182,1.1339460259191083,2.6514564264987146,0.6074851267435387,-0.7892746030587051,1.1882874991867822,-1.906449448806424,-1.6834216520988974,0.7449393556877473,4.100573655755345,0.5876692841342047,2.307203551575008,-0.8929507124502336,-2.903728104133481,0.3760626941139772,-0.0502354460738673,-0.1042697491951554,4.566276274979794,-0.1676851130572166,-0.1142371476723766,1.9493809264921045,0.4903323413652686,-1.9470200453950133,-2.806291398108016,-3.497325185761929,-1.595730494732951,0.4765644742650068,1.155509741969329,0.303363092202761,0.2611059338195531,-1.6668114881619704,-2.3541924198400377,1.205649193464646,-1.8426319346264497,1.4987454490711554,-1.0925205946149403,2.542924116757393,0.3364604314715374,2.729927538656737,-1.2948076840125573,2.2509710215404906,0
28.18366582576573,3.581946337806463,26.412843421228786,8.37956726253048,3.8919614833449407,1.067438792938511,3.086569470456319,2.59403283180861,-1.1683836747753595,-4.217166949291961,-3.224156362846084,-0.90642372150729,1.409994429862408,1.2199297958214292,5.012117126746089,2.613724084631213,6.150728519530543,0.0201094586798358,-2.836029169578226,-0.9523355636777776,-3.8484110515026417,-0.6258146030447244,1.9323614430139195,3.347466416762383,1.957814513781987,1.1261931483859702,-0.3507809555956402,-3.56541762272995,-1.3167862506656818,0.8232405520826089,0.8141379239318337,3.76477439313917,0.4535148388802963,-1.44547193189203,2.058054768100295,1.040913011448915,-2.4080538761300025,-3.637649060476317,-1.805570442845876,-0.7056984956370047,-1.3753454878960325,3.28598346480656,-0.7465171687853546,0.1313991592447285,-1.2895410537528058,-2.115728902016829,0.7237786268712996,-1.1248522935083742,0.7370625699472453,0.819540972917338,1.8505316162775955,0.3445004443660324,4.032635486126597,-0.4962834449713432,0.3112349478608579,0
-38.62180765890729,-7.748907517541445,11.14297869929461,-7.660463928854292,-1.3080129104172669,1.8737859214447825,0.9823339634590308,1.360497514696874,-0.0984504190308829,2.439918112845513,5.409957956698663,1.3876999458364023,-4.057676996635309,0.9732706378646252,0.1168268661424346,-3.3587263016112074,-1.1972830970667312,0.4893344201126365,0.4014287007752652,-1.6284267137014063,2.947173054429012,-1.6712979690524497,-0.043047907065682,0.1844191506137415,2.9374334893319047,-1.7686843059989503,0.1204402479787568,-1.5506324129330538,2.377251165081123,1.9808558410256505,-0.7886632948124297,0.5548012686896536,-0.8025469719317235,-1.1568472984724487,1.2567898247250826,1.2553442667236714,-2.7456321664164123,0.5718711177110555,-0.6685430481309176,0.5164696929370487,0.3302341956918735,-1.9812626821170696,-1.984191809814838,-1.0444928439370824,2.2552039401826174,2.639292241822882,-0.98382543647344,-2.03399338249132,0.9363230722731426,0.7648227604347696,-0.1184374702606166,-1.0899055757777565,0.1055155634417198,-0.5441205849822247,-0.3965445806358329,0
29.979411922883063,7.233107861511552,-8.026376427938587,-6.569933645294698,3.8238200580886734,1.737747403885,-0.0716121390374381,0.8831634565921452,0.7359078454321362,4.408850866733604,-1.544569809279806,6.768745642404356,-0.6292051094283542,4.131322683371358,2.958540903453832,2.391449027143374,-1.1419677672327633,0.9836829831836794,0.9782989155938148,0.1498004424922801,-1.2680450058965522,-4.852716245723807,-0.3566939594029497,0.7875519139366466,-0.5579361910771989,4.125934888224683,-1.9481508901552045,-0.2583368181805424,1.902574877247187,-0.1217652821759617,-0.9270609613809616,0.7195471703696205,-1.978547980621577,0.8101598688583841,0.2163958571364454,1.955908860536398,0.1296533514147268,-2.6089460107742584,-3.643261746721884,-2.812292261542213,0.0639601723632949,-0.6565758293037057,0.8632783037817664,0.4769135332711386,-1.0447191744890871,-1.73364386517245,2.0783977778399216,0.2801888926357653,1.7718359492473557,-1.4878514451649745,1.242188102818809,-0.1500761412135903,0.4126644361973131,-1.8206704760701045,1.1163308971346435,0
14.917610768708675,5.209549467614944,-12.347739952511374,-10.646009761032648,3.4523812082763645,1.8310874187892128,-0.346387088407593,0.0888808656637138,1.751736628881754,6.097723458750689,-0.659608125639229,6.305703160516326,-0.266925622489791,2.8566124710891017,1.7248549750179245,2.5072990516180576,-1.7202081811733136,0.1586084495860688,2.197054692094742,-0.7208039852194322,-0.7428743218824987,-5.565303205005653,-0.3972522899339409,0.2508380940280305,-0.5288006811856297,4.843326795013385,-2.1496449080529727,0.2576574360635709,1.9552197802119355,-0.1873458437174437,-1.0945713402811976,-0.6982340010170777,-1.7081103497030523,1.4327858654084535,-0.5222477229898308,2.1482352448259654,0.3427801299722821,-2.226832665153471,-3.3024358265462395,-3.08430829088109,-0.2106862803898401,-0.8613117142252871,0.6657956002882941,0.1383106074489479,-0.4906379974429602,-1.4938211339154324,1.4182110599511248,0.6833167766391094,1.5566079688654595,-1.2654981694253469,0.3151139850082087,-0.309787487039564,-0.5000599402582598,-1.658523939612269,0.2754877755696647,0
39.75513449078319,12.319630152299007,7.025093439374773,0.6829390212757891,4.036169848487224,1.793170799805499,2.033233599086181,2.357237371603128,0.0007485390580473,-1.0382503663569704,-4.577951853057728,5.39012084717614,-1.3990985316677098,4.279575406932057,5.304540966677904,1.8812904464916764,0.9475047377681316,0.8552140561896102,-1.1940389514105392,1.4028674681819195,-1.9009501101060504,-2.3925781811253635,-0.3679421145447141,3.123712051762649,0.0725071987949795,2.71097824830098,-1.5016412569181297,-2.0576799543709954,1.337138550867684,-0.1152438865823176,-0.1145405862497646,3.917033270079913,-1.1472174768459629,0.0019238697653307,1.725729017708283,1.617032316591151,-1.668985080863751,-3.177769602500094,-3.643950416628544,-2.126942498628968,0.5795477820215055,0.1609435759418124,0.8769612624708332,0.0517923697791235,-2.019178784665016,-2.4228954981628217,2.081425857623945,-1.6325272092497944,1.8673391604284744,-1.3270215012864934,2.8738453444419467,0.4913673477100675,2.0649767272417425,-1.948426493373728,2.338611658502312,0
35.51659374426778,14.078505559276053,-3.743904135076614,-3.71569406269064,4.0568367024139205,1.5176850540174254,1.0934098328542534,1.8044316101176407,1.2200736841901594,2.5120624908672755,-2.715436148850799,6.632801141651089,-0.9967337852486194,3.866575119788189,4.073627387258237,2.685327372973344,-0.9298475281638152,0.6669917815740899,0.1659471979307059,0.5519935414097383,-1.4015616242661992,-4.047196641079402,-0.7097168617748155,1.371209201489208,-0.2673489563749712,3.6840351715694544,-1.9986106670773376,-1.0594504736738843,2.081170216489758,-0.2356459440307425,-0.5161962677894033,1.6278017449075135,-1.889555841607881,0.5093626995147972,0.932137053564632,2.190211474864019,-0.7082373717841293,-2.9244800147601957,-3.3248931397236934,-2.867623034589698,0.4131729617776803,-0.6558629534860803,1.0572296508664034,0.302697235918841,-1.3186711800052324,-1.8123233844614564,2.3901707727438017,-0.1367798904254003,1.7213937883823829,-1.362252146413517,2.062025832213304,0.2959818726015643,0.8778098635770941,-2.2136170990355537,1.3086314188016188,0
42.15205683243221,20.132616734442813,1.3457374468561372,-0.7129345136673166,4.306509960088715,1.947505768898808,1.9297138515090344,2.636707735240203,0.5398833871056917,0.8467326885454994,-4.227658856704217,6.413158305539164,-1.4900950181917791,4.418767819161753,5.240889645400101,2.901657628596733,-0.4611208838487708,0.7325120581002668,-0.4831350320581157,1.3083946350594964,-1.5886944916407837,-3.379230104835816,-1.0518568921120997,2.4542330997755863,0.4787653116253313,3.231730040404281,-2.0131887316530603,-1.8612954549438296,2.237013757069208,-0.5365446308751352,-0.1783256121512264,2.628024027559876,-1.7848763288625562,0.5533945254243503,1.677465730691046,2.2681663170416417,-1.2951679362070203,-3.229777639728409,-3.4039078141925803,-2.5243247618049742,0.8280496042510084,-0.3410521204202334,1.2186158721769167,0.0693839608025824,-1.9709625195851013,-2.111613599039988,2.5039791028530565,-0.9372418579949792,1.71133216469247,-1.3000658629414794,2.83123725195279,0.6350946128713946,1.5581597326738692,-2.387397783644009,1.7199607480928238,0
28.25441017952136,16.45413283747859,-7.842334875489251,-6.220078759547032,3.943350855834448,1.901369586150202,-0.103056336107691,0.5013334944584271,0.7757966869087567,4.363851879208557,-1.416229916490091,6.000338278096731,0.4752227334633582,4.382122100501293,2.216879825574624,2.961611041767324,-1.463469086889268,1.3966996170210435,1.9450854776577864,0.2241916656433051,-1.517102799033944,-4.935123514143548,-0.7204173526786578,0.8295472957572733,0.7275200106501751,3.570223180488105,-2.0917268134127074,-1.5889189464315727,2.614837328878188,-0.8254306979095384,-0.6522827395020427,-0.0449293614052453,-1.7627390825224296,0.5477896932358942,0.6310950147426007,2.448619377490659,-0.1664784848639448,-2.479718677915876,-2.3714237582682607,-2.5054025781913065,0.5778369211043772,-1.373515728793931,1.083678248176158,0.0677825213951926,-0.8959845489698408,-1.868985503620403,1.6629215411790372,0.3227324405305836,1.388731358313788,-0.6261570912279184,0.6221120920675243,0.2306073256481113,1.003800753847765,-2.3247927881160786,0.811987571335352,0
33.59145574182482,18.153067177204,12.739552219991428,2.7892396615689803,3.651014222872417,2.446887884901408,1.384234063345122,2.093579480872509,-1.0306405428391583,-2.9382649362172857,-5.403721293363004,4.127791408057598,-0.4397372108944524,4.409374887925959,5.275825732607875,1.242320206973022,1.8570478500328336,0.0451311105816517,-0.2505312920713189,1.6051008329864316,-1.8319676248834755,-1.6268639121947943,-0.0490906352617664,4.236757777207852,1.832816510496708,2.511505950041672,-1.3191673250025833,-3.3841706722591582,1.193421043709876,-1.199710935722413,0.1176699690628901,3.6753926369722136,-0.1975974657209984,0.6778420749736255,2.212255190654991,0.1964329364947605,-2.2671089529172104,-2.5902511986355914,-3.236970170415902,-1.2508054114934837,0.736850309017799,1.01214152858031,0.7880147097306754,-0.3436442655633858,-1.691553588136486,-2.339166107812875,1.4901413823546887,-2.016503661397721,1.0765721959275556,-1.0269874822417435,2.6163174160394487,0.3309992097695241,2.4680607336726075,-1.6496300318918318,2.134365510345939,0
28.185987885883304,22.590774538585343,6.753119954053344,-0.1428569538430383,3.362761997710881,2.60162762918198,1.2954542538658558,1.987286113363874,-0.9320565152782816,-1.5201824159307518,-4.911619804538812,5.444210962046582,-1.1338985517472535,4.813698036706179,5.165850865795219,1.1029466878157828,0.2606872035305195,0.0396926664598326,0.2108316752427198,1.906756220110359,-1.2842273783851976,-2.0632116234051354,-1.1531485450779086,3.5915310226987893,2.1969681390024447,2.35397974843445,-1.6585559744565448,-2.5786302954672635,2.2076123882821626,-1.8531977678399223,0.7216200549440084,2.512254422570816,-0.3559813581908279,1.3387426816829762,1.692379394566232,0.9035427295989972,-1.700457626847517,-2.6671441014609747,-2.978484976022112,-1.3531365075408066,0.7071586378966642,0.4479489935597763,0.9768593729276972,-0.4615182935640862,-2.032696492021726,-2.0364559816011454,1.5132962964645418,-1.916919597162468,0.7553696190294478,-1.0139189845106409,2.099336132404414,0.5560256825272758,1.929379721988773,-2.105475112501721,2.0257337941365345,0
24.49995515897002,20.924870632683174,-4.011825840949284,-4.936334491835013,3.565945454985844,2.0004404251378163,0.492461748548812,0.9690456259716363,0.2655109616420137,2.746846246349258,-2.163665399524745,5.6672192734580165,0.2238634414421641,4.617842585008964,2.8774674313889856,2.7671023073170105,-1.1622942536118002,1.1138654737460654,1.682311037512639,0.6504278717369758,-1.620765559832212,-4.227773314834748,-0.971013562373847,1.4484184821048909,1.4835033221689955,2.91974841979657,-2.086783923354101,-2.111492839791329,2.6835481897026305,-1.3262425393152453,-0.1244797834844344,0.5677536485933415,-1.2414047574126,0.6554032294972312,0.8107452776961253,2.017019076627921,-0.5898397548937683,-2.408018439441294,-2.10670301396703,-2.073087459980961,0.6068850869154123,-0.8697518747129616,1.062843753123133,0.0270594762824457,-1.150863129211001,-1.708262070547521,1.799888417547094,-0.0081879735095942,0.8474652571157355,-0.617943000856632,1.229539418445178,0.6826896563290988,1.4341619251432602,-2.4420038639654247,0.9949867966930572,0
0.5601029593208287,15.00192809449571,-11.457035870367996,-10.790831116288926,3.8717609906646975,1.0633125476905478,0.4446503928908512,-1.3979849114733105,0.694085392473031,5.3434617295137,-0.2026869711811221,5.478241133909514,-0.3223815632501992,2.848991695298431,1.0306981391720285,3.268272223156289,-2.431770317313356,-0.0947525185281203,1.881417791298194,-1.4451866079742834,-0.7089533709835083,-4.445358162717096,-1.3071533233640285,0.4887329533392398,1.0533401210180933,4.331409509210066,-2.8589929971109638,0.046592750786386,1.0562264809966058,-2.025818591029811,-0.3342608041730455,-1.5502557759715876,-1.420742652337195,1.959894711172903,-0.7930616393223936,2.391503418677841,0.1688562456552499,-1.712527261589283,-1.882804089016454,-3.5526760519270626,-0.6173273272349604,-0.0654784575403099,0.2407809291784523,-0.4654516834749955,-0.7415397333684096,-1.3427911426326002,1.3975891136662577,0.9765058299714628,1.1369945443645617,-0.8938526586579629,0.4496991045387858,-1.112671206045963,0.0474535659584736,-1.5266964821733655,-0.0609096859329901,0
11.404248035996252,19.26217684662797,1.083739861322097,-5.05826244841098,2.8473365696029886,2.276893658998737,1.1993010761008158,1.3349724023704646,-0.5193208954883982,0.2519332329311344,-3.656423102177438,5.317898896281613,-1.1652430051537928,4.4168468114233415,3.943402491056528,1.0494987596511798,-0.6173598985221045,-0.1657405575766319,0.8408553271226916,1.4284787657276377,-0.7260982418590587,-2.281696788286829,-1.5512413174180248,2.613010977529356,2.095888670230772,1.7921025582358336,-1.763883814440884,-1.5039142628657147,2.344759284418259,-1.8871093237732837,1.3843188167557072,1.3210983319507346,-0.2782613625577594,1.5918601714781393,0.7225930494661018,1.3217917766525944,-0.8057968351132843,-2.1868432473991284,-2.1316963278832004,-1.5340742914311571,0.504272451068514,-0.0247581780699526,0.8855284556372752,-0.3269441889645087,-1.535390182060287,-1.5135021391683636,1.2569972936687124,-1.306466450378295,0.3375785567049169,-0.8169070837358727,1.2631888155847948,0.6971094708034787,1.183811147847293,-2.1139367623761074,1.3640631651178396,0
21.690553340495978,35.91624234258635,9.5939894600978,3.3063212153404025,3.1828898054464108,4.286819161478553,2.3480579346382764,2.505583152602449,0.2473744445706678,-3.311987304639394,-5.333694292066411,2.2319037461745443,-0.0090292864962627,3.1285816578744186,4.736906729912035,3.3469628828466598,0.9990011011846998,-0.2976409844667538,1.557945637694225,0.9230664144281434,-3.1620806426454755,-2.1252630623250486,-1.13046415464304,2.9210069747231397,2.9146260949440093,2.0579603588252047,-1.978003780687697,-4.552531473015141,2.8445398968664835,-2.756815014664195,-0.0768767872156248,1.4270282519266844,-0.3376039884785903,1.0842176037032372,2.086064508169256,0.224841148592083,-2.5425815262231426,-1.9544668803037248,-1.1214400201551868,-0.6433251152627476,1.2261667365897146,1.0190129630907805,0.7424439028502561,-1.8341416174521183,-0.8284296682154627,-1.4306111113074116,2.2274075680753778,-1.3745215769285704,-0.1736121673922755,0.1348365164895711,2.390542894400695,0.5877943320355781,2.130031908683855,-2.5232668820181883,1.5266141793107513,0
13.097935952734645,30.43924801213644,21.07988965197683,7.431833123012893,2.0767076594663543,6.501671629966665,1.888456201727796,3.690535743630286,-0.2664877044908111,-4.580202874022322,-4.44640404595712,-1.9998454038288045,2.5525400961058384,1.2518834832522825,3.851899404494031,3.903638821432625,3.783145535225097,-0.0524600699841127,1.0964438800477203,-0.245301383339456,-3.803402085664104,-0.2501589293101469,1.2533789514108968,3.666823024738342,1.5699833268711063,1.1070938532731875,-1.8035351944014075,-4.857557414768182,1.1066607589859794,-2.2682983609898817,0.1263309291858556,1.1171837354789405,0.2726921986513796,0.2872710086744175,2.219743393188484,0.9681468470321074,-4.521631606863956,-1.8466130003848724,-0.6312965608872582,-0.5763725938521349,0.1252091401007665,2.2245597273267697,0.898337452087616,-1.8941627419804723,-0.788540611491709,-1.1800163886567252,2.009532745397072,-0.3722488588806918,0.2047893478148297,-0.7007930454590867,2.031029805999815,1.143194042809907,3.4690852333216804,-1.3157056916878929,1.0532532224913544,0
-7.844004679552496,9.730098756707047,25.63504521122145,3.914107703040101,2.3628129568781997,5.487777976550979,-1.047950318584683,3.058946214442693,-3.942146838921541,1.3473078501383773,2.8297613457851387,-2.457218442468371,1.3625863976509531,-3.356219993541503,-0.2865586515666333,1.6430863161447615,2.949224869511891,1.0489177338872822,-4.794578109428581,1.2194108452389605,2.774149029929808,1.69711106424496,4.07681678205516,5.086909164258786,1.2392693771370402,-0.4365820850385925,0.843571243085663,-1.9981878915043685,2.5151556188019493,0.6382185457449354,1.6545752270885832,1.3450600482187438,2.8853527519699687,-3.090055555406392,1.5822153888451211,2.016887210602277,-2.4518927944332582,-0.1378913606695277,-1.2674225521905187,-0.4572212076434437,-3.6718163549216976,2.1045497765322683,-0.9710306466732144,-1.6747141658828324,-0.7963137873323447,-0.121027813003572,-0.1195177213986208,0.5610119843097098,0.2703650427689241,-0.0779620440068062,1.6376095676105715,-0.8624314180862084,1.0698209154924283,0.4845553995871061,0.125220400764702,0
8.848948957140324,29.41134749529444,-7.914245964528279,-5.9113394088956825,4.672420936972263,2.1053718872539298,1.245253430924515,-0.6588985265119203,0.3448619700920634,3.019434819674626,-0.8880105544362822,5.800437685775763,-0.4566484549272435,3.939256651095194,2.031824741798875,4.17575949026716,-2.885782390767452,0.1019134980687999,1.1370966940820926,-1.4384945946523002,-0.5194009625494344,-3.680909543242544,-1.6427560749094172,1.1416566107917463,2.098226718848825,2.2153314544008174,-3.0469821521400484,-1.4188761246202737,2.1521360307716355,-2.978467486898332,0.5431228680504023,-0.8852784273548973,-1.333328716299616,1.4730454965481898,-0.1815807432934649,2.0905858536744755,-0.423177423862503,-1.8740761256608245,-1.2220205778871869,-3.084318056164832,0.0813952295120902,-0.2275018600416521,0.0970436175708301,-0.603557989080975,-1.346549532659841,-1.809965964780633,2.661447290217437,0.5066690902674659,0.4342526347716561,-1.241702874665828,1.528727935540317,-0.7613183835624326,0.9244120500580691,-1.6631133711145398,-0.0022417246172629,0
2.237901681421096,35.19008513299372,-0.9672507196860984,-0.7846311888964091,3.752977914911865,4.517253784300577,2.152193243572218,0.0361299656129783,0.5042495404480946,-1.047010357882964,-2.6585134054711177,4.080158084520886,-0.7863302809063127,3.862686438049875,3.290609953599831,3.716490699198833,-1.7876574455863454,-0.145387836359949,1.515048738186977,-1.4361206678002814,-1.4369879553477032,-2.2368337423178635,-1.6451379135038455,2.0979032469706764,3.012642027277317,0.701337892711792,-1.8183467273632052,-2.825442991774337,2.1692013615087107,-3.207447128770926,0.7060742742671627,-0.2809434177841312,-0.8949374212672728,1.1638447737697648,0.5819385207585565,0.288534812071509,-0.6885195156107125,-1.2854086604200723,-0.8917663645873889,-1.5134223090916532,0.8981682988990367,0.4829748670054626,-0.126126842456429,-0.814237908813862,-1.0552203747969644,-1.8882002158758608,2.4802517270952182,-1.07025469085636,-0.3962537764436852,-0.727774034165018,1.928432404487873,-0.670826913612471,1.113075623582763,-1.547864494241977,0.8720529420306129,0
-13.26832822229618,23.8445369196311,-11.378562144925862,-7.904916737957156,5.10378524831912,-1.3158922944558946,1.8193723719925532,-3.70540898909256,-1.7718670835857493,4.236100362777727,0.2461114897752157,3.389562549772741,-1.6612743731213375,2.2329599627518144,1.136780345851121,4.991906597872412,-2.766689249754554,-0.4139792774275148,3.6763183081258064,-2.546076747840599,-1.0993994066568828,-4.119288046487586,-0.3772956467628052,-0.8137010679676028,1.646662991734701,2.725590826979193,-2.5932031910042777,0.709393871872706,0.8538343654556332,-3.859145955954736,-0.8707854767730716,-1.6766928957569749,-1.2596851825003583,1.9771059915879503,-0.6018865560396521,3.000079411845257,0.6787355990600019,-0.0867196619389436,-0.4804998080921741,-3.125654487290396,0.8250765023330713,-0.8269794846402025,-0.4588434169773128,-1.2392445901881544,-0.9971018305146566,-0.2509409444323265,-0.4964653257328432,0.8480866585245296,0.7132365597455304,-0.3745078324944275,-0.1384522531829565,-0.4829213986878293,-0.2849780735054575,-0.8863112235492927,-0.716177940303106,0
0.0933931981755528,44.31587645017699,7.38824704310474,8.701973333847802,2.263131893770833,9.783034942399295,2.6715109161443924,1.968181867774834,0.620178557788636,-4.545420366255929,-3.1408762405690265,2.859936911734974,1.335984999348038,3.6447164280933513,3.9869296444552056,3.848694379564546,0.3601326069016153,0.152312403644923,1.995515035677047,-2.3163743400816386,-3.174666614501471,0.3086816288535821,0.0171327364037962,2.20600387062251,1.0564801120267493,-0.0152046987470775,-1.6594078160696342,-3.4671615717632998,1.0182674444411906,-3.242660019611061,0.0172783844371472,0.9090386162129372,1.0725910635083138,1.5797008261210697,0.6599103731540005,2.068959407643306,-1.987743141988023,-0.3984977089922221,0.2833990405531996,0.2656012997355617,2.0917578098804617,1.667295752356251,1.244987402062809,-1.107648620094269,-0.5788681268067613,-1.0032917722892225,1.3431393865188246,-1.359715466953484,-0.5447659742418357,-1.179694580329435,2.287564995335756,-0.5332701522653811,2.2783730123336072,-1.968732167960492,1.524509506236956,0
-9.233611464957283,35.36766714951401,-8.997815267796694,-1.0010530962769215,4.67464965752274,0.9457604602456156,2.591669638368015,-2.176059221971974,-2.254762022869352,1.9100323583244452,-1.3812957528704,4.997134734624272,-1.6347327331555703,3.5257370996654567,3.45855738522322,4.9518351004951695,-3.3560471730564654,0.1291311855543029,2.3237017083920533,-2.69933072418981,-0.7171879411712244,-2.982852973606117,-0.4149233557489439,0.2869278181727652,1.5808802773000574,1.3656877921033188,-2.3807867649946526,-0.355434363569204,1.2224916688459413,-3.8806975073344856,0.4325135630401697,-0.301540532564698,-1.0759412674602624,2.496936917485299,-0.2149655157374975,2.579059305735516,0.1417999215249576,-0.0153630163374687,-0.2751385250548083,-1.971628244325719,1.2687753966612192,-0.1386036291169867,-0.3729486375360379,-0.0887237667365517,-1.6359586257522691,-0.9823372689662646,0.7143232595924679,0.3037879241277058,0.412634174521383,-0.5293154329337524,1.55129030056078,-0.5859318767822078,0.6591964441718273,-0.7606297214980899,0.6088103199665251,0
-6.617199721571,48.22725716943865,-4.603577678960727,11.893977243556712,4.370186497963943,4.668903349363088,2.809430892639237,1.8445932778022849,-1.3737899503166489,-2.482257800736124,-3.0744662431982,4.676198163006452,-1.5587931899122958,3.4157640477864013,4.7270392279803,6.460892474850745,-2.134055441016811,0.7085155882099663,2.129977191706706,-3.2685793609808016,-1.7466792945781038,-0.1311601710760225,-0.7560883927724416,1.2580708285701905,1.4592689554305158,0.4190253713709308,-2.2915078683242225,-2.8457721097599697,2.3345071758220346,-3.970252902414408,-0.5340761163018013,-0.3545121220967035,-0.3137424498996886,2.8882962240208405,0.1593335958004309,2.697813229241465,-0.8273909631376803,0.8571088605184305,1.2175013678926494,-1.0532065411376406,2.195131514918963,0.4493034360245989,0.6358226056812712,0.6668301361683768,-1.1331538624514506,-1.0964291388475984,1.1760353167827555,-0.3210175541909244,0.5227014398721435,-0.7101697847613497,2.055901065496073,0.2396998650466377,1.234849313246146,-0.9764970704049928,0.7436619793797377,0
-15.039057719012042,32.607681167708535,14.756151427709552,10.184331930647636,-1.012768557957163,14.530810925876624,-0.8406439259889692,7.274966353340717,-0.0184377862074448,-4.141757855860516,0.0109606710904056,1.0415729451700546,1.8101592781966984,2.0857791672215127,1.266551653272916,3.56209816757983,1.6900797136064287,0.010694555470968,-0.982574753253826,-0.4847817398807709,-1.112360048305225,2.404891287593747,2.089983202695395,2.3886350852752893,-1.057838998731044,-2.7614845065538063,-1.3645569421236992,-2.982466317293427,0.9512063341570204,-1.1383347234704526,1.1946376748002756,0.4154929035152702,2.664056532371393,-1.525050293963213,2.6153855725713324,0.9695622804688172,-1.8702355421019357,0.1131752893810671,0.0637593754309307,1.0564579087798232,-0.9057546850303684,3.652805233087201,0.1668310610673527,-0.2284614394088124,0.8145821414008657,-0.590510160468061,1.4426316412293905,1.2062336379122474,0.4093844151974597,-1.0980223746159183,0.6351954150594901,-0.0478003424126356,2.628190806452904,-0.3348392147010133,-0.955870360460048,0
-18.79288702164704,28.45453646857341,-12.557867031140644,-2.486903703669629,4.888493064307578,-4.448146933703731,3.2508708826114754,-3.733747643657791,-2.108208373385803,3.345391679865178,-1.4423423816399386,3.833036440825023,-3.0210029231378472,1.5318459993254712,2.5094737482402385,5.204954997254348,-3.406666077646377,0.5895974832155576,3.701209227934642,-1.9587175036645856,-1.2199953949287818,-3.4723190594214266,-0.867526639497669,-0.8947378084352636,2.7488777400227606,3.277892260658477,-1.6713734516743453,0.4324734182089682,1.051911691304772,-3.2479712574136363,-1.144295502424885,-1.700377702100727,-0.0912862508679256,2.735107846875439,-0.2601532638042084,3.1226529772938187,0.2900082866935051,0.795874185622524,0.0904846642260213,-2.369822001438404,1.3687614505320698,-0.8569692084723636,-0.2030425572537638,-0.9306284433769512,-0.551031828303965,-0.1553472159942551,-0.4611083752052892,0.7948929487562205,0.9296194737161873,0.8319903894995283,0.4342488656178206,-0.2690786316778453,-1.1298227317349063,0.2158600898614905,-0.5154318412052987,0
-18.775035133153825,36.43271253213037,4.082165358697749,14.259065732145404,0.4836396309325646,8.794906163115806,0.680862566050274,8.753297966416717,0.8832149355458038,-4.8582324709153335,-2.1948537126643863,3.1350515321643857,0.4149082280549752,3.594996219708195,2.1563231779642225,6.565732433597808,0.3365516843514077,0.6168241664138391,0.8079676766233438,-1.4479335242425542,-1.30459255829234,2.563156550840188,0.3524497616347796,2.0425945918024877,-1.011262539423673,-1.889532677251531,-2.008180389030355,-3.890678082237374,1.969813314206839,-2.4038343879115285,0.5336851397669337,-1.3532490236262709,0.8384162892322427,0.6501025139769258,0.7630227771292227,1.682133079254498,-1.557054676783545,1.6676812780410206,1.492366473897072,1.2253723532037797,0.6674934776290515,2.1264462778055946,1.0781041698283078,1.0982024903700058,0.5403462976068796,-1.688240661365986,2.0481980961539623,1.022671405986879,-0.5762154237729376,-1.1385241925773772,1.3129933679667465,0.2439736071157297,2.17763945052988,-0.4905596780085922,0.4441993352128933,0
-21.18582487512063,30.86394384873754,-10.17140850803889,4.922993116676046,4.055779865516208,-4.038120855668965,3.4662995698884043,0.5343922266686449,-1.2816879489835324,0.8312158622985666,-2.683651245304066,3.700270805189657,-2.0854974937369266,1.9955083048483315,2.9256819810252046,5.028181491222695,-2.5513609970563063,0.8234522972218239,2.6150501329574225,-1.949074551178675,-1.0873200411060395,-1.7322974237761877,-0.8554872092059027,0.2761625727049177,2.474300972157353,2.3599997052946224,-1.8154449546946012,-1.1738390890920816,2.3951597987171573,-2.96541797712986,-0.0613001837234008,-1.54211723510838,0.2094185517666696,2.951775921512904,0.1324947230493617,2.222534179026818,-0.2749123157288916,0.994241996282312,1.3483929633668177,-1.1149709616747518,1.6986504554878352,-0.4073813840936258,0.2240240450171317,0.4499037768990327,-0.6231050349632303,-0.3214593198049189,0.8026545311715577,0.4174056745169486,0.932981919281832,0.5132734746316042,1.0947631469907866,0.2026784181573642,-0.4594986600688382,-0.1785060012939609,0.3683139614878637,0
-26.996166143809837,27.25609824707648,-5.055124595564142,10.19109855030004,2.8825561383819323,-1.7535712191485155,2.1669054450944154,7.256614148608656,0.7213239770523997,-1.748004609554422,-3.0675922906319686,3.565096749012378,-0.3723271830208722,2.633249532234814,1.917754026451392,4.967786297013882,-1.166923449589232,1.1510073191691537,1.470479039516357,-0.8467002275614484,-0.20756907327259,0.939818778223412,-0.5376384883307177,1.3592592861630624,0.6986237595428605,0.4616585129100606,-1.6500112078742502,-2.752203399518745,2.3425347977710542,-2.1904737474290936,0.7199043081718688,-1.6444303121605224,-0.2188278485675652,2.775562559684411,-0.055055087756861,1.347289892460548,-0.4650126359531372,2.0301795610257303,2.4953070270933377,1.0621047650509976,0.724126353114436,0.2367789971258264,0.5485521778261634,1.7046737403079428,0.3466191356945695,-1.0819801462407046,1.8568214205221656,0.6648336066295824,0.1593282704315964,-0.1644206324996327,1.2753183104162993,0.1412744542299481,0.5028260048608665,-0.6379971051982188,0.7751392542053948,0
-32.81094844174222,18.401567957586376,1.368380646058256,9.41807588093176,1.3245926088345232,2.1863825718538163,-0.4205202868087852,13.176912814240085,3.4444508934901577,-2.7416430803726395,-2.315099139430914,3.5085246548676925,0.5881891112365596,4.365527037623425,0.4713471681627512,4.962122169315324,-0.8932333245569879,-0.0601448377865925,0.2883365937025525,2.0270994808407585,1.0219091845935335,2.1660368257807576,-0.2638837402546604,0.6009377873083195,-1.1762995786037234,-2.0489272522242885,-0.1953094079011576,-3.336888143410147,-0.6364287592341275,-1.9794616853156264,0.1583018971125488,-1.5326199391991189,-1.0876417390927715,0.7370738816781267,-0.1847325259279526,0.4953520385535584,-0.4258715019163177,2.609405838838385,2.3716817834342354,1.8118204175881776,-1.8343654980663249,0.6500691639575548,-0.4078087112108775,2.2331712023180303,1.7648866045985083,-0.6443835765512301,0.2060046786186248,2.397530333522013,-0.1182586554969941,0.7170177481285253,0.1217583377514951,-0.720004767871945,0.9063528913623136,-1.616463821202859,0.816952864640906,0
-35.21312445946593,10.308681526775032,6.666156998762432,2.866648825587177,-2.053485473902416,6.830114588205706,-1.0090185111961931,10.804891065679376,2.1404325861624907,-1.7395128057669298,-0.7347594457307524,2.441902145901519,-0.8246570806669122,2.8265518484948915,-0.7985492595035898,4.683537114445464,1.054889108160899,-0.8080926573528874,-0.0774365389876803,3.2354028975913462,1.5008966141582818,0.2299905568557965,-0.874297151502249,0.7239196918390585,-1.2105367104624736,-3.90541627107246,1.125610048500785,-1.7217971868465831,-2.7407241808495364,-1.0587885520722793,-0.1565045524305298,0.5578431807764497,0.5931219263845259,-2.633128360852054,0.3330792031796413,-0.689412899166044,1.3326374604929667,-0.0644924127394111,-0.5485920669888525,1.8063320561707097,-2.132918885786248,0.7186321044593017,0.3311043414873686,-0.6899243173161858,1.0857586214969877,1.884904836755228,-1.1030530209088203,2.6744183061955606,0.4571552348949275,0.2207797559172115,-0.7915613043811931,-1.3765512373708828,1.387969669311829,-1.8362474593996287,1.4757337142733684,0
-38.83677385008527,-2.9239524632890848,6.210121913477693,-7.322126215885904,-0.5007082205123432,3.309151385649069,-0.180263089525441,3.0514322569693104,1.0848320253011663,1.258644203201016,0.4352900295975658,0.2940547224718188,-1.102914190572815,0.4923786390314559,-0.0548027489136695,1.2172890051449945,0.89878092796013,-0.8918532725038805,-0.0367875196871722,0.3900713241232716,0.7961506446361896,-1.8884087667588807,-0.2013370018728561,2.006507303992813,0.2730702718914084,-1.4889191683622354,0.970728243295295,-1.200584631047282,0.0959410802630031,1.1534568979222872,0.5296180158551698,1.985595046698705,0.6172446382677308,-0.1142651259547619,-0.6957585804687819,-0.4464292445945413,1.3625642468625634,-0.8487698446454138,-0.2728205905331367,0.2396919046850803,0.1681035124296351,0.0011293158437103,-1.4969622207915556,-0.1814079726466263,0.1386210461360678,1.2579370495391031,-1.0483219111382225,-0.585843214913503,0.5739105762726473,0.217777560046699,-0.555558943446422,-0.5741707708322912,0.0559663241749087,-1.0082301078300793,0.4382859641845192,0
-34.54126814764217,13.38989462632067,-8.005286957145755,1.3394385702588916,3.683708740899241,-8.483860155358922,2.4224661069887894,3.7673204869719497,1.32552899887846,2.0273592907790583,-2.8500561519573018,1.5978476993021862,0.0672550172864212,2.1840117637648206,1.7059985178034844,0.4288398970311255,-1.560299542588862,0.9957055723711034,0.9863901516349358,-0.4089086226193468,-0.0070525708740163,-0.2067424674605381,-0.3886853425939535,0.1492389193951699,2.2457283606344864,3.0410761441946854,-0.6996315267023137,-0.2497633680047166,1.1098478631699,-1.183562299940996,0.5628996646307949,-1.3820897412383093,0.1310891434188346,1.3948148304290378,0.4649317135101457,1.043393463486075,-0.5180519672684787,2.1593412543125754,0.8371787094521387,0.3325787274977904,0.5032671737403791,-1.3247225016306357,-0.7249960857551044,0.2081865271590256,-0.5712071734054587,-0.5115264814017934,0.6040975423742063,-0.2277932035833257,0.6286782054706855,0.4257945466835956,1.386762708832873,0.3361453056443153,-0.5608531000443245,0.1670663079175085,0.4697930680073387,0
-40.25325040929036,4.2838974661337055,-1.4931361273902002,-0.6973771255333306,2.18289949236785,-4.467461950126543,0.7321886299783793,7.915763142243106,3.30832193787025,0.8497289784307273,-3.516314694353495,0.979102719827884,1.8062576170801417,2.6695175000740705,-0.079042620618768,-0.4372666618037412,-0.8234852756910225,0.022882192544374,-0.2409591005538524,1.1974195476296627,0.4231105317886763,0.1820709186083933,-0.2150846154820395,0.1268700179683643,0.4718762695998552,1.4305108146161745,0.0160626307615988,-1.0509017032360677,-1.4028912998023737,-0.985195768710762,0.9175902785945288,-0.424199673571645,-2.001179637967124,1.072994189158757,-0.0586377190582237,-0.4138394931848192,0.1282937560107639,1.843517139363242,0.841744576384249,1.0993783288640304,-1.9287416496491223,-1.440681930995948,-1.994330556014479,0.1773907274274728,0.0329163593359796,-0.9135250448009756,-0.2704338496623671,0.289557776773074,0.8866402477069727,0.6582653352624444,0.6339087865974687,-0.3565990382958683,-0.0982616839198103,-1.3095578259491376,0.3901765095464927,0
-40.41143230237273,-2.7291169715390886,2.438659010733851,-4.866323247396203,1.4406294818133092,0.1164422180272418,-0.1339311810668647,7.337661584374515,2.8711495605245063,1.0295284951735613,-3.615597832490143,0.9343713103754048,0.8005282125759245,3.855512753325744,-0.1855948156504345,1.35933500155915,-0.4701249736368408,-1.9532445682694304,0.3880194864755064,1.381792293283618,0.0027714414338844,-0.4461424224246426,-1.1135651741436374,0.7316565879209886,0.3171245309042712,-0.894820835678849,1.65994466782743,-0.96243678780282,-2.906640412081209,-1.5687383961181955,-0.4363856854547951,0.918407528908724,-2.424505411119505,2.041716048340738,-0.6544916630826345,0.8143320402454183,1.0142751469685929,-0.9066040381600768,0.5717345314205874,-0.4415223283239635,-2.1191435098016864,-1.0531459777622734,-0.8987202306311822,-1.6146921756352677,-0.2925142737227699,-1.5453754089570106,-0.7042005698503331,1.2480401841883006,0.0635417001186111,1.1237374140127092,-0.019200225152519,-0.482930000664226,-0.2462905681378927,-1.1729668261035984,0.9801579396534336,0
29.702963526837426,2.0011656189793325,6.3209338643338135,-1.4914290889051471,3.4767059706289563,1.330247768073242,1.935516014396958,1.568205562681413,0.2533789059629607,-0.6252992623743547,-3.52098215424588,5.088953873448225,-0.9782825616225594,3.9379790939721135,4.342537995602118,1.1025805299090272,1.4141750051898607,1.0841875867333426,-1.0297573045086696,0.9675591959528892,-1.7436021415053058,-2.176839753658897,0.0717719615187964,2.797434148355975,-0.6108095965662544,2.1697828377683184,-1.005391060102983,-1.3211124775922105,0.8184811608619309,0.3425261694171502,0.0113912470510086,3.9438863041423113,-0.8364591654459989,-0.241331040386821,1.0995607134885317,1.113031018531848,-1.148830008271234,-2.9394877471802547,-3.441831709112104,-2.122621845675081,0.2821650417198326,0.4652447860856811,0.4425727328335319,0.1006076077499367,-1.4599097155275895,-1.977819230806095,1.7031294275946316,-1.4949548469444711,1.7058458489474446,-1.2949868253795291,2.09303738586882,0.3006074737364029,1.694522369012734,-1.5350156241758417,2.194572836119092,0
45.18097034510288,3.28520794196683,-4.237472468117432,-2.6979421695441235,4.2291551771086136,1.920475187971032,1.1066205682653705,1.1995097374489063,2.155057140326485,3.3011039843168186,-1.4762669390834,7.468705172611827,-0.4855664204940954,4.073667417714571,3.4871379740382,2.4896743316671173,-0.3228449216181553,1.6596526516123131,0.1827291742663019,0.0759777880801686,-1.9654505737562395,-4.393602130485702,-0.059195216051102,1.1815119435598138,-1.0473558915668475,4.054167988650659,-1.442651643623186,-0.9863758764277748,1.86442127533519,0.4873207474107872,-1.5274423920874165,2.002695465277669,-2.1267892139679034,-0.084237092321578,0.9517344392636276,1.7467483352051856,-0.2191009495615367,-3.229560005435993,-4.068312572349329,-3.283640196593023,0.1026735732839417,-0.7902533812120472,0.7765497414058415,0.4054917605315971,-1.1871183319261105,-1.7658834861570023,2.299044958362072,-0.0158058699667494,2.3235133639852745,-1.74223698814013,1.4170761654209532,-0.0284510794379857,0.8645261992002978,-2.271343300533585,1.6706905571718396,0
40.34041588014855,-1.796995053652395,1.361914691708365,-1.6091325388966389,4.000146721313241,1.4961671452715033,1.978736391897652,1.3635702818359865,1.8287738458851932,1.5786084049481892,-1.8997723266008637,6.488276288713981,-0.4809622932621016,3.993625879295859,3.6081317255624894,1.7985422358437737,1.022597763856833,1.9061271720020556,-0.4906098153433676,0.246809261253048,-2.167096525776788,-3.3731939172595427,0.3631759485233275,1.7892552524400869,-1.2911260737958152,2.9140986503995783,-0.9852652232679288,-1.1824547166127604,1.2805950307387848,0.753117044502538,-1.0348453306261696,3.4042914933174067,-1.4278518387709358,-0.6490568608679839,1.003435560585963,1.1342431535838955,-0.4752408428631255,-3.204560480032678,-3.873708632583056,-2.9454210793266014,0.0147008271248175,-0.193132229987503,0.5087483494962396,0.3969503684755752,-1.0498619685591566,-1.6340187474510472,2.242885870453697,-0.5104217824954542,2.0441775802028017,-1.6791780499078477,1.656304508745461,0.2042868026451356,1.1912564453117902,-1.9562215313585043,1.9254079587852508,0
28.941425652923456,-2.373507587915388,-8.000135363837716,-7.031364723701968,3.878913388654215,1.945561785016739,-0.0474024781449207,0.704761378577241,1.192617720652222,4.966021305106275,-0.7336261269880376,7.051753125409246,-0.7000233963372413,4.101631884328639,2.81711731082336,1.892613519397326,-0.4911656184988465,1.3741922131859832,0.8391015208351748,-0.2632877012731658,-1.400121169006766,-4.921444183092521,0.0682309062537323,0.7139496896832878,-1.2258981270374087,3.824895294624792,-1.414039348456699,0.1887857525028345,1.5295138509235755,0.3331002847461677,-1.326769988362566,1.1895302580146163,-1.7693302951125878,0.4011484045497342,-0.1099113677333558,1.1786029074584103,0.5703812941138825,-2.481468430095835,-4.051873097708548,-2.9630851034613466,-0.2302873408370276,-0.6382013105519132,0.5636595678686592,0.3911431116582669,-0.8216974120353229,-1.5814312277103384,1.923545662129642,0.2364960679294207,1.9666777448719983,-1.693562885542769,0.9975354247503682,-0.4195747116881622,0.254634006654603,-1.7956235288055342,1.185859385940981,0
46.89626325150406,-5.317915769679989,13.39203593590181,4.356578787263699,4.536243751581863,0.5637218706442506,2.1238539835504717,1.6185409518298155,-0.3604574248250602,-1.7968200068225275,-3.820147358773319,5.41069331632801,-0.0240502232498102,4.4947692320816905,4.923606886159471,0.4979414348071515,3.700300454554156,1.4136500483299417,-1.3934597413002436,1.018917766047291,-2.423130604829573,-1.9693645947287668,1.6731700098084803,4.163540101548567,-0.8414268510279143,1.9402330081179384,-0.6566159466727366,-2.204718985211742,-0.1001334058456622,1.0167627415602978,-0.2431708513377396,5.855772850690099,-0.1187284833162339,-0.8434960148378693,1.2970291019991622,0.4909058900924818,-1.5754819396820217,-3.499229386462579,-3.9078552468415615,-2.1445476513313864,0.3672751757516035,2.009847378907189,-0.312449387903607,0.3702262887378905,-1.4583677050613235,-2.199643726710118,1.2481950021079982,-1.6323856591956116,2.0557438610627328,-1.2968945876114744,2.1284184739102243,0.5659348091368569,2.661904440101777,-1.262535174993498,2.591763685237454,0
48.94090517407691,-11.283472341026952,6.350275733991247,1.9862323582272825,4.647448447838278,0.712161942089392,1.873271952726588,1.3392212744821956,0.4664445195581875,0.5624977155629663,-2.085438356981658,7.182316394018132,-0.5032607702078806,4.911150230995663,4.453913186428046,0.5921424451158847,2.975363377385284,2.263746227703697,-1.0914072804814017,0.5725235160990791,-2.3966329627619958,-2.8877260013050177,1.6269520458963975,3.179146322048031,-1.8405701459887345,2.0275629622592515,-0.9248760515218984,-1.3587471898514778,0.3054376761716854,1.2312721844010268,-0.7087778013634819,5.38536031654925,-0.5236726578825268,-0.8948672292084798,0.6190105896190802,0.3652269739214373,-0.7364486181116446,-3.426324474330046,-4.411884687988558,-2.6966269018398177,0.0684933155300278,1.4857547536549005,-0.1029102608653074,0.3095071103263862,-1.0242882241289333,-1.8404080854236569,2.0065200678818638,-0.9344057339658662,2.298795276587684,-1.7925680327542062,1.935855243288736,0.2483657293993885,1.813536985428956,-1.4875248233851397,2.496579935549389,0
36.28912614857754,-6.303528404058575,-4.192358841069957,-4.531168300261702,4.2922257322024,1.7103101394691462,0.7262430184696346,0.9226404846914936,1.2476207753765474,4.034864114982047,-0.820112072717759,7.44257223276096,-0.8825167217345619,4.406920639764109,3.3618066723381,1.6370212096918917,0.4236441435420886,2.0062621494648405,0.1783342875195644,-0.101802794296483,-1.7553496010984155,-4.349856842850283,0.4021227963508728,1.2286031842079417,-1.4601080874627483,3.0546557342573104,-1.0514692758932611,-0.1333663269538008,1.1760640213969695,0.6930665254431086,-1.303772633818876,2.53034692062144,-1.5747414930160035,-0.1388137543777567,0.2076288322074866,0.7366826237763892,0.4909084895748079,-2.623339300161814,-4.402514678515852,-3.0170389015321963,-0.1605284529052564,-0.335866135100505,0.502745969629965,0.3772448132111732,-0.9097164233460994,-1.5978367393753727,1.9685424040253248,-0.2353990474910526,2.263093435034016,-1.8699515638448887,1.231625739902308,-0.2957714771705666,0.6627338819445118,-1.855623161407438,1.5830708171069503,0
12.998400555173484,-9.113859858588595,-14.531402639745334,-10.89277646966476,3.7697750999663393,2.803124991610904,-1.5234171195472852,0.8792097585908616,2.003967927737858,7.248465910554875,2.217387232319366,6.7052357153566335,-1.005941949864151,2.779641888733868,0.7574690575687131,2.092064328476729,-1.0273015744927885,0.8716524036901846,2.6792510909619924,-1.2236321991750734,-0.6705926716556666,-5.523764779974471,0.4422007275029945,-0.190665153363176,-1.6885966715958027,5.878321844524335,-1.2680432480250998,2.639785975603956,1.8314222070472843,0.7548278954531245,-0.0957644770711156,-1.141875194071722,-1.423050341471546,1.500852085075827,-1.2669341989023135,1.0510871465513305,0.3294957692570124,-1.8013890905534475,-4.368591261963456,-2.610780253686072,-1.7633394226441648,-0.2026146586448444,0.3932473154491579,0.4738440020751561,-0.3357123478906458,-2.777492849292581,0.9330543986761336,0.8278313194570761,1.1558427579077457,-1.7224119938423084,-0.8338380329908334,0.019790049840131,-0.5381493299308454,-1.5228246412808932,0.4245675116294891,0
40.16227012398019,-14.792582240176902,-0.186123748819785,-1.9770337474633208,4.712040544446314,1.1487938724879443,1.5403205068450827,1.1712294954047378,1.2957484171173472,2.783566873189995,-0.5615237009526112,7.828393209097582,-1.080847079775188,4.681831814247371,3.752552730400922,0.767571131889132,2.0015949235145527,2.508663931224163,-0.3638413635190504,0.0553385584556219,-1.889908233761028,-3.5999171686018507,1.073935641233727,1.9928597891165256,-1.916420486002665,2.029437904620524,-0.7776923619101426,-0.373886041966835,0.6620214873576961,1.1216283929394486,-0.9194495598737,4.165867612920951,-0.8197585813851304,-0.7581910167704826,-0.1308606014912091,0.0932621502332829,0.2486298426648592,-2.68561489916048,-4.636926697406361,-2.986976889279305,-0.1967134385665865,0.2332307537600864,0.1486178553978568,0.3439347110975201,-0.6535397326213124,-1.67439338969804,1.9435558644381008,-0.3255267314481818,2.552211453219417,-1.8135549320962747,1.3220187620076895,-0.1505782572437123,0.962122022345526,-1.7981085733160722,2.027638623508967,0
36.85995805526133,-28.143920035560672,8.26680424183338,3.4433762970596558,5.055421917042595,-1.919579584074689,3.7524205066675433,1.918105276702264,2.8464385736354174,-0.0046714998427691,0.9309802948574338,6.087466946970382,-0.6574548709204072,3.255829101535864,3.959006711966456,0.2872441934915254,4.769765837038236,3.199581388927934,-1.278009948429771,-0.7754524467479268,-3.332993271980667,-2.2638092519645867,2.4267768338507083,2.792306481698161,-1.7884443376479433,1.1878262396292742,0.1792022141603376,-0.6077151523300928,-0.3773467961043987,1.6791545226748446,0.0983235692791554,5.555840019975966,0.9383860535557476,-2.0504285240780344,-0.843541771754544,-0.961300490724203,-0.6540167064680795,-2.533926675114099,-3.136716071948306,-1.8899283357180416,0.059578983125059,1.4447431898103047,-0.8461894126464072,-0.0437974666340808,-0.5223219952948631,-1.4163352456247114,1.5168194596247255,0.1098247488457447,2.591687700050827,-0.3316157778892652,0.865619087860821,0.8527792448130438,1.451418283868508,-1.306421593399412,2.613001700879779,0
28.28277757026565,-26.135177820890977,20.423541518156128,7.4997523579891965,4.753093871783792,-4.813274197632563,4.946339731920636,1.0052083208823712,0.4252527033714949,-1.495425996975039,0.3360938203556703,1.8734677118375944,0.3254809136921697,1.4828141689005618,4.474380048439959,0.6470112526750208,6.297018210817236,2.5685731413840247,-4.238398255321304,-0.3519332930166579,-5.188539841147411,-1.892963946593536,3.4339423117047283,2.3485012130306027,-0.4680502465471978,1.620770094413369,1.193891234351097,-1.299510010918066,-1.4036358428593163,0.9412440691316244,0.3246645641899209,5.309836932557901,1.6679031563336837,-1.6655200399605734,2.0255313152653227,-0.7075184752624037,-1.52887341453041,-4.090280806940279,-0.9873173601589272,0.0578638031247208,-0.3884680531747544,3.773165510701232,-1.505260939989842,-0.4935058261609789,-2.0947603874641527,-1.713785974076383,0.428151454568037,-1.4897745749845706,1.895793563424484,2.168579696899539,2.0959705432484235,1.5195077873713068,2.7104301898400824,-0.4955869251504679,1.8743852660881253,0
-5.644533072462544,-21.13676872666917,24.84211455594838,4.116397846954954,6.564996528927748,-7.029299998044133,4.043980518895186,-3.480620400992888,-2.8653479272576914,3.225465677486819,3.286572058682527,-0.144540789318735,-1.6694677781705036,-0.0292800196030407,-0.0144682520280092,-0.4125755786324026,2.5344049945662848,1.2214039922774302,-7.425290659723127,0.3138290139940804,1.715695664218853,0.9070356041399684,1.9573831343117172,0.8508644090513114,3.640815492637962,-0.1872338443276251,2.1427158829724404,-3.639214035671992,1.645090462303664,0.5984650283501514,1.2336312203030704,3.2686935670646964,2.506636390577868,-0.5149888732833607,3.1219179406267754,1.677712228646597,-3.185257226465287,-0.3221835726386453,-0.4465374663727119,0.6006061956377668,-2.0232869580852766,0.8214125498028244,-2.654809412026435,-3.154519208061573,-2.175821700219553,-1.8033580122433448,-2.117632947608858,-0.9032813895720492,-2.219755297523404,1.077149643753338,0.425066521439463,-1.721819195385404,1.2092591048845378,-0.9324617655901364,-2.313215394580523,0
28.4760718521397,-24.4031165948813,-10.988981374761533,-5.17986915732517,5.241227622030396,2.348770790712372,-1.3348631977981684,1.676068074670351,1.9986853281413677,6.128174721824782,4.134867042094224,8.859221106991807,-1.7065130436179206,3.558226695932351,1.4539165412882868,1.8563365838704304,0.5220803584876992,2.0513844267445207,0.8303878779225119,-1.4742664515681865,-0.9651637767092645,-3.990657250910339,0.7221053497685419,0.884484661547169,-2.622283822893918,4.944860284810485,0.9135428091614328,2.446222849031653,2.035451905137689,1.5926069483158305,0.9054956036971374,0.0356407778756913,-0.9795694509649931,1.4079933660984183,-0.8378575274520257,-0.0044386433237873,0.0214701966206586,-2.3111757252119176,-4.372406983450175,-2.928822292679216,-1.3887943734913295,-0.4976899463839968,0.4498786397029735,0.6433772441786711,-0.1290914038006026,-2.5014023362060347,0.5424218583755303,1.4568957334511192,1.2565153515512275,-2.42130548149797,-1.0410839618669532,0.1144636593704592,-0.1338798167505308,-2.345187201774067,2.003462197504573,0
31.83703493549643,-39.87247628799936,-3.8023998089636186,1.6642443020926148,6.699993963675873,-1.2827742558208737,1.3875500548913329,2.311215322765308,2.93552782999565,2.965681136807976,4.404310532211396,9.370215491523274,-1.59765686408204,4.687893388801881,2.2175482961028594,0.1696730632181394,3.0118847939068814,3.232091953336016,-0.5893050788207257,-2.166696119981035,-1.336693804129015,-1.37513938315705,1.609885777274519,2.398345664196408,-1.9666387814447015,3.364686647503748,2.2808502792627183,1.7722371049838914,0.8819081295437654,2.527672327233631,1.579776902626442,2.3704830532897527,-0.5871794020004433,0.5224444753774758,-1.1307272891658888,-0.8087744737241802,-1.1200101614677866,-2.275052200054033,-3.2336593211968303,-2.987054725406784,-0.7346861607878095,-0.4608362226222219,-0.6303445736065322,1.3661093020514965,0.2547662982480917,-1.8270884098746007,0.5159055065224339,1.587590528904122,1.2494671389436904,-1.5822521664420337,-0.628527634560206,0.1496622824107965,0.5426449189082658,-2.024164332349942,3.401087946212985,0
6.504830678491373,-29.030366710027412,-16.13763406423329,-7.317620944942047,3.779089734373725,6.361823563085882,-2.748319783868785,4.353705929315797,3.109002394113539,6.530032465276419,4.771248182902499,6.52840189804388,-1.3646078330064642,2.509464121432714,-3.734016387792321,0.1784614935769564,1.159962838843591,-0.3488069631840833,3.2489558374757395,-3.072648553713897,-0.6837991546305036,-3.60846506612111,2.829294357630836,0.4134836180172238,-4.190221059573291,6.364238831599137,-0.6454807863326126,3.9028162145320273,0.7897907795958448,2.54799202030863,1.1209981327352427,-2.192066201996103,-3.0133283930405126,2.371534252086063,-2.943701644771472,-1.1305812293825024,0.6026254397265047,-2.3566294293262766,-2.3565093748322243,-0.1267366066919277,-1.095706793078494,0.200375319688751,1.6869209239510787,1.4036569726495989,1.635399996562572,-1.9710935649913448,0.8952936500085819,1.4979451139799786,1.075181872919892,-1.7765849521593724,0.6415354902391422,-1.9879812431292827,-0.5511425365006255,-0.1082902382502748,1.5751957358375204,0
23.84790062147612,-48.01548791109235,6.514715431710718,10.523855080772002,7.197452455946365,-6.624433402741492,4.870371964929691,1.582724856561986,1.283128780684695,-0.2908291199123051,3.733312637369788,8.0692397742736,-0.9774415273201688,4.118200982162679,2.955989695565587,-0.0532878402476333,4.9912995785896745,4.154365834873882,-2.4746954098744363,-0.9849030464080072,-2.618836021328247,0.4029528686280135,3.205274107814302,2.7159059800523555,-0.3459010538613991,2.710414088026789,3.1469730559554296,1.1273726032380105,-1.69311792930096,1.5705795617083014,0.2968224014882281,2.5115719751733163,1.743338350627259,-0.0627211104924955,1.297196339951323,-2.240781601014508,-1.2860223750697208,-2.963098614158407,-1.633954440955312,0.3251971733474791,1.0886754630968791,0.8281058691853542,-1.0651121847800658,0.4050170894513485,-0.6973944480146286,-1.0876232117315514,-0.9410717530526342,0.4186849815120463,1.8669364622017155,1.3131690173056965,2.0354600431286083,-0.9582987643474168,2.0370046097421954,-0.0629788456216617,4.001664278884518,0
10.27186320742695,-40.10082353799195,-11.291458876473143,-0.444323299002088,3.177120139935921,4.090571538183405,-1.2691957404312302,3.4908075063306194,1.3645068749738414,4.838781650886648,4.130165993346813,8.906259397859765,-0.2443836801371353,5.2656905874613305,-1.3501040901047967,-0.1190597755679761,2.165717298378444,1.3800966785919802,1.2362519216753014,-3.187156023347774,-1.246799673721417,-2.0261380491277543,2.5388267141116585,1.5470505515317137,-3.217692068727364,4.990626545086878,0.7753046861028017,3.0802040896344844,-0.1741611509242374,1.9087148103052007,1.5796935470532243,-1.5539733873655026,-1.9202339848934464,1.6558570263435828,-0.8743334451176681,-1.4796324416276436,1.3348661185273007,-1.6451923815882867,-2.4286933359514022,-1.2929055532336466,-0.5589321449155655,-0.6394276754135794,0.45981971842621,1.2938461917941555,0.7332050379685942,-0.8083675366063148,0.1400898948715354,1.1713294285818592,1.1381266890155135,-0.8685617607123597,-0.0101953379299912,-1.3252248853936095,0.5510240624887496,-0.9401314931994847,3.5725535310458234,0
9.084801961277938,-47.82834785352752,-5.742022581919889,10.121366679001792,3.9895475482921663,1.021167536480248,2.244343889365377,0.5820023517981471,0.8801787014862195,0.7696213850001936,2.8892175266952678,9.332248100624492,0.1718373372136406,4.741574241121175,-1.065659424937485,-0.4383035369718961,3.470488029794617,2.1940693285514064,-0.9741348289946624,-2.7296994269170787,-1.815030049004272,0.5898697763976929,2.9490921347418486,2.4831767859375,-2.968404781253005,3.1803678545401013,2.9195755624139217,2.4926844207918704,-0.5586807192474894,2.995985503152746,0.0918037480502582,0.2884744128283473,-0.2625900091615643,1.0159861781159962,0.3082664768757973,-2.813838709840594,0.7083865011180948,-2.294434830913408,-1.710105551297138,-1.0476189409721224,0.0771505026909149,-0.226720266885277,-0.8694548011103997,0.5759266829209829,0.2565405916841925,-0.1904073426190683,-0.1150175923647913,0.6945950788639857,1.0672428166144734,-0.3896739826672277,0.8691123983406618,-1.682648119018378,1.414533737615247,-0.0876988718912787,3.115086758849186,0
4.209172831050696,-40.66348624609044,15.872398911047624,11.834237454354426,7.1029209393854655,-11.721793613316605,7.60446468154267,-4.348616344279616,-1.9586693864732887,-0.3781581333846536,3.371416360197156,5.50657663012642,-3.1166679402362605,3.336098540922586,3.2510229129898294,0.8550527879932003,3.846562560531,1.6592347962619758,-6.102389067350886,1.417729356054788,-0.4975056390123319,1.2610216266840188,2.3425384176130737,0.3448258110356731,3.598677584739741,1.0415593466737985,2.570669883560745,-1.9689920461316093,-1.729918781108793,0.6728306608968373,0.1080289741802405,3.1751008865617085,3.3958340803736884,0.5037441800717971,4.04562150524476,-0.7918309124550218,-1.3531889016818883,-1.7307614055002836,0.3473525761220556,1.5404524230014602,-0.2856598155586939,1.8451601512661344,-1.725385032049198,-1.5473557746681958,-0.7545097667231587,-0.3984511230176981,-1.603071308695835,0.3929331245735006,-0.3551111570823857,1.7512061753401946,1.4719571288448985,-3.1017768948269238,2.664637046209178,0.6004916961655581,0.3797914472039278,0
-8.38764192327532,-32.893965602321295,-13.41847987708497,-3.5837872241029127,0.6804100777093073,9.16312199541537,-2.0087839919026997,3.872375782157065,2.6693409569437447,4.402006529901007,2.7437567555497253,6.665149406444716,0.3742784999365331,2.83322208912404,-3.77380788272092,-1.9120712596495903,1.817496048046858,-0.3834958312038619,2.748402415176712,-4.146905717043783,-0.786725137249005,-0.9706996795517095,2.841589176370935,0.8540299717351283,-5.1975102276274665,4.7308416708612215,-1.233125874275499,3.030241050389127,0.98998524718764,2.813802310345006,0.2579687608610561,-1.9280796947126275,-2.4408515230815584,1.892981551158651,-2.694738157469532,-1.889796743298258,1.6823320839743945,-0.9985925962870852,-1.5926636592645935,-0.7582794673623622,-0.9926861161493356,0.3018152042744143,0.4312244965082723,1.1174093473921007,1.4881209873814136,-0.4020312199221843,0.0852525061265292,1.0946064553494497,0.5614934359864855,-0.977167781856231,-0.1547978913172915,-2.536810331490335,-0.0837720858352449,-0.4720964736871383,1.8466444649942635,0
0.8433717815762685,-46.12363630826004,2.3338485296222995,17.033916259458195,3.5011120384995573,-4.124242348493283,7.375126983912263,-6.167909925900534,-1.193109154879842,-2.0983995669538253,2.852379094105157,8.990008020127904,-1.424336803383062,4.6505700083859765,0.9699450635580696,1.0049925264784516,2.4890792020963954,1.1416334520864406,-3.962077257314767,-0.9464853221406064,-2.3608088281282025,1.888315050550709,2.026450918526823,1.058640953384711,-0.4297895262615479,1.451876698611339,5.339628850770479,0.7526982233515704,-0.8324195908623617,1.502973795254862,-1.3286911718342045,1.6834551186164204,1.7931069758167997,0.410180264496448,2.24487674285366,-2.981504933530214,1.092653066921965,-1.9234135597148443,-0.966461650299623,-0.1318408570179039,-0.3794878749181342,0.4216899182884072,-2.1798734230501355,-1.0513555398150884,0.0871840010885166,0.2887304857378558,-0.2768287699666439,0.5244252970959649,-0.0722852537975244,0.702112584688897,1.0681195786788982,-2.768860028856174,2.5786156049587947,0.671170467684678,1.4691231981846025,0
-9.66173723765816,-37.504913189761496,-11.542267992022932,4.687812525036662,-0.0455586218219668,8.406095314508695,0.3557960123163292,0.3291279153351924,1.6788002562145885,2.2323620570036127,2.016309631418471,7.494085376351356,0.9989498247429912,3.468532941866433,-2.2046079527244045,-1.8467887278894055,1.9830030070251372,0.6924219076401062,1.278307585232133,-4.208963528346496,-1.2788292255016271,0.5879030135415203,2.247618574396805,1.9340283735042207,-4.484581096791055,3.5421833540685737,0.9958453894797208,3.072559298575807,0.6552428497869401,3.0797994462479283,-0.4458588506964554,-0.3286573712044499,-1.454057455508569,1.6761046063371936,-1.037702042668452,-2.2644318127741503,1.8915860495900916,-1.018826207638281,-1.4648471585176706,-1.651912256661849,-0.7715328534524521,0.2944826268529584,-0.1735296476035605,0.3843186372806335,0.902096100428694,0.5656046859137662,0.3253855152158127,0.8544521083145854,0.7389903155339306,-0.3801895728113601,0.0226001345153737,-2.2475429099072226,0.7038463975089496,-0.7230439965190261,2.1238670331722065,0
-12.62080208044241,-40.906843996161406,-8.745499863108215,14.347039301547484,-0.2089784408120814,7.546511244133843,4.270264881212957,-7.154434077645103,0.3774066265967993,-0.2068656265771082,1.3298667206859087,8.294632467092189,0.8412678612075127,3.2842368750324686,0.5047933129171779,-0.7400839161401812,1.4406853862927151,0.6128833592749916,-1.3196924904172789,-2.31168786782578,-1.777469974032612,1.7151237712569978,1.722613232588685,0.9249456619985076,-3.388842550976909,2.366133865557672,4.429362343903158,2.219270522549853,-0.8003332869488313,2.698776276488869,-1.523871215022756,1.0625531924284957,-0.891718899660308,0.916045245291268,0.94526818399407,-2.615946902390233,1.6143864714765512,0.697505849532713,-0.829187279206623,-1.599873640005778,-1.518006735256247,-0.8169156876098774,-1.6556301128730868,-0.4602537731520831,1.3109380997604847,1.3337794333648874,0.5465811783904884,0.2522000197420855,0.2613799778890923,-0.2703043254698982,0.4806513253889541,-1.7927732593630523,2.8418300915019543,0.2295670142664106,1.5885181741678576,0
-26.27366294367081,-30.694849585520917,-0.662456420417431,10.400074243163724,0.7957068279211025,3.0775716059032003,7.836100278449269,-12.957038526261377,-0.0349393732444693,-1.1774293688157278,-0.7303870247511508,6.370937481062416,-1.2842540148479649,3.604487558134822,2.3062292612964104,2.006393569403986,0.1941175282986829,-1.0731869900002062,-2.3060369601062622,0.7756535698080025,-0.4448707447220007,1.049766390807319,1.064921137411633,-1.5816672804020495,-2.62854010264575,-0.0348205994280524,5.274512154611837,-0.2314417902312643,-3.686599258741203,1.7960810993775629,0.078681792285335,0.0400263630121802,-1.038453383177787,-0.2308351458089932,1.165720143818924,-1.6841065560878328,1.5275185318240134,2.30025236845094,-0.730988388031848,0.8857873303951276,-1.5439861228356997,-0.9121473444511377,-3.003462331361233,-0.3357338752680928,1.5803271463997062,0.3122799480226967,1.1274988105101846,-1.7511933122040535,-1.0479216769313344,-1.7515404138134691,-0.5332165371541653,-1.4227265078869284,2.584919219339083,2.0001314376900847,-0.5253703700791607,0
-25.733042747413386,-28.52989607610843,7.194632361093597,7.619223386028791,2.4953021526721946,-4.377887900481633,10.180883717020698,-12.55395968175954,-0.2239350035917738,-0.3008303527938024,1.2952777115925136,6.012025055199105,-3.370327738107048,5.606043656229766,0.0115423642192547,2.2779254480870814,0.6742074735809274,-1.3941011895725497,-3.10219250796843,3.3680087897710527,-0.3192848598416991,-0.0565373541294436,-0.1746499117998852,-2.0227183656876764,0.0051679557752231,-2.0840995632202133,3.658357939038156,-4.495191097234087,-1.779524194028509,0.8003215128553078,0.8832121507776802,-0.5237644300729286,0.488397671805944,-2.182445811267593,1.4287441418797824,-0.5997962832744546,1.544278109004302,-0.668325631308735,-0.134984200090669,4.574358425529775,0.9734852729414032,1.1213700093596406,-2.017483910234899,-0.3214046533486855,1.8390495089058632,0.5065706675636604,-0.0691915243977843,-0.8559694233649895,-2.2812113250199744,-1.4787673141865108,-2.129397251595774,-0.9902534908292348,1.0141054963995446,0.9428465167086948,-1.9389289357568065,0
-33.72274595936068,-17.20946516000659,10.016554954095303,-2.8118455816025354,1.045200871511193,-3.8561411736500393,6.258992967909043,-5.508017728982649,-1.209411719446414,1.9142929469033747,3.2227613519088827,2.7138555655253644,-2.6600506071060344,2.7298045625407634,-1.66087915986282,-0.1764036826948213,0.9403634807675452,-2.503023996548675,-1.3193465842412568,3.300499090622468,0.7182016968652885,-1.322889006390254,-1.3197683796369324,-0.4062190388259265,2.0647092983754094,-2.5478211797593957,-0.0770633874722296,-5.451918921018456,1.8793583371541007,-0.3581867588265468,0.3524366263675451,0.1884155616927303,-0.1279310329861473,-1.2370507820582364,0.5085151877905056,-0.3547994673180416,-0.9541683707344034,0.0498129127114794,-2.074525976094525,2.8586944982360967,2.126512018749532,0.1119371650266671,-1.1153921187125204,0.21793543597565,1.389212260171648,0.9435200327159556,-0.7880768254945895,-0.3169116430761641,-1.2988120984380898,-0.0536296849095704,-1.8382744887099636,0.3237052097698921,0.1358367113286147,0.6036149327548965,-0.8964214513719393,0
-28.398409431403223,-26.943882635276797,-10.2824292496906,2.9445129665346017,-2.296870828482196,13.149095159089503,0.3468192548174648,-5.1047785255015325,1.771092390284336,2.8262164948328863,-0.2121299530347568,2.6223025458133806,2.276785940440341,1.5768278595115024,1.7697613060356283,-3.7753246436278527,1.1885118866156503,1.2360541255439732,1.9536251457682932,-1.008381783632189,0.3220312409160346,2.00732739749622,0.6003597505869546,0.2848602142568721,-3.456913493177345,3.9999275486260415,0.4558526996534919,1.4331246358690355,-0.1573004221950534,2.222905909306048,-1.1649034699011778,1.606043343766136,-1.625815155274914,2.1513724598785986,-0.5234364334413729,-0.4394285630032268,1.958061104263222,0.3421023589978658,0.41526135027771,-0.9068594010095444,-1.6440778150186783,-0.1745926038284776,0.9091443768739276,0.6039862241108747,2.5707418746548325,0.2426146895228657,0.5853493747647199,0.5888907384564083,1.1086562258955526,2.0510574394275656,0.4100098599687751,-0.4822858323931746,1.6364786558583586,-0.9323607725143604,1.8967794376729976,0
-36.65195662465702,-21.34549494916388,-3.833571169716967,2.1622346911854877,-1.5807099725820726,9.44175431200141,3.258360634735465,-10.28967454965013,1.3001881457856217,1.7293042582679716,-2.8866138729475974,0.830511446438246,1.2986845855789355,1.340274304190167,3.965234272041,-1.564052232595399,0.3240592435614103,0.7685150386663793,1.4457528849627934,2.72039280923037,0.3928070518092897,0.3802994600273954,0.7428483407252678,-0.3526197798015295,-2.609991098162456,1.9127300152773408,2.91940503223523,-0.2666596253823498,-2.7442685727610487,0.8691851605704755,1.1616541015031527,0.905595989878165,-1.8157303694754692,2.0336753575621813,-0.3985198458813632,0.026901931795727,0.7104849407811632,2.570493006367125,-0.3742957405927808,-0.6833832145745835,-1.708880225733925,-1.2975452027667644,-0.9511243859300516,0.9496274265806705,2.8897821917777,0.6717720986653373,1.2729227831832424,0.1160755399394885,0.0309551826225686,0.8353896574835471,0.5988913219294791,1.399619336009653,3.166291053194361,0.2879060432690951,0.9224296040156522,0
-39.85325313681621,-14.861160919690205,2.1943012923101857,-3.720566144955281,1.5621763233010453,3.1136213558586308,5.356397176117317,-9.389227572195043,1.7410986743069277,1.2195477370586485,-3.0359635558055764,1.517633556761216,-0.9397568670977524,4.232183798912413,1.9932354641083008,0.9012754935258084,3.515566636917533,-1.414796279289016,1.465401028650868,3.066854993691269,1.3150877669106142,-1.1517716363313926,2.4612671313362475,-0.3486125100298466,-3.762838773084578,-1.413105586072834,3.744983690856951,-0.8237782983136221,-1.243636974992966,-1.0988828193363385,2.473120343365526,-3.3228392870986623,-2.400660436412527,0.1990476209918106,0.1472286284525525,-1.4685069522631264,2.360785105362068,2.132698722392929,-1.0440792208113066,-0.1144761162358449,-0.536548091690683,-0.4344781256657512,-2.1349781958112817,0.103979987323967,-0.1965017959644318,-0.9461879010698588,1.5287419124564203,-0.5249179190876206,0.7279516601414716,-0.961224577587719,-1.8079788563845496,2.176732940209914,3.1052975256426536,0.6476712299653334,-0.4676328192513757,0
50.19112414843626,6.742632829383242,1.81670092194448,-0.1614521130817633,-0.2014357054319004,1.4376702204497915,5.263483294463897,-0.5040064256490723,10.740086145264142,1.670420701991197,-5.33104010001656,3.1551638404141977,-0.7563403634469922,-1.5957986782965126,0.0374144123449828,0.1713716044782431,-0.993806432179356,2.8293172555532355,0.4803681715125519,-0.1257356392761745,-0.4192856370338275,0.1512371573117985,-1.625735726904313,0.8611279942028037,0.2504905666893426,0.783794639579485,0.6816736148041282,-0.3600586534946327,2.137192140603917,0.5545849084292503,0.0007928756638441,0.6075184433002262,-1.9003999028166365,1.0587203617303862,2.588098886019752,1.0506243742910346,1.3860649406120396,-0.44842914561281,-0.7069861680349914,-1.095540804360235,-1.902362444874332,-1.5473384780795758,-0.8129753715610127,1.338923786747054,0.6768414823455166,1.908872319383287,1.7254964643082895,0.2839533115955973,-1.0559461805801218,1.6175915347183554,-1.6099397113237164,-0.8587279659178039,-0.4161759320132003,0.2362849076152267,-1.8413767742412843,2
43.41879515003909,7.369564986931456,14.590868430865624,5.440410276562595,-2.73394225866321,-0.1364397309805535,6.240552099808418,0.9755300824823724,10.489409437200187,-1.4183101621720993,-6.890321413417015,2.5773524023326857,0.1564584955102297,-5.993601896289302,1.6008870639073691,-0.6053828663983452,1.953609003730873,-0.4899735265055442,1.6947664485310114,-0.1133652816837228,-2.9975659890728985,-2.661992957205537,-1.174122616055094,0.7790938299457871,1.0873614633918811,0.8810439609906157,-2.060233597059068,0.3977200846075558,3.989158481394024,1.3436318637372435,0.4556444046756395,-0.1391887125018595,-3.1072251932586985,0.5323914690608353,-0.33621593000735,2.59165349659798,4.247875121917634,-0.4346028231776258,-0.864742855684602,-2.4565629184983035,-2.0646368059546423,-1.9923044213719705,0.655314623373282,-0.4003904214786974,1.037441969380542,0.8304126794341772,2.7413225588649106,0.1354314301559168,0.2759659406109044,3.1200129560851355,-0.834055121863189,-0.3654853579827731,-0.5133185092709704,-0.7299253794731775,-1.7468309886773274,2
18.830870664718407,4.2833851852527385,24.17291157699305,8.75819007928575,-2.9863272514994863,-0.3919439410147231,6.174797825020614,2.9058222045545863,5.757390378779632,-3.318254299362521,-2.824794341384531,-0.1708711800495137,-0.0169563917418981,-7.679852388149742,2.124250424086407,-1.805212497982028,2.900237162326054,-0.6372758244659228,-1.1719503411279846,0.8560302923856506,-5.9085891505165495,-5.765826453992906,3.242922309036237,2.299312714816012,-0.6985143912918199,1.883418354728012,-3.2456353180048296,-0.4530144858127855,4.983375342085324,-0.5195798560012812,-1.6901111038816203,-3.987982776033428,0.0502133713003946,1.4806494043762548,-2.729330959086389,5.883667966201635,4.544769966206829,-1.7049774273190947,-0.7953261775091046,-2.1033889903084044,-2.8328591413461965,-1.6442792835856874,2.402770558596,-3.6350267800045497,-1.9754432872718,-3.282432056530655,3.1914797619888926,0.3877086360406774,-0.0420482785763551,3.612521745410396,0.4822076742778162,-1.016912735077271,2.787617354121027,-0.6630399346177869,-1.4979378450764134,2
-41.68242485432956,-7.880925683538036,6.459844026377535,-10.481553250425856,-0.3513647041473552,1.7800013460715616,1.505469166129182,0.9624526953750124,2.132240731184746,1.868861135681324,2.223536936446441,0.4364771918579769,-0.9492154206786536,0.0536688163216095,1.141233188859385,-2.3954273814482683,-0.4634155087865632,-1.0742070036949292,0.6852598387597407,0.8243317335414612,0.6416522638426251,-2.839046978426197,-0.0011720701020522,0.5038120271204595,0.4863268778799637,-0.4827887458623349,-0.4359272586984589,-0.6666491231213777,0.3399896541864204,1.7200951680183558,-0.3509523417756123,-0.1449393064376873,0.1660052734051275,0.617173970140769,-0.0196870701062917,0.3954333296986898,-0.142995328654984,-1.6085184002768371,-0.4467245543277814,-1.1440475285114309,2.3715097078583054,-1.3790354878922528,-0.4942064996452995,-0.075654373285264,-0.038441582395525,1.135095530687002,-0.3406626573929741,-0.8068106076972715,0.0586585603479777,0.1348584700911526,0.1533572509036292,-0.411118786327888,-0.2382781996365706,0.5321330832508633,0.4736984178104823,2
45.120725891669416,6.040200152083554,-8.719408077438349,-5.085063462462583,2.785552397645896,1.8050224567236075,3.64082683162208,-0.4739144370086918,10.166239686054777,5.094207677777259,-3.264477042910405,3.4104358253703944,-2.7355127085538644,-0.8674816659035302,-0.4136331182725656,2.123113611249479,-2.30720657166403,4.673732027756905,-0.5700746521574804,-2.133736657291254,-0.1368685077281785,-0.8516843892749221,-2.318521990204137,-0.3213020509837861,-1.244042962517642,2.1654698702076045,0.8495511358445283,0.598234598615053,2.1740499340377437,-0.4584903791627933,0.6904024047721298,1.384933012239055,-3.373307422939159,0.3279275725778423,2.3262824144978547,0.7975843083585651,-1.3344044458566275,-1.6837679316107146,-2.822844650209322,-0.550193833442404,-2.4714456205101896,-1.3564812950773542,-2.4267348368910064,2.3329489833368555,1.4482938680080957,2.899792795323544,1.7348499046670929,1.1159902698562634,-0.5895892541545886,0.5956173985599696,-1.2723572444501892,0.3343747476586101,-1.4282354746759434,0.0491536372928488,-0.9993057245429244,2
26.30173649621852,3.26646153097008,-13.573881146741536,-9.610357461865132,4.620021445969976,2.3618152081014347,2.660553595078393,-0.2895215034166648,7.511249765602898,7.403150374016547,-1.776507924689094,2.117950933164549,-3.2906921509826645,0.0359750616986674,-1.378738676220742,3.006576366449798,-2.4875656818081318,4.707766757005179,-0.0452130329460706,-3.159534213029929,0.0513617234431932,-1.160331040843882,-2.2405181044175717,-0.0773216894313817,-1.462927184929398,2.4477060697969963,1.2628360754098689,0.8820753474487425,1.7614769937968613,-1.0016818426102316,0.93594828203418,1.2013323183555698,-3.755522721318599,0.2049217764659936,1.6680619422145908,-0.2810793989057508,-2.9422591399884404,-1.8773966736128145,-3.581517125930444,0.2937623503643211,-2.138742032867924,-0.7733591794700435,-2.711479629303242,2.7714074833245474,1.6616095507453852,3.32035730331452,1.4314999638587915,1.473948584320539,-0.5505244917614119,0.057639154572111,-0.7959055349371124,0.6122796995866352,-2.304165553797324,-0.2273757125402368,-0.801954200456445,2
49.92858381003855,14.148611872399202,7.589955205792458,3.1033290046338395,-1.1115353465364255,0.2544582647750765,6.729260204080829,1.8213348884433955,10.890360948264815,0.2574603369170046,-8.058616348266622,3.190971230793227,-3.073650705562603,-4.744163774775311,3.2100403178684247,0.7539145752862143,0.8521635007261594,0.1859107870916799,-0.7833145497735756,-1.0640522309677605,-1.6172993850773654,-1.3435794984260971,-2.09697197576299,-0.0354812929448025,0.5221765229813723,0.8735514147643698,-2.217208783183539,0.7345686097319498,2.8883517613951946,0.7931364123218434,0.7378382805390293,1.4144081102923778,-3.1865334341204936,0.8522583402325243,0.6965684410137148,1.2280048123950964,2.141960900105262,0.0643327840637461,-0.0427645974632555,-1.1938693482416236,-2.23791536439125,-2.744524561967137,0.1779358808540918,0.9897545524969658,0.8361678991141387,1.497820803296838,2.71534506761036,0.2504542886390571,0.7255063729237985,1.8838303391736544,-0.5764241344886536,0.0550627650220442,-1.586692371876676,-0.241344129696139,-2.386407714576253,2
52.00882971611513,15.770159835750611,-4.911519924936386,-2.2245275226587875,1.942249324948068,1.1806779160151022,4.913331225441256,0.8065031348781516,10.433114652710794,3.530489755913056,-5.548013815309199,3.501137558132975,-4.223168181704803,-1.7314628068927087,1.682177316231814,2.2048308793667344,-1.9281461268793632,2.981723621239728,-1.6443504167142646,-1.6081872828032626,-0.3361833641578893,-0.5094490141670005,-2.481035722358216,-0.1284465343821665,-0.7318720987039362,1.8311241113518215,-0.465175182766842,0.5553546668192271,2.5282916918121376,-0.7128559672100451,0.1367051757430613,1.7701591912543817,-3.460860737761386,0.5166765014374457,2.310825269393747,0.4294407766142011,-1.318484737061284,-0.5802605958086978,-1.5040967539534296,-0.0145465755167547,-2.297560934783956,-2.122572412159585,-1.5129143020772466,2.2718844737462143,1.0372903144190848,2.244749569658953,1.905564083705944,0.7848964856896659,0.2060915281960131,0.5514626085651061,-0.4365219966708255,0.765624110439332,-1.5637560048196666,0.2329625969292126,-1.129662275158198,2
56.99115512322904,23.886313441565463,0.4134359193970025,1.3188413840483908,0.2979658155049268,1.0262965987882746,6.649916654809784,1.5105857610457634,11.027550695348712,1.9359921630765455,-7.859108749201524,3.577120635924157,-4.034778981872675,-2.7374016320310823,2.864595560506347,2.210970004244442,-0.9779087525001946,1.4822933818990427,-1.7968802339039072,-1.3058687413020098,-0.9586932327777652,-0.7419995578686295,-2.427875602993108,0.1385317403538208,0.5127574208332931,1.633602144850501,-2.034457145218003,-0.0473135653386938,3.044491294386777,-0.7256736412391248,-0.0620383007001221,1.38035224238754,-3.724477861822207,0.9040764997425642,2.234853348493982,0.270684803841367,-0.1108731430576158,0.022537922689108,-0.4542630584352219,-0.3056225711497241,-1.931837663290488,-2.776555316460173,-0.905397378393514,1.8294685036282732,0.9273615744984212,1.9839972304649585,2.428946523826372,0.9839003736352782,0.7847695356403103,1.2782620544743657,-0.5250082705492156,0.4768450673379291,-1.6566992197156314,0.2625319129102435,-1.845690405550035,2
44.212430464297945,17.788283192425038,-9.224590834865538,-5.163218864611906,2.96788511274291,2.738962968051348,3.922317373973836,-1.4273387149069334,9.615167790508512,5.585209823078491,-3.5752714831925747,2.879771281206416,-1.5591054097819368,0.1650538719370674,-1.67430729148131,2.40842199557377,-2.612807801155395,4.845935284929605,-0.375665514846381,-1.622000183925931,-0.114239568989573,-0.0951919734643516,-2.48979055891778,0.7863625594611126,0.965479576961239,2.1784045762510567,0.8202169632005583,-0.4048098071224317,2.496223239200205,-1.3357258527257023,-0.065282480712056,0.361644398948804,-3.650621301509768,0.6540381730754051,2.923806233044469,0.6670420459479444,-1.5008440465127597,-1.451146297385562,-1.2289700685246825,0.7161006823044554,-2.044722980244561,-1.3183081895396622,-2.683379989981712,1.852899049785204,0.1423534073315791,2.978360363456115,1.0151063827391709,1.2093669411496824,-0.5893968981272961,1.41074655244989,-2.0443143605352043,-0.6726519265068014,-0.8367593106625731,0.4116524873479787,-0.9297725691898042,2
38.42400063659327,21.61035419510493,13.11693045098582,4.945954790153919,-3.1963986447492787,1.3121133628323265,6.00108257074323,0.7599116204720251,10.07154208018352,-1.2207344833315623,-7.847142164072803,2.416658986547935,0.3557634997347517,-5.086426731326456,1.5823902344671172,0.0836205277773893,1.1395245121577673,-0.6459977724892931,1.0709716765198602,-0.3377525708442188,-3.192791614021056,-2.026610636622662,-1.5071186748189958,1.4110573756575215,2.381286519342978,1.590809587883767,-3.392814761262545,-0.4766718367538879,3.8377868633780503,-0.4805255508946593,-0.6185138377280952,-1.5216669865542984,-3.83644667619451,0.6100723889574251,-0.0099873982798704,1.4119720745230129,3.117889696998667,0.3209592501812766,-0.5499364191128501,-2.1506791456791405,-1.4133251566429557,-2.26074731952327,0.3796019407342368,-0.8315698172995917,1.145913862212122,1.287009981938121,2.404946968903337,0.6089545766547154,0.7551481276722997,3.34411807727582,-1.1807758779679507,-0.0753168799137009,-0.6918447546290823,-0.9257356898823929,-1.4716393998991362,2
36.333226407163096,27.390786618184308,6.714547457955467,1.6886026597080488,-2.448250024820924,1.916407030865172,5.766707215082674,-0.0400592013409646,9.618985962478844,0.3207711227312135,-6.994365240385735,2.7370283040133123,0.0812341710375433,-2.474367288342373,1.4913302495402838,0.993072926407224,-0.1537791103775583,0.6940655036539827,-0.025161513083638,-0.8484147852671665,-2.372497829421679,-1.4117034354150753,-1.8767979080696304,1.3825584960490365,2.777173752480747,1.995695358580311,-3.040800119593682,-1.1169991893303453,3.078861098894708,-1.7526937121146422,-0.5094695711630317,-1.1678202700354436,-3.325941793305451,1.102676583201004,1.536462421190729,-0.0782706474937224,1.546556251887404,0.5109415993735125,-0.0857266160928152,-1.1863816464308974,-1.4820559504076918,-2.3339263318609333,-0.6121802138261324,-0.0311080845331059,0.483991868891464,1.8109833192551896,2.096989015619972,0.6000491461883691,0.070777386562268,3.144992749295734,-1.584912545218111,0.0832361567499567,-1.064864225793304,-0.8442312870069262,-1.6158003068350482,2
39.33450509889665,24.7956557253686,-5.283540340052128,-3.837563550285668,1.5735330811254635,2.540889806923324,4.597289890673991,-1.2483097677705168,9.626284158462,3.9076150012780784,-4.337881344441979,2.83086140321378,-1.2711555763059146,-0.2468365575191562,-0.6452670319073078,2.184807698501254,-2.2347691465645694,3.687979311064528,-0.8008949058048377,-1.420312894731879,-0.7702746480563611,-0.3193035183105362,-2.4397610881314247,1.2016480095914253,2.076200596361402,2.052113839261927,-0.3961877189601918,-0.8945851338793582,2.8514488379833764,-2.068292314082204,-0.3442075073244577,-0.137104615325869,-3.353665686662982,1.0329049068011222,2.7917397681563374,-0.0274639220839409,-1.075679098602682,-0.8031136634147982,-0.0953276749945066,0.7133623548048162,-1.859384396702662,-1.6349684555356625,-2.2193273462648824,1.3351981923157308,-0.0369342256832243,2.504605515411724,0.9542978082032868,0.9131492320612428,-0.3890629006233758,1.9248196801006656,-1.8805029358555807,-0.3878746815403203,-0.5733801402272032,0.160107067880652,-1.0001950672882631,2
10.64888760927756,16.541409501291277,-13.666197488272722,-11.045714846512212,4.900207812709657,2.329588546164333,2.9679214676044188,-1.816611400133713,5.444046845189239,6.904961698572268,-2.0079281067178725,1.5226098495400024,-1.9809143604789348,1.0056652383994302,-2.0227706104852303,4.074444372663769,-3.1047734053293583,3.4437388359126864,-0.7971280688720003,-3.4286850682679653,-0.2130741680598345,-0.6967830834121651,-3.079157183729671,0.601273502087033,1.0894747294651217,3.1295395356456077,-0.176272890645494,-0.3661665513463459,1.7751529128245132,-2.904183467301148,0.1845635140806238,-0.2160601959545136,-3.852509914333616,0.3663477187922735,2.0013805140789245,-0.6880648114070294,-3.0955964212166243,-1.962227562923067,-1.8183970044289144,0.6926951336889724,-1.868953562089693,-0.6345991982954218,-2.92660671594031,2.383315186587296,0.9340893132113752,3.292619490890788,0.9338411893394484,2.10960789972927,0.9085963643751368,0.6596734482031495,-0.75653103909463,-0.0108602776821948,-1.2363730543843277,-0.3771887513847083,-0.6841123310652469,2
20.6924826043911,23.976170057749854,0.5333418193734151,-3.7694016974005353,-0.6540529977677261,2.1995295270185853,4.584830423107211,-0.8536925364497376,7.755258401312949,1.8089535700633883,-4.672049014929244,2.3017041423452453,-0.1449456095891138,-0.2969245381569128,0.592227403249479,1.7176454582545502,-1.0900932816880475,1.7586997560096775,-0.5244916281274312,-1.3376311762392925,-1.4823695331774842,-1.1226901470737176,-1.914521088465321,1.3249182332224814,2.724016695348684,1.8479802149060665,-1.7453602991362152,-1.1598029798640666,2.562260687710745,-2.498807869892025,0.1233343988402247,-0.7021070604310538,-2.4083522079014434,1.1792322105480808,1.8196492784138711,-0.6463562437491839,0.1217138845712762,-0.066222727467594,0.142509830250404,-0.0368616696643444,-1.3844209639394576,-1.6233194821361678,-1.40977070676236,0.3356717357679996,0.0147754495199296,1.7186474319525258,0.9755937431029508,0.4392053808749392,-0.4070539421519073,2.4604657335830806,-1.4811614788291692,-0.0225836175532715,-0.6202198515827075,-0.4952671185894108,-0.9427400729958244,2
25.36026904802604,43.81887390799408,6.846147427118693,4.616935992489289,-2.682933358951773,4.995652028200561,6.735044410246534,0.1801213958512826,9.163656700117873,-2.641310016727303,-8.544091949742846,1.9583128100883835,0.3168754984358583,-3.197167446534852,1.815067979789173,1.469166045583202,0.2730494592399254,-1.7285716131731168,-0.5465521500157381,-1.228320253843559,-3.207434649266264,-0.4234000627964442,-1.5340218776456267,1.446125677230185,3.687957573707204,1.83429914467134,-5.893247150534273,-1.2741016122302886,2.817940389377908,-3.771496288538821,-1.4935157770978322,-2.3234699528013003,-3.06611209113493,1.8942463784141197,-0.2584657845252922,-0.5460761848281147,1.7796152977646689,0.9428543634908282,2.2750228830966046,-0.0150868256412223,-0.4280556484303006,-2.436312792112304,-0.56368832699665,-1.777160010643792,0.3197940773118383,2.5824151725187146,1.9818634831556776,-0.1566191108023732,2.832912951269341,3.342200239891976,-1.3712019750326407,-0.6100683023653347,-0.5433832241279621,-0.8615707387045043,-1.9149284234932644,2
6.174547333867695,35.51410729244932,16.545424640917584,8.041632813200874,-4.602501183003153,7.288291462285095,5.40508098877897,3.0508194850460555,5.346778043843659,-3.3325352133170583,-6.703125331714753,0.6929628991297234,2.3196157051760014,-5.564756313613915,1.4670683204267492,0.3198905689689515,2.8586678328840773,0.0902913664959975,-0.7038695874559348,-0.2087710609816011,-4.672337669013153,-2.900349284537893,2.7526107264316537,2.601831738822539,1.0590053446586154,1.7727123633535546,-7.188693377859885,-0.8920855925772456,1.3372186911285184,-4.182140787823903,-1.6559434285725738,-2.7080147860757298,-1.0820590409892716,0.8153464645284105,-3.4972038008362287,3.942558207354308,2.7016990596763626,-0.1437400734835795,1.3260505111937788,-0.4854517883525484,-0.2167714773560557,-0.8052631922271566,1.296589802128646,-1.5575469756599027,-0.9717855242585782,-0.3416577017923731,1.3465806864180878,1.1597118861660478,4.085892754156368,3.5393825348304366,0.0800052725355983,-0.752519361895986,1.512885732352216,3.133611736841938,-1.717420431595841,2
-23.75500874880023,11.834693782260723,17.646835595505365,3.3062602621411328,-1.1757765772108282,9.624876791578464,-1.15733339191338,5.274440026831145,-0.4494167372992472,2.30560153502464,3.0958042058811537,1.3544840235247588,-1.8730274747162383,-2.753591517659281,0.7315659191904222,-0.8067309478773409,-0.4382322678460126,-0.7090043266879988,-3.137535158194087,1.0457510361031528,0.4447316264235856,-1.962701965023184,2.4880013960470806,2.243668441957345,-1.7987055062982988,-0.2926744993897348,-2.0651439709176875,-1.5336729605779833,2.180175478953518,0.0203294431711676,0.6977615025619635,-2.4954639077522875,2.390549190681359,-1.0744375454811388,0.1577510804134629,2.5842204227877743,2.391633425072082,0.6932673377867489,0.2189168690224728,0.4605079571677977,-1.1293098225028049,-0.5368475025899857,0.2452357909601487,-3.082367980051873,-1.3452530496912931,-1.2765120974636726,2.421448020689415,0.1033985376848483,0.3079810991747418,0.0815894662381588,1.4995530553273844,-0.4217426531923861,0.2915419359811191,1.0273623994633971,-0.7847165946264231,2
18.202061329945384,34.83119545843701,-10.130139287759068,-5.876788966916535,4.131822742495222,2.9045214223050206,4.679814906548881,-2.6010950559229618,6.023082896710196,4.047662574896946,-3.3875124461686354,2.8008019291705173,-1.6739545029695038,1.1038433612872278,-0.8008523562070837,4.8660149038179785,-3.653279915256873,1.9214425509227409,-2.283233041663052,-4.083271982477737,-0.4858857647677915,0.0887167954471333,-3.3667340372540706,1.104064644902633,3.0098443074608925,2.1604107562103474,-2.23088193114272,-0.838277887866937,2.5247352125411973,-4.581793363909684,-0.5754926552820991,-0.7399449645820274,-4.086524175138119,0.8905321840106803,1.8480230823741663,-1.5769417135975032,-1.86297615290604,-1.0157521019267068,0.2972368355210485,1.173907288694415,-1.7984149598987331,-1.3171224061210631,-3.3056704153890157,1.5392445255603877,0.0913856778162889,3.0765353423372943,1.2691874600917867,1.8015904580330049,1.8961685831751347,0.3623274362942114,-0.6689315892117488,-0.8769033464284381,-0.6677064416661963,0.1938608860882917,-1.049684713162247,2
5.527620301770108,41.6323734614061,-3.4033760844106777,0.2830090172687355,1.085592638584759,5.06203382833318,5.638655169023779,-2.7670508496559982,5.1906627982185976,-0.4690266612768982,-4.6759019600227925,2.633573616316521,-0.6479864594277218,0.2943334981515461,0.8746621068295958,4.241427636596007,-2.458874055812732,-0.4364455489852374,-1.632021995026533,-5.287033760350378,-1.3105437741892747,0.7877203572471003,-1.6219396281028686,1.136320770091793,3.1315766764890154,0.9188686980736288,-4.361833056775565,-0.454663888142596,2.031021426602319,-4.811963456561632,-1.4172865493861568,-1.3938479825835317,-3.065995790642606,1.3430266492379312,0.6749372107133881,-1.9014813841437264,1.1998688756367857,0.354826953936508,1.4293292169670162,0.9809421917438697,0.1388466094047755,-1.8360378304291216,-2.305313663954066,0.5125210721969489,-0.456309858786496,2.271559860145466,0.7498790222690848,0.5900462967869554,3.3110454774228057,1.222288542304288,-0.4202544437622993,-1.1939470605975688,-0.5979474799007489,0.2987935189244641,-1.0462921477266671,2
-8.506812916574363,25.54686904697931,-11.660944016648292,-8.656661164527565,5.85499033043224,-0.5650869389208093,3.990801274759892,-4.587119295834835,0.5039494434772968,5.345639844344492,-1.4252994555653675,-0.3676073223531724,-1.7100165521205446,0.5839439916398999,-1.7667254025343593,6.177732153592825,-3.440695541401519,2.9344298796350325,0.7095125281856998,-4.1292638488179065,-1.297134545677175,-0.5031294534724378,-1.5986036755886228,-0.5580845553676219,2.2404039764682637,2.2227177092087014,-0.7726081938860125,-0.0011254596524648,1.2452555762584436,-5.307933647818081,-1.8268481415825968,-0.7704986554295882,-4.151744851177484,0.1231781016636613,1.482862576109092,-0.0072320569914559,-1.7526820460438648,-0.3644650998656824,-0.4050891831757872,0.7212239999436406,0.2097221865125972,-1.675190290484724,-3.498286072800362,1.7167448796964693,-0.3867664386477161,3.1804215555233606,-1.3977720840260577,1.6257843216868724,3.2048226335651204,0.6439197683156677,-0.9610348663458034,1.3894835430013,-0.7140998604159067,0.4006025241600925,-1.190026525149051,2
-2.0137401802690453,49.47182108329914,3.635482754557233,10.667127431717546,-2.2425717472391744,10.514151591776352,6.032435775731821,0.2791237272922355,3.882640549705728,-3.65954755164776,-5.89793021200902,2.9315496432216483,1.980025292430664,-1.258595014074391,1.2310994325925009,4.431412102413559,-0.5842048346685701,-0.0161650655873554,-1.0540171232175402,-4.985129705977984,-3.242237054254952,0.7980546460373035,1.591919915041459,0.5220731283988986,1.6439810506465515,0.6742424906602593,-7.366033561877513,-0.1368266047903311,0.8972520422362956,-4.6632848460106695,-2.5200184156310854,-1.471555480077477,-2.277259004119545,0.4161565295760552,-1.0620084207703284,0.8550824634428227,2.8819355051011115,1.4234212502681414,1.7460864806749032,1.7017136652792948,2.386309138390527,-1.5064619448256291,-0.1421399898805233,-0.36501923307339,-0.9162294222839666,2.422136697267245,0.1425869593358652,0.7523224451843925,3.43480502784195,1.4559902277764478,0.7042872707414756,-0.5916074370895293,-0.5018523324694608,2.227776147198893,-2.708230805795788,2
-4.295137396426266,40.23287608457703,-10.012473839740103,-0.5420081299098929,4.040171714748011,0.9322307252453178,5.704561420999381,-4.217584501034897,0.7704406912091849,3.1971399473633566,-3.5103808493724205,1.0967082346453805,-1.1160911165168643,1.215175401166961,0.636176172148734,7.143363196960308,-4.160281844104669,2.4061126172460336,-0.0255292288764884,-4.943494195152367,-2.1443722582447795,-0.2289092210043186,-1.0960393906812869,-0.2032361285980307,2.445122045688755,2.263595394957114,-2.45308254598158,0.1519762906262418,2.3083894934902767,-5.459475790345415,-2.2774717079174422,-0.8889861728801365,-3.8983010601227663,1.814000291411063,1.017794035527479,-0.4624663476982704,-0.5651790213157667,0.6907147162015881,1.2777637101051509,1.5478351476572123,1.0121837333099857,-2.29705428152245,-3.0146713364191533,2.3214620403458563,0.2867184979605049,3.3195081864776084,-1.263101454457664,1.3472137148418992,4.174107387636036,0.6604011987964724,-0.4567968219114233,0.8034128653138699,-0.4103874523227213,0.990804577777504,-1.674792502063697,2
-4.17355663552454,53.05306089647351,-6.138510105640604,13.02377567939627,1.5769076548321468,4.152821480902072,6.72764102855434,-0.2633896505734953,1.601841964707665,-1.1050577812271714,-6.982377131419573,2.5847377994345018,0.3493171845388976,1.0490149442597507,1.9144594362453329,8.311329511470273,-3.9691171990245215,1.2539906976250896,-0.457392465038654,-4.768744634860639,-2.8155990320013635,1.3527333663511218,-0.0051114048114728,0.7900108769932683,2.696680091278106,2.264978046394869,-6.023125908667575,-0.5225568641455975,2.9469121064589285,-5.085550517757938,-3.2273694642012978,-1.959704883706183,-2.8361517844222472,3.754009548358483,0.2385971065728121,0.1003879967359036,1.7861170180945574,2.018724664156934,3.262025250157444,2.5971348522093862,3.451034683674916,-2.433614514022402,-1.2323659269240508,2.108495475784568,0.3895971216839068,3.468291499327078,-1.0413985769970675,1.1639145472972583,4.680207287350027,0.7097969062651547,0.4632007964041451,0.1068491739154401,-0.8814081325092189,1.3111105044907758,-3.275421045808761,2
-20.963992562991766,30.811242677054715,10.344787432457274,10.734197802071265,-4.590280741648611,11.895555844276045,1.6039511627394658,8.304004451953116,2.279963924984369,-3.2717626669449484,-3.0270261550190467,3.926613891660669,1.5919708172090623,-1.2436911364362548,0.2543206285606845,2.639651840386012,1.6401695318486964,0.6120202782585928,-1.356360495558889,-1.0459893635844817,-2.505080096097338,-0.1652485800445344,3.562526648668272,0.5989205298078225,-1.1464943065417443,0.2752775315376609,-6.110564781291036,-1.0267817279655092,1.047335630310839,-3.208157168810661,0.047588327518718,-4.29961747432831,0.2150111163435355,-1.931607055264936,-1.228072446789898,2.4353655612165666,1.6243828720717857,1.7605440419196476,-0.1253135032651611,2.180822090273826,0.3848781676145719,1.4363256356141505,1.73559095249462,-2.518553514260347,-1.6405436862461524,-1.308811588650005,1.569139693545394,-0.2648966161724344,1.5762020012267548,0.1400526136831511,1.4136122165619889,-1.245467525677088,1.066939432841606,2.288656750310702,-1.1464802576347182,2
-15.9282967273319,31.207084912578186,-12.776524418227991,-3.0852291467287287,5.50897593472671,-3.521588374664015,6.152651835341511,-5.141477061676108,-0.2805546647797552,4.15701137839038,-3.413497131029977,-0.1462178830168027,-2.3523649136383167,0.516512447696925,-0.1900127701768987,6.280462510556997,-5.106747325822283,3.1840749151375074,0.8967056744990045,-3.1913936531717795,-2.5703037275203777,-0.665042884812616,-1.8599742190017412,-0.8190210786996547,3.621167439544717,3.707929381030613,0.1887090672575002,1.555061068258765,2.1311973593037377,-3.726832358450346,-2.1987270203747475,-0.8590052837600503,-3.141723212751189,3.0905286436561683,2.432092100264837,0.1245997572743624,-0.7552587982806015,0.0773511691955806,1.0879480598601343,2.1384696254327364,1.8888512597045757,-1.908388223093138,-3.0461618787113096,2.501788011479746,0.2854846670088149,3.620858456052285,-1.9309006393078176,1.236298340214028,3.592097467244839,1.140951641992599,-0.2495404887282628,0.5438334464551375,-0.708744184375937,0.4202024498553194,-2.3977072169510247,2
-19.97266344948899,36.713393569852215,2.1321669607259377,15.19597058785367,-2.3342742317902823,6.287305549550339,3.706327708104016,8.715400077776223,2.516721469023712,-4.761486541095637,-6.316568961594971,4.191676780691427,1.84835485438136,1.3274182813676068,-0.4667795439682529,5.339848068685113,-0.1844825169955089,1.2234899134268844,-0.5900681257686554,-1.9859750438416992,-1.353829081864823,2.3516045482581083,1.9468238989954187,0.5385076491383644,0.3605657977341215,0.9748646170639852,-7.11282514905944,-1.1524220691959983,1.647530786267441,-4.250825729668268,0.0546614981213586,-4.269429978515878,-1.8565362468562865,1.9954509531954652,-2.200591292974016,1.2534863635045186,1.883137153897628,1.99459684234026,2.3665712247125112,2.9535647871017487,2.7780152595324923,0.0388716374213171,1.7939225875566238,0.0940579512804042,-0.0526940601725452,1.217084114159712,0.0491243462334286,1.458094107993428,2.022346847597528,-0.5649417334847207,0.7176797975786771,-0.292375917199522,0.053045547406999,1.8941433030800536,-1.657979229413035,2
-18.43898376153236,34.87088983537293,-11.549012094496534,5.250806382257728,4.022019099143642,-4.265772807755932,6.2228357420403615,-1.135838933860618,0.0047279821725419,1.9949703554680367,-5.286811414679411,1.0095100425273005,-1.0100795023787732,1.2262581643523487,0.6033733614362615,6.038569756321808,-4.32320130702808,2.729342915423553,0.2252046051461751,-3.420548095208876,-1.99588907640654,0.5892236653695162,-1.0442233312414215,0.0947511020839902,3.6417479302570825,3.509685321730386,-2.416524292279345,0.3152385632874995,3.6973860208034175,-3.349321304306261,-2.039245020642442,-1.8275406361965691,-2.632208946423282,4.831059936583234,2.018130591446283,-0.4548083784753932,-0.1686341010320209,0.6007924009033652,3.0351648803086624,2.9917837742532045,2.4148884646007747,-2.4020110267166177,-1.907696532676047,2.963874319119721,0.5381200462821223,3.17499269000781,-1.7049336092063765,0.8129145875759826,4.486895478540623,0.293981073379006,0.1262702875096704,0.3342849357315271,-0.761407568335177,1.009004779214583,-2.7020888615312093,2
-25.245958584877684,30.660920654798748,-6.414174984132856,11.70988392001425,2.39534069778564,-2.8887420943010857,4.05509756641098,6.531349562399084,1.637687143705731,-1.3315749254333136,-6.224519773987259,2.3892599009459583,1.2657390596866225,2.434089863407236,-0.4874553026505481,4.990328699927686,-2.5803475107876084,2.104568224623228,-0.045473830965898,-2.4312470975729945,-0.7166668394804698,2.4643171795368803,0.3048073100022868,0.7702346737466901,2.062214325505255,3.1555593276844767,-4.419329940936,-1.3262245054520685,3.092042270951524,-3.0348282905958097,-0.5569569011448602,-3.419175732886728,-2.6595378940388743,5.3667096989011815,-0.3114045543302704,-0.0509276221970528,0.975826521070501,1.9669923968595129,3.745251987655377,3.5769288609625005,2.4236696728986025,-1.6083650842567745,0.0137815913800865,2.4670437180204314,0.8810736729030181,1.720280349495284,-1.5919522353601725,0.9819796442468448,2.8816637850092297,-0.670257308313344,0.6610855541937339,0.2284807056174585,-0.6530329167758451,1.424540994601625,-2.575123705060205,2
-32.73297458398657,19.776817111206466,0.9701894249286696,11.122616902547836,0.7001008562756472,0.7727835210481818,0.6870681014269381,13.697228713681683,3.754428248703004,-2.10528311749453,-5.736836946649669,4.251423488150903,2.3833288091625984,3.922048970197315,-2.361020836702665,3.856212791030218,-2.632314881673484,1.2446503281367682,-0.1229139582809626,1.4235827792860245,0.801255017178753,2.8524544433722143,0.7380493895644645,-0.6115379831312229,0.2281269108942571,2.5509522010233687,-2.804395944870458,-0.682612747218419,0.3177071147841184,-4.125465394961482,0.901478681211203,-4.109083901921118,-3.3548637852172893,3.1426287827423485,-1.532633176249638,1.187682575907614,0.0345738826592972,2.800343633119481,2.708049364199641,3.3124678632239246,-0.013261030378154,-0.1557096202529079,1.5345164980286017,0.351965202538684,0.0517870223093312,-1.3176943777798775,-1.635255496747078,1.3717996878829255,0.966575746529518,-0.6654790072466994,-0.497505602491984,-0.3728750798161745,1.045692781849234,-0.1098271198471752,-0.9249252408206596,2
-36.746258163131365,9.148562033982078,6.127991280962989,3.626789403550205,-1.5635226018047537,4.859765744929038,-0.1246350561706553,12.617700868305208,4.398575936419762,-0.7329903344323662,-3.3808752669321893,3.645443887318099,0.6012550523307285,2.678381916934761,-1.1523979161231557,2.7575309299860518,-1.1826113809512415,0.6467404347106945,-1.0240377613820504,3.4933607294618847,0.6136925521326717,-0.6055477833185477,-0.3332920108699149,-2.5748791603140586,-0.8726864010338781,-0.8827397273214187,-1.22783019565853,0.4816145064974297,-2.3946835566479177,-3.465957649651732,-0.3915721097437389,-2.632843164100741,-0.7675013091017654,-0.858832810554777,-1.754043718540401,-0.5079567452286552,0.1321269248353637,1.0849692404582865,-0.5946910096186675,0.937710063168862,-1.1455331261416153,0.3547193791448776,1.051606114439524,-3.47459572571549,-0.9675853834479288,-1.0679297772406,-1.5439723437116897,1.4686981834696775,1.7131517170226196,-0.0478911688161217,0.0715527464516464,-1.0796101456900709,0.2355800570103071,-2.1331716730023182,0.6656898572498162,2
-39.71315519295169,-2.354133227656053,6.123556045467419,-5.945020487966226,0.0623807313038754,4.05113757409684,0.0144142074629267,6.6192476051803215,3.344900773966207,1.6227520309641106,-0.6359240613809565,1.291467935712315,-0.7422806766175617,0.4560354442609926,0.9981191577846302,1.7639860083415448,-1.0897199243018,-2.206673893338861,-0.4424307033258578,2.5494472156821644,-0.2506887119381867,-2.5194459403531444,-0.8286702163938509,0.2535791272324811,-0.6830915192393779,-1.7160855403195103,0.0616664148657972,-0.5775264094203694,-1.6381843545748735,-0.4336038978761141,-0.747477691322743,0.6767448701700303,0.4360935213756271,0.3421224073776062,-1.6823472780618025,-0.601054586069354,2.194564068265923,-1.5847315045673112,-0.8044484967395927,-0.7535541436932147,0.6366404625000537,-0.934658688693952,-0.860610984802743,-2.7512228957110723,-1.533031781464162,0.36485729392487,-0.8029769021383418,0.5947269338302916,0.2526420727165656,0.7858713398678527,0.767641974046965,-0.9853944677900284,-0.7323827096847846,-1.3309568047068778,1.1482924091057425,2
-33.0455361895715,16.70468377930604,-10.344231631659014,2.3487913928561777,4.36787702638724,-9.855588316708896,4.049059668984229,3.212023714757003,1.0329399864353948,3.1813669131380395,-4.47048376751275,-0.1428970622457179,0.949513432473752,2.584251665298438,-0.5819900743996167,1.0044974987996227,-3.043086024733974,3.01800853274567,0.2171718975711239,-1.4132126056090129,-1.0822053839312666,1.2621981177230723,-0.293149809227537,-0.2811442071002669,3.502639798085514,4.573672457168341,-0.8549006315749621,0.58812571077526,2.4069378837661506,-1.616086793696491,-1.0569975323960032,-2.2401169365385343,-2.1671185466774787,3.5055009141432056,2.7299297723836853,-0.2439662838922562,-1.1256641792112956,0.6572307076416084,0.8478787973671333,3.331647025002014,1.2942036101516887,-2.799306645904604,-0.9276615032250208,1.847270573065492,0.3916285776664691,1.303359614082754,-2.2255377696178886,-0.3536252384943067,3.022637181900544,-0.7297405756094008,1.3179837465140212,0.5883572791307998,-0.864809160158642,1.4878995920528717,-3.0657355968515927,2
-39.56421563048537,7.259392436302277,-2.821293544280162,1.8361323256248727,2.423520477306147,-6.158799481886493,0.9937603108106648,8.644452517897212,3.577527018623299,1.1536463059060416,-5.314108113479405,1.037729491280471,2.446222623065568,3.369083747018723,-2.2304736201858666,-1.0154764322795695,-2.3290061661353314,1.7094796368310892,-0.1340725410704627,0.4129062508715736,0.818154622647608,2.135508519929357,0.1041171937128255,-0.4811130067457718,1.5279065581441165,3.907021346542963,-0.5868671424613007,0.1636310851809373,0.292608560447463,-2.1230467827074544,0.5813074373151564,-2.084312576051705,-3.1872963397761547,2.12809180123756,0.0584720496831319,0.4407641010563206,-0.8421817272980663,2.2620017254433638,0.9247634214442648,2.144288456387662,-0.5238576727463822,-2.1192087689649224,-0.5990619794249455,0.3697511671275496,0.2882697331266629,-1.7192251559410965,-2.4129404051453536,-0.1556439442915882,0.9339369261616834,0.0685645125716234,-0.2482545369964983,0.2975982906881554,0.3734045290057907,-0.5608341318821377,-1.866998259645224,2
-39.80128513057907,-0.5522527514099504,2.5309873433906604,-2.4664271584231163,1.1933982474992135,-0.0787400051455981,-0.1008071120032006,9.78384332669106,5.240905517074463,0.6051255522459522,-4.291022835661644,2.1252109109814685,1.2123664203325448,4.330067339170757,-0.6920220243734568,0.5792955036453676,-2.2507582544732028,-1.5124277949725558,0.1915274200535878,3.020407088885314,1.3221915893212244,0.3599795265904948,-1.23441260077015,-1.6156691138025625,0.3888039766216326,-0.2476802801966973,0.7199756643795494,0.2210139517067688,-3.6421095370295022,-3.2166401845220824,-2.512947159656502,-1.5592831895540704,-1.978000675245626,0.3378200050668819,-2.727819013161139,0.3814225997043742,0.7399729321098965,-0.7660394689157394,-0.7418039698506277,-1.5204839488484168,-1.3025752211386397,-1.4111257071937229,-0.7610427261367786,-2.793840270523912,-1.0201682433959172,-1.928314655071042,-3.238097328243538,2.6908920415159163,-1.1211329083644117,1.3892281480906792,0.7972550846119593,-0.0120355868582047,0.4292330745570655,-1.8419450112380849,1.3483678005116488,2
38.27009078868792,1.330114718503219,7.531245243692703,0.6953740710790635,-0.6564737895409821,-0.3020193771745165,5.82848170867985,1.5374743285744654,9.98716028855626,0.4882265456920364,-5.880622735680554,2.923691144036843,-2.7310622204860917,-4.277052695665495,2.6566356539461715,-0.2689087880586085,1.1636546692618102,0.7696750767282046,-0.0250592049607948,-0.9560482917472884,-1.477821752663695,-1.543717313172153,-1.5142634443458398,-0.2202376312984005,-0.4301353560243595,0.4795862958855197,-0.8340257615950268,1.4064835290443838,2.236713515615002,1.3552312174847432,1.508405832473865,1.90726406172786,-1.8848504717118024,0.7132486549124879,0.1557311866710912,1.489984516516784,2.3595213167265365,-0.2930121681657637,-0.1981326986078742,-1.5209530600880412,-2.3879547833358656,-1.8936882745193715,0.2516048617338761,0.6994649953415013,0.6620539515759665,1.3133553605395587,2.304342886587518,-0.3336152220675981,-0.1699580233017848,1.3930248359899096,-0.6295857780437798,0.3059625748640175,-1.3001860854507186,-0.4324000904204015,-2.0900001834617195,2
63.10067101938037,1.4605349614778735,-4.694864443877822,-0.6027425059073586,2.3449712840950494,1.065664524509988,5.55712360937887,1.0905491365710138,11.93799625724292,4.27953676424568,-3.78620402630874,4.711615205052376,-4.941237970435189,-2.188205477396293,1.460362725168311,1.1630677371015274,-1.5390227819961184,4.417455880995076,-1.2151606400706578,-1.6986294256951386,-0.3047901804445059,-0.4916644487726032,-2.126832615998058,-0.4652349827940479,-2.1923822386100023,1.2813331811148831,0.9899727654781026,1.5459677653868675,2.284044077357298,0.5352817286732755,0.9089416117892464,2.665617823322169,-2.945161356886207,0.826282635086193,2.036638795345429,0.8471164223786349,-0.5712501701312559,-1.070503463624829,-2.3897535024812644,-0.7210619213870496,-2.9752112562796533,-1.5954259665905308,-1.338523360745603,2.132638216745741,1.5885506319329474,2.663165857025028,2.563163721827679,0.3360381777068353,-0.5136403923091373,0.1266478253852757,-0.5711861779694624,0.9434328477624958,-1.7638535166231597,-0.4037718142067437,-1.2206740381798482,2
55.66947916290122,-4.302652142132816,2.122317450970575,0.8953026245287216,1.0207435918517258,-0.024604408015675,6.103575236631291,1.7062586284761831,11.766394226540248,2.39097894592621,-4.0182541729768975,4.307760798778067,-4.170372652625875,-3.3345910983820564,2.2634264847311885,-0.1741608536680433,-0.0573339438515687,3.2090610585977672,-0.5064352393534541,-1.230338295862169,-0.978033962360494,-1.0342512749925592,-1.5147190472211294,-0.5991734565365597,-2.02897381387196,0.6236881146517362,0.6958869413935957,1.8589756017355277,2.128466392637277,1.3722968094028285,1.5944582194528265,2.774207468798311,-1.6345569368862214,0.7637257137187295,0.916399882038983,1.2857183851449554,1.1805301461960245,-0.800113623950531,-1.3020989114374637,-1.4720650462635714,-3.0176860022718377,-1.543695526138141,-0.4742144761022969,1.255210002097433,1.3123731241704348,2.0624128193806706,2.585529448847133,-0.2224988424202381,-0.7250700750852258,0.5553785463628579,-0.641795425298321,1.01288515533126,-1.6138344865269878,-0.6781843565600111,-1.6521965113081225,2
44.9879907836781,-6.262154133414196,-8.272404060649574,-5.08801802495366,3.057852509160595,1.769200022427358,3.7987343672412814,-0.132125783023842,10.411101741287986,5.653204879815524,-2.0390128936739336,3.882764558741841,-2.7072751224503104,-0.7093031069111763,-0.5304355073754771,1.526988795154708,-1.8846747412636395,5.4743313541986085,-0.0103004592505128,-2.257582530974835,-0.0320109009428084,-1.2248179248494515,-1.8472695671013464,-0.5108700891967559,-2.37141065274631,1.4382231921008344,1.8713235700172608,1.2891733616081842,1.8487977157601876,0.5533811212773947,1.2349672770707547,2.0298390487929363,-2.349309827347865,0.3221016337436772,1.6559232068426584,0.7998595992884165,-0.8706118580198623,-1.735681848536641,-3.331541573960456,-1.143434818029954,-2.7894345180870026,-0.6366913412346829,-2.169110041852768,2.1218284072710585,1.88801202197265,3.015650250266761,2.0678409141008736,0.9544019091583242,-1.1981137650890674,0.0826066169924504,-1.2679504574437184,0.5330278159972472,-1.5155775344795996,-0.3851585257985881,-0.9913602478364156,2
52.56972992640204,-8.391263063526976,15.831881834582916,7.506509714479802,-1.9782588398147891,-2.0908261429586235,7.336260785928281,1.379975470730279,11.928507343513804,-1.0570246231616056,-5.724448451085309,3.0558837183683187,0.0704312637879491,-6.347661231044426,1.60604315968732,-1.8752012161118947,2.35117036786577,0.4200943227282923,2.152495503983737,-0.0222350455692138,-3.4378465834938066,-3.411393560251585,-0.2851724715715353,-0.2406277296657468,-0.7109456034246333,0.4592917007134271,-0.4725209012327607,1.3852442464790549,4.052276874371075,2.739056189452518,1.382795515254387,1.1454217334845591,-1.803650417202004,0.2289364385409711,-0.6165783861460445,3.4163450943412026,5.2807741271879935,-1.3665532684636787,-1.066578228710135,-3.109719718447325,-2.468544036639742,-1.3504352084080122,0.4666612751741654,-0.6855695622220346,0.9755609026297722,0.6240162896282666,3.2395769750719827,-0.2994301711051936,-0.9186623983115528,3.366432788038805,-1.0654703337416351,0.3167816923279406,-0.3880730019048378,-0.8396094983893834,-2.1492904671038,2
58.89214830014004,-16.78204058178044,8.947680957900186,5.145864020834422,-0.5047150730228416,-1.8262740194834688,7.02486125149034,1.5478603221926563,12.724533646306815,0.5850705330342572,-3.9527862390454014,4.142055242949456,-1.2086015056196904,-4.369563437639441,1.6965567535224286,-1.6299982918611426,1.406047914658261,2.5091929844066274,1.7158282890372698,-0.246360941556461,-2.264939506071697,-2.5186544976680243,-0.3324698494573688,-0.9927890477440848,-2.238080310023025,0.2933395946485422,1.2446077136300575,2.0165393997672325,2.8295827924951737,2.8525865515458286,2.041556100151081,2.5309033724818764,-0.4437987233526967,-0.0737102587600217,-0.0240464127293489,2.5100631687045927,3.797557964902427,-1.493609751615382,-1.2815753419102558,-2.8587620809065286,-2.97138075196199,-0.8819021315311627,-0.1763980299854546,0.4502193546489383,1.6807629370031132,1.8862576924057253,3.1566233710948155,-0.4058901180308181,-1.609533275241117,2.1820311047402385,-1.6950584296928874,1.1141737136709218,-1.015165550941941,-0.9187635624737388,-2.2125676299324564,2
50.637466323246365,-11.351262717470645,-3.311959846067855,-2.3176472364957017,2.120258264734155,0.904558859301424,4.928097839890548,0.5083462235661526,11.486668152375048,4.185626754984128,-2.2161991622995463,4.269326502238617,-2.529150486621561,-1.32892967249788,0.2517668438950993,0.6300736727612717,-0.932132533641766,5.294643135707383,0.2840101491149993,-1.6076352567953751,-0.3987294263990364,-1.3152966122907517,-1.414351578663089,-0.5798117733933289,-2.7957746252622555,0.699940309054423,2.006500060664881,1.5568103454710551,1.917088392871168,1.348670540513913,1.4526674469611127,2.480295667304751,-1.014824681537777,0.3061628020642447,1.4123169274111025,1.1012411202533898,0.3876018461098491,-1.3981520543641208,-2.5792096858667675,-1.804967011471996,-2.8414141596890907,-0.5279885691677813,-1.417275147419403,1.6484248727516817,1.8421019405777677,2.732390412963338,2.427074611179292,0.5149102149839526,-1.35484926859887,0.2380400302968787,-1.3068026922825249,0.8976879007831329,-1.3795697736110863,-0.6197099782902928,-1.1872678172599709,2
23.396741455372844,-15.338842336571146,-14.71543285583106,-8.51583046860201,6.593768880685322,3.732577310122689,1.412458870436118,0.8956576209371823,7.421608267908923,8.498903192920938,2.264518360013109,2.6215216379587627,-2.3044333053523216,-0.4035191865005536,-3.4496834684086206,3.010513386512665,-1.8581807002865527,6.616560487803151,1.81451034268198,-3.74014756898466,0.9116069722867718,-1.1704986834809492,-1.171692772953867,-0.4734123997058276,-2.74160534988356,3.2210728520100687,3.724273741930352,2.493570889084636,1.473918816738235,0.6317901853777285,4.0494393648309766,0.4977310116998298,-2.173661740016668,1.006391865108185,0.7519156411200362,0.0727423718297248,-3.1382969990131597,-2.969656301155508,-5.316016483651331,0.0084102611926287,-2.7746974089542062,0.5003984059648403,-1.8924339456769137,2.0081417005659623,1.8098180925516243,2.3150046111118905,0.7508505184688796,1.061887030137335,-3.297156792235204,-0.4128904773082742,-0.8724933964172414,1.2918048276723737,-1.8442424333021508,-0.8479714808549802,-0.0237162465488013,2
50.8295580870661,-21.501058977384968,1.974199272544346,0.8023793040112284,1.3727904353331115,-0.8414779931924012,5.749474833059489,1.646996974880777,12.03545619303393,2.7344539486107133,-1.7548435889839602,4.441597840040807,-1.9169370364038216,-2.097080606097829,1.0873066900361854,-0.7097049600023242,0.3974717679989926,4.50985004877067,1.2193325519841125,-0.9085129220686108,-1.0625532572688758,-1.8372753977411331,-0.4536130100140097,-0.9000923831423491,-3.086692450956396,0.2461464991418452,2.3073297497110223,2.201622422132802,1.912138157872575,2.3061734928147266,2.6309943646236262,2.636733850289668,0.8025920749388549,-0.0296980941700864,0.1142375043476241,1.567006645132632,1.8837439255751345,-1.1366985428365657,-1.9913198098895584,-2.4910660587656395,-2.921295740697817,-0.2132119026306822,-0.7446343228603024,0.8671938574953638,2.078990340904722,2.242653326502668,2.633870811912262,0.2769140967436037,-1.8035819150587828,0.7804414068647048,-1.5299453515190766,1.4889913015915952,-1.4610157467426512,-1.1289823898302496,-1.476387576917574,2
39.73444525197299,-35.74579862112824,10.82515642990927,6.795585014926679,0.7585079596926991,-6.244011261973233,7.800834537746687,3.295203801923781,12.326421200794996,-0.3756357875551603,-0.1423941978778502,3.55024343068705,-1.5867318702005353,-4.755512049294194,2.6843557680762324,-3.328270836147385,1.7241865911913925,2.994981480991545,2.6658624151667194,0.6053819434016006,-3.7191831503638113,-2.7537352971589724,0.860268603790855,-1.5675662205152785,-2.631115957406513,0.7338105920691524,2.6056685560498307,3.666860912198276,2.0670124341195635,2.4214457201429718,3.834112077031996,1.6997234582470555,2.9762811894990477,2.000973510045074,0.055398299875644,2.321036953237918,4.008649937476584,-1.1413485895277926,0.3050986837351562,-1.567709907979279,-1.5481994692035297,-0.0897360290254608,1.5942022661252828,-1.8463143625834624,1.0438745802320837,1.0445293310820687,2.2668644621074865,-0.4288061453545632,-1.8267289112093943,1.9373123226485487,-0.5614056942512339,1.3203071114824312,-1.217503576272542,-1.314013304231946,-2.417043858990714,2
19.47618300041345,-30.02099259910782,21.58344213740662,8.609773327376125,-1.1182421874058772,-8.046725462808597,6.95512755119213,2.129255672188231,4.9094943108629225,-0.4516339154078645,0.2838828367249035,0.9699447990294688,-0.805789065242537,-5.341004544022782,2.7575657269799505,-4.354359936981402,2.6307232705978083,0.4594055817444601,0.4513387511452351,2.8360526435244378,-7.972101530601293,-4.2704426678553205,1.3701850189502922,-1.1799598204994035,-2.0654103848030245,1.7203957283234956,2.263759494738438,2.6980290817714474,3.5298317544588214,1.3732399839454368,1.554136213347647,-1.494409693358392,2.026822713285994,3.030504033824433,2.114210283038616,4.339964559951251,5.458332409432088,-1.97201465564548,-0.6509630615717763,-0.8902354660993831,-1.161387757046463,-1.343642821144959,3.170303422866573,-5.483266046968915,-0.5472019589298889,-1.2028819078606678,0.6162798085760096,-0.4740897640412338,-3.2059419899981902,2.377438804826662,1.4193543261597716,0.475446292649019,1.625358036050741,-1.923174146389879,-1.1295540449017178,2
-26.69560841294188,-16.991508239907443,15.999590988811844,-0.9102802843365932,2.1465152810702643,-4.707727383696535,3.733885805953456,-1.4989960249132874,-1.157257681196412,3.5510077122900348,6.111006770261382,1.2539333914199189,-1.982746934729724,-1.0752837959988475,0.205195825113498,-3.056888596221893,-0.7612449722203668,-0.6358978254910163,-2.922080140346744,3.418930726766102,1.972678689939686,-2.780734350127685,1.8721906158174149,0.1086001975767302,2.261140136229864,-0.6124664653876875,-0.4409158991024675,-0.7945991465239076,2.65967096506159,0.3485876568416139,-0.8513885403184583,-1.8267651902687136,1.8917540288860213,2.1891733359203505,-0.8494536014816366,2.699110962602114,-0.5960549237592413,0.4268968679622226,-0.165120511479027,-0.9368993375231708,0.8365022342895541,-3.289367315874979,0.4239718435237702,-0.1216785174308677,0.922397523956593,0.8880329771085336,0.4251503574390809,1.2669434200175491,-1.3856997666417432,1.0648924714966397,-0.4599190274358132,-1.8139423328488369,2.906935928370429,-0.7327930373924837,-1.4680881849194467,2
38.488357900612144,-34.353045899036395,-9.834908892903435,-1.45145209893396,7.097054608623019,1.4225405980733177,2.035073250778187,3.0730235499619862,9.150203699110344,6.193787226954598,3.503557949777686,5.02100609455763,-2.9179849855835074,-0.3352871910778665,-2.4353592799908617,0.947103064767474,-1.0275560140642028,6.613419551253332,1.8312066263102231,-2.658966006129422,1.354316100816736,-0.2215454585353213,-0.7088411344122685,-0.2577170722316901,-3.507538382290659,2.386748525890648,5.941254736142894,3.6988012087465294,1.8040528595376797,2.8029705086162218,6.220153844665292,0.8417541782170258,-0.25298738736691,2.999731529897037,-0.2751913018391022,0.9635466359326632,-1.2750655233185306,-2.630159580679205,-4.1133179604266985,-1.6566667703028872,-1.6662224482370478,0.4058904446605152,-1.0405263637731832,1.896665149545292,2.729856913855987,2.540151038970043,0.4366222107664113,1.3300601985363874,-4.963580769993672,-0.9629666485671384,-0.5685884845575558,0.9945707723183554,-1.5242766005945152,-1.9366979172630965,0.5117184597046037,2
36.90186074922572,-49.6037317801126,-0.8988776902921075,7.607988041955894,5.766116164186128,-4.9194892476422885,4.6540837661517385,4.729017654946823,9.861815743387382,1.864593341402517,3.1056750147074537,5.6664835297314085,-1.6875315821199504,-0.3239010376780592,-0.99477184605035,-2.2624850722313883,0.6118548473763638,5.300578393958804,3.438973893607893,-0.847841968507887,-0.6796077705378325,0.0516110002164344,0.7253388614508506,-0.9771407486862596,-2.7988155454724586,1.920261336066731,6.601590430016332,4.324202105398929,1.973367719680298,3.677221286484405,6.319659220938499,0.0837786753956886,2.3833590174328254,3.5559205507319427,-0.732853641376649,2.2338184620852606,1.1799759846307156,-2.840254944729788,-1.1145164910453416,-1.926243247765088,-0.3025508479133313,-1.0842754074107337,1.0295682153101515,0.5920341967217461,2.764644022623257,2.73698457611345,-0.444729679324034,0.273099480620721,-5.494565906034203,-0.272851451256991,0.4055578698775204,-0.3795785005911348,-0.3273768260354661,-1.7066310758769596,-0.4411212056021983,2
12.675368530189614,-35.78430592429869,-13.383991497015776,-4.409755256878468,6.488941419683689,7.546771359354095,-0.2495153403053615,4.595672664328982,5.878749691431908,6.271012609754607,2.1449376347492137,3.249325986192843,-1.0210065967331745,1.1718551384456344,-6.686853364841423,-0.2976698821650954,-0.2744030702904012,6.019718439781645,2.8373877563808203,-3.770105551783901,0.4774702107084451,0.8787252099089694,1.2150858056379636,-1.313801853542784,-6.21412342552985,1.915977258491652,4.692095156112094,2.8698832375372665,0.1971273921935289,2.439295580944802,4.77831475385995,-0.4127859039170607,-2.159670731105916,0.8825644698700084,-1.4556343103498228,-0.2733764466897364,-2.843476965463694,-3.3395476947538807,-3.443865793772457,0.5499844589270588,-1.7633459921737409,1.095332310996037,-0.457964167152839,1.9966100335879489,3.261576597366647,3.801158307106693,0.7321370034444156,0.5371600700173704,-3.8288864127400193,-1.8169235544563187,1.3543100394256535,-0.957490735445994,-1.7075858425068446,-1.094380337167299,2.05002425817536,2
18.78090260779617,-49.71603603158246,10.05438640607082,13.622211181447028,2.2822068243388696,-11.406047406975024,7.72572216427732,1.5055966533186336,5.255080316838783,-0.4270391916993318,2.0042103868858376,4.161708646517608,-0.3189282340535324,-0.5717963503536503,1.0152879015287208,-2.3976476056435394,0.7717278720310593,3.4166508698947515,3.3345020931220803,1.6930806343527,-4.621172813687953,-0.821840175204479,1.162954500116568,-2.2112838962073376,-1.5671527920881694,2.129904498607771,6.386301730959223,3.853539639649673,3.256656390440847,2.727092347436011,3.259818263184887,-0.4972091681138464,3.622249119076548,4.045442930112889,1.558361888804786,3.615611566864121,5.085809062069655,-2.476398687208514,1.419870247578721,-1.7823511661155993,0.8579085235901006,-2.4473020771667517,2.4700804296468624,-1.210533280644794,2.031315595213255,3.044508398747225,-1.4151371980146112,0.6134434801355955,-3.347991557347962,0.9189074765157342,0.9031458648588232,-1.3271976110968395,0.6939395641968492,-1.9003126050044736,-1.4505890693800954,2
15.562529949664274,-46.42846523055744,-8.494945517952903,4.899215377133616,4.9995715669278455,3.1956191132742107,2.165611788589504,4.473592426091572,6.025485680062511,3.870073378191352,1.438869142020945,4.982455528662954,0.5814369716895182,2.6023807573068622,-4.609732474809857,-1.0150044305362729,-0.0816155182877849,6.584914713760066,2.6537884623013457,-2.281172514706876,-0.6147623597358312,1.0821993064709674,2.0062982279914494,-0.5292182234966297,-4.838862419167439,1.5582810763659012,4.742839959345664,4.02231402294194,0.5523104905358225,3.407004260338278,4.557163501020594,-0.7681310808206585,0.4739653451117526,2.1772474341334167,-0.1936514029595008,0.7625711219320068,0.8735053271020542,-1.55835872316076,-2.4120923935702323,-0.6656873265172337,0.0171741905650988,0.1926523377019356,-0.3387018546695867,0.7613995616062117,2.951714464713229,4.806441030549689,-0.0375830068812393,-0.0789315376465374,-3.5049384551348703,-1.4699983912496335,1.722013195403659,-1.1725546266515463,-0.858349633196285,-1.0990003076474844,0.8896016673365172,2
7.430183755932477,-48.36575010856644,-1.354481138008554,13.621182273410705,2.509912588446139,-2.182074129446005,5.897525912578042,-0.4074060624053893,3.716263243153419,-0.1613493036466501,0.638917483074241,5.797657811299381,1.2798811114342028,2.247184249062425,-2.5586300167906897,-0.8057776858194032,-0.54615325335172,4.325455343115315,2.616156751016895,-0.3567141893268033,-2.5460264896015894,0.3998682938275203,2.29358898737573,-1.1932607356488292,-4.492153490182836,0.4655524164111007,6.329689784048361,4.957198508343885,1.9889128327502648,2.8979423000899174,2.6900341505075787,0.0199956292493952,3.4865506506907,3.0701753957295708,-0.0194755339555572,1.375239585236755,3.457242326763215,-1.730374586384242,-0.2429718703720194,-1.8675606938040383,1.3039047792241252,-1.066382443322241,0.2967401270357829,-0.7513148661906413,2.391540384036144,4.793985012950803,-0.673837393996745,-0.1281691967941223,-3.14208473671332,-0.9149561702460404,1.474171985712502,-1.6187136540964178,0.4787026542036777,-1.3980800195805991,-2.2689801324203622,2
-10.70427015252726,-33.362158791754815,15.04873472993532,8.926906210673625,0.8120607337350666,-11.015266593757405,9.845102547694536,-5.249449290780325,-1.059751627887883,-0.0392766316697223,4.960420550335121,3.7141072943369338,0.0350641286686277,-0.2435857519941446,0.8314750075127683,-1.2567805279990838,-1.8496102640157333,0.0864053732505368,-1.3082725994321136,4.142387666115052,-3.91865263980772,-2.643551531869362,1.0669641030976855,-3.100874699096352,1.2504099338794292,0.1537151481292426,2.563677581329707,0.4622827185621264,3.022096070513183,1.5785575672143082,-2.252442745572391,-1.2747858784546169,3.114568696505135,2.973109394862472,0.9577028864080288,4.603531376066495,2.7531139222447614,-1.852125780295169,1.5893020654629202,0.0391151206613868,0.6933813926739373,-0.5412940502885668,2.219239015448616,-1.604483305953459,1.0325735971287453,0.2004893297559069,-0.3622058207575687,2.827049358846281,-1.4266206581043308,0.8945601151891611,0.3988466131334979,-2.092343829876671,3.944596916371781,-0.8009332274692513,-1.8464171861222936,2
-8.18513826899912,-34.73650866171439,-11.218171224377526,-0.6148871309194066,2.4736523169405085,8.488072909305263,0.3879421959093294,3.362604166049004,3.9900384742568753,3.7190170975582166,0.0870048188317236,3.27748156871499,1.1028664080130093,2.4141715570428084,-4.870931560887111,-1.0998427648824562,-0.2416522407229312,5.907322183368871,3.2156821159028603,-3.511012148580877,0.6492927769034558,1.7667567018126682,1.893211394689556,-0.4368104052799257,-6.157459568795359,0.8857018266064267,2.163488629486571,2.7547309349737925,0.7849225891075509,2.4448036021649595,2.544392590682153,-0.2219726372533876,0.0952090957921768,0.5260295897670444,-1.2244614333752557,0.2686610996872559,-0.365406416788643,-1.1847814348171877,-2.469000758498174,-0.1793209215978796,-0.0183378054618878,0.9972600906741526,-0.8071970128550168,0.7961582383141546,2.242731272939412,4.306430078438519,0.422697239691,0.0948965576200599,-2.4670724586398536,-1.659889460390655,1.7681812054048671,-1.4186812034604033,-1.463358466343332,-0.7420318791132394,0.5759968155680336,2
-8.765138274614038,-40.10050520378356,7.144417697189249,15.724410709513371,0.1119795662153864,-7.072591038718762,11.096871573593678,-8.56066811008988,-0.3248768715336623,-2.5124041152857512,1.985616573942471,5.818033711757464,0.5216235647999109,1.5585579754153236,-0.0566861655801895,0.4289208583645734,-3.598991738519905,0.915533155245617,0.5820872080290161,1.7217372853218549,-4.462346388046321,-0.2687916748929502,0.5455321056362314,-3.607583877573545,-2.5141492222490407,0.0266498554098596,6.013501523901204,3.796831637408052,1.6323574660954792,1.345656292055566,-0.4855706593874934,-0.5530272752522927,2.9728383608260724,2.8828040162715496,0.6982605388099058,2.466664103546452,5.346382683848002,-1.9530696924809767,2.016186125013026,-0.7234370788478985,0.394053586795705,-0.709321569054863,1.01662615074844,-2.663863442669157,2.404172263067577,2.0930566460019486,-0.8125552772757366,1.8734081712112467,-1.6260306749894484,0.017264544913522,0.6941046152351015,-2.1301114928856624,3.48740807562416,-1.4837280751852049,-3.1598466139754238,2
-10.638560213729027,-38.23327482343687,-8.977502396892895,7.21678838477858,0.9601733472661268,7.165018069280395,2.6683443730895022,-0.5587091748968653,2.401204303058149,1.4927260365743409,-0.4979443021313558,4.381430152687572,1.633155566377371,1.9229340348131907,-3.1863456667517207,-1.1868914413479257,-0.716852057125384,5.047150738089892,3.0243235374393187,-2.679907125086466,-0.1993424600668571,2.103406678808572,2.0745379541496565,-0.6432597221916925,-6.086950563811261,0.1528706548002681,4.075266183429151,4.427754976952204,0.5580568995184776,2.472135826654612,1.569322422820898,0.5526256009700344,1.6808485337661134,1.8647178539523936,-0.3740612485020929,0.8109194321183086,1.583550232626738,-0.3018669773694738,-1.1643812903247928,-2.044164369139363,0.8167046535824478,0.6173592382857087,-0.7915841432017467,-0.3432389126006555,2.010128703976595,5.212827875761826,0.5669568991194078,-0.4138676905240316,-2.0374991096326296,-0.9636265495029246,2.301783072260044,-1.556736156152085,0.0569885744982613,-1.1362446084313735,-1.386066177243058,2
-18.81326898095694,-35.84155701053788,-2.5953335519755325,12.97727610965832,-0.2285484950885488,3.623852002073244,6.950764990279643,-9.384140428542205,0.2641038780989235,-0.9137446235831842,-0.2975489646404185,4.971548419763405,1.6680514097626866,1.496365096875009,-0.4598906375976457,0.0178067000185538,-3.4865761272562104,2.262321507590856,1.5787166828522512,-0.788763330438484,-1.837977217068252,1.4167375939240463,1.2660278653012602,-1.7270132520683583,-5.242779366283152,-0.7725323704358291,6.17368896886296,5.097307547588123,-0.8597569340774318,0.6789962247102914,0.6026998910156425,0.4734414856306781,1.1857168684056405,1.9885742688393029,-0.1466372933248339,0.7955512004339182,3.923923550489462,1.6345264643141324,0.6128171188330988,-2.4945177154435747,-0.9272213518193152,-1.8725361944288923,-0.0849060213409484,-1.7212301609065253,2.270638961102649,4.463288000271022,-0.1233611665787424,-0.392889658866366,-1.215669555933616,-0.4088234300409519,2.240978936805597,-1.0857546156062787,3.060670189219989,-0.6220479633257573,-3.547150648811761,2
-33.17075665612571,-23.27605546687532,4.770845671381647,4.83137582746747,0.091922513258624,0.149861930236411,9.243118913329017,-13.55850777164006,-0.1825036055890168,1.1863857251341192,-0.1039443743013811,4.930713836415047,0.5061825151834384,2.9585919593314496,0.1409387737567441,0.6889441050223629,-4.005534477401863,-0.2781665622650967,1.2157186387195538,2.6535649881656687,-0.458184498617379,0.1969401426026042,-1.0169113586267935,-2.588596765629644,-5.692801440922613,-1.4400562006058863,3.880549606143076,1.3747681520631114,-2.427569888585161,1.0686603399564558,0.3508949985456904,-2.8463377983528924,-1.1659273875201688,0.7094962180971429,-1.8125459884791952,1.5877770884132605,3.0533264513454723,1.7821365010645496,0.5063782083673107,0.3434554989874185,-0.4522749485930327,-0.7678124225764029,-0.1972009584409606,0.1541820630522528,2.679773980239343,-0.5585164322120256,1.6212412016300737,-1.004547522370919,1.222959636185677,-2.54980143345971,0.3230773991507478,1.1875042161638507,3.3976360352350192,-0.1762814141752692,-3.3720867877382763,2
-37.33616599457889,-16.738194184805565,5.99909352286177,-3.700222192546721,0.8960952300409527,-1.2412665103201523,6.651400328241605,-8.799152560916973,1.3776021358213402,1.5280186006907888,-0.2321027083011377,3.814739269681052,1.276592832299081,3.245457395924137,-0.8350994134972565,0.4593523829417477,0.3668017998632026,-1.6587501016937265,0.4897630685947572,4.8785970703793415,-1.5055852517488522,-2.0083552862539413,-0.8549999019551483,-0.3285576433169925,-2.9331856512434165,-0.5656992327434731,1.0547649820143634,-1.679717601319005,-1.1179500635051105,1.9080411823657064,0.6068723355964613,-2.8782366367185723,0.856524081049752,0.9031355655058796,-2.37894313022928,2.0122478319104933,1.0553654839435465,-0.8629496722905268,0.2312335306348393,1.8918892095467548,3.16395356258668,-0.772032278733912,0.3707506509563157,1.1806531186595275,1.2730981807496198,-1.784953864080311,0.3323066653538956,0.2449867796940815,1.2023637739659456,-0.9319286918577016,-1.4611521702048498,2.159884020679344,2.3456694101208164,-0.9263274148608114,-1.5846824534707928,2
-42.68679230730966,-10.23316523893815,3.6616846567819503,-10.84172790332417,0.7304239148296173,0.8437870076620465,2.6868519653011926,-2.7943322703965947,1.4582840058234785,0.5367550684565124,-2.0244738720740454,0.3178347803157061,0.6606324939652263,1.7160568915060257,-0.4805547188345996,0.2195085883533555,2.182140926973857,-0.8190974516955268,0.907587797479549,1.3812449025977929,-0.2494359699580754,-1.5533941178886113,0.3822475232475383,0.971347885714326,-0.7114356040556528,-0.3211378326863416,0.6528345108969663,-0.0373120084516847,0.4638574216592449,-0.3051046029471206,1.5794554620970116,-0.8205335733786687,0.5477730204403317,0.5572783272565666,-0.5592249917975567,-0.7601508824588143,0.4772274080789525,-0.0979879758050003,-0.2055476482650127,-0.3045607925110409,1.4673126637663545,-0.1284000399891545,-0.4939341406520137,0.0777497169049749,-0.1028740024633067,-0.2221887645154944,-0.1552308349875987,0.3553890915438816,-0.3194282681177797,-0.0943553914877557,-1.1485034768926223,0.5178920934277058,0.31036692251093,0.2528438577826322,-0.4032622977726251,2
-31.10135066217275,-24.4519032638743,-7.162775472805896,2.312642471747451,-1.7120224813068765,10.938848464664538,1.7808372456486454,-6.134873380710575,1.6894825785235406,2.5857092433880022,-1.4743710415531113,1.3331970361272107,2.097104121502749,0.6052131453812345,0.2214116805810096,-3.174145781097644,-1.288670749769823,3.682810665942303,3.3894987980461537,-0.3752867527349293,0.3677556519348993,3.1417584227004345,0.3575975772895808,-0.1296434940592973,-4.918193974517762,1.1590532918654248,2.641979683818062,1.96739866774388,-0.4394991502052183,-0.2205195774869779,0.5693440367114634,1.380113904484084,-0.2321858876535201,1.5147407697949065,-0.6924774249920091,1.1936045533641049,2.2528633978069643,0.6641814576998833,0.683574285715286,-1.5599267119903937,-1.1810815402310737,-0.2696529640618169,1.5737844732086932,-0.9122646329090396,2.8153567632423253,4.291119235534363,0.5205585816286125,-0.259141710382255,0.2978201298417633,2.2408391108439143,2.417427390936389,0.7252332951659635,1.0197341150883945,-1.214731468897935,-1.7937090918403984,2
-39.738723451829,-16.177762821327818,0.288835687822723,-3.630136682303657,-0.6364408625415046,4.997460448701109,3.843099622952713,-8.026129506421604,1.961224864251868,1.617319571510787,-1.9572281039390889,1.2272958304945858,1.5136628321822183,1.6964360155004454,0.8661350587806343,-1.0728592201462728,0.0994767212391658,0.613850070050871,2.866678494952969,2.1830732998497746,1.2239881011850828,1.2434454911868298,0.1224275961831253,-1.0249721199138748,-4.304215730440708,-0.3818543727766567,2.643222244630364,0.1313160422941491,-1.342360942105579,-0.5731270007968374,1.8312391626265676,-1.320793856121867,-0.6299413126151473,1.7428175891913305,-0.4405898337307413,0.4913244406883204,2.684914541903769,1.1815668445061454,0.4847989221020858,-0.4610235394863178,-0.3455205325732962,-1.5402302987537584,0.1435883691640798,-0.9815927108464452,2.12001949624748,1.4149610942698811,1.3147243785264635,-0.6714509305443974,0.8779851005678513,1.6144737661578217,0.5479899329146933,2.645406817037668,3.3527059851860987,0.510768657695657,-2.2317313128648046,2
-42.52691812307108,-10.10688911120565,2.83149587935597,-10.761762047455678,0.4408829583903391,1.3936688682641278,2.774088303548889,-2.7343248639066364,1.6987293405586943,0.3513105571947396,-2.8574887736257137,-0.0725068550034111,-0.0693701488715091,1.982066341920111,0.0737133652166785,0.3219669947485967,2.8418482685239166,-0.578741638527312,1.3609357019880683,0.913421670917362,0.2931322299453551,-0.9622369576751204,0.7010126233956266,0.6582531548887671,-1.3626693459647288,-0.484840234385703,1.3170719552098844,-0.1464312935095429,0.2232662407448667,-1.287879775162042,2.11464964142315,-1.2227982134286135,0.1546100720901981,0.4581503566792264,0.246440970753182,-1.1216326639717418,1.2685865375078271,0.2583789506214534,-0.2438132286260495,-0.4578702823292407,0.4389609524105258,0.0504644498966573,-0.9041867932079868,-0.3148589446461888,-0.5101767522641723,-0.3656654440122345,0.1899868470337639,0.1922707869114141,-0.2048147853964585,0.289499057485887,-1.4409347172427436,0.7075038143233693,0.5830176170750558,1.2687272518343886,-0.2303976919399327,2
15.782127903634816,2.851280133680258,6.83292910914615,-1.6008543049911212,0.1611635871567001,-1.4981726330045166,-6.650246311512272,-4.284336310443735,5.764395483254781,0.2695301579361204,-2.3867180376925083,-0.2544592482132196,-0.3205776529385812,-2.3672801041006126,-2.0621913733857045,-0.7499590294993452,-0.284910190396546,1.571319037306239,-0.7843630886156062,1.3081167010000585,-1.5256921358615514,1.1569944672971644,-1.7089421838718704,-0.2124222848644644,0.3237342128252752,-2.327162845547735,1.0241598745409406,-0.1092570178068319,0.1899610148785908,2.0498077610033247,-0.9205817262459278,0.3190597058810559,-0.0624211475544947,0.9729939224072556,-0.446233012007229,-1.7131823512142887,-2.0436499853668257,0.2439658091351815,1.6498593290775525,1.01204386964939,0.3216633135449864,1.33209362589546,-0.5146619338393336,-0.6062541993143304,-2.292344895919433,0.8431345760339608,0.9340202727822952,0.1444106639939125,-0.969693416218725,0.2353836410124077,-0.9277140272298636,-1.8702628380121693,-0.0939162290117711,1.5228170521573865,-0.341586292861433,7
12.161120496718222,1.764330550738339,17.800157344271017,1.9419709707622423,-0.3327959804372122,-1.986948987170616,-6.427271095945465,-4.286259594726525,6.052204418611976,1.199477097839434,-3.3680818475090497,-0.3484246450151654,1.967248433123128,-5.691529920610086,-1.7380299199074964,-1.480371492383148,2.0798494018960563,0.2893095546383619,0.6353106804539915,-0.2885605071834794,-2.2763623653649536,-0.3526541695125695,-2.2219812823785303,0.1616310401195217,1.0385403735889815,-2.729025477408052,1.2006662552495708,0.5473472422916251,0.2020216312735647,0.8873002196971679,-0.5792657357365101,-0.9380723913060788,-0.5502500515207357,1.031624272482942,-2.101956132146454,-0.8342036890903263,-1.3238835583716184,-0.2793597802860536,0.8052528158871152,1.73558575424017,-0.3100535806328187,0.9353855293602968,-0.1503190611346233,0.0273471038852761,-0.8381614911163419,0.8497284216787566,-0.0605352326494942,-1.097871506440723,-0.8747168586040299,0.3354044459932183,0.9433219155597504,-1.0431768850556045,0.657556559009604,1.041809938354799,0.8309465858970259,7
1.0633349341444738,-1.5133369376772057,25.505252857925225,4.482901334499107,1.1776941806981098,-1.3734934430202934,-6.328851408398618,-3.695757974568751,1.253266796438183,5.432042519019579,-1.3004687068169325,-0.0525024607070045,1.7111744987014812,-5.560052889072994,-4.082584986558564,-1.397661216240935,0.7179783111844504,1.2133213548990622,0.935041931906393,-0.8824333904189292,-2.743331645517332,-3.599815562855909,0.5145452142577159,1.435644681884163,-0.3642820686654242,-2.12712992682402,0.9406194717257214,0.2835570724880805,0.6775734472785677,-0.7093378605390611,-1.9221589088326856,-3.8872091077898903,1.7686983787214667,1.5640798819609607,-2.466160350477888,1.462336795736266,-0.8165659991844532,-1.842305481213916,-1.2381090639710155,2.2128779790077453,-1.761652355484748,-0.1705370081059043,-0.0003627683432318,1.121575338079187,-1.6534842316481722,0.0767304439462548,-0.795337771163867,-0.6218834284116427,-0.9827735364251264,-0.3012254160168237,1.9590568074419603,0.5485699009476578,1.4202871251187663,1.6771172330848203,2.185940126245468,7
-44.091826757763,-9.225841617667689,6.2338412430297945,-12.027643671035433,-1.053986878290647,0.501871583125509,0.5634329802299272,-1.1011514583872375,0.3434043622574259,0.5923512131544446,1.399547626473252,-0.2544526534552712,-0.0845610251830959,-0.2952241106160336,0.1113844590386297,-2.123500026389193,-1.0784456607869255,0.1181229925697205,1.0177815216397852,-0.3348897639576449,0.9011183805724424,-1.5862966138028056,-0.2227345468938843,0.0919966770444228,0.6926143432321895,-0.4296410213146137,-0.6924790684343954,-0.2565007603963737,0.1283832528422613,1.3569014789633318,-0.0381330810920884,-0.2735550822332965,0.3910053606472999,0.6482759882469221,-0.1791744964509462,0.1250697152377597,-0.1211139757663923,-0.4398797571659357,-0.3113959622349815,-0.6119144501572713,1.2776498927219928,-0.4962064162843958,-0.2375724344917792,0.2410155355080009,0.6590387699660915,0.591609667100678,0.0999417751009744,-0.8565046075985998,0.3258857511615388,-0.3830038749974445,-0.0203937125044979,0.2383966866088557,0.0341987974366853,0.0989660145457092,0.0893846208963087,7
10.22857287665876,2.2170106878286755,-2.0435488881319284,-4.977904402161552,2.3254172574469743,-0.8253642259696081,-6.55267730215918,-4.273263280079653,4.8601683541158325,-0.6063520612391657,-0.7984503184026848,-1.1343371889603708,-1.954043080975596,-0.7465469352726621,-3.122547571903348,-0.0529096708007748,-1.4059711837156628,2.13808327510481,-0.5105707722004946,1.9978983471136116,-1.6653783978318637,0.397104962931591,-0.7201333043580609,-0.6804533897073846,0.2162524896861088,-1.5592134417537946,-0.1154238453667398,-0.2266176153758838,0.5447387227141919,2.3811216274816216,-0.3404885849621768,0.8542691874150392,-0.4521633612626281,0.4880229543324995,-0.0454975288762422,-1.417919802673117,-2.07544792523392,-0.1949163003999594,1.2233951268579204,-0.0147035379934547,0.8610110473579895,1.8662195216905444,-0.4480318523433105,-1.4028996281423225,-3.726278156014519,0.3294396336873974,1.3351195844784425,1.0888676526096932,-0.1179827786137772,0.2022887192942053,-1.8530401687414413,-1.5787423853665188,-0.815657657756339,1.6865326155856302,-0.4123145798320268,7
-2.6368520479619235,0.4165566044191096,-7.018040950753374,-8.679248436930337,2.8005182967225077,-0.0838784073683552,-5.35432196942074,-3.743733455772301,3.859915538718095,-1.2636153844374092,0.2302027114985437,-2.570898999446292,-2.1643923353752386,0.6997550250533708,-3.475726953998668,0.181475085232004,-1.63994717910389,1.850068552343807,0.3804267622615839,1.5595419333477214,-1.592393967335761,-0.3088768155487056,0.0752250618939078,-0.3102983078927343,0.1931602643234125,-0.6694469692071146,-0.6806115533624236,-0.3669685631820344,0.568873904940635,2.319804188488946,0.1405573546174297,0.9132344635939248,-0.2298760234529981,0.0887437929397431,-0.2659064127860975,-1.045194603404161,-1.7555876514502191,-0.6160376654024917,0.9825488815221148,-0.7584978875884512,0.984125486278446,1.5648324380577323,-0.2238194270413285,-1.883682527860816,-3.978528901428135,-0.427859078840338,1.2228340537128453,1.4223978419118375,0.4290012973651574,0.3601899863987581,-1.9398490812994376,-1.0075402128958797,-1.1294148875297367,1.242839843415599,-0.8995037711515631,7
16.265504580730052,6.4012991481762205,12.86217917018629,0.7417650427631474,3.215697217578344,-0.4434196115049332,-6.988912830623476,-4.926660283065626,5.951295753425745,0.9367463117901972,-3.5066369748118214,-0.5095353932099533,0.8577407349271353,-3.376763383512731,-3.820087077449139,-1.2862151654477332,0.2145599270424413,1.1272649773825958,0.6309792171496219,0.8477954158058849,-2.217295666164979,0.6746887818983258,-1.670489127563876,-0.4959126747481847,1.3264763751219135,-2.8795961190414325,0.901111830596616,0.1657431679196412,0.5245509211319588,1.6649264740535878,-0.5127700803726114,-0.3930101880180438,-0.2258003411303921,0.6727536131310782,-1.0632256000541216,-1.686542441081003,-1.6533305684006254,0.2839150422129891,1.039882643949099,1.279468682284984,0.1657255890761971,0.8262473956517828,-0.136997768604284,0.3637070143956488,-2.1282532768683877,1.0081034833179685,0.2714800272371991,-0.6072662395623188,-0.5390761860183096,0.4221659504493776,0.3036805051011545,-1.9005995749575504,0.0780508752310484,1.035839862512803,1.0618684423370517,7
14.941113098404614,8.035387908087229,2.08604702236084,-2.7339119803009377,3.6570335660717688,-0.1063445509899433,-6.754968635358112,-4.533712612871585,4.918525864872521,-0.7413104636716566,-1.7798758292637165,-0.7974692066836375,-1.044170447579341,-0.632457978364649,-3.9086922124054615,-0.8660358671497556,-1.3536471979180484,2.149408675282554,-0.2367082143873471,2.138883720207329,-2.017510656930441,0.838371000263841,-1.1937775760022489,-0.9971889410683848,1.0525581989148522,-2.176220966677571,0.1433533657108144,-0.5540569989957937,0.8976450508150389,2.055948886402513,-0.2637250031295259,0.4286507311151182,-0.0196728586663991,0.3306143113555573,-0.0337206543900026,-1.908118804827102,-1.765895702504714,-0.0139319201580745,1.217327227866531,0.3926642178001747,0.8275642052386096,1.1072009882859195,-0.6775734395713049,-0.6660776191483431,-3.586077606776992,-0.006940685894383,1.112210898827141,0.7300590020011577,-0.4283451368709835,0.584211589556896,-1.2776366142551716,-2.027598052980637,-0.6757683885297985,1.251675015298486,0.3222463443156684,7
18.682201885013317,13.269277739730873,7.432725310129371,-0.2037714308205437,3.629739978082572,0.1334444308767391,-7.319503459290167,-5.048554333271583,5.75374597798166,0.1999697771360443,-2.606022299050546,-0.2227383280886309,-0.2497668135285564,-1.5865346134537648,-4.201813730950841,-1.4030041282271064,-0.6344344941480125,1.497258996028981,-0.319408629361113,1.4419035482388358,-2.7143647898694283,1.0904579900221305,-1.6619900805696144,-1.1886084452093764,1.4421114423716537,-2.374192786214801,0.5652799399376222,-0.3749044019598352,1.1805895349279891,1.5665751531059466,-0.5530497573148516,-0.0806307665424705,-0.013286852461269,0.7408896698919858,-0.3757567141874251,-2.549636368940138,-2.1107760680430974,0.3040975535047817,1.5539474346006985,1.1692923176884822,0.6189275434578815,0.777124891608708,-0.3876932534121874,-0.1141810725877322,-3.210526687735866,0.3935502101595972,0.8207647088751902,-0.0731095239952136,-0.5710766725801454,0.7688142408260678,-0.7355396505660442,-2.241708462582296,-0.6093099538962591,1.0766041174079388,0.6895319213097161,7
8.42741165746293,10.757313686356143,-2.519285736542209,-5.17310838254285,0.8208021105729507,-0.6803814231225688,-6.577020214021027,-4.44748505276392,5.369284493995537,0.0571544014784694,-0.5526453315454734,-0.6744415667111511,-1.4026403988721234,-0.5188204561544274,-3.625475401351996,-0.3335822245814085,-1.3882034108791244,1.3802897452568523,-1.290565031298224,1.3181724148881309,-1.8068707418529977,0.6248429945789093,-0.8442325640735667,-0.8277516962151756,0.821028482321294,-0.8786329183050684,0.3626357338273218,-0.4990120845322865,1.3442615809780094,1.6145010950511518,-0.2062010997396107,0.2631180607305201,-0.5390513109257529,0.777543385438144,-0.4604433359303276,-2.0809447836070163,-2.2742480541365078,-0.2396393540477137,2.0498767354244305,0.921161045815051,0.5700232275225475,1.426016675844263,-0.6755721887835089,-1.7332637392767718,-3.7650241542533727,-0.1026275725378392,1.0406052388291696,0.9166184036738048,-0.1739786006226342,0.7308924915102187,-1.7443657798505203,-1.76589529973772,-0.9555316088156844,1.2544110533316013,-0.5876264492314747,7
9.309519739757285,11.837813286104351,17.077718410872706,1.8807953088066207,-0.8083406659014508,-0.623871221719686,-6.607999897277799,-4.389308712379542,6.1852656522587575,1.090267388832895,-3.584522580533364,-0.1248430595765869,2.117959255562567,-5.1588353516786825,-2.294793881038433,-2.016145466007857,2.4664788041851544,-0.2861456500053409,-0.0988844199175515,-0.742119376638274,-2.7296833862331926,-0.1610112346171851,-2.143369260245833,-0.2905473858435617,1.4299727229339758,-1.8814368294753787,1.0835094087905717,0.1858553826965736,0.4485844830263098,-0.1797204281795131,-0.6756554028315934,-1.3539370207625308,-0.4282514651069204,1.13598551919295,-2.187204329943906,-1.5779342260812208,-1.6203642457947858,-0.2689919600289631,1.073025359156157,1.9977938056574045,-0.3064448903460006,0.5235777582559387,-0.0872947132308089,0.3675957614565365,-0.6813238778140783,0.6992158955094169,-0.0608644182825346,-1.255006918346818,-0.3854058979614632,0.2168829782475233,0.8245764975761044,-1.2647217737136744,0.0796578368456483,0.8627357981337818,0.7058632687116614,7
6.731744408413359,16.391815921997093,11.578915611639037,-0.2319392771066927,-0.5826947329902684,-0.0123597070252641,-6.335282344239995,-4.488510754076659,6.02540197849853,0.472002781394426,-3.139271587434386,-0.0585487663219559,1.2018883951098185,-3.342521700145247,-2.593615056142711,-1.9130921515555976,1.6988289523412716,-0.2523725640391799,-1.017545809638812,-0.3806546212352404,-2.6752078574097418,0.5932507885119097,-2.090432629133786,-0.873031166392939,1.4766630778924017,-1.2446900521582436,0.7820015101397362,-0.1969576975130224,0.8639432020237287,-0.2691351944552612,-0.7828674849957983,-0.8087439246600977,-0.0379430417654342,1.2996999964693203,-1.3095185036937314,-2.5711991234146714,-2.002518975115218,0.0209668220635707,1.8281780583603977,1.8970307349040532,0.1524673378441593,0.5926979626350333,-0.3345651804994611,-0.0878380566154821,-1.4425095905955356,0.4569296107148542,0.4734254036137018,-0.9580104266660784,-0.708572908505608,0.74379034495227,-0.1765928293366363,-1.517460720775251,-0.7938916488888917,0.7733007156174936,0.16320936079436,7
6.553418543539555,15.58282818336022,0.784001850879696,-4.104761657904911,0.592415873880826,-0.2967348545088603,-6.245616171893505,-4.446491427417316,5.367237292189321,0.0263740420167849,-1.1766295652047412,-0.082335774277562,-0.7744026729808331,-0.6155206889908382,-3.453827252666807,-0.8224159151889009,-0.6698189926949814,0.7477877068304749,-1.6442622980067052,0.7859755653574834,-2.208962779313256,0.557967303168202,-1.2718790383777492,-0.9962889907535024,1.433752688090281,-1.057726539106479,0.4478600049866225,-0.4795071286279934,1.5939527003841738,0.7839328873095238,-0.0877475255076745,0.0914382760444219,-0.20610014519059,1.0066075782966453,-0.607404771222472,-2.6300062449006147,-2.018174562692568,-0.1696490245215445,2.163728539473329,1.4060061420152026,0.489242448928317,1.1301290832649282,-0.63992013278219,-1.290823984135255,-3.269997325953521,-0.2768508710241498,0.83604850914479,0.1749546252156183,-0.5052514316827252,0.8306913927751356,-1.2886036145664457,-1.7610118322506687,-1.0083555619085247,1.1355559214943214,-0.2982876705490394,7
-12.597856608428854,9.839707875754232,-7.457742438463758,-8.852630647257326,3.263530049898024,0.077272046736052,-4.456652709810939,-4.012724495415718,2.6213379984866805,-1.539656607452756,1.5000528099282373,-2.080443570904846,-1.9112420897614613,1.21964165880534,-4.00390509927432,0.458575511370444,-1.3949334226129255,1.0493555181516645,-0.2921283381474816,-0.4128324311080614,-2.493224213729257,-0.433097229111873,0.3684871695445544,-0.7875431907488797,0.8577109370655074,0.6418129862489046,-1.02696918053201,-0.1830143240123633,0.5750278979151336,0.5970261067191953,0.7495994429002111,0.5596316809567615,-0.3335136941179815,0.1725560663007716,-1.2153778294791897,-1.231985903940096,-1.392785500668353,-1.0003556243222684,0.8166840217250139,-0.906998561445848,0.4686765474216191,1.380051337781636,0.0555165226619979,-1.4513051936669774,-3.8927607528639983,-0.7617496887785595,0.5965864185831915,1.0892408147210906,1.5454334122022853,0.7811364102118755,-1.4524544167775917,-0.6298950981520095,-1.4518937244695589,0.9549412657110304,-0.5575396178305981,7
-4.759717995824142,14.357375068493756,5.244290218595435,-4.3738079466830735,-0.1343355020392534,0.4007606431741924,-5.005729859861122,-3.928902042527968,4.571487116833998,-0.0305198959110082,-2.0209947044048846,-0.1052614386460647,0.3122412797922258,-1.1191415953855064,-2.6590881718558776,-1.121752349328292,0.6575101895768128,-0.0163640908066364,-1.1476261223592783,-0.2426970069097476,-2.39652946111572,0.3487292777536339,-1.463498586798223,-0.880441660396197,1.518214002155586,-0.8071463670588249,0.4110869228924204,-0.3838698513287458,1.2709772158758723,-0.3195256462487393,0.0609578039334016,-0.2258826787590559,0.2136409178839717,1.2321390276442654,-0.8925318164270433,-2.7232938316611355,-1.5759881970154608,-0.1711838689834934,1.7756643331197943,1.484078265676735,0.4640013033778254,0.8526069492994082,-0.4721685062922459,-0.5601567233341554,-1.8490013101612668,-0.1413453869693791,0.5405199212327493,-0.6443272613261324,-0.672407607829603,0.961024865433884,-0.689898692274153,-1.5318527305685212,-0.9282079459355804,0.6541665714476426,0.0214376140444771,7
1.7523644485405634,27.870098966174847,12.681980955656062,2.8631297327315437,1.2336974634550146,4.172282725938434,-6.841408617266279,-4.881424135067181,5.915124624964887,0.935757287623749,-1.860176421009416,0.7464934324246819,2.341691215574844,-3.2586237540930942,-4.0358469189084,-2.517960735255292,1.0922577591189258,-0.459007885492488,-0.2229006302041754,-2.295814912881671,-4.093011922798929,-0.0255217488402248,-0.476014754367402,-2.25652196388121,2.0850299242031083,-0.9150202243473968,0.5112052437661188,0.3782344769577381,0.9257265865127516,-2.39442005258125,0.0945850589550648,-1.1032179638388229,1.1274886593104598,1.616482511071638,-2.0544153543003203,-2.29638647425136,-1.4998123553987892,-1.397234083125089,1.1583020105991058,2.461393921147913,0.5077470738214175,0.3259501080963767,-0.2323706792259409,1.675502153997469,-0.7811883277657005,0.6574520197236506,0.2452611578473222,-1.5056703492729926,-0.2315743909135396,0.4047988625332037,0.2159191034081148,-1.7811336558111108,-0.9333321622560036,0.3724669822126351,0.8088490757905624,7
-8.103042941824334,22.01678550418863,20.44420865009249,3.8193569260450215,-1.2170110368444418,5.670634495944291,-7.178922122876032,-2.203752160227749,3.2639129483369507,3.442588086953396,-1.310540695904488,0.2913203687415686,1.8010285894930007,-4.506209171673868,-3.987661081918124,-2.948801875476746,2.3505431183912173,1.120123817096724,-0.4515697703209928,-0.9933862841866434,-2.9212734922353607,-2.5513403756817072,1.6218431044908814,-0.0868164276157638,0.4833029625331843,-0.1946074388627324,0.3010125712576292,0.5220985669345838,-0.0596400734995648,-3.659555259540389,-0.0397156781416683,-2.0833601976766967,1.3405415295159369,0.7575261941177629,-2.760540026589334,0.5056501351964838,-0.0454436039991497,-1.9552563964159453,0.8577259545515166,2.4246726548643727,-0.6270615597432937,0.5994722867655055,-0.402487816073892,3.945720522587045,-0.3698824602747363,0.7642391718973112,0.0240056600606114,-0.9812066044605812,0.7350829112912127,-0.7161570322940003,1.1747847878132989,-0.4999946418057795,0.5372532450940234,2.425743027247161,1.249903205819787,7
-27.584194764219127,4.693519890396211,19.835930846537867,0.6933978199170885,-1.4976747497241951,5.653931727119232,-6.307539307382203,1.1388567488172612,-2.10120967023422,4.0891865248449975,3.5546686630586826,0.2564870702625419,-3.051263968930787,-2.497804151082778,-2.615960200322746,-3.611738114272213,-0.8170299969883885,1.3363142394383252,-3.992303172388163,-0.0480180825918241,2.4835614839679288,-1.6052290809556986,1.3042394456066808,0.1494824882326448,0.0265391377008709,-0.6871178099932519,1.8024345643029909,-0.6089113065857767,2.663020098535131,1.6567944460421469,-0.0085109025234072,-1.0263432723294348,1.5008851286587357,0.0933410960087243,0.2305600180452501,0.3065013611575075,1.436032689482044,-1.4715491393129625,-0.5473317426013192,-0.9393815724589556,-0.3689894968966238,-0.7337191613710988,-2.5063992218243434,-0.2551439979486956,0.0270114828226082,0.2266360796159634,1.2927364400436268,0.5454502774445925,0.8043752804223999,-1.262295121588695,0.4611370182529931,0.3301040465380378,0.0167289358627636,0.2232990073436821,-1.5461101038753753,7
-6.443251532684825,22.67357637435309,-3.5340936469311672,-4.123954222317712,3.9340918246755474,1.5497133517249622,-5.2878679302420935,-4.949593162836053,2.86387312779836,-1.5042957776582986,1.1007710094819012,-0.13228062587691,-1.663632978980654,0.3679049496836148,-3.862840391775487,-0.0424114534827941,-1.580425811692434,0.4765323460783596,-1.282388972145004,-2.09409509858323,-3.188972776651914,0.1270616805335991,0.0606053488754939,-1.980034460736126,1.5056313843044389,-0.4435428207659564,-0.8195614122043239,0.312274180830044,1.5212272780025449,-0.6659463082738978,0.9760982230496364,0.6386797144469066,-0.1349543982672741,0.5703539170155336,-1.5379700238141822,-2.4957368647337743,-1.1559878169588056,-0.8104928024960086,0.7178657866153634,0.1923898251148259,0.6857454036697997,0.6172097172377738,-0.557479096138326,-0.2656257661498601,-4.00534374846907,-0.7013904673968445,0.853548903051883,0.2010519579772029,1.279159961385729,0.858206825303233,-1.100751759701919,-1.18475022762003,-1.6176980294598011,1.080633968487743,0.0621806870885703,7
-13.171299851707651,26.97286918873529,2.8943814989583494,-0.6772289055176748,2.3799032674457803,4.163719699836589,-5.079996997148223,-4.6013353020646575,3.067397399966021,-0.8886230198867155,-0.7298949680809157,0.5970235457843793,-0.5729288335186787,-1.0142014569263522,-2.2161162992402472,-0.490499953146775,-0.2279131508516672,-0.3415536849510615,-1.1235712048442792,-4.110359677552191,-3.1870072318302856,0.4264569302200434,0.4458677725362171,-3.014247443658904,0.7333040448097167,-0.5783381235395174,-0.2155068278256207,0.7186912605996377,1.4667718199468929,-1.8106450966711445,0.4870610725407382,0.6292947402388942,0.2861426262524862,1.217928598363213,-1.336029773313837,-2.194504684815737,-0.5250013730991554,-0.5020705744079456,0.1860072058885059,1.5366836992564197,1.4710094412025834,0.4125770840125701,-0.3958565586445754,1.6430995707696203,-1.8607514719180016,-0.4272547268580944,0.5566513188314826,-0.7570217157353154,1.0814412283964423,0.7631031828503833,-0.367931493365198,-1.042596252309756,-1.878684842400521,1.1051882005018927,0.5225060623912218,7
-22.226178146159192,17.239089773898552,-7.722654969115031,-7.638328589345782,2.829966689899192,-1.746911276595992,-2.422519778655185,-4.753654259363103,1.0115982779464123,-1.591620430161507,0.9900438047234784,-2.46890744375419,-2.685657323860377,0.4394471229433955,-3.371717606136143,1.3719343981984629,-1.56379673324305,0.1134497305250697,0.2382073040544324,-1.1883931952073796,-2.5897626803957343,-0.5440533188567164,1.770308404102045,-2.201694298571771,0.5509506159192745,1.0408607624157171,-0.599007923152032,0.6569092979627651,0.3183134655647835,-0.4411322548314458,0.4159134786182997,0.6595887535493833,-0.4780566753286323,0.700389258221835,-1.0142176771151368,-1.3567252458452908,-1.0079779794631156,0.0146139920801865,0.9589503839538288,-0.4528242460651772,0.9368360571863144,0.213311092937318,0.0252236138493593,-0.6374636476973867,-3.2047805471444875,-0.8423981282789498,0.7064805495158909,0.5322950708544711,2.054782727287312,0.8283804067710446,-0.6258124619802244,-0.0595832102642073,-1.7334006853798718,0.8679645553623418,-0.3884600658671351,7
-13.330622664219227,34.66418740236436,9.863607811095868,6.072967912205463,-1.641941678016588,7.985886955474518,-6.633150071876319,-2.445323422898092,3.6509456008706858,0.187948107482436,-2.457774890394847,1.5380313848127696,1.1249761122724085,-3.183489139505548,-2.8334180451330018,-1.2399803086618886,2.7567938626989106,-1.2430851453464478,-2.479764821987378,-5.170981367420863,-2.3730343345370644,0.5819560031810322,1.4394354871570056,-4.0924218797711545,0.0219480127963804,-0.3377003751730862,-0.0500274984757706,0.7488656276475227,0.6469226690179136,-3.3419861200801506,0.1633783224125092,-0.1876143665791911,0.7908807284470879,0.7769992045969784,-1.8029608112613575,-0.4390382610810209,0.5664806347689342,-0.4130771242203093,0.4540453840641765,3.106959655200431,2.20103185497204,0.2621505466134536,-0.6789844371273813,3.781457511575708,-0.5656990085613623,0.1631171348299195,0.4996591435500707,-1.2716690012617935,0.7851743988525012,-0.7445379939623331,1.4344012408499696,-1.0256863040406603,-0.9626657940115164,1.3307070710027324,0.4008362567979633,7
-18.307643108307637,28.54713586561295,-4.618723293748567,-1.1414341620375066,2.2820641528171044,-0.1095391224430116,-2.597849711878388,-4.553151163746502,1.1826829763859217,-1.1169310499035523,-0.7724383622637954,-0.7785320902389726,-1.968317003466228,-0.4259842065980199,-2.050871514173064,1.4410428622433726,-1.3423361601682546,-0.2899274577172501,-0.763564811226782,-2.1376262814247764,-3.004939914329668,0.2147599244287726,1.8020550146040608,-3.475100274746496,-0.0972380928894416,0.907701461177662,-0.1432455784021176,0.8720998658721404,1.420902964767034,-1.500848388144944,0.6738240965827725,1.0837293518089068,0.6945435323956188,1.813718700493141,-1.4174932660049664,-1.48311668638671,-0.4628288964134414,0.3826985479013647,0.9449077366706692,1.0691801485979031,1.4618343257683637,-0.2375585327412424,-0.1353265446288818,1.609505957515146,-2.2654195540909488,-0.4758655030546169,1.3279764679975286,0.1463719219961554,2.190068890959852,1.3593952221546317,-0.1614981705469837,-0.4434112716406604,-1.5064616270083149,0.8163459815588215,0.1986695781205857,7
-14.758363304501382,40.10473326165219,0.2674846556200221,9.623840322404584,0.5373202143439246,3.30619536666972,-5.040533251456233,-1.4001315744286214,2.0337518082767083,-1.2581922412297195,-3.879454674304888,1.5677739575160727,-1.051421099717288,-1.6112261472445069,-1.8930767222616576,1.5390231132972416,-0.1534881921439073,-1.6038721328663763,-2.8938333055553787,-3.8547014869039207,-3.298721349192862,1.6137014472597604,1.8922766196398957,-4.872353375429874,-0.5285607712152026,-0.0102437751275458,-0.0762372169596375,-0.4338857225178174,2.8072991036311894,-3.798983877191072,0.0653785915558815,-0.1884298886066812,1.6111173180024094,2.9146500623584104,-1.6829865662545302,-0.8917480192017008,0.0428345777945818,0.4285118877380771,1.622803202178317,2.3921736983642066,3.085198108279983,-0.3140283430700274,-0.643405506264346,4.639655675595875,-0.8424246909975855,-0.1740461830114094,2.753342347746011,-0.468146954380031,2.5963730224832338,0.6107640414755457,0.7050912140433211,-0.0105264332412547,-2.0498035174500124,0.5777649077038125,-0.1176000827818211,7
-25.86750687020421,22.48204007475874,14.5169950452167,5.340726148710885,-5.689998269428979,10.578194646558725,-6.920571027950553,3.5580585784677305,1.1195392845331862,1.2092624763277249,-0.2367382097260963,1.9315811516452916,-1.235858720795927,-2.731446574643992,-3.84921938177438,-1.616928417639547,3.562919551213305,-0.4814452706517705,-3.090895550250001,-1.842749519003945,-0.0456556727155746,-1.6550147000755664,1.4578578379713805,-3.2774269659297026,-0.3887467887749145,0.3364950638263285,0.8028033804492506,0.1828139654616676,0.0840167404091421,-1.3821468588278487,1.0286120423097882,-2.126869127862589,1.59615418863702,-1.6407247791674275,-1.0743849379250388,1.1115379587227916,1.5340234902140186,0.0954244304691282,-0.4070297360346084,2.6822489741409865,0.1654175187352981,0.3290864273815404,-1.5051518348150532,2.1885176979067182,0.0084139196136167,0.3003778804677404,0.8559194253519793,-1.2334139239308024,0.6069276721374142,-2.067500957129905,1.8317882610936416,-1.264104691353563,0.4718428508748715,0.9430476871850636,0.7246375702019007,7
-24.99461540086683,22.43661138231789,-9.191432160056149,-3.775022829569068,2.6618607413123088,-4.706175212524439,-0.1695298553858756,-4.652550659024532,0.2243986711198796,-1.5721281602451167,0.4942503178821625,-2.0067868779438807,-3.38777975152114,0.5584818672555003,-2.3012370004790594,1.3746260583362335,-2.241447793138825,0.1697560086836962,0.0274111205618138,-0.3468771790587358,-2.539009781069307,0.1950919816175493,2.4865105982149527,-2.989368698902433,0.1054351470330047,1.730339152687378,0.250061767676861,1.0828012314757454,0.9364615918758812,-0.3759155465247453,0.6594380067025947,0.8975423635572897,1.142812887813092,1.81545517413169,-0.6125586856840379,-1.020713889639711,-1.7509392883914203,0.4103507240991125,0.6249380996202956,0.2523981512628698,1.6031793185572767,-0.9145683068590708,0.7202384373346987,-0.1613435044256003,-1.9894844800458409,-1.0519658889292156,1.5762167812468966,0.99850983176357,2.836263819831056,1.8240550654874663,0.138654446772006,0.2044929691760069,-1.74174044817648,0.7853728379796866,0.0413986996970613,7
-24.677977233700155,29.46880086464383,7.126588074274913,10.420217190874428,-3.657858146056165,6.460202532533067,-6.1785439471766495,5.237395444761279,2.245702353362613,-0.699723410682856,-3.221218222659936,3.1049745958929678,-0.4575946450095201,-2.23382094289876,-3.650966898571871,0.9668063485638516,2.463478405277436,-1.8038948945039983,-3.487794180931965,-2.2643283495132134,-0.8709697225724106,0.7022355003960092,2.0751224379159607,-5.124080039994715,-0.7504563726055291,0.3970176152508495,0.4580816281446235,-0.4780582668226856,1.295468761543798,-3.881388975214031,1.571354830049412,-2.2152897558185893,0.7718974118927394,0.5782005215909501,-1.7267811262832278,0.8838596302200548,0.3366466375728442,0.5388493017894275,1.2915207069719683,2.8666915686466403,2.0233984625642862,0.2921307089194812,-1.2705782905357053,4.867619347924363,0.5563235807853734,-0.2145496512482886,2.5136827386477325,-0.86425652230414,1.0536629987320167,-0.647167923104786,1.5125556851158242,-0.2768183597621795,-0.7914987715171561,-0.1078751143348743,-0.5125773217117384,7
-26.15918079969621,26.264058649713185,-7.190917214887359,2.8755731541133027,1.6848832202798836,-4.446664124961433,-0.7560775615467167,-1.6401853435837208,0.3576829980891424,-1.0119704197546735,-1.889320309318056,-0.1254722700800613,-2.2005015201620908,-0.5275662130722157,-1.8692019535907192,1.1960030874509533,-1.6567679074664927,-0.4954876827411089,-1.0168758803862266,-0.7244474726391393,-2.1134828182506133,1.0512932170124043,2.4033771706010763,-2.927964111257914,0.2036494423651001,1.538512503198963,-0.0090509104678559,0.406794286797207,2.2506594197582954,-1.543837315699026,0.8849681585403922,-0.0398154212353233,2.0024137072414105,2.4171095976409624,-0.4865930529481068,-1.2036421313820476,-1.171344301280072,0.6548699557920058,1.4638133388868966,1.6952947096794948,1.985321118679951,-1.3708113748879582,0.3460865550340266,2.277861307176615,-1.109262240393284,-0.4472103055485458,2.719650997386862,0.1698659901967435,3.045680881596405,1.7642508319746544,0.347287512341174,0.4228835197393953,-1.878003912551648,0.0462495109868849,0.2260517562086534,7
-29.315579175914877,26.667469276285264,-2.7703416335375333,9.433742279934629,0.5371494193321986,-2.22428354450183,-3.0774610563286475,4.674009974848958,1.6495774028707757,-0.9828268174133544,-4.591359912182759,2.1301557048257598,-0.8633466252801927,-0.2406625277019919,-1.9160898698724036,1.3489217648110357,-0.7250922531026249,-1.4409654327196486,-2.6440434833844737,-1.4423517518674578,-1.5190627958411174,2.0829798227809047,2.3587020869464257,-4.2095219753602775,-0.176035876900884,0.7857963897753302,0.3794520398826616,-1.1625465298605224,2.798397530457048,-3.544306405762263,0.9512944930853966,-1.8064169102483365,1.3962840999308148,3.564493571734078,-1.136848500470694,0.1533979586982423,-0.0591665171830361,1.0963993881469447,3.0390583637336803,2.91131382012445,2.114028208990583,-1.1003309788817262,-0.2526114798193444,5.488241851218219,0.13904850712629,-0.2146023475230858,3.4177596672571173,-0.789297057248131,2.3848379465913125,0.8475444581038177,0.690918738528775,0.4254255878309971,-2.123184328656195,-1.4252787949840748,-0.2468169564898667,7
-34.543025895863444,18.54891000043514,3.94972615401262,8.557065106098689,-2.0211758403704354,1.8184755765893612,-4.660873682483475,10.810487776023436,2.683958136152005,-0.11296431663237,-3.077219924458141,3.3534141553315058,0.083639877753821,-0.1468998752646301,-2.909132230937556,1.0455541704715432,0.7908321253353131,-1.0096363498262204,-3.863665184161298,0.9325854111229036,1.00740588844076,0.6610529258705085,1.6291764014661083,-5.892984045011609,-0.9305870901336843,0.8632936178463843,1.8906180319155463,-0.9079766088371014,0.0053884695085542,-3.393956606753226,2.0480183492075588,-3.070042840613622,-0.9661209587101316,0.9152404511477532,-1.670532278549513,0.7422072265216496,-0.6465857105347128,1.86104276913914,2.611372737105324,2.693491040127709,-0.0682567102416176,-1.043315423380927,-2.020478594601061,4.714679234175561,0.8946182577151387,0.0549130371912254,1.2132849084858992,-0.5261258147109645,2.1947155118885933,0.0925871962133796,0.985208219904331,-0.622135748685193,-1.3864353172174462,-3.169510988871577,-0.5293319642975745,7
-39.0722582166048,5.055521212391722,7.216184621325584,-2.761322620457653,-4.378806120343756,4.473467725327191,-2.68794847633296,5.6079533398281445,0.9432546965750096,0.5683388642784508,0.0683116839364602,1.359349781032215,-0.8499330396007166,-2.5466905736042857,-1.9616153739829207,0.495446108288707,2.396295767788381,0.2000765195797277,-2.9283784227413525,3.1884974322319226,2.3390986632118795,-1.7141117521374407,-0.0854981308336668,-3.4302984684598465,-0.1513543991013184,-0.1917088732962179,0.9093036887772992,0.5296839267030529,-1.0491184201896415,0.6099616537466065,2.074914322933029,-1.092599594881619,2.3832496383374444,-4.345423059943682,-0.7095822818868841,-2.541312494577666,1.6575018787602886,-0.3035298164205346,-1.6817397187986185,1.1212124967205923,-0.2017669527888818,-1.1075621856889803,-2.672051098154416,0.5419137723670313,-0.7076404747589952,2.981321130642089,-1.676203041844638,-0.2307487639527612,2.4891594490705344,-0.8448228784152042,1.239426710614527,-2.010779991656838,-0.4428937387115683,-2.6253496477424547,1.1289220074616568,7
-43.794032034159066,-8.079244600991373,4.437409940200442,-12.28316031023896,-0.8105470604364922,0.8415215670080375,-0.4033714325224017,0.2606269400154406,1.3131837960165484,0.6734826041874901,-0.6716596404234821,-0.4440129950965231,-0.0724278025160133,-1.0568612657549592,0.4875449273105987,-0.2714201509562247,0.5817656826458182,-0.8821870677228327,0.1940112035932908,0.628031816498381,0.2711524310915145,-1.928998523003636,-0.3194867660152335,-0.3840076260577487,0.4393125679306297,0.316540979349187,-0.0769912280092487,0.2758959967873088,-0.237538523169356,0.5485632100935348,0.7586933010379829,-0.5830949905529043,1.0430253251728612,-0.1744808511957837,-0.9820715799618644,-1.164424606345618,-0.0452070593265934,-1.0134578897984576,0.0171402584442122,-1.3298179879112435,1.7475601588254877,-0.5623290877681684,-0.4720200033690174,0.4567515393282414,-1.092056346515407,0.5313803942396047,-0.477688560205904,-0.6011913015151009,-0.1498085756323242,0.105708651802664,0.8198284087369787,-0.7256002306223758,-0.4962459092615345,-0.1460649836821797,0.694745101444011,7
-36.043922481735976,14.672294446555622,-8.507533582163932,0.7958213696236142,2.5691727152784964,-10.21546672390796,0.1094075971110633,1.2195082079538038,1.1673268260747651,0.7122363273894295,-2.311152076629513,-1.438944407976046,0.120549734797031,0.955476143036046,-1.4401399779684354,-2.2278416850994853,-1.3636689677908471,0.2328001187006589,-1.0791314056563452,-0.3879775714233395,-1.3528202841243102,1.4950678125330483,2.845766011202933,-2.121545933028267,0.9518449637881076,3.2753117433424976,0.3600504897978555,0.618466295893726,1.2329148073811649,-0.5734224585919181,1.3540965657184978,-1.0889577171638478,1.4168834216427526,0.8513949402769585,0.8720923154093572,-0.3908756482799357,-1.921779694912578,1.8296929453636797,1.0891248056928116,2.928442746398359,1.5087027798087178,-2.6641781132199744,-0.1317427538612765,1.907469391155056,-0.1180348637445281,0.0671026289484517,2.418801414503537,-0.3010286259186966,2.5689440618798245,1.0020091250951544,1.184691301370926,0.795302565948935,-1.90210559360158,0.169176844668827,0.0098598253344675,7
-40.91547249182998,8.754358123642167,-2.6137695658924813,1.8119549111871416,1.755548004709667,-6.690247317785979,-1.888926780601867,7.637295909633979,2.717185182206954,1.7577181264048456,-3.8141427836746544,0.2025761685622579,1.4115941337960207,1.0163622700942654,-1.7779658535777505,-2.288049992900249,-0.664881624221849,0.6443254701756786,-2.890379936009634,0.0724754575531515,-0.4326049057384858,1.0037570863188814,1.2050869607823549,-3.795321538978342,0.0546348666113647,2.832561706542608,1.5741304435155292,-0.8212116984702985,0.2159063478558582,-1.645091885023671,2.5737284171387502,-2.180752951521536,-1.3584812621783946,1.7201100729563694,0.4111237072022371,-0.0766662477193836,-0.6268111175920238,2.022296709467797,1.874308045038278,3.70584466896883,-1.0010734207434246,-3.3890117327086746,-1.8600730248647497,3.9353026492316174,0.7603137013065122,-0.3322688657818691,1.1132162422184593,-1.3713315377935718,2.574751859801933,0.0737306533370937,1.1758622903845712,-0.0424622694133377,-1.676921468375542,-3.817730035802162,-0.3732757548758497,7
-42.76682073476306,-3.146681585811854,1.9068627590155307,-7.070604016227013,0.6309901115926568,-1.5996868904884407,-0.9654930450021392,4.511137604028921,2.167186788558469,1.2976069493731917,-2.355084338593389,-0.1313580888987378,1.3367169450038217,-0.1078142835347013,-0.1348429988469576,-0.5042610511265786,-0.8431984664208427,-0.5356252371542733,-1.694780200882567,2.0988548103588527,0.1865543456069508,-1.888376282803908,-0.4037929045152285,-2.3008754904834934,-0.6142380169492644,1.2699290111852586,0.9007883068725332,-0.3255129890012152,-1.3814060135108328,-0.7475665266982766,0.3674104185252356,-1.537687540781285,-0.064482920883445,0.3399149102328516,-0.4032066457193609,-2.085525801943827,1.2919317130674657,-1.064402737092672,-0.2944332351437924,-0.0715757121973445,-0.6786749921210615,-2.3335966058499,-1.6414935832615214,0.4495162623201466,-1.5444513870242418,0.2169586046130961,-1.4656403074181343,-0.6900108421386401,1.4631416440731158,0.0502666604419953,2.759267970765974,-0.805961685575787,-2.304513199631709,-3.884804668945753,1.436315072827152,7
7.989469368873666,-2.681197467766806,11.543986158322287,-1.6059332124888783,2.8605645060972518,-0.9873121858554388,-5.689769423373366,-4.131668048566424,4.852371304195389,0.6806703179426392,-3.373839721658209,-0.7688543482288155,0.7335633353159289,-3.038532607466137,-2.9488518817543024,-0.657428086953151,0.3335754353761839,1.502214640914768,1.192606307112122,1.0442339203919688,-1.44240546316772,0.2698537269457857,-1.2944946842031408,-0.0113836161435252,0.7992551084536621,-3.1089048400784267,0.6918087157601767,0.3885063878140025,0.0756926172950515,1.9639781715893017,-0.1244432052418995,0.0870052676274145,0.0178383119942852,0.5577802011806811,-0.988920148868342,-0.958999997882348,-1.0856798162572514,0.0888229642316382,0.8177583922309872,0.7223489585319056,0.3419452483108701,1.3359326581803108,-0.2979323712483283,0.042840340952095,-1.8081069203741935,1.1323697266001251,0.2449253878079347,-0.5020994204684865,-0.8013593927951689,0.2957440663346353,0.084427620129436,-1.4002788374219637,0.2800213663903258,1.133010704241442,0.9328295713966048,7
21.871065615124078,-1.950344813740161,2.274700916787136,-1.8576825409719029,3.850421391002759,-0.978248972593168,-7.090518209290415,-4.784010999176791,5.187491366296849,-0.5081037619103445,-1.686651108393478,-0.9609196925088984,-1.390383751281442,-1.2494204502090485,-3.325872996498429,-0.3395667531745762,-1.333552214073927,3.125875658311919,0.0790763803953046,2.6428579694520367,-1.6088301891641086,0.8873626119916947,-0.9289698727878172,-0.5712571955692923,0.1343784218304379,-3.263069728347962,0.0790835134235823,-0.2247201395498195,0.1004555647828039,3.136363507107864,-0.7558917608766978,0.9617559992200336,-0.0567938532626346,0.2790765734816635,0.1924962041137382,-1.239018316660791,-1.7071053053760918,0.073528389612553,1.1589876950070186,-0.2361772064570525,1.149869703923032,2.023288305508908,-0.5840490318080115,-0.8479614978066331,-3.3452848296142297,1.0679834331532403,1.5125184543779124,0.9077808246952328,-0.625253572555548,0.1166041182090457,-1.6721570466550453,-1.859364541578017,-0.2032569398997684,1.8105527073862169,0.1623261592863986,7
17.855013268561994,-6.5664208809220055,7.4568000837762,-1.2728327584473804,3.685490737665946,-1.3136300386703528,-6.251746749266784,-4.418902963819486,5.113719497957699,0.1323190212146484,-2.5799033050288607,-0.7612678456521349,-0.4488653739859518,-2.351534574835393,-2.7321395495733896,-0.2541405640256404,-0.454415043613318,2.917652409259428,0.8657836322150053,2.206125421206013,-1.3343561973116214,0.6028157262235118,-0.989503529054141,-0.0894123950230359,0.1958760957015288,-3.881324923478707,0.2762638555767676,0.2856930973077132,-0.299610524153041,2.951862266524881,-0.5366241056087344,0.9029485232006346,0.1898822998947983,0.3989250103153515,-0.4091412049031557,-0.8569159163681189,-1.1731041320777846,-0.0762108514990963,0.9888374454171432,-0.0646389771791327,0.8705002289153857,2.196553252340562,-0.4760553659528679,-0.5036275928009043,-2.403186345153826,1.7478850130311971,1.1321248174405492,0.1197958590278522,-0.99560885055689,0.0830715770778551,-1.0121582555658573,-1.4885790377429815,0.2135660385283325,1.7024493301543366,0.4571460386986865,7
9.03143470758025,-6.482440607003088,-1.9524861088996408,-5.50207894374411,2.299451605472094,-1.1150184791669184,-6.091100130789749,-3.9591965764447057,4.808275742780329,-0.20276259914306,-0.4356698613624898,-1.2007810102893384,-2.149477928479594,-1.0274603368972173,-2.2495619052871367,0.4224121872691236,-1.3590995004891693,2.603286588780731,0.1652633986180128,2.0165852886496847,-1.4698359299266353,0.0003347999152442,-0.4574140780141547,-0.1714833112479274,-0.4572891375230226,-2.426290075258293,-0.2593724928232022,0.0158697587732427,-0.2413196304441016,2.851688139354542,-0.7637115987293547,1.3324352100635868,-0.0313807600662671,0.4266100241357259,-0.3137832841535423,-1.1177259142516291,-1.861184190768504,-0.0900915463277214,0.8430204674224033,-0.5996120021601857,0.9406047500961258,2.2785110336439667,-0.3182740423117162,-1.620690819636366,-3.212816199975757,0.9801985712667736,1.4237783134377626,1.121813072147288,-0.2658131714530984,-0.1405848631913158,-1.849155091431865,-1.1178778935326374,-0.5234171517806654,1.6168672505943495,-0.7595693727606933,7
19.021318090589737,-9.34294054290774,18.974101802871477,3.481807308605083,0.6642161934659688,-3.748955166436186,-6.374485917020528,-4.423890463433229,6.194716375906952,1.6536625071977045,-3.1140054719452084,-0.5005911441370546,1.8662718644124852,-6.156037887682971,-1.028246080213571,-1.1415773485280958,1.5659632540836554,1.390824348621857,1.4858451933737973,0.3300606782533515,-2.185344797897132,-0.6959468484107127,-1.8858446157556417,0.4541415233620498,0.5034169706670907,-3.806935580826573,1.306650044276531,1.1479764716094458,-0.2397188368278661,1.8975819606133,-0.6907765337210847,-0.4426801789236019,-0.284601411689113,1.266866986280427,-2.1033159790927813,-0.3372907778423503,-1.2426683849830842,-0.6266272254255809,0.8344832713363505,1.5899554963106164,0.0068494467192103,1.7503829629859324,-0.320352579937048,-0.546425115483734,-1.03610496938064,1.3428854531018606,0.1649671896787719,-1.0162085849796336,-1.5536026974382395,0.4785960446156292,0.6498992536478583,-0.4040940330623843,1.1986500190615643,1.2497884157574586,0.7218811861824307,7
22.2752294431164,-15.131691443190476,13.157412070332416,1.927737993732756,1.751347284157763,-3.853597837886865,-6.428152875392513,-4.101975138271546,6.347744807446938,0.9879927982162208,-2.3287026128545847,-0.5398943533777211,0.3248309640644109,-4.796449256782189,-0.5010779487088873,-0.3913615258362204,0.5687349929717606,2.7241018967969586,1.4771314586447333,1.801208341863532,-1.44724864599883,-0.0752238171080568,-1.1917616841212693,0.2471721124533858,-0.1579111889931575,-4.595869606130713,0.8234766241993738,1.1778997535184108,-0.9421177568795548,2.850460810637727,-0.8036743600227694,0.7556696980310579,0.5211393860421225,0.8805251297116837,-1.6380010501263356,-0.6123641722099714,-1.4442736759657815,-0.3792485747401321,1.379005602689476,0.8320528673274857,0.6220241886678849,2.949962134721265,-0.2345043743615057,-1.1741198551327905,-1.398004391371805,2.290622132696623,0.9410824145647332,-0.688857598374152,-1.600425542933584,0.2899452045486156,-0.5744543250938909,-0.3629472929676057,0.5429044387595077,1.873038095721218,-0.0249952649318618,7
14.1933176861352,-10.474513709161345,2.1764676016275963,-3.553832738034553,2.267955117552282,-1.770608294314961,-6.039520697305528,-3.922544014505301,5.192537012296956,0.160576743697574,-0.8473328086952591,-0.559266998212396,-1.7266298837710414,-1.8372619783022184,-1.4983915419213634,0.4234194324212989,-0.823986752821004,3.163418653226666,0.4408808267153205,2.249695209282422,-1.2445402097690217,0.1246654244885193,-0.6740858503346727,0.0030327648789466,-0.641414959139371,-3.592322724268721,0.0295980475391188,0.2310746045896995,-0.6889741318179218,2.9796258099252264,-1.002720074607772,1.5023330725810713,0.4729510614225862,0.6136053755902555,-0.4105266985192787,-1.0943117035017451,-1.6262288443889603,0.1921551165812195,0.9756774631416364,-0.489697044285809,0.9373414195099932,2.6962460673508173,-0.2074066992643466,-1.397791962223591,-2.5741951618360006,1.6303027332094222,1.4257571582439392,0.8459243330695628,-0.6013624388696268,-0.1684325323620108,-1.669777210595602,-1.0457743416310703,-0.1363022400426234,1.7095868941279364,-0.5784167171391867,7
-4.122380410730402,-12.10775134360869,-8.936995400433462,-8.403755080694276,3.4827643941281536,0.2413321805515449,-5.396210226637262,-2.378265874540584,3.4633540475252924,-1.6163519412562617,2.424015943128341,-3.4615357057076346,-2.8744789473822285,0.4846804466213661,-3.0019910131070726,1.4275654733374157,-1.478861406303294,3.060087612562701,1.674079597977928,1.338189600268755,-1.1039723468224047,-0.8144458616359119,0.940540726747324,0.2251109164115207,-0.6589386138706562,-0.3258034937622358,-0.9307541106798246,0.3500693026010209,-0.4354768438325418,3.2247909282646674,1.0259584824978072,0.8047507634703404,0.0502894497868348,0.4288086474738448,-0.6478029742007887,-0.5388740847316497,-2.0322422500458805,-0.8481342783258462,-0.0732587591770323,-1.4619835800591654,0.8360545204212042,1.970005902801093,0.2256744800517474,-2.3571874918021622,-4.082297517713839,-1.1090176891631136,0.7288267795014136,1.4470463345362117,-0.3727766589744646,-0.347106909787653,-1.9245136007473729,0.2085533549280506,-0.2713959700444846,0.8997148560301069,-1.0254299638814544,7
14.711561507349728,-17.947233331242515,6.373025671515922,-1.6189909424111035,2.3740937052061937,-3.0731431493276697,-5.674103922796567,-3.246608439555578,5.461037877058018,0.4755132287261851,-1.089899039416394,-0.3207168595039261,-1.084276876580341,-2.9621630428540926,-0.3864627090278147,0.5495949130954102,-0.1232352393741223,3.540508561282245,1.4376780856453686,2.2842621270223638,-1.0135824632672223,-0.0094358651105301,-0.6931312404596606,0.3922784315159164,-0.4430272384731628,-4.36049689565726,0.3238328111600961,0.845644395094414,-1.2626159028345725,3.109831761555627,-0.5470799649755869,1.1760956568070056,1.2024308360694755,0.5597033838500556,-1.236703288743629,-0.7714506867641356,-1.3607657695281818,0.3805377210890581,1.0619743786553917,-0.206256572839072,0.9660271069212516,2.924219007994861,-0.1425589992251515,-1.496458077595496,-1.647156227510163,2.186675024481508,1.208018133900333,0.5676959605139315,-0.914155397430048,0.0801385372763283,-1.3965253352286715,-0.4664599007959679,0.1975223242348053,1.5223170465028086,-0.4243241794503042,7
8.343740022355203,-28.220770287839493,12.605604757249566,2.161268693780221,4.909025218784506,-6.818200157943307,-3.7874212022312688,-2.4388053844036945,4.930354071451329,2.225015332395871,-1.4950233175839651,-0.869564315196858,0.9613313794025236,-4.214501057600017,-0.0279808403321893,0.6530983872955838,0.268861632986555,3.770714351229029,3.51078102605276,1.3789786603162026,-1.2618535005777871,-1.1920907187159977,0.3835130636922368,0.421873834637376,-0.0068607940668577,-4.258373779062494,-0.395624121211863,1.5749676492996163,-1.4577966665988968,1.6543684946998758,0.7574000682105307,-0.8512500466847064,1.8788879181164264,1.071576259395308,-0.7657465150545274,0.3270869364574524,-0.9622872492050176,-0.2096944784744881,0.683340747885458,1.5866627269896767,1.5630578141268927,1.738084547175746,-0.0337156862927485,-1.2709803674400866,-0.716846620623075,3.1614363372509247,0.2432669979309417,0.5220852376230666,-0.7559906281078842,0.2590101273917385,0.3506961456358995,1.4233594234389706,0.934084965842122,0.4215510992072124,0.7417710062605598,7
4.63626749294084,-27.11976203411113,21.769763401957984,4.98651361557334,3.14021196827635,-8.793219944206813,-2.8742665148988147,-4.098606215482412,1.367669763990543,4.97675429544134,-1.4799023929824549,-1.2956132350729126,1.5309904500846734,-5.131248383103575,-1.061643369100568,-0.7778299472775316,-0.9870803442561942,2.4374715358360053,2.4140234990809217,0.4591016078306986,-3.4359414494824985,-2.5116690502613834,0.1974209772100501,0.9319989316149684,-1.2863277803305655,-3.4901291402356738,-0.2855223985244473,1.1910478660566928,-0.5293345496307984,1.240600403459645,-0.6557363485272947,-2.9111502351374163,1.561770589254167,2.7937772969895174,-0.0892452182236916,0.8177810643573388,-1.4113017931049912,-1.452877986596833,-1.6798232538482611,2.313025120465166,-0.3118895332779125,-0.0771037873900518,0.394390308307355,-2.2325945301836008,-0.5345183138515354,2.325270324336845,-1.5424073248355474,0.395177837906778,-2.5338045599791483,0.2848509678506432,1.812211239310528,2.3382751139878,1.5403190014679022,0.2116655234769972,1.7886400646820857,7
-28.018575934907425,-15.593320667682509,17.901896134863417,-4.108650916006009,-0.122969510185612,-5.269114166726394,-2.2165676692710528,-2.3546682493621893,-4.119578406615056,4.348235661065319,5.550792950877544,-1.6421966192831945,-1.7170517481513554,-3.5185580563787853,-0.7807584996518631,-4.073884311084473,-5.706535217116608,2.0922642061744363,-0.938521837020828,-1.8091358469549323,3.1520504207502933,0.2958793690042205,-0.7837831508780885,2.470411310274792,2.5432172619129374,-1.6913989659104076,-1.5724285211122286,-0.7251658946427909,1.0846529967288434,1.2621114619676297,-1.8997969425786496,-0.2030553024874936,0.6900422045415625,1.6953927922693972,-0.954763514938606,0.8898637650059911,-3.067938197118127,1.1122727283880676,-1.8463023593813703,-2.517561247908857,-1.0988361068187251,-3.0279417383865543,-0.4416615254095118,1.1015613688154997,1.4964747273828514,0.9998622137507894,-0.0306093185130297,0.4980059867611452,-2.119898900399672,-0.1588139748641531,2.864662991462961,0.4306411089101731,2.0528633172337267,0.3155598914937665,-1.171129268493204,7
6.497865762306377,-25.926336515025596,-4.355257298449139,-3.153231821381904,5.26871031005542,-1.3991072360778676,-6.180055797454552,-1.338777737694644,2.6429825298480565,-0.9980387209330788,2.460844881643471,-1.9010498280219423,-2.5507593560208486,-0.8786284130203771,-2.5374354116947258,2.102647744046237,-1.011713055860708,4.134322005350957,2.4777159878319583,1.9775751211290875,-0.297608037391479,0.1522887827637581,0.6518237359835238,0.731264736014383,-0.7795779776849616,-2.1290387065811704,-0.0700328369056746,0.5745363539760581,-1.1616372766521608,4.133038396191895,1.9584733401193464,-0.0076829559529979,0.5514900941779384,1.8378918672275169,-0.5184364226392987,0.1902552423842467,-1.654939887170687,-0.4768070806791316,0.6685296160280979,-1.457524597991306,2.015813353171417,1.488185702682867,-0.051790679945662,-1.306827863317859,-2.87645038559508,0.449501369077217,0.1159137745526911,1.621385750674087,-1.4372179409035324,-0.97652194111748,-1.4356408646056882,0.3276719354569646,0.7308535438197363,0.5659256605619367,0.0089931651812919,7
8.398815343769432,-38.03076760726947,3.084303514711608,2.672141359818294,6.6268773480899705,-6.081781093755737,-4.531086996130974,-0.722389273037086,2.6120333016023407,0.0559219201652123,-0.0279887996904327,-0.5254188127601443,-0.7278750017058231,-2.102101275277169,-1.3551897342975063,1.3949860774245504,-0.4815511321765228,4.383448713870716,3.17134423479138,2.039244743038136,0.3330305424322148,0.7820795984547428,1.1768226920739633,0.5758710438236522,-0.2226301177748213,-2.77034237808213,0.4166741194144676,1.6981709063931356,-1.6556812113052828,3.427104209806677,2.119820988429512,-1.913073068013604,1.235508902956319,2.1218530510477294,0.5836629225218108,1.5221146776270214,-1.6741016273450022,-0.2888776811407727,1.226968598128373,-0.473111208209223,3.170295156598121,0.5090124115992191,-0.6597046629342558,-0.2723679741875779,-1.0751831663706677,2.76120407039145,-0.1349370048207304,0.92813316089424,-1.6366878209122202,-0.5427578201120222,-0.4256970760244724,0.9683620157086408,1.4754099130188327,0.4169655507739563,0.7581118864604318,7
-8.479335458170159,-27.312070773820952,-10.216556764545372,-6.044518010444308,2.301344012876646,2.4942236118284944,-5.426248773809364,0.8599179932001599,2.257615271186218,-3.1976109017399983,2.4195242292744443,-3.805233291452316,-3.0165068938408264,0.8578429906027726,-3.779966341012425,1.4006951076766905,-1.477528351279625,2.6008149961456293,2.2245165355470355,1.2839274579711162,-0.357877941113527,0.3523158902954811,2.822795716173468,0.237227344208159,-2.0994047804482188,-0.1084968613325534,-1.1037155907839404,0.3868943197137366,-1.3511875144248016,3.702295191055765,1.563101183410111,-0.0339404219751486,-0.6264995645655576,0.4799866373172498,-0.4471156001770349,0.9339298845189544,-1.9966461253408132,-0.4375816584665231,1.652932797663713,-1.355547577629908,1.9406741754756447,1.2335059499261145,0.6436421479359693,-1.8850714960996453,-3.876773240275333,-0.1328668724821706,0.6588946896269307,1.05136175110351,0.1206794603394991,-1.4600757517503242,-1.3794980278369735,-0.3237635905656982,0.4294343927975963,-0.1503179494267822,-0.2734267135417169,7
3.835355205898376,-41.57954191452301,12.242938172885244,8.715494534889752,4.652216000115852,-12.267495453686234,-1.4491470843174814,-3.4235698170355424,1.075913673518986,1.6490612315012845,-1.5107610960925917,0.0476516694950947,0.238323632281388,-3.3320757161871333,0.7886917485272636,2.0514376430465657,-0.9437130455866388,3.1283851298499954,3.803542657781072,2.208151031469565,-0.3192214315886465,0.7865443595171447,1.4167418790967687,0.3896598141563553,-0.443208913683099,-3.363172832779909,1.1005871365412865,2.234492595296124,-0.8216139349955419,1.7968119253599224,1.0389000143023157,-3.416731516241684,2.170265280847424,2.892310970247072,1.3922448122729263,1.8899031926227217,-1.497686059232154,-1.1995106322970994,0.4563215450466308,1.5015662159620529,2.6868624072333507,-1.2614244300726831,-0.6445990614960048,-0.6776015205470951,0.9571810162183156,4.281914515613592,-1.0961275833282806,1.9180568657948065,-1.2717261050257171,0.2477853057085808,1.2162113727526245,1.6110676941607132,2.5153376145217856,-0.8663188197060151,1.2940348119018197,7
-6.110786533097385,-35.40260858491082,-4.791732032765346,-0.018893836332568,2.096896462880616,-0.0911816749239578,-3.80082124456484,1.1306612694984013,1.3354641216389953,-1.6544061176605382,-0.0244182644793215,-1.4090818985326654,-1.236453490603782,-0.5331655533760069,-2.7103930283499413,1.6297809342625664,-1.1467012966783483,2.896176690568921,1.9313780410804064,1.2605778763704696,-0.113717502065,1.1994250511045157,2.387674877200764,0.48319520255065,-1.968025144338184,-0.9083401063280946,-0.7216729107495251,1.276921614300131,-1.8455075654061992,2.74725349312494,1.0085255795118913,-1.0505688275282914,0.4037167912421623,1.2028075841183588,0.9761183231329584,1.4677435108012644,-0.8787349875799315,0.5261568120458179,1.2807894979110364,-0.8377235079614143,3.011732623011304,0.3698864993978187,-1.0935001243712117,-1.0261353548882175,-2.416861584343604,1.932960022090405,0.386195686110462,0.3687934455365131,-0.4291493757501834,-1.3690450876644855,-0.8195603226126671,0.7945783502555244,1.437073030788448,-0.3478935732904678,0.0434664854962116,7
-6.2822694788193285,-40.22886279652816,0.7851939443106624,7.590617720289747,2.181861542419182,-4.317858144715972,-1.1551248655090085,-1.8148756295262585,-0.1304403870243647,-1.3421427199942286,-2.65786287867361,0.4668894176611147,-0.3268768193977929,-2.0072592757800267,-1.072867120511593,2.809858497783688,-0.6806460831980236,2.555613442065695,2.0641997154495524,1.9999376320864477,0.8007916439335939,1.5159556549861182,2.7798125756826044,0.0843627621903073,-2.45487528637732,-2.8996008876669133,0.9978443404184442,2.589004415685776,-1.3435843759974844,2.276939803633291,0.3008821991350581,-2.037447090148919,2.400817563060282,2.145922355096972,2.154117312006349,1.911672219551381,-0.200540063497801,-0.0082248298189922,0.5923697099506301,-0.5373427600146071,3.7606851702214814,-1.0269478286399758,-1.9889828658250224,-0.6654524922898687,-0.7019598830019527,3.613875275791576,0.940894922984138,0.5480028188382944,-0.7531213073216609,-1.106783417250705,-0.136051899896146,1.6156233210677229,2.7949450966909137,-0.5902759954682975,-0.139290894792509,7
-14.178427795627444,-32.48718897001408,16.08125754396539,6.794432929027505,0.1800985210112671,-13.539908024608746,2.8279899345243886,-6.015922303961004,-4.635044936714661,2.3362175726276875,1.168334610971384,0.6291407607508246,-1.7128026696843868,-3.801278811813989,-0.0526623949164896,1.3705483986519045,-4.715346182285551,0.4033542225117874,2.717697306091418,2.2393788783119444,-0.8708882162291265,-0.8425742526111368,-0.6418847502187387,-0.5383317740581748,-0.3365073612970736,-2.947045305199847,-1.0841634857628215,0.134313409768124,-0.0331033841016737,0.3393817580546797,-1.738817008109948,-2.948454564948721,1.2551533354937217,2.9288264958907235,0.8649075356722766,2.0251061130941683,-1.3643144340678304,-0.8321004700188847,-1.4197223029897372,1.2327817881506065,0.5418944800513811,-1.421413436022149,-0.1542996150033136,0.4125856494609395,2.665061435588271,1.1651863071490132,-0.6405683720724189,3.591890357463144,-0.737978280707022,0.9295180548017454,2.2814785628863348,1.7747652993043486,3.6609285384155945,-0.5829438803331818,0.8211955354558257,7
-18.32263178807836,-29.657621422709624,-9.386658591369642,-3.499910976023583,-0.9344486870125482,5.165253341990537,-4.208925334531711,2.362464524689763,1.331078133833563,-2.877382186449092,-0.2299600926172149,-2.9160236271128475,-2.1201018197688173,0.4849663908200256,-2.749619454755498,1.295984007470277,-1.6827629076278192,2.100144504947679,1.0168413049752243,0.4258315488953761,0.7696009187440112,0.7447163231649406,3.504325704557705,0.0465500776798654,-2.76573651675538,0.1589812026326092,-1.5844895540928368,0.7501548031159538,-0.7056329638838,2.014243873178275,0.5662642271497854,0.021148803006825,-0.2029698740781501,-0.1439847513827727,0.8325294626048051,2.2340574751997204,-0.1917545238080634,0.5267916150577818,1.432073614807734,-0.7742462379217137,2.9973837230163167,1.0194046600221172,-1.0688638403695008,-1.12678431826724,-3.498605046096217,0.8875876220820922,0.6103604493088783,-0.2048725616912187,0.0379452892261225,-1.6156844086867022,-0.7432365311381738,0.5699475699794787,1.1767853536732993,-0.7981198901138222,-0.3433502319525244,7
-11.7722514982754,-38.916139159017725,8.0486021954724,12.731210019356952,1.0241684475891013,-10.123086211492351,3.493736015445197,-7.657632904341429,-3.561851174557456,-1.1353270160795967,-3.6187088044103297,0.8871023078954179,-1.0497870897333257,-3.239877927444345,1.200889644671249,5.570703728519757,-2.995463560566633,0.4735670887446051,2.351678093751003,1.823243287039625,0.6123382815406241,0.354491647074713,2.8514529066910432,-1.8566620207009312,-4.075075161189199,-4.296003468029717,2.07034548056074,3.7630669825800367,-0.9545723513511548,0.2784797209675193,-0.4273398281432211,-3.3257661525324065,1.491043697214021,2.2776760433891723,1.881570170452526,1.6026707831998914,0.0452302498541954,-0.3968933061026329,-0.9793310636355,-0.0719187788364716,1.7860002910060346,-2.804251367091206,-2.354594099925801,-1.2253021704050966,1.846836165661644,3.1305349151837105,0.6185225620509315,2.27180195860719,0.1516799432826197,-0.4084506028939786,1.6776185146975713,2.2510467292245435,4.987419412749706,-1.6547394189335327,0.2343986753653163,7
-19.12030973935499,-32.913077014660935,-7.073656719276476,2.332908293734784,-1.6403654437273558,3.5670695374425105,-2.4397372321338957,0.5058982801678287,-0.2219871504220276,-2.262345098243662,-2.4582216877900684,-1.652357263880444,-1.4800903222992532,-1.4972737758636108,-1.082227498348482,1.988039903446779,-1.423149225694869,1.7796665310216129,1.235015247096653,-0.0808759430590789,1.4867157934868127,1.0715919011506758,3.1109864613532325,-0.1513423537755887,-3.4570986664781227,-0.777616836729491,-0.3740148735388742,1.6602843174748456,-0.90865972402858,1.715587378081029,-0.3730073775502611,0.1063078069450221,1.3533382488704833,0.7222036535278169,1.7882094530186408,2.7252308902647626,0.1969367656177254,0.8255083437345941,0.8487695494174122,-1.2781233863000188,3.534380734710817,0.0009587213956311,-1.733147420425148,-0.7391882050718439,-2.101890230255224,2.393789518566644,1.3064646634580006,-0.2607036402257357,-0.1794310529665395,-1.7895317155700798,-0.2497107451802915,0.7716926263607603,2.376344160687919,-0.9808503681765208,-0.4752736248394095,7
-20.446077338192808,-35.36026049431695,-3.188341677880506,9.525273847173631,-1.723750817772846,0.8070863135679021,0.6546074809652258,-4.985616384168846,-2.382359664646199,-2.147613882415048,-4.656314496113795,-0.5050246764352091,-1.274679623314597,-3.477197070433788,1.755045989531607,4.051093271207423,-2.245709548462124,1.4602010456603922,1.4008485612934405,-0.1108076892153627,1.2719221019120557,1.5913514440140917,3.4233977088689658,-1.8063376958174575,-4.831454437546064,-2.8518946916603287,2.093698571675316,3.9978244420151183,-2.42863153307771,1.306271310234303,-0.8467593531861057,-0.4215617856939072,2.244072258514455,2.0170404968563056,2.308527777721277,2.959263224032814,0.5245525555919466,1.9653819528950136,-0.406671701351348,-1.6611831027900372,3.1340432963674147,-3.0835859611580374,-3.2247689338352385,-0.7582854246395877,0.1638106553352844,3.883626143130416,1.975755544617678,-0.1563831824879572,-0.5526639147765111,-1.5639653415765131,1.198175439669959,0.9875887858299808,5.269229500496487,-0.8720953725504998,-0.421638295465702,7
-29.98015812773269,-27.865947755301693,4.207578768045063,6.802622276243613,-0.792933822563999,-2.9767952777644706,4.912929847462722,-10.489162212765612,-4.13970223235235,-1.085623539999523,-3.458145243637442,0.5763956977519945,-0.917452103315243,-2.2236450152049283,3.1292258210211368,5.591431660521544,-4.76373675355994,-0.111279698266366,0.1671263248132092,-0.3802562973591036,1.2315794430460152,1.236527992181474,2.3006174869553253,-3.9272260336698217,-5.120931277779357,-3.380791532094652,1.959360023994882,3.877501412129921,-4.226171330995703,-0.3264254913122671,-0.0567952546790785,-1.5142383608441712,-0.6095155158958747,0.9546028703024728,0.3505034766721553,2.265145653121091,0.8549751425618493,2.7294642008528536,-1.632661756670287,-0.6587515710750598,-1.3196698398253768,-3.14960877348087,-3.2638975131368637,-0.7510155217668445,2.348817216887769,1.6534923429046058,2.8481990118549234,-0.7415099185108093,-0.5220078023525903,-1.936268981143335,1.7389057280776772,0.6176335367792367,5.784493951360101,-0.7268792253565431,-0.8182652066443644,7
-34.44911992072553,-21.169175478111686,7.668818539991753,-1.5753212962760816,-1.6736126036750951,-5.026898335943143,4.689923591302055,-7.323101260676105,-4.162068363945594,0.6103598817809525,0.7097475850958996,0.2189013676492281,0.8398729224525228,-1.7726911996939971,-0.4342088549717538,2.5342969419997474,-6.585471200190485,-1.460320105662004,-0.7504922263678498,1.3516802157238104,0.5234290631775039,1.496258914950756,-2.754040852160434,-2.5171565504749727,-0.375776849926754,-1.9060198726134452,-2.287638155641128,-2.766501163838056,-2.543746825239789,-0.1227973760373718,-0.650922840540668,0.1605677266903958,0.2988805131354384,1.4124743855383188,-2.341404974865179,2.486154835397805,-0.9813018450430254,1.7818015851930782,-2.28245995435056,1.7483667444468138,-0.1354665560829851,0.3783942835928959,0.6480470772490212,1.8311858974128377,4.577614456767416,-0.161634779905071,2.695439182395337,-1.2140433013317975,-1.056636586345966,-1.8958559399973716,0.5428861463286487,1.9223861348926656,1.9564131485254408,-1.319701523716413,-0.1192421493744501,7
-45.17982802450493,-9.56127767896376,3.218275980554686,-12.786902789362983,-0.9966384960841296,0.9660887609847676,0.2312275017227909,-1.1671837320728735,0.3406847397816897,-0.2444553188262007,-2.112724415466805,-1.3563042904542235,0.6700722729412947,0.106555881864521,-0.2128759139861912,0.1170407144576945,0.6077465048323542,-0.2946485650841914,0.8753620419061406,-0.2545504244467461,-0.3907290241729146,-1.0894434505907509,-0.2904832623250503,1.0691905917640496,0.5617886212030756,-0.2659512920478879,-0.4188966959643649,-0.2503790401147113,0.1546616162039873,-0.1031017141771962,1.2734796365232963,0.4618459679721444,0.8004006434217527,0.4977336651808253,-0.3277188804960947,-0.3179417642414024,-0.674668523541834,-0.0925607920754519,-0.2911472755279662,-0.3834347603576808,0.6981834487129411,0.0205456675402345,-0.477110726608833,0.2336743620561698,0.4867588887345817,0.4268160556608672,-0.0650110631540075,-0.2125336864789681,-0.7196223800254676,0.1709477607829023,-0.1558878923856786,0.4479807484535407,0.0328581213302277,0.0029786117261614,0.4084728989302896,7
-31.4615151105856,-25.516136669451843,-8.622242253352294,0.7744778643722305,-3.5466017965233667,9.31470262618353,-2.917999126143194,-2.4607239847765743,0.0554763787873162,-0.9567943213770432,-3.255425503585469,-5.0571778541500185,-1.3418029716444797,-2.354444953390428,3.012951770559235,-0.0507015730218532,-2.766397698165309,2.545739575813275,2.1642652495347496,-1.4683385961639368,3.344229359918722,1.5587986881541689,3.698447462519988,-1.532552595592215,-2.921016690323249,0.6250744168912172,-0.3529405314063056,1.3213273855573575,-1.9161340793678547,-0.551333958005967,-0.4491421839997634,1.860285538433324,0.6082980265654252,0.9610834636685224,1.5477112205863486,3.663450435442469,1.6382972336013049,-0.2308195831540148,0.2580427940408164,-0.3583099630160893,1.9090728091216973,0.007320216922077,-1.443978255486068,-0.8602056806708787,-0.9199588890075782,2.6004708377648957,0.9516498889203124,-0.4143799209638132,-0.8754740184782983,-1.2101888008802804,0.5761777852794173,-0.7938256996405708,3.093328943732646,-1.298269980045255,0.7470364176467308,7
-38.52650178365849,-20.658680288806444,-2.724769388272903,0.2126076175933661,-2.6130373541053444,6.736656923723071,0.6248421277301097,-7.86796456754169,-1.348841506821632,0.2001999730418105,-3.613273990780542,-3.146608976856584,0.6513566347404162,-2.7061557754042918,3.979017923714239,0.7736320411385582,-4.587597833192883,2.944685037922941,0.8078182399295565,-0.3057674175729737,1.6654491624187753,1.287798741032622,1.3321531218912583,-1.9874220651307597,-2.5438243851413618,-0.7438262439303538,0.064462851245781,1.7670778582047375,-5.042989107756456,-2.1655719276782017,0.8145951227591551,2.153195118492335,0.0070196402536194,1.2212566648937464,-0.3045213825109851,4.726008761318018,0.9548562048253536,1.6811458479827102,-1.256049928422337,-1.1522322853805165,-2.0000370059675165,-1.8245064807645988,-1.6612393367512432,0.3584613233023032,3.059509506671963,2.839869055945125,2.7859752017736774,-0.9907448681310308,-1.4895450085832238,-0.7503652409296322,2.566338899898449,-0.0168955200032786,4.501821532395071,-1.3310227538188777,0.1712059061300833,7
-42.35117384208724,-12.252556189820606,1.5341138406760684,-9.228860982553227,-1.0669776371055408,2.446146092064781,0.4777376646680796,-3.5197113369391158,-0.3528851955105903,-0.1114998106887366,-2.37725216224201,-1.3128869919858208,1.7247403416200988,-1.3196199969578224,1.2583376263272716,0.8576125150044862,-1.5779250979722346,0.5597342927758822,-0.0961478337553359,-0.3169273997041573,0.5702969268415137,-0.0969836956347181,-0.2967658063495544,-0.9868761353765126,-0.6882089008988225,-0.3266473957233718,-1.1501932925247411,-0.5052091595579171,-2.7164278469508463,0.1019697818571987,0.9851556073271106,0.3735978322272523,1.1098509515317034,1.2806345773161028,-1.359014984471728,2.4466939879315004,0.0885255827742993,0.7900816620142949,-1.2678490549322838,-0.4279399696666658,-0.0675109744242372,-1.040976284639057,-0.0234376005849047,0.8384309547073766,2.529564610358517,0.0514055365000697,2.4576665187333138,-1.5296760142941157,-0.0998457075483858,-0.5510455797235801,0.2143051004647557,1.4281545190626244,2.583839108806066,-0.8277535073104805,0.2106837702115476,7
35.83407347590661,7.437068119657702,-6.783948882411519,1.8052897400161692,-2.4148364306567616,-2.124238672965093,-3.4865576929761373,0.3534587484289392,-1.9853346497125208,11.903500489589176,4.437320181589935,-7.131940164439744,1.9928548548191511,-1.8170650079027475,-0.054848443464985,1.2266521876885128,1.7117774295237846,-3.3010153874220527,-2.552225893383256,-1.1814205568682354,0.7378895396402163,2.898175449546938,2.239573761524969,2.8986651399609777,-0.585189746536514,-1.5842224324284877,1.6750908279714214,-0.5420271565523642,-0.9036631698604743,-0.8042552848825918,1.2138943241454945,2.5945157921112165,-4.343030042198564,-3.149803449064172,-1.0216969181771105,-3.0005680344906454,2.2544061688737207,0.9284852399053232,-2.400161498221695,-0.4363295117737599,2.0146265226832263,-2.446160336637293,3.409017658153004,1.01536220099887,1.1610672279715888,-0.2254436339759614,0.0372847721290776,0.600191233263026,-1.5482457755126466,0.1181424700935227,0.6911527349585863,-1.6246407982396114,0.9105824187177,0.5629697235280728,-2.4988456838236965,13
39.47135057709106,9.1230267727678,5.713411979808913,7.114337083682093,-3.636027678129632,-2.9153412340846887,-6.6901793738661,-0.3098606584340979,-3.285414370619433,15.082023913055613,2.986302084486026,-4.889052001708529,4.726260123624303,-3.4060157924883687,1.9852686231946275,0.4437418954854962,5.103462918038783,-5.828327165196064,-1.1753323979308286,-1.879618514495012,1.1761341487402466,2.847266708742762,1.009526259601221,4.772010160455063,0.4868822457512491,-1.7033847718391275,2.986425074464453,0.9545060846012076,-0.4626538587621326,-1.9174141454399003,1.0140407170570649,2.566355767992033,-5.586020597401087,-1.6157957011855,-3.571622763061165,-0.7094633845699735,2.242425768623465,0.747754117899343,-4.081124673980418,0.855151104899341,1.8564227076173727,-0.9384125780523928,1.848906246621532,0.4155653473966911,-2.1081237521037623,0.0023724073289022,1.7457167526826003,-0.8147648194771159,-1.2727979183404308,0.1532469635046724,1.012989829522707,-1.1528135957286405,-0.2342413662431193,-0.6919553276920832,-1.9027818181708416,13
28.28598724740561,7.0998459735303046,19.885936301399063,10.578163321558923,-3.2648147246480588,-2.5892410758305857,-9.196170073685742,-1.4161146857435385,-2.9855243223476453,12.937341157350913,0.1184601140276286,-1.0810361242453437,6.467319333618762,-3.816358562209838,2.2107534723753264,-0.9501293524257792,5.509349916691047,-4.68591664178464,-0.1903712659675282,-1.2716814150453333,0.8718816245523251,1.585390486272177,1.586669310186324,8.811451715659901,-0.5091646014508823,-2.2378017623692847,5.194159891561633,1.4097195654195156,2.398487381113916,-4.025042035569404,-1.6924239104946486,0.6614165079944655,-2.685007935723505,2.401436882807949,-4.140722586801655,1.930728287705236,1.2222226963088585,-0.3202766482607673,-5.823709152812749,2.1982416878317395,1.8172659450822128,0.1949629378354556,-0.8862436581251116,-1.1792498584236322,-5.192685666300414,-0.9527324591530602,3.1986353683887447,-2.577166813240822,0.0347089018201995,0.279106169967544,0.6956252404783722,-0.8019451086807787,-0.0634016748615843,-1.547956283897169,-0.047659206855567,13
-25.58982690812447,-1.4113498398675888,25.046328209079945,3.026507047558172,1.3742153923235645,2.969765302813921,-6.151367760223725,0.4416963376854843,-0.975143370194463,6.178469844071117,4.814515463289318,0.690862480028245,-6.01627141500325,2.0936646940985657,-0.8702268748539143,-2.0227704778880864,-1.8160894694431613,0.775541531433799,-2.1334886623532845,-2.374601656530706,4.30529055965433,0.1307251391736206,3.421138844842624,3.41214483391902,-0.4985322443993479,-2.788950750211422,4.942706497861763,-0.2240684976010768,2.7632051128987616,0.0600242287381489,-3.0831370068561768,0.4634017200154112,0.4572741651038954,1.691273718989453,0.1994902542124011,1.2454886009686046,-0.133338198870258,-0.6808672357784561,-0.4210973398278217,0.5424583058830968,0.4256230931264182,-1.228379152120739,-4.764816817348891,-2.68482903747097,-1.8744477642642727,0.4035482386891568,1.313429108589396,0.8579583168872762,0.1948012738033402,0.4990768106845007,0.0324117653623887,1.147439523420048,-1.1643208183086278,-3.480923127425143,-4.686824183506349,13
29.92731975559225,5.18212124936001,-17.403580577841716,-2.9432779028068565,-2.532505348794046,-1.7505206541480982,-2.667002442335922,0.2906653257195133,-3.156391514689242,10.402447651844202,6.29406272815869,-7.768174972377234,0.2570537405724545,-0.0572298206710368,-1.8401079270662863,0.8768672233353054,-0.4314524503190788,-2.1292153063158485,-3.123736833456121,0.6835773840689977,0.2021538300762261,1.231782930910923,3.879175471433435,2.565425323013003,-1.4021807498579522,-0.5166438334134614,0.0866038515228627,-0.952911775195214,-0.1279191037673419,-0.3518811206717332,0.5739472171788165,1.6784685752128798,-2.955898582578449,-3.661790043344429,-0.7773148921656896,-3.180214847504396,2.238378439190644,0.3018804695929619,-3.2266953201684507,-1.826065368828268,0.8513413576859425,-1.6893490675896885,5.710157520587379,0.6740192466326927,1.8164519116260915,-0.830703990240854,-0.8328370352555199,1.0344541834903542,-1.7608065935355333,0.1512001581745494,1.6678108796835849,-1.5762747311501992,0.0867248104964571,1.4213358473668949,-2.0858416511122058,13
8.807689041171892,1.602979756323329,-21.278157418076017,-10.051501957685904,-1.3996287016794449,-0.8916424158704992,-1.1141613871499303,-0.0290963543370455,-1.76094161766871,6.683115490525984,5.286762659666247,-8.36538720863483,-1.4080552823564467,0.7020406851423935,-3.192019962604226,0.4273799794938197,-2.5281330647644364,-0.7865500182233977,-2.658835498758103,1.7061568174734911,-0.5385964312843069,-0.521896584199723,4.004028491529692,1.956944676524847,-1.6070130493095098,0.2241017495661621,-1.0581026412167245,-0.808392664368722,0.6387106186195836,1.115188902903915,0.4728406368714932,0.2223128556859425,-1.2960757596037438,-3.368432516292214,-0.7078517214429993,-2.750452301332299,1.663388978375285,-0.2430723939527812,-2.126827582253861,-2.319437382305564,-0.5570818803294574,-0.8111455687142411,6.10284303454229,-0.3152723064718749,2.007323278123992,-1.426925920361743,-1.871171065703964,1.147979899446782,-1.005831862104667,0.974076348832598,2.0592907123748803,-1.5345161975137451,0.2736678279960765,1.9683951496548069,-1.4838797432100694,13
37.538426031101054,13.36473654268145,-0.2588274703921075,4.54648409308079,-3.669399323588304,-2.914647309150844,-5.97098224016807,-0.8817442221660617,-2.754456803138881,12.597514299580638,3.4380089520147723,-4.971107099615722,4.164504842344429,-0.8247165909397347,0.6786145587897988,0.9772978384510448,2.906111334395149,-4.244946203852437,-1.363595117074599,-0.4848850664503324,0.8789807657595505,2.445618431123783,1.585111265841053,4.519884908156596,0.7154570813876249,-0.9936363847644416,3.2999504222483487,0.2220164640437191,-0.7598353690071824,-1.175259460761808,1.5944914719657324,1.6270071350452602,-4.7436471874420505,-2.305606437295511,-2.245584311390604,-2.513148020489492,2.0201290154515097,0.3740015036251143,-4.7650073463160325,0.1123498306396994,2.083204635833461,-0.5821698735547345,3.2502503302506685,0.4624122587537364,-0.2592186476513066,0.0224990585147629,0.9713931694993524,-0.2139330623154847,-1.966095762400736,1.1972453926880604,0.94120346798769,-1.5085929258892523,-0.4545680397260079,-0.3387706693979019,-2.0903348370066306,13
31.570036514619147,13.233964449436442,-12.263437431195952,-0.7695768534272258,-2.9763355270918783,-2.721117498262851,-3.6549762445545375,-0.3572936814039955,-2.57918301039735,10.147411201379704,5.140548741893878,-6.687229802292016,1.6233146944125476,0.3508154223152248,-1.5603592987628672,1.04335966921949,0.2317164776464859,-2.3412267382556107,-2.6367401238470998,0.6164987847294809,0.3441683008119752,1.5808974201170818,2.950021786771822,3.3873635217374525,0.205876118353195,-0.4326128839686956,1.9173105336110248,-0.5846823267320855,-0.3173412897977154,-0.5329269774623759,1.4096899044816622,1.063817646959078,-3.3577736329432475,-3.4485742458632784,-0.894164367522835,-2.9753257165355467,2.2034864120573223,-0.1650811011620237,-3.652158708210418,-1.0803576480785384,1.812123446034139,-0.8840744661446808,4.766662666621568,0.2609020946662357,1.4536198140946552,-0.9751027322215072,-0.4679063545674556,0.7650937593413208,-1.7617017441634186,1.3629096751411631,1.6912181076616164,-1.65005272201087,0.137466806662648,0.7920747402425277,-2.0482557661686283,13
40.23995239958983,22.008975854555324,-7.185403606222621,3.3370938600504947,-3.1733120101919097,-3.497651770727482,-4.739770666287169,-0.6390123292349658,-2.859712124744523,12.47276120839431,4.698261396398768,-5.794686334156414,2.8882933098703587,0.2004413343271872,-0.5438863063565432,1.2145945918422958,1.5970741153963242,-3.7194837037412345,-2.3645389524036315,0.3472337006789497,0.1904652017282865,2.095166378848456,2.3077910857963424,4.536621229276094,1.4469038410691586,-0.3136910420927946,3.603658653495985,-0.0512481710114518,-0.5497670474330304,-1.0123604475445909,1.7530131171062395,1.109584917307984,-4.351713737068978,-3.105785384809552,-1.2486759460738943,-3.4696790820123,2.24775952384162,0.3538394934691309,-4.294684289541411,-0.3562553965063321,2.4455531332469804,-0.8587369860476257,4.363049366893345,0.2184728800049484,1.0888329801322698,-0.7159451588769877,0.2728819166450749,0.5128836140671134,-2.283855577068994,1.4909971169234777,1.564918576935567,-1.5386213871752157,-0.3448535544153681,0.1323511708387097,-2.1407702410508485,13
21.91174618005397,16.737453372329565,-16.482506002728027,-4.390385362377636,-1.2806169036233015,-2.7852118735865705,-0.8513603899727396,0.4930941803112745,-1.7544208120741682,9.642100538758765,4.386380929119989,-8.672522294447576,-0.1815961436290382,-0.3128864454967531,-2.59813518512403,1.063405201535368,-0.469885445738458,-2.8946619331117738,-3.784868285648772,0.6639473270501923,-0.2280783802003106,1.3002519513658035,3.1054529949810736,3.2097600398529584,0.6478931723697751,0.2821744543051327,1.7953236196858486,-0.3577986760597973,0.3229190546060714,0.1443748380846563,1.118655106385742,0.9837812053220256,-2.781580696451595,-3.0308844388932097,0.1663996624615642,-3.9211784653757418,1.963147832584976,0.7103746960137274,-1.2108279247394005,-1.3496150995155023,1.9337943925069656,-2.2049675130607462,5.020902498231725,0.2816346200603739,2.902717347635915,-0.8487940266171808,-1.2624031339952646,1.638361987495123,-1.3018459094420276,0.7695724996082097,1.7781186315546398,-1.492194977871634,0.6348640964586088,1.3668961595705325,-2.114053937004289,13
36.145835817760165,23.541415357147443,5.347586347451273,6.876472508609298,-3.330954268847659,-3.030287673359347,-6.066850788291862,-0.3803282609390011,-3.204732700696314,15.5389015191566,1.951798050822551,-4.567469986576077,4.323667433056618,-3.1921197162425763,1.4795625678800297,0.9035039563611618,5.258935758587539,-6.414057759085605,-2.20666892023179,-1.7290957593583745,0.4274191333007006,2.5628719010122287,0.7331160945249721,5.673574589853166,2.0270461243212807,-0.5844435115226198,4.47876439058526,1.883388534013336,-0.9644263294400122,-1.5096611884763131,1.0883641721671162,1.4945532638714565,-5.213958876497725,-1.6168553489213917,-2.9701546245808257,-1.2655415931973713,1.945048198548458,0.9455797000033894,-4.06397495466099,1.036617015629761,2.273266384428412,-1.509432694817566,2.125889318742457,0.4465933276100264,-0.7809107682938335,-0.4161449256303234,1.6951280049422786,-0.2894416944427345,-1.415952296849249,0.1321346304946213,1.3803959146396914,-0.2926547294540547,-0.4790245102337658,-0.9035480440714164,-1.5797614708843823,13
26.10045734481386,27.156673273330327,-0.2772965331679206,2.870420249595589,-2.56149597379511,-3.0517828663569846,-3.718282930417174,-0.3299634698535835,-2.113187750835858,13.318499931569896,2.0151555362691105,-5.380336575875252,3.356504719504877,-1.9675556793431908,0.0410469102529868,1.391337998769942,3.830037246958893,-5.393129326198729,-2.3814262758582423,-1.2510251923238953,-0.1907435689866584,2.0377455888838827,0.9103936150228814,4.876098407303228,2.4797902035805444,0.1902422765862605,4.399962232892722,1.2342651968700442,-0.7850638124670082,-0.8942183961687071,1.462981285221173,1.1075262783981257,-4.467438238183499,-2.017738857351417,-1.5393106444768998,-3.19387477978132,1.6633541169686252,1.32147865452398,-2.325612796659663,0.6294274960779265,2.463006819797836,-1.9965472727973463,2.552967635223393,0.3769762055513201,0.8183312269310338,-0.4807716615590637,1.037202693023076,0.6587550762142476,-2.132941995369261,0.6220666695319108,1.2571945849962638,-0.4236777309130979,-0.6141358279017233,-0.5170265402409081,-1.6767668945778529,13
19.596831190879087,23.97828067421276,-12.336458970357608,-2.8196407418034206,-1.473081001779008,-3.427540599282094,-0.936320640040164,0.1225252232107964,-1.576048484179611,10.180908336230026,3.622283769718808,-7.558646863751202,0.922776277783343,-0.2500312094701331,-2.1836999058964817,1.291649737533015,0.7704987851974993,-3.575281305005258,-3.345469212001945,0.2548020444481222,-0.5566518651509039,1.2125498176424423,2.350849514422752,3.603681438460964,2.071774038137375,0.4383456478963838,3.038900943674341,-0.0938810837491589,0.0678527118785204,-0.2613293600503706,1.474768375150692,0.7870999181901855,-2.7562454900065814,-2.700944606371578,0.0864359097062214,-4.010063436383185,2.0438153583555985,0.8082675425800983,-0.8214129684856875,-0.5504283553181819,2.390350078583673,-2.0852345457118244,4.194398321992968,0.1198069851791518,2.734793098059193,-0.7116281398031321,-0.5961632711115221,1.6474641158500511,-1.709124375259671,1.0154576586674002,1.5119501436398564,-1.0873849577415653,0.4834259232564907,0.7300734283967663,-1.854544009692428,13
-7.8806446662680925,14.64470034437967,-18.079967121372047,-10.152215183932416,1.3623114709594912,-3.3090753727661637,1.1004283071106886,-2.631215515481866,-2.394466788496813,4.892268243428838,4.651381006665466,-6.70270958052821,-2.4513320873335505,1.3542375614012965,-4.126906368682037,1.096844102978217,-1.7358603275361766,-0.7970225271967566,-2.8974780757474963,0.41463835797819,-2.275492646949818,-0.2109412179174057,3.2077409635079257,2.467666637851101,0.6068512223655593,2.442286225812375,-0.3478583498522331,0.6368192133122456,-0.7239452310910724,0.1711067863886024,0.4897859733327397,-1.445492264296355,-0.9938052612703624,-2.682151141785865,-0.6447449589803163,-1.6971248309257303,1.92802211905664,-0.5298755921533316,-1.5851284102865073,-3.1728960564446416,-0.0614370949889078,-0.1320465965500283,4.979544844966841,-0.8202129954175829,2.136861482036845,-0.7515854247108525,-2.455114329538873,1.276355578844445,0.3734149778723367,1.3025050437807923,2.20993710181646,-0.7322899424615679,0.4212604466208607,0.928429001276662,-0.4592003670273167,13
7.357092207345858,23.05413351426359,-4.830946684967072,-2.9978854308801277,-1.7149766872901326,-2.6165063460909463,-1.2025164152246284,-0.3306800456355185,-1.2208303590306562,9.433901662837936,1.8114096695034645,-5.202778669821269,2.0174037220076717,-0.4051835111981898,-1.2092743507428405,1.2140844811209754,2.098025006725854,-3.947106637383485,-2.0608190371948174,-0.4758329581007732,-0.7767212201963837,0.8926660968270238,1.0620321862748956,3.6046370028764407,2.7179457488694507,0.3764025112549979,3.479611373081457,0.5569190275681073,0.0548047714745678,-0.6830204452180845,1.7816411667945624,0.46357197750142,-2.505451192609182,-1.6523004425670968,-0.496060226164352,-3.555898648953666,1.525729136124661,0.9025183415865464,-0.6545753907756806,0.3344607692708398,2.1651010436878377,-1.5950843632600908,2.6782552423885275,-0.1833578854684039,1.7569441582951018,-0.3022921625183157,0.3171355571358364,0.852639079099091,-2.1020831246150453,1.089264252936018,1.028675559927298,-0.5494532348518102,-0.1318135877046325,-0.2215481879326505,-1.257456772743366,13
17.276867168791927,41.7424616937564,2.129769437246034,5.173798848650628,-2.696349563682806,-1.2830117388168685,-3.822496043686424,-1.7434365014705624,-1.039716116909317,11.85659905822839,2.9582915630272724,-1.6044117775249274,4.689145664318453,-0.3710138500993122,-0.348597358139293,-0.0191919763691636,3.330030941484935,-5.0669574186842885,-1.019539838485647,-0.6630305330304619,-2.052069983372071,1.2543431048486648,0.764201675485882,5.921166875746558,4.900624194538948,0.994722954308596,7.252551300739032,3.516284649268115,-2.292517418742191,-2.328788366314804,1.8289978870339596,-0.5139781971027881,-1.7362220319078654,-0.208379220583553,-1.360436707061295,-1.9264139119172776,2.336984517461958,0.3909899610750061,-2.483943781773237,0.9963560209343112,2.7800998269063992,-0.2253400914909107,1.5396622473441224,-1.0845028119366389,0.5011839075921066,-0.3277916718059768,1.9105037360502333,-2.195244572278732,-2.558547300362237,0.9642512747188328,0.882178699364687,-0.1892730729566817,-1.123628890747728,-2.4834732123569205,-0.8688645825928888,13
12.709397304253551,38.194028981926046,15.394924648215753,9.120322025066791,-2.936268417748153,1.1855621139603163,-7.527498326338545,-0.9276988340068166,-0.8814202839755503,11.756934647385975,-0.0137902001512306,-1.0192575308120344,5.112340546638644,-2.61406150096243,1.1957786799716292,-1.1655784571171088,5.521320027534426,-3.692259279613444,-1.044224294345978,0.194899747733012,-2.0424246626360296,0.8152077686294118,1.0282510338818374,8.903048836770141,3.83398486001136,1.423598730070751,8.720935516972233,3.93891827241334,-2.065954677675982,-4.387232497674271,0.6153317490610242,-0.1290536777410687,-0.6984708197350512,0.8000297071715848,-2.493255580652022,1.864013042394794,3.171132171352044,-0.3444439418165513,-2.397677212127919,1.032745292293784,2.707210777001325,1.4067053973444277,-0.4888751240189355,0.1180501474375203,-1.4907344883469378,-0.4579244204738358,2.276681510252424,-3.0308522718753017,0.3728694684501929,-0.7201324205562366,-0.2338279833068204,1.0845631838271403,-0.575896561511164,-1.3127256375230338,-1.017740203456619,13
-2.4456917970295726,19.44885018245218,27.23275104901436,10.297305962765131,-2.232396455331469,3.444523288817965,-8.174584802968116,0.8759270865967963,-2.2194370544985578,9.0794448528321,0.6950432049226872,-0.8080083612997951,0.2675826633703259,-2.9071544088926715,0.313189404629583,-1.4880317718602112,3.469270417310693,-1.1913982804686314,-2.1372574009191427,-0.6627921553831325,0.3344446626011619,0.564800711716388,3.9324056860144254,9.224359259485144,-0.5023107305981854,1.2902405659137912,7.152979846470141,0.6529410104199728,1.3965561664009598,-3.530078042148673,-2.578097159322704,1.0108541894287506,1.4443646570485462,1.4437707774163506,-3.009570621264364,3.953487657924855,1.895028933605203,-0.0291523536308296,-0.4890552292227936,1.7186970198016815,1.9725774321572944,1.894026702472555,-4.012780318670338,-0.5848451016634943,-4.114395766575968,-2.0614424823506137,2.5879630240977005,-1.3859859940736303,0.9780087476835096,-0.9509326674017218,0.3969206728841888,2.254691897064694,0.8656757823831834,-1.7869430917781688,-2.750392087891661,13
0.8360591227372667,32.505035862677936,-14.968564113484849,-4.004059065917718,0.9785547311378208,-3.967044517838024,0.4493692565957176,-2.7283487019252024,-3.0911736802091805,7.750326073027998,5.578955173810545,-4.972319217434763,-0.8768460422025354,1.4653686478698698,-3.108232036927665,2.122471618145305,-0.751654557080851,-1.95425706039698,-3.8757007334575215,-1.484370018418559,-1.1029053345501274,0.6102209399214461,3.286146154985512,2.909688479066672,2.863780079942384,1.3506839498249763,2.847751914639523,2.1536504306208237,-1.1561009067582848,-0.9373784378370108,1.2296997757888666,-1.1457416426515177,-1.6404491140541595,-2.622957548207556,-0.3937070349430028,-2.4641964675600576,2.7092912598223533,0.235741656709105,-2.4864229618505163,-1.8724458877954888,1.7323990597628942,-0.5295860916141385,3.785751441919987,-0.5715811727491994,1.9732230632592247,-1.364517555050377,-0.6288902750191429,1.0246349943630466,-0.9884540532433967,0.6028812804625578,2.4821531946744573,-0.4971314077862868,-0.1305549922850464,0.7984829239393654,-1.4737331859123683,13
-5.636510794243391,39.158188922811625,-6.815926295416405,0.5744065525818317,-0.3395401244888897,-1.3845443010573426,-0.406739216733165,-2.831601618250614,-1.7411747624263842,8.04247699789305,3.3538440849969238,-2.338631675600889,0.323992052306801,0.6256151140051178,-0.1080276510147221,1.6921871780917066,1.2582121786215423,-2.2480626212712083,-1.6550800779216788,-3.740281862051853,-0.8163291157931828,1.3429272654748483,1.8143704864648655,2.751735526486021,3.690756618414997,1.6189919237305748,5.12235687500386,3.4186611682461514,-2.255648757743037,-0.9205408244484218,0.9978880000277068,-0.6148247860987052,-2.0076792208992478,-1.907839091315744,0.5328486252650732,-1.2660721020087766,3.199992208670236,0.2357196186940173,-2.6058450809831464,0.317856439521575,2.119615129006826,-0.2347369383562133,2.2348930371411195,-0.0656588992551209,0.8053658427502856,-1.4752127224031757,1.4094499338090782,-0.6605732027832005,-1.5005611584925953,0.9451211548381496,1.6896600409465712,0.0672369810371407,-1.6808347838328863,-0.9943964885135054,0.0634079230721679,13
-23.69490671192108,23.971437005834616,-14.540491515634676,-7.670778989230455,2.957437718983653,-7.048246238624831,3.0920578272589543,-5.857263768849622,-1.8960955675754532,2.589683475734997,1.9652348800063664,-4.748014089638841,-3.720459038607807,0.3267994885066071,-2.692371975034956,2.439241535133157,-2.439934662613345,-0.314713735982339,0.0578419864750583,0.0245043056108325,-2.1194101964451493,0.2949551585314857,3.0933467083773865,1.223218188616755,1.174305135574398,3.480475761452985,1.53883853983737,1.7788131399266254,-2.507514331083778,1.2797851297382423,-0.1885118572514255,-2.0399861699632043,-0.1995565969973481,-1.0582080321852134,1.7591021033919576,-0.9166110892824206,0.7734447581851709,0.445378730701743,-0.985930058451937,-1.333175523377807,1.6725639390487717,-1.56186093618193,3.161696839082798,-1.866621482540498,1.058049499853125,0.3838778633570665,-1.7978778804973694,0.4754828519071998,-0.284886087375212,1.9137004183012536,1.3718654970439617,-0.5123148386102493,-1.8250675598767288,0.6835363771566386,-0.6736179207501488,13
-2.4366185000986182,51.42172116540237,1.3409665483932132,10.621156663983172,-1.4225690891906957,2.465757291758869,-3.637891063240532,-1.6341997516749105,-1.877484874074112,8.605158071100663,1.85778317392736,-0.071711496880332,1.7186286918905784,-0.8327662887788083,2.5775584564487475,1.0509366784848762,3.4800818195471748,-2.976319344396129,-1.1613262283747692,-3.5799656822124564,-1.4317955690397284,2.9020943750118184,0.6708624961518528,4.435745012662778,5.3181406054198685,2.6901063951052664,8.067201232924095,5.50546621670031,-4.89683331237858,-2.3988569031366067,0.4626043658861141,1.220213545164932,-0.1957097032911967,-0.7737869293820628,0.2891254331413097,2.9389982253720293,3.911895209977351,0.6756177810035077,-1.7787073099367363,2.2400037613541013,4.165272417000901,1.443206046273582,0.7884116258947002,0.0080541202175669,-0.2685852052165184,-1.3520462577668066,1.9476331746950093,-3.320455543535757,-1.3057660694743534,-0.5222642247198322,0.6194701378187131,1.5587069925063533,-2.347862573388249,-2.5335545462232063,-0.509060430854205,13
-15.30937312875422,38.59974181129262,-14.071084818448329,1.154029721157494,1.7434056929204031,-6.207065583471845,3.0551358856581823,-4.056731242048336,-2.3346657330461715,6.2703326732591576,2.4587963484623736,-3.962300520930479,-1.782910442609719,0.3112712721799036,-1.1929786661598023,3.6306307529985,-0.3697139706098697,-0.6581673556844467,-0.3474730982381239,-1.9109303448574304,-1.534113334574519,1.4907971566988678,3.330575391802698,1.5184121370493542,2.871699309406756,4.051057474144953,3.704639715882659,3.24768640884255,-2.783012181121371,0.051638245682813,-0.0904597138259124,-0.9287859383421506,-0.7652329175878578,-1.35927544576475,1.5286932167840075,0.1913221470262459,1.2043946214642,0.5953294428724958,-1.040848231727059,-0.2755564042206216,2.8702656640197093,-1.883124052259108,2.886116515836425,-0.6238388016883974,1.92506670435182,-0.776049508158677,0.1606784251862181,0.2672910866917123,-0.6460543581563725,1.126453474835408,1.6848905723937793,0.5440927678937507,-2.2708245297502474,-0.8255927779359551,-0.669253684932043,13
-9.787040755665686,52.32304882264589,-10.105041103303318,13.573405565040236,0.58289596923805,-4.151041334661223,-0.2884810561575901,-0.8071874830166629,-1.9273136498934265,7.223915455547088,1.1331068604054726,-1.7720429281094756,-0.9079828708860084,-0.9400617627003186,0.8805942167062445,4.4292733512575015,1.649622565750006,-1.2687879903670491,-0.3449971392514029,-3.154736926006901,-0.944102072978118,3.079574858342041,1.810692367690055,2.8706745361288446,5.583027023129227,4.793923553672881,6.39842642463358,4.254799929525938,-3.47585869612444,-1.3733417664144647,-0.3726248518212464,-0.6167715371765577,-0.54905762873886,-1.144914773959201,2.0484702977731475,2.607613353468677,1.9120972711883308,1.234724530917743,-0.6174946882118972,1.5909499308351462,4.347032217708646,-1.2928993573376557,2.0713647575267427,0.3326568276803945,1.2456555143980426,-1.6229013856005687,2.9129600048989146,-1.252140128433154,-0.8567998611775736,0.3824901324170119,1.624351602337162,2.824888605868994,-2.922472530949179,-2.1585141097759872,-1.8883219220729,13
-11.38260581644201,42.58151443789799,13.413626076213603,13.872639428978268,-3.177118927204408,8.939222909312955,-7.958150506557922,3.0296503801692194,0.2715434611147198,6.950707531387382,1.40921059882083,1.3620673725988148,2.0025482070479845,-2.079272446199444,0.6409170201721367,0.7100480514263464,4.203411909146691,-3.463381313118441,-1.348056323486849,-3.4304449489496607,-1.170687225073337,2.17760501024195,1.901518309970719,5.03517578942913,4.144544185884323,1.4998239569589091,7.482785615881695,4.411706159052061,-1.6257111590989684,-4.017744381890166,0.2288456216582148,1.861199561865368,1.1687425626122498,-0.7858004182473821,0.0949347414238298,6.141267504105892,4.148855215353073,0.561374352761362,0.4231814970417601,3.1352660418361578,3.4188501631545885,3.167710954033057,-2.2889091198944453,-0.2625095519118715,-0.5680019401446863,-2.823961986881828,2.78825578850152,-3.08797516463256,-0.9969514671841756,-2.6545544544257424,0.2619886238969636,2.8086960037597937,-1.820773443677056,-1.532240201072817,-0.8827552605728421,13
-26.560890271734188,25.9796701485608,-16.011614485686227,-2.7287929670760747,3.170283747456533,-9.886248427004205,3.850959306559614,-4.247145312572771,-1.5327038295385218,2.8511046235447046,1.452050875971851,-3.2107217547103595,-3.7647572229956463,-0.1919025000304513,-1.7651671533816218,2.3484246027243043,-1.9826028869726608,0.6397145070323477,0.7776484512493117,-0.0309693099129835,-1.4019387635494132,1.391528177251192,3.2444752674915227,1.0646047742835676,2.416565319640141,4.446192132015978,1.3985053228617867,2.309542491410777,-1.2773122910064376,1.0390924573003983,-0.1669487780878138,-1.778769000021614,0.2117818542067396,-0.6335771754666234,1.9336674520171613,-0.4624229103887919,-0.7222188827164481,0.5035756474767775,-0.9676847213336788,-0.0099192696652671,1.9802150319055027,-2.637588483870414,3.291747976907445,-1.898469606590722,1.2460953611788663,-0.4037636912508848,-0.3248772543894264,1.017582368671033,0.3171546871286468,2.0194216561826983,1.942263780822703,0.3782098007271691,-2.4938320530257725,0.1703175938403292,-0.4574653281309104,13
-18.033613692885364,43.46285856904574,0.1949871825202701,16.072185772236022,-1.668122978507973,1.6331318111522894,-3.81575765591046,5.934507335791334,1.0463325527346887,4.917057032850771,0.4150842222049454,1.0554352997916734,0.3912831742922984,-1.2311049943158912,0.4144378129183846,3.988472508002777,3.8149100751178975,-2.103710521267672,-0.5285407982039821,-3.0096023741699587,0.181827017062704,3.421223443516819,0.9969616399127984,2.893166444251136,5.192094817638663,3.1853794098095176,6.2885360798580265,3.849939228355531,-2.586412363007568,-3.479830595188674,0.2753407267739751,0.370939333693533,-0.882166069032492,-1.15070765936545,1.0293678577928893,4.497974032061706,2.5587756729819846,1.0915628865759202,1.184136100083273,3.732519704316335,3.60038786755434,0.941295177951885,-0.485325983292508,1.2055996627853092,1.193933610751274,-2.977249283649251,4.344040681912025,-1.184557785618757,-0.5176710756805604,-1.3343724001117256,1.654982053724975,4.164221583170615,-2.220740309324561,-2.1847198494004854,-2.538344964332574,13
-25.42633472978933,32.329948204754494,-14.61415551091785,5.504613318725308,2.214716977735296,-10.102810818186068,3.018858748835367,-0.3755072669279167,-0.5915765188292486,3.782848073538333,0.6379416194425664,-1.8281370298712405,-2.0293972001787326,-0.0546087813678985,-0.850622399739747,3.039950312561776,-0.6559358782408847,0.842107263034719,1.0669863009738998,-0.6880741294890563,-0.4714286036210472,2.463551898879008,2.350139075708756,1.5270767203992042,4.340003174375963,5.501219790069825,2.5399783492090093,3.3693350573099563,-0.8213970825800666,-0.3501703727486415,-0.0783346675145766,-1.1747028466023428,-0.2119910866435249,-0.849487335282932,2.2499132364531214,0.4255376390632244,-0.5399081478796665,1.0183198271357343,-0.6947638238511952,1.4631890295106005,3.3245639326005607,-3.000642755765912,2.492911869586306,-0.4484949408457984,1.3942561495390828,-1.407764710414758,2.4298663795641517,0.1945930303968326,-0.1567537211029521,1.196577057376118,2.222756641406964,1.9617341059995723,-3.0209114088033675,-0.9660979781922676,-1.669363849665814,13
-27.04104324901927,33.80225585966457,-10.054412536504316,12.74007802492272,1.3883971978930931,-8.185431283501655,-0.0526906621110311,6.154527982123315,1.2960114452053857,3.5760098676420027,-0.4611486447752962,0.3487507027000102,-0.27493502962187,0.6372574000478555,-0.6725313358057381,2.929444650228236,0.9285599515313604,-0.0636016494813106,0.5629392559515213,-0.7858686377160149,1.0910712155312603,3.3943805693149858,1.2358008668023988,1.4856843165873577,5.218415336221225,5.703289325534572,3.9612152126239226,3.3011247105201167,-1.1286401467110738,-2.158334691419593,0.264112703356946,-0.9042625411617712,-1.3186872491489117,-0.9436352951544992,2.1237296252875826,2.805605234772861,-0.1201451246369778,1.5156294912961628,0.629188315900411,3.293029525973282,2.7097450684367392,-1.8395076648989808,0.6104612064908858,1.0263132245543505,1.91938618799285,-2.5335833254348006,4.173215159617015,0.0145349576910104,0.2822036210801839,-0.3018013606048925,2.246558863209492,3.043231312625414,-2.4684232200566445,-1.7040884013997395,-2.573058016274347,13
-31.512277914640176,27.87880433554252,-1.7397978389966613,13.518788440327029,0.3216886098800516,-2.069495670878022,-3.997195564765151,11.733262646468413,3.5314177183531745,2.494037448345627,-1.2119676065395746,3.1469867091247563,0.2861543808277446,2.196522817925435,-0.1974175751168465,4.002070115982618,1.358292370260931,-1.3690477141850863,0.3182721766095038,0.5821267543876136,2.2015705365412974,3.514054337503059,-0.4472360035325216,0.4699834954151574,4.511358559868691,3.467592911793383,4.902548762879338,2.3039655558402634,-0.8836754832272231,-4.332844148853201,-0.3621273082288905,-0.4812594407056661,-1.8969443414016265,-0.9132799773658602,1.1396266589087756,5.381650998826809,0.4307084460840154,2.165671995572992,1.9459194631172492,3.4546794584450096,0.5535165240743907,0.0910425953868201,-2.596745775073626,1.335235872725978,2.0138026568297254,-3.4606099829736183,3.489266753163459,-0.1929521463488199,0.9294846797576148,-0.7647248837820284,1.8167560737072503,2.4900187887488494,-1.8946428133399156,-2.5228330611440666,-2.24980067706109,13
-31.97046730127002,22.292713274387975,9.003778002776956,9.71920437532159,-1.8028887969798395,7.796762563551588,-6.972819997957943,11.443858458453136,4.0320314982703165,2.9183166170837755,0.1235417942434516,3.55984988805019,-0.9665676095265048,1.2019311797852268,0.2519910070593328,4.969029967110054,1.5698099358444466,-3.0545631769282915,-1.2073663705873188,0.3001497700911757,1.057608946939562,1.3019184833912103,-0.6270517335460027,-0.1308940169061858,2.651940942619994,-0.7249700879135529,4.89263937970987,1.3446768109403369,-0.0752618484286326,-4.408651747997147,-1.3209702641555876,1.3291304993064266,-0.3075251315597425,-1.2658942423396775,0.6710593323939249,4.981444311154598,1.2131530683803806,1.061986175904188,2.114688541928518,2.6731178151168846,0.5640739483713882,2.429996596419645,-4.204413524826174,-0.1104020907850331,1.7073024977356306,-2.2320713598739435,2.289075938455181,-0.0047339686791559,1.640925223919742,-0.7834088609819587,0.2654533686162125,1.63230542691477,-1.7610823423630138,-1.6883535315015707,-2.1561664248533816,13
-30.88149658295505,13.927174875398002,17.74853249349472,4.239554052460944,-2.568504580133041,11.170143049176446,-7.813518454052537,7.06813187485237,2.0870934457314902,4.524024006433388,3.5875664490692505,2.249848484281534,-3.9836999948553022,0.8472745125816517,-1.2762524983858792,-0.3290104891204031,0.1469475875599583,-1.0845167503754132,-1.5225052620723396,-1.845400265461328,1.1054122344454638,-0.8950846586019706,1.577479988992243,1.7775728331532228,1.968858936594924,-1.2830520923016306,6.00259459016232,0.1565363666538094,1.5477537152780994,-1.7770830625618643,-2.170772445643486,2.9535016013266646,1.0485220685778622,-0.3655633635790115,0.710249128790313,3.658221193955325,2.560349532684776,0.4151173126736879,0.845647211920475,1.828543693476696,0.44637536974433,0.9628975892893812,-4.121254707321543,-1.6101370317175498,-0.1766325653574461,-1.3304127571478874,1.025895746167875,0.3267905781360546,0.9383307512442722,-0.3600881777102233,-0.0537115975138743,0.6786268391554504,-2.1923897341750025,-2.4993743793883443,-3.027425928881581,13
-38.26005523503342,13.784760435736631,-10.044756587014293,0.3640403986716478,3.226040820827825,-11.081807104993086,1.319780153198251,3.494738068176788,2.278761747915157,1.9475792983883813,-1.221956333511775,-1.381205492625592,0.8467677800535548,2.7111632430390813,-0.5334669033516437,-0.4863235591379634,-1.8469520170482787,0.9058679801440892,1.442648214989413,0.9802019620863176,0.5326650856929882,2.546599594557964,0.7904152083699136,0.2381171882366962,3.121038449648627,6.360631525869114,1.2081231285039151,2.385879623361966,-0.0570219407045673,-0.9522869650293244,-0.361164151749175,-1.360262562719717,-0.3526552492492113,-1.9289998423915296,3.028300371044052,0.4928883123861549,-1.9938085789841729,1.6487689091697322,-1.4220676210315524,1.605983339077304,1.3285623403718745,-3.912914789686833,0.8982387628724279,0.0541110790363853,0.9559753244180904,-1.345702258201393,1.422658885462318,-0.1535507708727924,-0.2468620645469998,0.291827172155524,2.557514182099246,1.0657144847740674,-2.1116131701677725,0.069290022572837,-1.021695338823304,13
-42.07633977873219,8.617813801213678,-4.498206752512662,1.0176190303732735,2.230646970387594,-7.560151519612163,-0.7296578392799584,8.457598374514253,4.067035499718376,2.139854489544472,-3.5159827187184485,0.509445953796259,2.4781204558498287,3.935328207495133,-0.8626947223241569,-1.155409604621506,-1.586574587030588,0.118497841497387,0.4131203819108213,1.3118092253873803,1.293617915935778,2.176839433301617,-0.1477381993769204,-1.0057553877309429,3.134947130312629,4.890065205672381,1.5901177972550966,1.3827028767296683,-0.7878116837376795,-2.835865053750416,-0.7155299616296228,-1.828038013260711,-2.39809393192015,-1.301361998597064,1.7541114117427206,2.270842723053789,-1.4941317809125314,1.771771921417451,-0.5969426239775725,1.526885830299624,-0.4465090459846367,-2.7483139479372167,-2.4754445465425365,0.3034416493417602,0.5655348415979465,-2.033666226933472,-0.0265533228191163,-0.0720652276607208,0.7386071541545197,-0.0275240115480986,1.85887848157506,0.3638342357032859,-1.2855209997855372,-1.15070424544838,-0.9828750280569288,13
-41.902543457922434,3.9717641264113857,2.9180270570136497,1.4214981337172792,2.1149835788836078,0.6955974757790938,-3.119881715782679,13.437213694841212,6.444354700689094,2.100400989830021,-4.6745107988659935,1.739399974880553,-0.1432303210572388,7.197520410677753,0.2152441371250594,1.7883657589628608,-2.263904069883519,-1.2918545759727242,-0.1609172842193806,1.10046906906386,0.2693832049735964,0.2917372555221406,-1.8901990449084436,-2.5941897026056187,1.6584902416949316,-1.9792274690708844,1.0555806189506332,-1.5369187762021352,-3.682994985310036,-4.322114133459937,-4.119524882425028,-0.3584259967391363,-3.6782428649099854,2.510652657725096,-1.3562593012405997,2.0572962939484656,-0.8318959241711212,-0.3197547920329622,-0.765371472293897,-0.9090295042995452,-1.2250047384964198,-2.757103233969957,-1.05851605516575,-2.428399933208167,0.1479598303323626,-2.704262724793215,-2.1784226451817505,1.687096616374325,1.236309607692686,0.403174630265374,0.7016823337769913,-1.117882823169068,-0.5490843674169921,-2.544625465524591,-0.7402553194036882,13
22.4219345314396,0.6043390088553557,0.3417905773766724,0.6438405774497179,-3.3956554647165498,-1.7924701160461365,-4.915880736761137,-0.7076389341005176,-2.26812066627898,9.895480448393732,2.710263731060826,-4.448561098386611,3.780576098366777,-0.7825608480802281,0.7787462074546865,0.7872916735300617,2.52026111113254,-3.1364514705988915,-0.483993138158579,-0.6773608515897326,1.1224270988257627,1.834811853282805,1.5017372631087789,3.408414101076411,-0.4414995254910076,-1.60436255144509,1.708565979365411,-0.1746944463409308,-0.4496714154211694,-1.277312377973627,1.4982540316427286,2.1006667688234684,-3.757532889918793,-1.8964061297160495,-2.306676832197338,-1.9186556812231623,1.8251638386625064,-0.0630489687998871,-3.5576492065262477,-0.1875819174072483,1.57116123083021,-0.1523412964215259,2.388473267988012,0.4834592674587005,-0.8872077653160199,0.3838321833058568,0.7381843113181284,-0.4472788505946811,-1.4452879117171429,0.9915488634242025,0.2816898536483085,-1.470335862944975,-0.2475676329071038,0.0829049849991932,-1.946698105778256,13
41.51505603420096,-0.1443583544408803,-13.380354295609886,0.7981053810236035,-3.698864178661452,-1.5866305487207026,-4.383784427247917,-0.289194752432305,-2.87204005690022,11.102019000431437,6.342100283093188,-7.323768911663023,1.9268169219050997,-0.152468916379391,-0.7224661599171555,1.1855706761948186,-0.0701796247130823,-2.0504374032761503,-2.2293586566792643,0.2365797266910786,0.9273461203162516,2.00303961218549,3.707724790991756,2.8435045315140908,-1.992988861775268,-2.1116553985805067,0.4351322793754357,-1.126466436610456,-0.1462503899484141,-0.622869074427017,1.1675851883970176,2.073371474764904,-3.960926587469209,-3.7495934365116126,-1.6453030637562454,-3.268715503439968,2.172660866674236,-0.264590121796778,-3.702808270707474,-1.264410894737574,1.3588850674909525,-1.0463113059793994,5.128793109338438,0.5464733805147439,0.9548520579342824,-0.1191155097160316,-0.5381003094183038,0.4696720367660369,-1.525345001241038,0.80943542754995,1.2817817551679145,-1.9036233814786547,0.5163512989390837,0.9797237971537768,-2.6111059170163737,13
41.91865424938516,-4.765270393922828,-6.585140992301563,2.881530821728484,-3.9694665289696505,-1.6333021189409658,-5.257622950397687,-0.2223137218966777,-3.019515687102315,11.878968670776809,5.607072473255171,-5.901321032986898,3.3952086362428124,-0.3506719605738625,0.66878688987151,1.1457369386637062,1.4140389297447054,-2.415132198681176,-1.162883771170062,-0.274545334969073,1.4588762780911302,2.2907140981966783,3.188695838469787,3.009720386984445,-2.1351692375554383,-2.80889957737917,0.6493296315982465,-0.7858177858134577,-0.4435330215520599,-1.3280834516837496,1.2504778185325975,2.8636865360756008,-4.185827264995001,-3.063774803418089,-2.52056670173915,-2.849284593651657,2.133603828842721,-0.2318812251156848,-3.798265091894235,-0.7529426410388489,1.504412358878749,-0.2909287170897725,3.9246495305842912,0.8669322236637016,-0.4756066034478409,0.6689546290977129,0.2787206755906849,-0.1515798271846446,-1.4184010981774458,0.8000506567386145,0.4989567087531002,-1.7136326058095497,0.0437051072953809,0.5035191298840961,-2.4320708294375315,13
26.18285403612492,-7.068032903641496,-16.98120695334289,-3.87018389141716,-2.383254632905494,-0.4583769545556351,-2.7219351128461238,0.7763726268865974,-2.652657539258273,9.566449462506558,6.9459350852909125,-7.397315829040751,0.0392056279530072,-0.254872158048543,-0.9915359080625576,0.8078684200807253,-0.7430164546752375,-1.3464222219729156,-2.14410627159835,0.4088562428785006,0.5965180732974088,1.096817800236785,3.928327314245683,1.8827503426581265,-2.7035718635547066,-1.862094442351812,-1.0164072301331468,-1.1237618869374622,0.0892537488650342,-0.3582210796697542,0.416953069788005,2.2611942028138907,-2.5497483830775565,-3.367956403157131,-1.595046749595415,-3.5653931488857693,1.9988175549328813,0.5947948547351819,-2.925457208417078,-1.970874276223077,-0.0637926571731165,-1.74968038862242,5.3062330916779885,0.5616847415288764,1.504274428985815,-0.4735342940186741,-0.8928883130166759,1.1109780247937866,-1.1948471229514877,0.0473626693787877,1.182200528934366,-1.4865057983286416,0.2704454834536643,1.191509584859473,-2.052903524498329,13
46.27349551752629,-5.874981509977195,5.661920534892994,8.302685973283547,-3.903792683095225,-2.9091776682565755,-6.905223346765751,-0.0404935818079656,-3.316375755647324,15.582389657419414,4.405674303929534,-4.951728600532669,5.226270529584531,-3.297284172053565,2.656540002597033,0.2121284713404241,4.922587424880723,-4.781778433588533,0.0337986660400427,-1.7902703894475307,1.5806710885610529,3.0459122530282934,1.8267116877192648,4.0141877366389975,-1.4815898147438076,-3.027032348475311,1.6070407815088965,-0.0407005647997262,-0.0069330477037143,-2.9331022897046126,0.8464224041268359,4.098441288616668,-5.944056821152167,-1.292993652099543,-4.19987610626646,-1.0667626530675811,2.030715910707113,0.7544004950774802,-3.635917087327674,0.6932062411734485,1.6408492669135952,-0.4939304951266055,1.5897975376387172,0.3809567613535918,-3.3289053483798927,0.7360703615246316,1.9877188089382207,-1.26249480997751,-1.2149772458337404,0.1011973014450888,0.3808562696818702,-1.5126746681739,-0.2231673782749467,-0.8812090958735757,-2.407722206088485,13
50.54131222870053,-14.830981487916803,-1.679495259083272,7.111530541443221,-3.971981801595471,-1.9944037843538345,-6.0618560685132765,0.7560141908432587,-3.449975794692086,14.95937055162267,6.957990851341767,-5.344837868227112,4.0748515924336965,-2.299864093709224,2.6291198081394413,0.4987802401703247,3.6930698483645767,-3.486542193303513,-0.1281103984579868,-1.14456814067744,1.703005183504964,2.927132214674773,3.080071240894255,2.834398563192145,-2.7361937168652712,-3.554795974023134,-0.1393847577292203,-0.6667343698618141,-0.4288875339218472,-3.022953655814258,0.8605826812323035,4.674032308288608,-5.209382107233672,-2.054498869668072,-4.046512041140958,-2.420269393233016,1.911866413923614,1.0085804507037714,-3.097074531910861,-0.2293231179704578,1.247436694992026,-0.1132531341076225,2.7225800596164382,1.0939946136072864,-2.503530542669837,1.5782381912053502,1.45971466351735,-1.0018936222994888,-0.9224279194683342,-0.0829146964364265,0.0214474456387494,-1.5591078480978735,-0.3407667071443415,-0.1520293794428969,-2.573344531226977,13
34.8281016694023,-11.498572781247267,-12.951717291534496,-0.4745559996695493,-2.9625911598693877,-0.5580782767746602,-3.7224793085954375,1.0009241156212516,-3.0404681239404434,11.142745498631053,7.5110868814261345,-6.453004340102733,1.1417126509082478,-0.4613937597403049,0.4338117093805967,0.8419531801210358,0.4845230023743757,-1.5966616724891058,-1.346016252395568,-0.1107735224352255,1.042401864927721,1.8578539655372632,3.765550823628821,2.074449555624516,-3.1183038075008898,-2.988640020000628,-1.02015842860574,-1.1384112675710163,-0.2709685011231335,-1.1790856537971697,0.5655528008230829,3.1807139201622983,-3.1355529038703893,-3.1984730869959552,-2.357784536351605,-3.6751277299379184,2.109213256393521,0.956219311450394,-3.0564923089570577,-1.4566406407302768,0.4178798611019906,-1.3742286051286343,4.644025869787481,0.9068962396103242,0.4164446386847663,0.2918419995694656,-0.2387284414774202,0.8685137100913362,-1.1038950928440316,-0.1862537487148079,0.6310134498138225,-1.4956631400651024,0.1922920367366737,0.7873017669141327,-2.2919145305826008,13
3.7089626887872487,-16.766624414002088,-20.508469351454,-7.957683116246879,0.0953836494961461,3.4069438040802527,-3.4314744535483883,2.9213950542555,-0.8429869195685556,4.824181303397882,7.057165232674618,-7.496206450002759,-1.9701828074033043,-0.4928637756582267,-4.865683816004828,1.1344694397930568,-3.306523488619637,0.154598770177702,0.3896027251143004,1.186181518895144,0.1870195893482619,0.2677498312536168,5.330163734173808,0.418130854278179,-3.986212313522227,0.729969892590559,-2.288416218126297,-0.6479610720904616,2.1283210638842665,1.3388435091336908,2.580505920213388,0.4322389743110341,-1.3519357001233592,-2.0873836402514896,-1.893686267502873,-2.079181871479211,-0.3748678466587188,-0.2466270256868142,-2.24977972458243,-1.7138597739835753,-2.1920334974744,-0.5060120561863443,6.5269142573927725,-0.2488007679221744,1.3583959589167505,-3.50947954626262,-2.2514490745969518,-0.2680568643863564,-2.056806147807955,-0.0518926412459995,1.1283784231772231,-1.446945293318801,0.7012177173290518,2.0101251898406445,-0.8134999861235389,13
39.22542537120479,-20.52059844296237,-8.248949392565693,2.465503675423799,-3.202234466665,-0.6696750566270334,-4.770959882188534,1.658938052436701,-3.244149202425137,12.418093773403776,7.850001774512619,-4.722092114118187,1.9439186737289489,-0.6810875951320021,2.348817080358093,0.5201379088582685,1.9730906991529007,-1.7737636823440173,-0.070560629418314,-0.4186085733600351,1.7159921932483044,2.454856496798892,3.5147881608147187,2.222540740829393,-3.2466260454391938,-3.747101129789975,-1.3624713460098374,-1.0120530337992155,-0.3388578746511289,-2.286515378229286,0.8921434433852108,4.061737526764321,-3.375061526674111,-2.337314399949757,-3.911720344559624,-3.365218352094104,1.83429512385886,1.5516780672711294,-2.985695755322165,-0.9677257462342166,0.5423857599901765,-0.5471139307157586,3.5218613507933028,1.159568478116576,-1.259531332052502,1.2357797958544772,0.5817003492955868,0.1798647856415522,-0.3839580302825987,-0.0434771557705489,-0.0775248178881336,-1.646076600549275,-0.1557573755229579,0.1554192656731678,-2.032998155141815,13
36.90104669662291,-33.56804874075508,2.7099083647227067,7.075370447898576,-3.5923044704466456,-3.3404818189575947,-4.959332035219133,1.4652124891701608,-0.8211416498097406,11.794544661745745,5.978327032543874,-4.130014795520536,6.027932997390271,-1.8141517494663288,4.217109698332719,0.9900983652670172,3.137912858350388,-1.9254421590825996,3.6342275753853417,-0.9066134956707048,2.0681519364237237,2.0731362018600605,2.889501704774784,1.8958122533332165,-4.064338258296504,-4.716488311063942,-1.2459692821092885,-1.729125426764113,0.3201569053523584,-4.834035533894381,1.0517588980252366,3.869482271688056,-3.305405158083111,-0.8290684035441838,-4.356456930870959,-2.7987315946576,-0.2773636677645058,1.84918618694198,-1.888895072672797,1.0476592935115876,1.7760968262134087,0.0342400062232742,1.9815506046176607,-0.6524477125624342,-4.111013065209992,3.058028796089258,1.3805902587823986,-0.9776615826042492,0.7172801249995063,0.8725073489732987,-0.8058550596670865,-1.4222140430567982,-1.1528858022553274,-1.125731370434344,-2.4615668647347144,13
29.92731975559225,5.18212124936001,-17.403580577841716,-2.9432779028068565,-2.532505348794046,-1.7505206541480982,-2.667002442335922,0.2906653257195133,-3.156391514689242,10.402447651844202,6.29406272815869,-7.768174972377234,0.2570537405724545,-0.0572298206710368,-1.8401079270662863,0.8768672233353054,-0.4314524503190788,-2.1292153063158485,-3.123736833456121,0.6835773840689977,0.2021538300762261,1.231782930910923,3.879175471433435,2.565425323013003,-1.4021807498579522,-0.5166438334134614,0.0866038515228627,-0.952911775195214,-0.1279191037673419,-0.3518811206717332,0.5739472171788165,1.6784685752128798,-2.955898582578449,-3.661790043344429,-0.7773148921656896,-3.180214847504396,2.238378439190644,0.3018804695929619,-3.2266953201684507,-1.826065368828268,0.8513413576859425,-1.6893490675896885,5.710157520587379,0.6740192466326927,1.8164519116260915,-0.830703990240854,-0.8328370352555199,1.0344541834903542,-1.7608065935355333,0.1512001581745494,1.6678108796835849,-1.5762747311501992,0.0867248104964571,1.4213358473668949,-2.0858416511122058,13
-0.5107125071219313,-16.848928193790663,27.714791185831643,9.264522998593591,-0.002525351630603,-3.900073125009418,-4.8705641355358775,-1.267704912873966,-4.0298157038335285,7.547687011682102,1.683888714936355,-0.9740484136968236,1.3020240676390116,-2.0246497575552174,0.4254148594540743,-1.986005768825771,1.4149219861322375,-1.6774020062110704,-0.308301093877477,-1.4792216952375208,1.1123501068216868,1.4294033129743433,4.137323622896923,4.981179305706573,-3.9069699329619,-2.6533542379759183,2.8123207414119857,-0.7384782393158944,2.9385824026541503,-2.9569179376649437,-3.29764695696798,0.1384703411111793,0.244566680451571,6.080556154226544,-1.2947504225420432,-1.0768713090091937,-3.839113140131695,-0.808629746636422,-3.3464724192851176,2.7908430209263413,1.4626893257355542,-0.994541219654036,-3.1431381871212167,-5.716251113840254,-6.350738737852539,0.5348714454361507,0.4373107656441082,0.352363560524923,-1.0258365359939607,1.4405067465585404,-0.7971063202507751,-0.1257652840552148,0.3480649876979892,-3.2730614573885,-3.43410328794452,13
23.41965873035658,-34.39127220451915,-18.32433652514054,-0.9648931467673753,-1.3344702333926632,2.8868285740391477,-5.181666727756399,3.7763929063389945,-2.693043814603484,8.135276378252653,9.2322588459488,-6.730309989919686,0.0914562485705196,0.0906841907048251,-1.7313837770420135,2.150202146490633,-2.381616140381472,-0.2846830453889945,1.126768819155742,-0.2052317691453424,2.060015322948478,2.355981782934101,4.836760697439815,0.0950739558767644,-5.018781995624179,-1.940696999293104,-1.2248152356636912,-1.909461514002416,2.170947153238166,-0.5043811518476556,3.0975612183231016,-0.083698534798634,-2.74686721813612,-0.4401697486541413,-2.74832771701457,-2.1406522237587065,-0.8163215770456882,-0.3333051239539415,-1.1873958719140427,-1.757907791266997,-1.2942870984564894,-1.8045999786721136,5.29298466509325,0.5794113992158642,-0.0813923933658933,-1.3586003560189723,-3.1566866769237,0.6028286715132554,-1.7788476663255322,0.345898049264619,0.0711033076920376,-1.846167053964255,0.5824818537201001,0.7332513607500442,-1.6766137934781074,13
29.162719035765107,-49.1560947069599,-9.381730538405986,6.116589933455025,-1.9830403177370324,-1.0771998055643732,-5.081519030307388,4.321835913707539,-1.335233040060125,9.087150052740864,8.103727892858902,-4.0307637906310605,3.288145842853761,0.8170393685410561,1.944879316947111,1.2624301203948292,-0.2351992450710636,-0.354197335695878,4.19227478206987,-1.417101271249458,3.404072032511069,4.164043805450032,3.543725101339541,-0.2197798777918437,-3.977125942457239,-2.649641853387179,-1.0551151725878507,-1.7521620508964029,1.6051849933206397,-3.504663948692035,2.3688175026186227,-0.2517852122426628,-3.8933181702149953,-0.4572830557146383,-3.159221586732234,-1.045171561998832,-3.177540387552655,0.9420644285525348,-0.8221006235531853,-1.2064530292771098,0.6118250164880235,-2.110843342849216,3.159815786591285,1.0901910591331536,-2.946584855568596,1.475778455118041,-2.111779036607526,0.1254523431600878,-1.091361167772665,0.7915153006550494,-0.8908772322741922,-2.2753394492764074,-0.1109480889115193,0.2076521834540706,-1.5270198117833,13
-6.029390963374907,-34.426504926646054,-17.066089551000104,-4.989434748797099,-1.875813774263384,8.561191559661852,-5.60856291303941,5.806714010972538,1.3893142328495949,1.5017526391984048,4.097118252156099,-3.8312653766159928,-1.443215680312289,0.4696112205656253,-5.084937251014392,0.4131417300506242,-2.839025944292514,0.8780807175238009,1.763818514680107,-0.281299155030435,0.9646467717430292,1.057666913512821,5.712238640718135,-2.300756455520478,-4.837177850806608,1.6099916611562302,-3.859731196212587,-0.7103948475473763,2.740460141552507,-1.7754959158657364,0.7491287804030312,0.7472037808805263,-2.310552357317111,-1.1265424428104418,-1.8842455310008392,0.1654241059572908,-0.0699753873296042,0.5773728366035413,1.359635450955129,-0.2643376852619455,-1.122244414712826,-1.262501117110203,3.9445852786763047,0.6776705056628924,0.3954881051392909,-1.6389715272306342,-1.246770641679599,-0.950294478208444,-0.6748503897363668,-0.7445432664381771,1.2819434736806203,-0.5721721479222455,-0.6222365707310998,2.442114243087904,-0.1223373623804678,13
23.84697948507593,-52.50915405185004,3.489202544214939,12.77360318272376,-1.262190208601094,-6.04580707007871,-3.52478325493748,2.337227465319428,-1.3120297967622794,7.325060486540075,5.179342812614089,-1.8420360556571616,5.704578779374172,-0.0705097736341389,5.111191573518289,0.1642536290919766,2.74851504116206,-1.2220573764423726,6.563784320773189,-0.9376482338015634,3.334609592040064,5.036288161120201,2.0575010249746324,-0.1635950026538831,-4.335288305510277,-2.5103320426821103,-1.6557304634898715,-0.6108368295153258,1.3695334116214433,-5.61369521601045,0.4812788439208834,1.240309893250482,-2.592628438563575,0.9020417318359308,-2.7366513656626394,-2.2048133373939622,-4.851144383929833,0.8822211821986605,-1.3901233574313212,3.281562838098216,2.0201672369291463,-1.736708989544803,0.8901771724155897,-1.0543136725212987,-5.945110049667085,3.7049133396375584,0.2010837093541378,0.4347115605117291,0.4926692477576309,0.4566358169522718,-0.5101055939154572,-2.1461315173290214,-1.003867085292927,-0.4503121373103572,-1.1728417836466891,13
6.857732054433507,-46.68272863240129,-15.72583040828393,4.5120033941017095,-2.7450600262906995,6.496311815601623,-4.291461672146039,5.610059759380936,-0.6380647059807716,3.853361818713725,4.627228876413536,-3.812931858215865,1.4615537666500191,0.3297992897744209,-2.477850459185776,1.2139951284344324,-1.652043845458871,0.1289686471404699,3.59900083237915,-1.6365567727583623,1.9467668191390957,3.141759041323437,5.120007106283962,-2.0338246404503613,-5.348279225385292,0.3067809235971095,-3.164599800811875,-0.8712054118787556,2.291089333435811,-2.640017522661948,0.6716320767967374,0.222796382653912,-3.1839889019871173,-0.7497779451101357,-1.4905535547641662,-0.299944261341057,-1.160373913958057,0.0875430030087037,0.804618119219852,-0.051989762394088,0.2053779503408679,-1.758855734438853,2.518866454070807,0.0205989406783599,-1.6377073163104936,0.2280811052520229,-1.6805649290963651,-1.4861016565799283,-0.1340093199196395,-0.0680933610391069,0.6296867268875747,-0.8334380291065513,-1.1281223444801842,1.042205368793285,-1.344000313164581,13
9.235873172128452,-53.36068258748328,-9.788573475262332,14.132980794756104,-3.132160492748281,1.8608704844822777,-3.0748480872013197,1.972728698811348,-2.5288110972931097,3.208264349944988,3.3970493292896187,-2.1188998591359787,3.8481410043279,-0.2278902450249651,0.8877261165069025,1.555401849816746,0.2370398351026278,-0.5749628303583055,5.759350046860589,-2.55788434728103,3.291863368501681,4.354243158194626,3.530033708875576,-1.967706096527064,-5.871029885445074,-1.0983003607949764,-1.866510198472347,-0.7718256242659353,1.9128253245037492,-3.6072265937180377,-0.1614285729097039,0.9637783227278054,-2.856498866673874,0.5166550094333069,-0.8260599875794241,-0.9100988263654276,-2.9508869163953677,-0.2975426169116463,0.023336705465999,0.972351420152165,1.5436632683573448,-2.447520969023436,0.5873290742670703,-0.6728060484094973,-4.892334387696161,2.656289633233389,-0.1445209545839351,-0.6576848443358465,0.1430855198790669,0.2076674882218496,0.0359922607843076,-1.562246554001691,-1.3481935248161607,-0.1960153261727206,-2.07381793980128,13
8.054426571437801,-42.740286747143465,15.776606179197117,13.954522039008326,0.2226996712052242,-11.02960433609225,-1.7635832086506105,-3.11112750540395,-3.497436859379712,6.257950526247374,4.202928925932487,-0.5586481835286391,4.158246529444334,-2.596461404726828,4.967806640687666,0.3962928317296306,2.2664622164040904,-2.486797453753696,5.605489928488618,-0.7417908478724748,2.136283873835925,4.243098704337235,2.990640553733781,1.0258131579583485,-3.5186449645009272,-3.72181785229241,-0.4641675590141572,-0.2908851511794485,2.7948717453560943,-5.357271347763246,-1.358685141997435,0.4018779047698694,0.0939617891260106,4.744999780959343,-0.1904409918195874,-2.054322581259488,-5.196905293072062,-0.3675934197508426,-2.694190510336858,4.691077151594605,3.157188715749231,-1.3857366660700767,-1.9549470919797791,-5.2783861342553005,-6.434249517025783,3.870403119334356,0.1126161667013758,1.556283903029291,0.9234290619204628,1.9895490666571771,-0.6902730094194698,-2.5131957218326018,-1.1430686736649416,-2.2277166525405003,-1.3316089959069837,13
-12.709335014264738,-36.23059116779287,-17.6295289492779,0.1075201020743348,-3.6732842627302182,10.925190665875352,-5.271982042329468,4.211562385601945,0.3803567793999469,-0.0435160428693505,2.510627711487845,-3.0640901156159552,-0.8171910908172105,-0.4776510124200803,-3.553027738445753,-0.3190422850295906,-2.975866848002136,1.4460045949278748,2.379206382183113,-1.6000147144995345,0.9955950755271666,1.98693570541098,5.171918247582566,-2.27314822407803,-4.740143463188063,1.7037102834041915,-3.152739192278783,-0.0253451481452622,2.806312985282783,-1.3523223877239512,-0.4465830210964613,1.155296457280961,-2.0675979926657835,-1.0747793237583474,-0.6634658918027279,1.2642162695780557,1.1051361966094864,-0.0819988335895575,1.8352450894829817,-1.3597700117294742,-0.0965367555062044,-0.47785084834405,2.386726621042156,-0.2442267067113694,-0.2577728157986255,-0.1230955367879331,-1.0226516525618543,-2.055724000103172,0.0044273307050814,-0.5453417525144554,1.1298910278251242,0.1037900225752341,-1.0327639059180431,0.9392027346445968,-0.8765608866214755,13
3.137784018870335,-50.36442255326815,0.653647432380644,18.741947841931594,-2.117139560440528,-5.514618368959247,-0.1631698724588381,-4.74722186526811,-4.0929308958463615,2.1404232439099435,3.1321723233506367,0.1511934625791759,3.648091453148133,-1.1526653752205207,3.4182322138525203,2.82947401054232,0.7114411933534748,-2.061082525652973,6.830549774600046,-2.1905272559285693,3.335566731778508,5.537578312952124,2.463408820488734,-2.0334736090279213,-4.824380860564562,-3.1654016232372246,0.0185970194251915,0.0125390508229603,1.4619591795953542,-4.551627292966108,-1.1378205551073983,0.0905197879697815,-2.0835510452284067,2.303311828981029,0.7764435634200464,-1.3544223914532134,-4.173927702927303,-1.319005715565657,-0.8497197462803979,2.8469552338037856,2.807878992413054,-2.041320825570234,-1.44715430295903,-3.164111258581685,-6.650036640889676,4.196927084826508,0.5939592895731176,0.6324038982954783,0.5983206346137008,1.090585120507578,-0.9788599466368172,-3.034084674430529,-1.2261090887584702,-2.0048648190553524,-2.07940060619724,13
-12.591951063627224,-40.40026340096118,-14.854490322808838,7.476113127951636,-4.57066723651757,9.39677712231106,-3.5822731028922594,0.7735632636917006,-1.1100071246131884,0.1497752728013306,1.2271450884419428,-2.2448362017861827,0.9880331218726696,-1.2730323440757634,-0.675614508690768,0.3758816875388368,-2.157952291420852,1.4038681839042009,4.154457576069369,-2.766011554669283,1.580425841937758,3.2999745925666097,3.719861833982211,-2.363603137876903,-5.07331769191093,0.7559524407324126,-1.9938802192581864,0.208265332154952,1.5527291569367838,-1.6921104344820463,-0.7082074392151226,1.9899897775694928,-2.173510472055089,-0.6712884831226846,0.0939738105351579,1.0205823921500343,0.2757594618222066,-0.6659006212863743,1.6903256144220284,-1.257007609534069,0.7448347106890763,-1.804558276686098,1.3288183227239068,-0.9333247679437904,-2.3404880242639905,1.8890033265378647,-0.3516113852825105,-1.4684832546969866,0.28029777019934,-0.1549424516102639,0.7190559956626138,-0.1356113588838206,-1.8724720611724863,-0.4031681650400642,-1.2684948285999165,13
-12.540042963308633,-43.986089118309,-10.605267310330678,16.071055254913787,-4.78744060322596,6.519179433664829,-1.4006353968621554,-5.525629579288173,-3.282348056194092,-0.357908873089603,0.2445686651256209,-1.4153944538051648,1.391614522895111,-2.5122831281442086,3.100568340814214,2.0144800625647976,-2.7604007949492435,0.7372073852365855,5.567298514480925,-4.118532470034287,2.75171106387989,4.581720054025308,2.732222587719827,-3.526182597189646,-5.447907783238504,-0.4324838704064396,-0.5695883034445949,0.907074620654728,-0.8560419829227767,-2.468038686362958,-1.9596566101068136,1.6107261369207388,-3.0549235953107265,0.3642628169159795,1.6647672283196036,0.7259133902423888,-1.348269090941371,-0.5119871413876123,0.7126979807694771,0.1657612413397632,0.1719786178082184,-2.2230830379915907,-1.0355915752781035,-2.363834420928435,-5.249554277890505,3.3759857434943807,1.1692253134550434,-0.9071961042619108,0.1667472664115949,0.095445817144424,0.1273679251386917,-2.3704630878318063,-1.29691033164699,-1.7747221441650909,-1.189218840607566,13
-24.703288712737844,-33.46323003922654,0.1933416890843323,10.577588669977736,-1.8337657654031756,-0.272100297664626,2.990594139508963,-10.519541382157009,-3.1387565617012925,-0.7127066742306171,-0.157478086309333,1.6016171723544188,1.1234359280603397,-0.4119441035428021,3.770036980425128,3.4484392325424658,-1.856664200379004,-1.360387082331002,4.088827997036483,-3.250741994868667,3.055314944592241,4.108417654086288,2.025992826066635,-3.7647060663566583,-4.636246772099748,-2.756197054962444,1.2846852784676777,1.8493710016723048,-1.97076559638643,-2.233839875129972,-2.070405888611988,-0.5665999031002618,-3.1525797361021803,0.8225906456927609,1.9995223325019809,-0.5418991408498507,-0.5594188657907567,0.3306515576695477,-0.4104867488833085,2.091242172435967,-1.0705251121881687,-1.821745072093416,-2.778760919501523,-3.1366821117600145,-4.138789022422317,1.884443349092676,2.8703710010881465,-0.6652348752741701,0.4075540539293,-0.1729725875866094,-1.2376291131007542,-2.7302741805778803,0.7027012789650502,-2.8153624518133538,-0.5056095411263615,13
-21.22485257481648,-33.516147959953074,9.275140747264231,10.182764889578378,1.093801539518925,-7.936133612821977,4.235117457604332,-12.135718152175915,-2.7533032300078766,0.8472650579236771,3.561297853505532,3.736819604184408,1.6392296841694582,1.680723878663845,1.92154411432051,2.8417231074925624,-0.5885047269062547,-2.9230255007549992,3.013054111154625,0.0596207002752034,3.793742460358041,3.8291950740132856,2.0576990268266595,-2.704244358057106,-1.2114567997776309,-5.142633013914581,0.2549238930517614,-0.5999823393477701,0.777993789151597,-3.1525481948707004,-2.066949015642362,-1.8530615422071728,-2.1679028531891222,1.6880938242736732,1.977398288193808,-0.9357745939177308,-2.6915262732220686,-2.222054741432133,-0.9872513268451988,5.360562546877519,0.1538454464636411,-0.8484852961357983,-3.2222809063997464,-4.780963831258688,-3.247088322265453,2.839403588165374,2.384919853512423,1.363186137205787,-1.30291014313948,0.3168240238615205,-2.686688139487387,-2.890438343141468,0.331928092173997,-3.6489197389063617,-1.6632392720393154,13
-29.444244962414324,-19.81809803991028,17.4955480642527,0.6569751736846772,2.270405664786639,-7.219958524570886,1.6631703877756845,-6.161007055400311,-1.7758731081851302,3.331577404950014,6.235488613958336,2.8183970817480994,-2.895316610136625,2.3024474308430984,0.6137561662815944,-1.844750195171196,-1.959543818381161,0.2828405337987438,1.95537233318622,-1.2300869920059416,3.801483369444264,0.906498005019762,3.423418672782179,1.82038820115474,0.5644431305580973,-4.491677561923896,0.149002060607623,-0.9100298724248456,2.3909196103012444,-1.0477276366851964,-2.242502670842131,-1.804180640624253,-0.7153601728136452,0.7762431556535326,1.1440371869081103,-0.5237089506773709,-3.056721988845631,-1.0885781675399293,-1.1090254435262652,2.369262579754188,0.9755143063029044,-1.7363700785881382,-2.68764902665378,-2.937871671340763,-1.2578442229569973,2.9324502998332016,1.3661093518015743,1.2124327671607569,-1.2544031758632457,0.3445294177307292,-0.1897256252848021,-1.715081479462745,-0.4223168329312664,-2.850375522226661,-3.2063795480659243,13
-32.365806492554135,-27.28435056058026,-11.147820204628935,3.19197067288436,-4.471369859671986,12.332421151113277,-2.788130280593962,-5.201859067345453,0.3031880071700662,-0.6728467492508313,-1.698136291931709,-3.748738266059508,0.0078824949713942,-2.4337434716463457,2.9165537145916813,-1.3180270301685826,-3.5421453533553717,3.767929934842725,2.961290496618681,-2.004118866317352,1.8077332694852404,3.549751849407854,1.617266142079116,-2.2617311663390494,-3.107341874166172,2.5568117449863745,-1.2237074155716945,0.0423128034584707,-1.698839382753873,-1.784181991102259,-0.8600167236523798,2.941540559266305,-2.3270350257615946,-0.3162603079756483,1.4985490749785413,3.799563434998248,2.1338322509805794,-1.2978673795060691,2.432675538048678,-1.2106198972792914,-1.3306959331503243,-0.7477402823313812,1.4034040332785926,-1.468192530392714,-1.044373411722184,3.006836416159249,1.151933050018081,-1.5940603967638631,0.0624264191485576,0.8122146368794219,1.4105840233432294,0.0822196186936911,-0.464097077909758,-1.5560257454917308,1.3300824961119797,13
-36.28208290954802,-24.691910158161534,-5.554267166148318,4.248940734385902,-3.4756565804934483,9.305000664427242,1.1138117536497494,-10.09248475130412,-0.8186411668751956,0.4441232461662106,-2.509025203264029,-2.491276987837594,0.2156704911624583,-2.101110257367925,5.420084088041098,-0.2720917478122271,-4.528614413237691,2.830625326997537,3.297129560186081,-1.8368934227907967,3.0851377243279123,2.8163366952948974,1.29635610832163,-3.680463826962478,-3.6492896782447337,1.3708528381118197,-0.0104891108756615,0.1762839319967813,-4.089687587624301,-2.092447277174754,-1.0865188615821144,1.0178991833008164,-3.5589485651114203,0.3476865884779968,1.0892410482638348,3.663953594195328,1.703307043723548,-0.5908763319302159,0.5413985922017573,0.4787199049422185,-3.3298017293429205,-0.4165912691360784,-0.3943449863168942,-1.354351182380374,0.6120647183308514,1.7013693097301903,4.361665882539821,-1.8550939116181904,0.4057666331869416,-0.6134595958282585,0.2738511251398234,-1.5074860801817538,0.8234025736951696,-2.1412991915276667,1.9934897311447597,13
-41.61004480346187,-15.549465579638488,2.78960000333391,-3.5016714026862354,1.5223325321528467,1.7617039910405186,3.8344688425159847,-11.154942307259264,1.810053862281052,1.296347442812115,-3.0550821998327438,1.016737715171802,-0.6077502595927908,4.340738386564628,2.845119134747967,1.4753253903673558,2.089004395892365,-0.6998796359084887,1.8281958329082737,3.190248770156896,1.978247820851753,-0.8661494240468888,3.095877100755181,-0.9548679144889036,-3.979205773497438,-2.1835296413362912,2.361846012667681,-0.3216194373825055,-1.825123287123669,0.5418980205367657,1.2948528306959903,-5.289008344348118,-2.6098801436559933,-0.5509932993255119,-0.9563979304173856,-0.0709510186523349,1.9422214740396968,-1.0104047459358647,-0.0053786835332234,2.136035878834495,0.5412722434392686,-0.4618032420288914,-1.594157724778263,-0.4388917992508124,1.0075483825501956,-1.44171929398701,3.3682656073961867,-0.4844867802871623,1.800379378654796,-0.8116483042828176,-1.9267446859790305,1.961512846574249,3.5146407479647146,-2.905510545528332,-1.463279131874114,13
50.14693725611939,12.423237290104876,1.701950605792867,-1.9134139154528975,10.830027534986456,1.9160380726315995,1.3570552082991238,2.5753787476729464,-8.72255290301524,-1.7062329869383748,-1.362602809105657,3.855638299380095,-3.045136915949991,1.1926137583503276,2.2759515815635383,-0.8768363840169456,6.339462452900377,-1.5582980919119267,4.837323469497626,-1.3347510832069944,-1.0008727095079932,-1.456918162303405,-0.8690596765377464,-1.1269201810886014,-2.244757386727266,0.4681915268822664,-1.1274260313265747,1.5900405613131865,-1.3378449228324611,0.5885481038335689,-3.973243178600202,-2.3680699831003595,-2.8340096445106457,-1.7593012646210304,-0.988034449616472,-1.0057033765264811,-0.7619296210494378,0.7621277414243004,1.2548362794579255,-0.1958784804282278,0.5638493470740522,0.1924015336840007,0.1944846843258327,-1.2543771547215123,3.082858028403816,-0.9609963760988296,-0.3459202545169719,-0.5846764851165456,-1.8164234859402717,-1.1185050111159294,1.0581169161439905,-0.7620600626173573,0.3672888516547183,1.6464434148448577,-0.6702534218511313,14
46.65283327386089,12.483619131563223,16.37770722131319,2.240422056329812,11.769412351975152,2.6988190871482707,2.5091589996820023,1.695247937619175,-7.725907647705739,-2.524666791566187,1.9113491948950567,-1.412675549911148,0.8211809586703096,0.8259459059212684,3.396207314536296,1.929300842876871,8.853023397690828,-2.161716450975097,3.7815474717433593,-2.743511473504621,-0.6642241879386068,-1.620921185577237,-2.6109571986793854,-1.492947462261825,-2.375686281080912,1.054244501482864,-0.9917337839785768,1.5470710309681144,-2.253755907833194,1.3992450073393592,-1.8283376613730355,-2.459392528595948,-2.449886294841744,-0.4989846419861621,-1.0140291840815363,-0.4228768568479099,-2.148180464594072,-0.5756041743588715,0.0621977146380776,-1.5364810785430163,-1.2667595127453972,0.1675529906967468,-0.3322908039914538,-1.4659798377707165,2.850100389729666,-1.6832837833818814,-0.179453063045463,0.2935069740450665,-1.0012834659421956,-1.3329191692713305,-0.0040910709175171,-1.1142507148974852,0.6322868271544451,2.3790546767561582,-1.35518962816927,14
24.447103412006037,7.295330644240855,29.23993636990842,4.003142295569895,8.870504583605465,2.7234396034338664,3.0177236706036874,0.1495522976985691,-5.277891301571084,-2.6184408424228067,5.2885390263460685,-7.781584049308654,4.46399650060231,2.906416770736781,1.861723956205136,2.935552461557327,6.514406978741699,-1.635932000357658,0.8175809579042254,-1.5265379612071392,0.2433136343279277,-1.25838284466939,-3.6236669321277377,-1.409899871717568,-0.8127490432420019,1.4380644641306866,0.5416061915320696,2.7235199457,-0.759074034693917,2.193442552483524,-0.3863517908234087,-2.534971485814521,-1.5301548875644273,0.5080133933984649,-1.503200523135393,0.4720221838188617,-2.8872089562447503,-1.6355786447511749,-1.0569482215396782,-1.7583243554745391,-2.4289344714583865,0.7558965711782845,-0.3669609862750425,-2.678218135860165,0.9786146034793484,-3.141707675350002,1.8060858734782936,2.827859405397229,1.149419825593289,-0.6550101613966471,-0.3642294895626242,-0.5032500044216036,0.3640092520755016,2.1144791331139245,-0.9869649938667776,14
-42.73307070473116,-8.830847299309463,6.909932527264808,-11.382011335843751,-0.2805235288609294,0.9219090653526492,1.787857645432748,-1.518186333043244,0.6096103293449564,0.750386502813379,2.9173288239274417,0.0400519465449374,-0.1794964654097047,0.7264844380949097,0.3827796804631477,-2.631516019502737,-1.2918398381315055,-1.2796993836603043,1.1868715468323834,-0.1543345079082346,1.473712581528626,-2.5078830367317693,-0.122860350649787,0.765637511993503,0.9028872083993754,-0.4112412821296112,-0.6571664824006556,-1.1770126130242504,0.6417442342505278,2.130434000517054,-1.4089336477373866,-0.3519138714321604,-0.0680868815840603,0.9894874452810544,0.0413980072991575,0.1054394595525335,-0.1445490445994127,-1.1124210611486398,-1.0860656012339631,-0.2332005666409372,2.2539381448437976,-0.0497822173326161,-0.23126901723164,0.8937575437768527,0.9046974901189948,1.0961604568063217,-0.4839221317678377,-1.951779962015215,0.7993089979678576,-1.4350112063167608,-0.1098005782085327,1.291360627741475,-0.4808576641858655,0.0877846381688772,0.8779516570438909,14
50.16647907564265,11.514495349665792,-10.189202466242808,-5.5490136968173545,9.60478363166203,1.0731982931437294,-0.6617012737336353,2.80587460954086,-8.83203688050409,-1.4060621211697677,-3.640497396650521,7.414497107980234,-5.339058385313351,0.7866818462643168,1.9724138766373176,-2.885797140419839,4.72596435968096,-1.389087754400797,6.111713582288197,-1.0405847420591567,-1.6732186375676428,-2.931818698691855,0.620094160208445,-0.9164598969407404,-1.8409049385603284,0.7717181729822051,-1.617098572271077,0.6312644438968235,-0.9864739104048036,0.7393211149008247,-6.320775162353571,-3.2210367714015677,-2.362475457508936,-3.267697333244604,-1.2175230594710649,-0.6899909914181175,0.3685963404823746,1.320318767791025,2.053686394602687,0.573465012509741,1.1633334149129309,0.3946557447557999,0.8450245590096885,-1.3130716649039371,2.480015036589876,-0.0315447474323032,-0.1321027967633661,-1.3018045687645816,-2.05955898838328,-0.1357454891738788,1.1046487668207463,-0.0042803879292944,-0.5035223754007828,0.7279490600136899,-0.4529490165892214,14
28.16749832040997,7.531055603767275,-15.42683023821652,-10.51282501063737,7.002280123537242,0.3672346781002231,-2.4267222150981995,1.933031345386092,-5.661193627108241,-0.4651416332293236,-4.266525960059308,8.794093568007856,-3.178445523516737,-0.615008815165905,1.8886740455404023,-2.6723037429085807,2.7714927273198944,-0.5746343078760983,5.506863965092458,-1.782755179431193,-1.775834661933002,-4.223203749605099,1.824937621547878,0.4169306220428179,-0.672896925067409,0.96656246411074,-1.17313376999413,-1.6891599258115004,-0.1119142570846686,0.9237997566471778,-5.946632480665474,-3.653832246641365,-1.2547533279026346,-3.598329051343348,-1.0005935653131144,-0.0833045448856601,1.0825432749546018,0.9789652878621536,1.9446873609990667,0.4580268554436426,1.0528080326633968,-0.0918703527180159,1.355635788357985,-1.1854455639831185,1.13096775889769,0.3550398861706699,-0.6692152938375072,-1.3400240876617455,-1.4747359390217814,1.3662203765033951,0.4035786509811008,0.733171721408408,-0.9360993033415062,0.3490620925937436,-0.1065947527853319,14
46.48238575305078,18.5020844588776,9.356898874555654,-1.0012779737523057,10.167978890173435,1.751491535543574,2.4551276765325736,1.971286844692828,-6.6918738632133765,-4.057474319506946,-0.4472276184705623,0.6748798256661417,-1.5052008160845758,2.7538830343836147,3.3558083012796285,1.1497792243229208,6.003163092025166,-0.7175411944258204,4.698376549625923,-1.8271430564570803,-1.4801083016970047,-2.38886463313966,-1.9825295790603064,-1.43211983799942,-2.2711593090882,2.64273326513354,-0.4931860052545065,-0.257048961264599,-1.8733279307975448,1.873365641936311,-3.066449842065838,-1.8830877918252091,-2.84137995149519,-1.404033544000702,-0.8796365183427276,-1.0928306107637762,-1.703513216793259,0.6720786937925872,0.838111567597685,-1.4017170542671211,0.1869327001136655,-0.6725275958661647,0.4220539567488182,-2.2955695900332582,2.618777280355177,-1.1594993219299563,0.70585813322785,0.0281219921433615,-1.2622908379930562,-0.9390166182434204,0.4159518194164679,-0.2781826158165072,0.3689981715654947,1.4370299751065034,-0.911200593941181,14
50.69562901057618,21.29514576198713,-4.232753281131901,-4.059201310364915,9.923932533331335,0.666337672646407,0.6983501977634743,2.7752286798357093,-7.596929788632696,-2.3087404816707595,-2.7748074592866323,5.52184809130001,-3.728880188893998,1.6707337599127712,3.0140602502475424,-0.907994607484953,4.236907105765012,-0.7424380595474399,5.91463316663879,-1.536212175986977,-1.677614094196252,-2.985282170669513,-0.4992930347453723,-0.9345504232986168,-2.047573360314198,2.1680408602348176,-1.035912160655262,-0.7114657481355345,-1.019553505483207,1.364428841282129,-4.978147528919294,-3.334184627315402,-2.732332263913531,-3.187399486615349,-0.9600982568723362,-0.6453298621425047,-0.3057046416901069,1.3862366255766334,1.7329719911836114,-0.5899435249195343,1.096274995679788,-0.2271475119217053,0.908786479333783,-2.065152280085368,2.578443556564741,-0.0043252969696486,0.3690580716134888,-0.2705344989238903,-1.99437928056828,0.0064994195471951,0.7460628198239952,0.0428565939231743,-0.0020286100618736,0.6934996266618916,-0.6923360529055336,14
58.02902593247808,30.62802361875122,2.062288715416509,-0.890675398013298,11.0846714098823,0.8074413136999364,1.9334386712639693,2.939854073843165,-8.15779842916364,-3.0107629140578647,-1.870227809056487,3.5891632093742074,-3.15490830183728,2.9560110955017334,4.044624843313776,0.1788020912751442,5.004560442295535,-0.7125678574322358,6.151810065226867,-1.3975951628186505,-1.7626664684729294,-2.3509795146995445,-1.507895446873904,-1.3820189295364194,-2.622927090128328,3.020820493659485,-0.7406805895682183,-1.1654657858290784,-1.1493138435609525,1.3729095890593297,-4.25877952472268,-3.4650496662180497,-2.832104936285275,-2.6919636170743906,-1.0600611545587342,-0.8338950408554525,-1.2874305267246933,1.2424092390166417,1.488741895025614,-1.4001155446300442,1.0476661373500304,-0.3125682634292229,0.7156036306296525,-3.0238097779415973,3.0252327592581207,-0.1651165472915148,0.8179715148116872,0.1922946378590724,-2.0073266739944065,-0.716674003961762,1.0147414259621383,-0.0839335910508922,0.2920252158831506,1.170192460108364,-0.8732813721812486,14
41.03686063917249,23.387606293104984,-10.39576062706075,-5.936926644515688,9.334413369650656,0.2079613838869531,-0.6988282808459879,3.004567368706976,-8.871947260563603,-0.5320627006153524,-4.381295286593296,5.820685016019239,-5.968193957665345,1.095215128224862,1.8742669932174951,-3.078270626949939,3.919469040278235,-1.7937494330185728,6.933083797811972,-0.2374027347606224,-1.9787873711610824,-2.1190113749771293,0.2049858123919161,-0.2652164566958447,-1.7325806391106982,0.7758676521464396,-0.7816405354740333,-0.3905981516702375,0.096799438076043,-0.0198785570694586,-4.382462053239436,-3.829381647930645,-1.5772511330759045,-2.780804647733299,-1.412541067810268,-0.8293192192172067,-0.2109329321997911,1.3491247166254672,2.734774617689444,0.3662860933779546,1.555634324784278,0.9238669130374004,0.7491234533784659,-1.9973623454677436,2.6532696891869523,0.9524923773466718,-0.5306402963960989,-0.8307939304294585,-2.377724843187687,-0.5574601145377359,1.6103518340465306,-0.4389214869736775,-0.1329376116363005,0.3956418540168211,-0.9068637386764968,14
44.689470746708814,28.641008588864945,15.570987055518568,3.24686340394658,11.694698186920256,2.8973220235364736,2.279931022258012,2.18752219052655,-7.8063625913457635,-1.9426632478137795,0.6640752818370124,-2.393449139343461,0.473956777297141,1.1991558312010546,4.461614667040945,2.140945608381471,7.587568262580486,-2.0414048341241817,5.125728427481904,-2.2118076735337686,-0.9565061835407772,-0.9181407205898744,-3.149102503371848,-1.3407939815917749,-2.9207446163601314,2.174875751314761,-0.5864340645199192,-0.0291429371470096,-1.315890512103811,1.0639697902132312,-1.5852296815927764,-3.5914746656180303,-2.261031631027933,-0.6501902973155871,-1.2118987539862085,-0.5423630797319038,-3.0514497767349176,-0.2229830101995964,-0.0576826737812852,-1.990298373948005,-0.3823174902371035,0.3052832753269036,0.1089504608924637,-2.619264838192121,3.5921262453402383,-1.1505492908631247,0.100190873647418,0.9034167303559472,-1.4817987797686183,-1.795113645140769,0.294855074681809,-1.2786203770742146,0.2773222060889399,2.461085120284569,-1.042796343092972,14
38.28350611965911,33.82974844983943,7.881070380653857,0.513497326283108,10.600005094251676,1.9793349517337409,1.551549606655468,2.392536485009884,-7.7638207179005265,-1.333963315285657,-1.4636384691494049,-0.3976747597461708,-1.405519890778086,1.7516308394979825,4.377046503764511,0.6248637652316928,5.5588573771563725,-1.9881849259936808,5.847040648305254,-1.1595231637050896,-1.370557188748851,-0.6244715990443852,-2.6425894090088367,-0.8611676248770846,-2.6483786387633983,2.388676644620879,-0.2641433751379589,-0.6207032791094664,-0.3681940978396065,0.4423808433333316,-1.911450230337656,-3.761121314596029,-1.6081060544831522,-1.3690954357256822,-1.317559296569341,-0.953918610870849,-2.5446349321825563,0.5190530687864111,0.6987386266799475,-1.5892093864579993,0.645886471445527,0.8340169435588981,0.2390922062142869,-3.194074772413096,3.5448462923981894,-0.2680337082042126,-0.0156102545169518,0.3611648593903013,-2.165701592462088,-1.570774844435591,0.6753600911316223,-1.139126742255311,0.2485300417851143,1.8912979595373935,-0.6909135899092087,14
33.65921988835876,30.779559938618657,-6.051167333650445,-4.983312135283216,9.007830173209246,0.008846268891808,0.2733497073251279,2.734875038995455,-8.253996545442233,-0.6387225263839221,-3.846517045885372,3.979416021385677,-4.748110254538117,1.5399875961624498,2.683134058869556,-1.8561581240870253,3.555876625021775,-1.98455835967739,6.776804538459109,-0.0236647979416807,-1.9591109747214053,-1.5668960682496411,-0.804336511863954,-0.0871417732258312,-1.762062506535778,1.2529701500425028,-0.3211958354510056,-1.0104248515144982,0.4221263588537653,-0.1110150016021169,-3.0371862487039896,-3.892941784100027,-1.0682235489061729,-2.405213119630833,-1.3516007741848532,-0.9727119266893528,-0.6750243338564089,1.1349196616933053,2.2184132431826806,-0.3422309008729542,1.3927482402596103,1.2522768965735245,0.5964565694452382,-2.619526273683151,2.8347782894725566,1.1087613824000184,-0.156792913378984,-0.6823255735019905,-2.4469488953528358,-0.6831816113456461,1.5052276933623006,-0.5426340969322662,0.4393160733666598,0.5609863592302488,-0.8801058992346817,14
11.674625355873948,22.5208534081281,-16.069195091152743,-10.42300793419573,7.320003062563915,-0.6412874018937449,-1.736246507359578,-0.2407916604517391,-5.693553897432912,0.4976595298869443,-2.946190482948979,8.525776147329754,-2.762714246318912,0.1726066370910029,1.5001675222542117,-2.166231153934325,0.3005669620771465,-0.2069553618512066,4.432150392366277,-2.148883181047857,-1.304667080657118,-1.9007970471001916,0.6779869078905432,1.0556071261511768,-0.0411285886916504,1.4405665222897528,-1.6122246004130265,-3.50247179665622,-0.4040164394586116,-0.9733193260248684,-4.327379697606279,-4.688682562036727,0.0068237901919065,-3.2939467625080154,-2.061368550548504,1.1528280252562637,0.5916373527846455,0.9888362700405444,2.034983573554085,-1.1017785885064642,0.1872943490465196,1.842697026160972,1.019596395690791,-1.8966386767362948,0.63041222014916,1.4873372359674708,-0.1055546702514935,-1.3140726266876015,-1.226546104944398,0.2968847788965454,0.7782651230231284,-1.3173296199569058,-0.3959361107372013,0.2854400515445548,-0.4162777217634228,14
19.804244353145894,29.16380818863854,0.66200025195031,-4.533070787205798,7.783199251651815,1.0470029967695846,0.9386628735004928,2.085961569795133,-6.5963893778577365,-0.7124824455623078,-2.9674654196339096,1.315544734938109,-2.619927412198612,1.836591393908911,3.24479655186246,-0.5487256351949454,3.567336394106529,-1.6854391686569654,5.777406573440185,-0.1973238922636055,-1.6341493790854191,-1.0604911819885912,-1.621181038100652,-0.226841320161158,-1.627158241897826,1.6551009435763135,-0.1084218221073221,-1.1161553919616234,0.5160672696509307,-0.1477892011339668,-1.4757912432730655,-3.428639099856033,-0.5079517829971475,-1.4282764146189282,-1.1911329892708626,-1.0976470701885257,-1.3392147916190544,0.6802225754059111,1.45125856607557,-0.7766889151632851,0.989218359211309,1.2574964325359177,0.2743522162455213,-2.8469532504906163,2.8479344721715263,0.697823403287079,0.0194441899604826,-0.2675057314340262,-2.231165168508214,-0.7670156177683853,0.8664582250883457,-0.8253585754078224,0.3014283382726294,0.789735046879111,-0.5473885804614278,14
27.76807975029269,49.22928814865068,9.094024353804151,4.25078972587526,7.76712740181746,4.977099751675494,1.9709371782329863,0.6529498485467655,-5.033293304860154,-3.731780308028031,0.5565989576613674,-3.740283921939665,0.6416665703432759,4.481809156042319,4.808547700694311,1.1568039289985752,2.9489898792417364,-0.2335413615274268,7.294126659312508,-0.2243368209633128,-2.6211496253795685,-1.0522357599490284,-3.281752149010936,-0.9075362557562746,-1.4400065798550674,3.9348583326985103,-0.4965872695341329,-2.6031779339254704,0.0028771610744193,0.7860751642245235,-0.517397541843639,-3.56700640512015,0.2951486807941472,-0.2683514424336325,-1.4875757942932966,-0.4477431411836923,-4.65977510790053,0.8537036460993139,0.8081613348975814,-1.997803090727588,0.4921113098805254,0.2793884465356986,0.684010311979627,-4.769261409513882,3.047809153287109,0.4603675733482723,0.8665700457515972,1.824612046576964,-2.3351077530495603,-0.983971559456129,0.59080168277166,-0.6344413502996064,-0.9460562986015592,0.3446168557260982,-0.4024513449376239,14
12.482345891191406,39.21002308209391,20.70724647002045,6.687424573035357,6.126923945253925,8.974023701154529,0.2082327113505799,1.4770952254753351,-3.754027059146084,-2.6823255506975703,3.575389165915161,-8.02550584810735,3.551921357438557,3.7657734510451513,3.882454715759502,1.849764839771548,3.616676447058844,1.393375594989636,2.940174692403985,0.5647424744265962,-1.155202030045655,-0.1438720605610966,-3.0035238524092067,0.9506745708970136,-2.7491369596398005,2.5977937925541674,-0.3195828205283536,0.5710864339888314,-1.9204298123535943,1.8081671330081497,0.7562814674571641,-2.5919940236044594,1.196678379004695,1.516016518958962,-0.2849518736561752,0.7752264198107319,-6.269585702742352,-0.6927345517769518,-0.7107270043028039,-3.02981887042933,-0.8265399365570961,0.953336633016876,0.7381586832974533,-2.71084415286654,2.4487528198502764,-1.3144399726936713,1.337302750904291,4.630975219717003,1.6560678894122665,-2.0022382732749864,0.9044222264654812,0.2148145778426516,-1.5412926807619691,2.090799083761429,-0.9965212135391948,14
-15.48809991570352,13.195317727217518,23.83849786808309,1.0124134423557098,5.567451425378411,10.262473747631825,-3.881723022418157,1.4077087813314826,-1.8775634907742704,3.949950706036121,6.211048107173891,-4.810946987837252,0.1964062424031701,1.2605189150230145,3.5442951566391256,0.7771201065465676,-0.0074176597627992,0.3789511748930014,-4.202656636714025,-0.4300306077973889,4.896646883225627,0.3687723797774805,-1.2802813973226788,4.121301852418656,-0.6329874081511371,-1.7768622795002096,0.4618840043006811,-0.5784188303725893,2.1787798214064136,5.180771489453618,-0.8868145303764405,-0.000247902107295,3.0083573602724702,-0.4958717698398419,0.833722488533394,2.8583712809479387,-0.670437100248949,-0.5601140966750184,-0.5947460480214154,-2.709633734976247,-3.104443085960017,-0.3353725976308949,-1.98331139722946,-0.8927036162420795,1.2279519791209008,-0.934211633040964,-0.7877947947170101,0.3827050018411876,2.3680644448245,-1.5511382915536145,1.8434451357208952,-0.4002585388360941,-2.380694881902267,1.6789680764117876,-0.6060557113765253,14
18.74930929697169,42.76981209906066,-11.625465666855922,-5.067663345992359,9.061705697822426,0.6412162401952007,0.3289537996147291,-0.641489450604691,-6.474886748126629,-0.5777799933263886,-1.5757932068602496,6.705330150115297,-2.9984370716040014,2.4488986267854838,3.015986665008567,-0.6021116881441766,-0.1567766765618722,-0.0257454752380871,5.517943468091926,-1.9054249401493264,-0.7417238482577827,-0.5826169350557248,-0.6503734652607444,0.4772018782321589,-0.4483531073830948,1.1286792072971472,-1.291353570175554,-4.227850570962085,0.300728316875938,-0.7403824263178593,-2.7342536304452096,-4.866773427507174,0.0133179927006871,-3.4092239713510297,-2.3602480771384893,0.2865641964272283,-0.1276829220295809,1.4792726628929769,1.7267488419243076,-1.848427962112502,0.4267584730636446,1.51641976466254,0.3364663497718885,-3.4949846924657404,1.8590740085326511,1.6414161078555098,1.3280242483565117,-1.2207310280369112,-2.6238390672159744,-1.1336202865173626,1.0156505801323643,-2.0225890614284743,-0.5357465467859018,0.551181436366711,-0.910330852763136,14
7.101168878636082,48.29241429779633,-3.959920697671523,1.675462205653891,6.907323100084305,4.351700653988436,1.7013469973670234,-1.4370684353696697,-4.574956086624192,-2.085354806126079,-0.5742313816696885,1.3112620182021009,-1.5559674422901546,3.748455523099308,4.843424701739763,0.8666394776408565,0.136125253336796,0.2548933603965636,5.9307229822096605,-2.0446782087745863,-1.885859657977811,-0.2824777894991309,-1.9919337032578583,0.2777403123648521,-0.7724546617532619,1.3025473711357314,-0.4689536836440818,-3.2643287359262496,0.2898927099339073,0.4367114728560344,-0.7950101431247715,-3.460723187892335,0.8614870443338838,-1.851134293000192,-1.9143864576348075,-0.3273042586541596,-1.9835734196593655,1.760931081100273,0.4744611350231983,-1.8990185397402803,0.5029531120034533,1.2955645075152296,0.3489011922617835,-3.270854508488284,2.6236752750314545,0.7126548368999027,0.9144734822680716,0.1315310707556711,-1.965096649542752,-1.4391850880368913,1.26917172990525,-2.4527494778872336,-1.7233505954575772,0.5044305722919767,-0.0242936253229248,14
-8.535205340628481,33.08616119133772,-16.27615405047767,-6.013029061124207,6.891274322682882,-4.12547104137927,0.3873765173285192,-3.1161309104200448,-5.803379238681069,1.2889104615193876,-2.415048492735305,4.724669898366433,-3.97559034333012,0.1930480427954917,1.5551446883519444,-0.3659360794185357,-1.978264893457369,-0.6435899244353057,5.414767430125349,-2.505930944117169,-1.2134753032746763,-0.9211078408727776,1.397409845254985,-0.3843966265446255,-1.3855121024296897,0.8772853151463621,-0.8967569423627624,-3.529792497073477,1.242233925430092,-2.873458670062416,-2.8071340365683604,-4.111751082704197,1.0362231804251072,-3.720499054989753,-2.2530419872030225,2.714161617941364,0.2943895249746055,2.2853496935850868,1.2090743772218906,-2.6362857283175547,0.6326122384289312,1.6293218152717983,0.774819143393179,-1.7111751451105266,-0.1066435576094878,3.984351230045376,-1.345540735564713,-0.9385106452771538,-1.312459582455702,-1.956348642723265,0.105709536318202,-1.4366159852707314,-0.3908324075528332,0.7583687274604328,-0.8853682243189397,14
2.235736297752583,54.78464920586591,3.648422903376517,12.326813346344636,5.540539508431008,9.4656894015518,0.52228662432051,1.867095520810268,-3.570879245943125,-2.9555575894213137,1.284248311846819,-2.8894505129441885,1.5503257648661148,3.985306700246468,5.28639892430818,2.802771905925281,0.8869906602316653,-0.6263089490455814,3.3826764900241373,-1.6601804808198184,-2.371489673922805,0.7607173583305593,-3.184416234214523,1.4204727108121749,-2.5143177469716784,0.6533063706044568,-0.375407358199848,-0.794594997510607,-0.7596291718101542,2.3994774082213706,0.6794057780409567,-3.303165636118518,3.150502393548364,-0.5207320676707503,-0.9035005370917886,1.366400126923352,-3.623984709866601,0.964645653340052,-0.0200267709923871,-1.746239447539565,0.7289626767567914,1.7557441939219094,1.443388197613802,-2.933496248047939,2.992486728985257,0.3794546199168592,0.9423201052537596,2.023261813433871,-0.4525914240811794,-2.7750429774738143,1.6424552414396751,-2.179287833454463,-1.6981585171783773,0.9861130922095208,-0.3831397945120726,14
-3.673585840790926,49.741750694996114,-14.906635908541697,4.191981068994791,7.559545744857554,-1.975654464178804,2.581708063843325,-2.2172436484077505,-7.000905144614922,0.7026564990457623,-2.651078495286003,3.868501387710896,-3.208007713713376,1.6568441944037344,4.8029580284908056,0.9006584396930418,-2.4372741696695592,-0.3524202934547569,4.906491186679333,-1.8076648188654043,-1.4259454056026986,0.1380659306035888,0.030641684348656,0.3674350760762501,-1.4196490617380058,0.363516648328351,-0.4680350865930588,-2.23859756853953,1.1544565309777213,-0.6652391473038044,-1.6543606445529584,-3.155156029639467,2.473076424025951,-1.941329368704016,-2.010885029061879,2.053908378692443,-0.252049845947593,3.065799109193856,0.5855113110602357,-2.452695290771402,1.0831305220554397,2.897339861832335,1.080094365259138,-1.3681586691957823,1.7710977298610682,2.9965731361476724,-0.2114356634438905,-0.1488661318037593,-1.796398984344001,-2.1185896396369386,1.671015218073997,-3.356349107134166,-0.7546409083258526,0.5937653961615001,-0.3621596334929236,14
-3.123098833498305,60.53089173818,-10.733209495055512,18.10648271975973,6.5153407647573545,0.6615148696689255,1.4006887207970988,2.287205408676443,-5.2126864000989,-1.8731196292385368,-0.643341591453251,0.5441603333859764,-1.3360724750502595,3.2098765601178245,5.790538687412483,4.387533855430484,-1.5569143392211031,-1.303031035416867,3.7154508277921767,-1.6681187936856223,-1.2563037848794985,1.576348577483084,-2.517794716322868,1.7311981600426158,-1.968333820703663,-0.0605635909319108,-1.059581904955286,-2.718779227073589,1.922121203053314,1.725303026495226,-0.6636013370277122,-4.184030133288893,4.2238044143981295,-1.2229002346760534,-0.8902120048813521,2.004366654663838,-1.9349194212740988,2.816441480462692,0.6172944301495991,-2.78127004044329,1.199082116968857,1.7136936123137885,2.0192522750513984,-1.7503342833563256,2.3977070489753336,1.803968597418427,1.0063238135414123,1.8530916434901092,-0.3347011986858802,-3.207937274839444,1.4034918103522953,-3.0088620542281457,-1.1932585525503487,0.7886792100206176,-0.1982105614493705,14
-17.316101273724215,35.21621824403123,11.750822088338705,10.861938224709816,1.7045021836702563,12.978700144223076,-4.706281539330496,6.30508875640439,0.3742365457276572,-1.4018993593409637,4.937358062957237,-2.949867260479093,1.2195263106292125,3.5059357042504,3.9007263492145694,3.877418274305606,0.8822934567223395,-2.088462390419584,-1.0939912650893946,0.678490469677726,0.4483937910575473,1.2426696397787866,-3.398670287965349,1.6062807727644814,-2.2350566857438605,-2.9938780731383523,-0.1312465945778,-0.1963023220140931,-0.584173350738003,5.358348549209637,0.2459216840342036,-1.879989997213916,3.670977417439099,-1.4964444842621774,1.9362661582934304,0.1047085614211313,-1.3870837530886928,0.2063861963527107,-1.0063681131232858,-1.601349531889886,-1.5307362108960636,0.3957016806825338,-0.7097812803322545,-2.474253478814616,3.197704548987256,-0.5025180010986741,-0.7843038252010667,3.17640196021186,2.5599009569833595,-2.6742184318820867,1.1483082245864216,-1.6174186925329184,-2.8763822987742254,0.9318944012733432,-1.50967824628229,14
-16.698415936150244,37.19707843863898,-17.720043537270595,1.6779548785499003,6.302034803444135,-8.93725961478653,1.4000793176371351,-2.9682923322693977,-4.207849277631171,1.6181329835537068,-1.4874173545113725,4.650666796338163,-2.8757379274588706,-1.1578809249666018,4.193933373997663,-0.0341981486066337,-2.1685153389478686,1.038089918058552,4.936335342976513,-1.738092317681826,-1.6335223701348256,-1.368945973870623,1.459155047344641,-0.9627384965543162,-0.6105730317690339,0.7009467961428473,-0.5077487687858576,-3.142668440405492,2.7518711572407084,-1.4964464427648765,-1.7513424286876096,-2.9212905662442443,2.780081233601475,-2.4578090830138306,-1.9424121948961648,3.701755081847952,0.0018609890537896,2.736963722541696,0.9513743196133294,-2.5179817280961205,1.040050031798632,1.791722486744901,0.9886339293840432,-0.6572460607102092,1.0009564798614436,2.896475518643762,-1.5701338928286046,-0.78819039899392,-1.3299901845507414,-0.9617574443046234,0.3002971543305859,-2.366382612780799,-0.553857439341291,0.8945901369567734,-0.613844539975833,14
-19.425504989626557,41.291787035811154,-0.1417942480307844,17.419934963352357,2.786601936749514,4.331646899852956,-1.9696979574825764,9.482632950400626,1.7324472123424446,-3.1247640128361245,4.377161230958,-0.6602498721033756,-0.677204816367784,3.807947744235337,4.161149120803768,5.114786793351392,0.0483917286462011,-0.3706006469941805,0.5616460280490785,2.1237848957892966,0.0119418681897804,0.8597458776968,-2.768563848005741,0.2827986587885199,-2.9529167023705525,-3.12580389783123,-2.491841141654997,-1.731880778275784,0.4019053286256792,3.220067089048913,-0.8432035797651909,-2.261852107010691,3.847126401983289,-1.3471288350480504,0.3162649057277092,-0.7059175168837286,-1.7721804398370784,2.0083576848170024,-0.8919373848324674,-1.3464821774952966,-0.6096610944167057,0.3361109999990995,-0.1156206925362736,-1.5815622827478248,3.884884859618596,-0.4769561485563508,1.5219252135774688,3.920628159766397,1.7297052009578822,-1.6522644337642898,1.488847202412391,-1.347490464489757,-2.4527297298211925,0.2872703697414108,-1.11729829544225,14
-17.916805570978028,44.21252498758721,-17.844153774640784,12.670249630814132,6.385199861733804,-10.829886532219124,1.6197559754673088,1.829184935443169,-2.442578794691097,0.644755014555444,-0.059940764350348,2.83546633992443,-1.89457953963206,0.2349284644744573,5.129684332992866,1.1442994277305012,-1.6128848169899956,1.093566981085469,3.909810063809039,-0.4443643252337441,-0.7768849999989857,-1.0421907049275885,-0.1839985215831583,0.2646362902938637,-0.6538208036069334,0.3545223244014001,-1.6270725480993469,-3.373621133987741,3.835669606230966,0.3275926068362469,-1.2908383412602022,-2.622504095124413,3.4923602242403824,-1.5909696885108815,-1.1443746891113733,2.068146638224042,-0.512635741941112,3.4577329352012325,1.0300939944154874,-2.6007347836373014,0.7819892699640058,1.7979522735528368,0.9786745096180748,-0.3847753209506384,2.07262043582181,1.5586086892806277,0.6263927166067853,-0.1275579304260066,-0.3397036459135174,-1.366281593854388,1.3307229431838097,-2.583887361683762,-0.8238671927856089,0.7953821186428929,-0.6218071272489296,14
50.14693725611939,12.423237290104876,1.701950605792867,-1.9134139154528975,10.830027534986456,1.9160380726315995,1.3570552082991238,2.5753787476729464,-8.72255290301524,-1.7062329869383748,-1.362602809105657,3.855638299380095,-3.045136915949991,1.1926137583503276,2.2759515815635383,-0.8768363840169456,6.339462452900377,-1.5582980919119267,4.837323469497626,-1.3347510832069944,-1.0008727095079932,-1.456918162303405,-0.8690596765377464,-1.1269201810886014,-2.244757386727266,0.4681915268822664,-1.1274260313265747,1.5900405613131865,-1.3378449228324611,0.5885481038335689,-3.973243178600202,-2.3680699831003595,-2.8340096445106457,-1.7593012646210304,-0.988034449616472,-1.0057033765264811,-0.7619296210494378,0.7621277414243004,1.2548362794579255,-0.1958784804282278,0.5638493470740522,0.1924015336840007,0.1944846843258327,-1.2543771547215123,3.082858028403816,-0.9609963760988296,-0.3459202545169719,-0.5846764851165456,-1.8164234859402717,-1.1185050111159294,1.0581169161439905,-0.7620600626173573,0.3672888516547183,1.6464434148448577,-0.6702534218511313,14
-33.7956446845233,21.888342316397694,-3.4794449492562327,11.335921901652844,2.806054952880493,-3.3645739979243423,-1.8630046228296957,13.407482451985546,4.705050598468423,-1.072836328630736,0.2911370382804187,0.1256322036196651,0.7274411126063232,4.973924151168981,2.088373873071235,2.759001623580912,0.1976226904690552,-0.6770511816511742,0.0209824557698419,3.415011714995291,1.529360173337293,0.772345200253847,-2.263413462248684,-0.1249018859927721,-1.454704408058853,-4.131738115167694,-1.2613938044514157,-3.026915092599013,-3.262291968395353,2.1691948959243192,-2.3996885826794334,-1.0466989166843443,1.0480694292897184,-0.0255611929706953,-1.802119093359194,-0.9040255854349424,1.3891206437903796,1.6147039253583482,-0.2936391255852727,-0.4124790503724472,-2.3337577688398627,-1.4447327228314235,-0.5906679769709272,-1.0112708510453323,2.496948907634638,0.3133512810157569,-0.4581795951029189,4.090903975272416,2.0186346329521525,-0.4273593891904138,1.540029730011811,-2.629661570263219,-1.5632686831174682,-1.5052891467871652,0.6454941035182072,14
-37.50102017784424,9.041006393246688,4.3835854522234925,0.7223317410243648,0.6896714935869456,4.14179678149537,-1.7747482910876176,8.889424635824916,4.07778404345908,0.08533373733574,1.2667892689349924,-0.4933401550293834,-0.9062148321883322,3.4264896826449704,3.135977202295099,3.9644118193722417,0.5837738082819215,-3.095148865419272,-0.356516761386549,2.427026183883008,-0.5539441971601693,-0.9539443539313164,-2.211968064693768,0.7985751069985969,-1.0990930870137718,-5.240969826119134,-1.6921684537002362,-1.8201368520494272,-3.51740257099732,1.7437953355474505,-3.4495693459055703,0.4869540681945669,1.9271278026018852,0.3615357792952237,-0.1640810981625743,-1.555466332768206,2.040381615833478,-1.9443242310431048,-1.8296227450253848,-1.091382714612263,0.995881096381405,-0.1097665457171584,-0.0940035113212809,-1.30460255620731,1.7841661230593435,1.909094012555176,-0.8051604227892567,2.4819021690792247,0.7098544767690019,-1.0209144918145778,1.4893143913832056,-0.2863799193171555,-2.601796141922481,0.2647282591108554,1.0788144987585724,14
-40.45817597172474,-3.2155197757954417,7.145672091653767,-8.06726839461915,-0.115725730559348,3.865316369126351,0.1086473356395777,3.782696984875229,1.891345727754544,1.7541102498169678,2.8086339698494296,0.0481516102194177,-1.3133566612573355,-0.1033651385669677,2.3645557754490847,0.4050727843285089,-0.1977517722068522,-2.553468813448701,-0.1903544036664889,1.219197355361347,0.3755110233423995,-3.087661495115681,-0.4990783101587187,2.060296727234832,0.6870485547326047,-2.16638071359732,-1.1145697441835818,-1.1454400372587683,-0.3735805554018966,2.2994564585169406,-1.5310885178486444,1.1455944043644406,0.7343041317150549,0.6206963310243433,-0.5105934534812668,-0.2436549060713854,1.4050967814886357,-2.162574549811064,-0.5495171905472716,-0.9282968724548836,1.9548154445186672,-1.0306381986248812,-1.620314563632769,-0.856249099736131,-0.4315525692471855,1.3411714325420072,-0.9471831428978216,-0.9378198145764788,0.4362713476900907,0.0123118148601918,0.5046354043075632,-0.0270344293258006,-0.968333536650164,-0.002754780198478,1.0400278285512357,14
-34.29019367936567,22.80031040504258,-15.915827219394927,7.928851293501362,6.572311380946857,-18.04825680772851,0.6761994311726879,4.789866018143976,2.2296397004095985,2.6114518739824994,-1.3265890895451764,-1.4676091439984502,3.2704960653825395,0.847993282934521,2.5045744731153223,-5.782562907707354,-0.3508957114993835,0.5437778580552475,1.075930144100247,-0.0203465370195225,-0.1867914336272096,-0.5738431010559791,0.6024847996657422,0.5076863563511779,-0.1076468751704158,2.239404219206094,-1.1231482467265748,-2.165579868102668,1.0958790039739292,2.709167707607036,-0.7967554078101955,-0.9565945524418504,1.4203637902891204,-3.3060804347379382,0.6368171988884234,0.758443108566861,0.3685060515903616,3.194963524457913,-0.4453367292955013,-0.6838020078279191,-0.6263474823096569,0.5789399655992544,-0.7039754616229951,-0.5843097703447278,0.8004842441063811,0.5983416474305869,0.8430673530840656,-0.8581664808942129,1.0802838257094245,-1.4604169466275614,2.642571276587082,-2.396543807276489,0.0548171750497077,1.86843844011266,-0.3034922445073244,14
-40.38207205520201,9.354548072224006,-6.433417638124136,2.5970486722930906,4.425239023517442,-10.113588663520735,-0.2594621406046578,8.743602527274188,3.926534096034617,2.122233177919182,-2.8969004798975986,-1.7215556900555906,3.566531267747275,2.8086094557724626,1.3286806368873143,-4.020992518795518,0.0136828810188788,-0.6862412787218244,-0.527608207343166,0.9783719260666964,-0.4579859356670296,-0.8884328377318087,-0.5613777460102826,0.1397169056128564,-0.6842071498156207,-0.2911123120091566,-1.0748553497518207,-2.34156782874034,-2.568339006892061,1.7590373615354935,-1.5029212455607697,-0.3712715258642073,-1.4429156161800707,-0.2635086452180264,-0.7297209714188356,-0.2509290488849282,1.8225931719266728,1.2594224627482873,-0.4531685655066589,0.0283471867041432,-2.7945009949995443,-0.7517966213822322,-1.82781806520181,-1.7955315637901847,0.3299978474096464,-0.3402611632718604,-0.7237101359279505,0.4008773302851596,0.8292601521941863,-0.729372415807001,2.0604369392381847,-1.7977221580694465,-0.7564574476461803,-0.1361144657820123,-0.0395281883352061,14
-41.28845230064548,-2.853579622799844,1.2464790707902051,-5.5489884961565,2.6856262693013777,-0.6424479992314539,-0.5163629540105512,7.225577332421931,3.333003853752303,0.6609745981384557,-4.00215874780007,0.0785843392138913,1.127746124173096,4.525248066189928,0.7478660286037012,0.6218120376017859,-0.6775305971990527,-3.377461290324902,1.029788223221758,0.3771342029094271,-0.9481382782222192,-0.7334109134377401,-1.0331527657162365,0.6299353033374698,0.1531348021179899,-2.072789417609141,0.6538109483016049,-1.4033965049121044,-3.284080084236056,-1.9316832293740496,-2.291380664245165,0.8241289844918505,-2.073430008773863,2.097866205546914,-0.7427565800204501,1.5909504535255683,0.8809380301777274,-1.467765123203539,0.6540636664759251,-1.2111962862263257,-1.712898399454338,-0.2787138441434797,-0.3828792703504791,-1.6142397613995292,0.4272094618970342,-1.7266141216481303,0.1436267930607367,1.7471158903478874,-1.958913573901785,1.0502619809559652,-0.0122892858925933,0.4970179851353706,-0.5526413496592686,0.610083549915083,0.851035951941639,14
32.853227969110435,4.603334534903179,8.512760505169974,-3.559360992614629,8.241707140148987,1.7918157368204883,2.290075759047874,1.4562051990142,-5.450372743531123,-3.9320613175329377,-0.103369651422791,0.8788746077145217,-0.8487633562096659,2.245832304067841,2.2139163553837147,0.9158985806288787,5.89392499093012,-0.5504599299196563,3.5586569291193992,-1.9827648606453476,-1.1664299548131758,-2.838961773735542,-1.22745497409524,-1.2215987782796645,-1.568472221628409,1.556865935622896,-0.7418695335794279,0.6785452410076263,-1.904459382067461,1.7239643050337956,-2.671146169936725,-0.7225636330278764,-2.3595985884906634,-1.1236028342909572,-0.6760086715908598,-1.1632868913314065,-0.8136520298738817,0.3083232214955939,0.743989231388182,-0.9981281225684404,-0.19625641251274,-0.6107684158963141,0.1146283283651187,-1.374629793777738,2.052235063436969,-1.3765726783576964,0.5712355235558277,-0.2238992483757783,-0.8507132305158103,-0.438223120579858,-0.0948323237641083,0.0455882634587928,0.3125708887403022,1.1175081682521029,-0.8105159284155979,14
59.389377139859214,5.912679221391651,-4.067321305756804,-3.4743678259404702,10.076465547266237,1.5597429283046418,0.6938785952762909,2.661227254122057,-7.4355140702723235,-3.107523509539193,-1.5659306048135189,6.814781407831116,-2.8538833694072308,1.6947512672110543,2.359545033166276,-0.9194138191468544,5.26426435033838,-0.261482613093196,5.047973888130452,-2.216816463416471,-1.4098692102378083,-4.012210000772717,0.3810090380283624,-1.6318558754403494,-1.7697905383709378,1.6549868005275268,-1.2437600896011134,0.5238552278896981,-1.4223379618656775,1.7125722181088503,-6.33235951327072,-2.2791028368995128,-3.242554362475682,-3.417519581780382,-0.7098896244420704,-1.0811387605204572,0.471605484218026,1.1720231225991011,1.6173313034149646,-0.2338495665483972,0.7569085581607138,-0.9108722652688704,0.9038847183417432,-1.369299602063887,2.709824822383517,-0.9077245729544728,0.3694184824902337,-0.7012497957717353,-1.5179463383183402,0.3536663464151275,0.0743480308745342,0.7222768020286916,-0.2471438647028206,0.6643982179699572,-0.3595002381756809,14
50.16647907564265,11.514495349665792,-10.189202466242808,-5.5490136968173545,9.60478363166203,1.0731982931437294,-0.6617012737336353,2.80587460954086,-8.83203688050409,-1.4060621211697677,-3.640497396650521,7.414497107980234,-5.339058385313351,0.7866818462643168,1.9724138766373176,-2.885797140419839,4.72596435968096,-1.389087754400797,6.111713582288197,-1.0405847420591567,-1.6732186375676428,-2.931818698691855,0.620094160208445,-0.9164598969407404,-1.8409049385603284,0.7717181729822051,-1.617098572271077,0.6312644438968235,-0.9864739104048036,0.7393211149008247,-6.320775162353571,-3.2210367714015677,-2.362475457508936,-3.267697333244604,-1.2175230594710649,-0.6899909914181175,0.3685963404823746,1.320318767791025,2.053686394602687,0.573465012509741,1.1633334149129309,0.3946557447557999,0.8450245590096885,-1.3130716649039371,2.480015036589876,-0.0315447474323032,-0.1321027967633661,-1.3018045687645816,-2.05955898838328,-0.1357454891738788,1.1046487668207463,-0.0042803879292944,-0.5035223754007828,0.7279490600136899,-0.4529490165892214,14
46.71976626908984,-1.9915071173353411,-10.048383504393849,-6.339371871107888,9.003453741237335,1.959529340786241,-0.6104158334460927,2.54783194710334,-8.17888455224767,-1.3288814834160916,-2.729803062761909,7.697027348704855,-5.030844850276245,0.3712947557514665,1.172903911113528,-3.032297326397478,5.2688394807986105,-1.3143212960126576,5.309297538305889,-1.457425103482582,-1.4362956707194947,-3.497698816928267,1.2357233596782442,-1.1167779260160902,-1.520600634241398,-0.3193665345259895,-1.995934460631785,1.760446198420864,-1.3081351001416834,0.6504678915260507,-6.7996669139226045,-2.1614372943438624,-2.251222841644414,-2.8182274592026206,-1.0485593700144054,-1.2306704539094135,0.8521602698109285,1.0746741991278894,1.988385686325488,1.0368565574472002,0.8628704822172366,0.31453093602608,0.6487921040617136,-0.7780716024650781,2.442171466700356,-0.719645541201425,-0.1354313059440534,-1.5002244350392848,-1.89711472856702,0.0223816768031677,0.9144663028697284,0.3408628449070682,-0.8028610803914646,0.6943017031842704,-0.4489808467431493,14
51.68661617637254,-3.7851625637610495,16.38559003801827,2.86754690639816,12.408062953690658,2.563269064226752,3.1451811116550368,1.4890014090087789,-7.656030805011732,-2.404230923976897,2.699894244575619,-0.3888755582716381,1.062756627212686,0.5833216495157585,2.4159594307508647,1.054740339900496,9.954667257166331,-2.0637587701972246,2.6163365614398377,-3.188824922956224,-0.3913704404934562,-2.017970331802714,-1.507079132567233,-2.0456411831225743,-1.9970136646038104,0.2885671501594997,-1.741628137322568,3.4273342143916983,-2.821525702645586,1.2983827250551647,-2.734832942702941,-1.6569401602760487,-2.7666699424920544,-0.8109492405348678,-1.3446784720001617,-0.536592283109269,-1.310580197382364,-1.0445020064458563,0.3179313466355835,-1.0909862989091894,-1.3381405430478444,0.6457774993321522,-1.211768607177097,-1.1543311890776655,2.7378458889099204,-2.2313633006717737,-0.1928191964676204,0.0750342939057807,-0.8016344805587494,-0.3868377949806699,-0.9187363993580204,-0.3575592886943811,0.4696003700377947,2.425298375286305,-1.1857083200182053,14
59.92034907629884,-12.202775008540552,8.68076881621442,1.6985961630673525,12.107133502119874,3.071888594856615,2.7325519248943824,2.0440551904837405,-8.643461541182822,-2.698335206495734,1.784712542755012,2.9310082671188886,-0.9613446861820102,0.9633578254682912,2.1807451868397822,-0.7766806367249914,9.831869658223829,-1.824785669333296,3.119930502706177,-2.4088890316524405,-0.191859709164024,-2.444447634861592,-0.1646394332012719,-2.1791762673737773,-1.9042266575952969,-0.7333989463566035,-2.7040313175095108,4.425640837468481,-3.040191169553116,1.075421693687187,-4.832825090464973,-0.926358994261597,-2.8619623249055133,-1.3401145176231553,-1.2654819439289666,-1.1221813666899607,-0.4667918858648652,-0.202266117667956,1.05187423965025,-0.1700499104133289,-0.6652561675342221,1.0680446489921105,-1.0812569221147277,-0.9015875142173044,3.371444620102789,-2.0944267472185207,-0.0803968960206645,-0.6404105238873503,-1.1331251845443913,-0.2165994937259389,-0.9906358795252044,0.2977472041927431,-0.3587305567555321,1.7094114509634053,-0.7692201132644816,14
52.24364813986947,-7.428308690346331,-4.585393741957908,-4.344572675536759,9.801909292842751,2.8787387398734268,0.6662775999933277,2.4830153033695592,-8.62362667651723,-1.8069785060485168,-1.106955833415025,6.923093471832735,-3.9847884730791385,0.8808383879447461,1.3735285874777992,-2.1049477758488115,6.735525445943502,-1.053283334324591,4.766805617126962,-1.6763199535905766,-0.9942215494083062,-3.44592136999494,0.8792011035187385,-1.6476513161982853,-1.7512299512977252,-0.94131002868047,-2.196686511740141,2.7573472745961336,-1.7137347721091007,0.8183081177429563,-6.432722623571783,-1.1710833908505265,-2.542186923187323,-2.031253395297387,-0.9383517985297544,-1.5099502992245584,0.6367700370325312,0.7533839773644264,1.8056271849633376,0.9929930116781952,0.2418084719802304,0.2660734439735562,0.3487606613811696,-0.5395427523823318,2.863161973800577,-1.30563334142922,0.0810405856347256,-1.427705020036285,-1.492254453798019,-0.3643204930281961,0.5453565027423459,0.2696954825266561,-0.5784673839656232,0.8481322367746419,-0.5507021410074128,14
26.21709284475114,-13.720787543172568,-17.842692129852747,-9.935037814711556,7.04515697042329,2.6859419314982738,-4.216176914148205,3.2454512311539463,-5.38573343534199,-0.2232793525775999,-1.901785746797653,9.817214503662754,-3.580034392116235,-1.5545246954222196,0.0912083339890909,-2.213773873833499,2.867043813088453,0.0916298731281403,4.782421217270302,-1.6301839165720298,-0.4100131384729547,-4.613109947633032,3.039910456895637,-0.5239421281469497,-0.0479504529294504,-0.2148481930682663,-0.2104640588188067,1.4667623860423626,-0.0823501818038719,1.3151650161430817,-5.456989002027085,-2.972390304023294,-0.029135899911435,-3.64103674852154,-0.6061683065566974,-0.5127867435660718,0.827020860660207,0.579544316628557,2.1736177494904503,2.749557062807721,-1.057709925037608,-0.3042406553184077,1.0778847523239847,0.0768985943227494,0.297003766049996,-3.1446741890153964,-1.9947806482206316,-1.989857794720112,-1.4965405122261364,2.351533498347144,-1.3216437925083933,1.9348889909363531,-1.8347083440291756,-0.1728004469345583,-0.3295714201408184,14
50.89434985775584,-17.40988730360626,1.0037371905933392,-2.214637510379436,10.26301835590999,3.056279423460686,1.8358543643454317,2.468571060744403,-7.871232270695222,-2.077467776380385,0.6387357269020203,5.354818273427727,-2.4970242255420736,1.0822575160280694,1.3568487581755215,-1.6794519392774323,8.34467859778775,-1.2039017990897802,3.53550546303699,-2.0215125477918776,-0.4073606179744387,-3.3206838896332656,0.8230872096906067,-1.908437343103498,-1.512899516340549,-1.628384296042026,-2.8090320229055847,4.019331738080346,-2.564759871660429,0.8069549347182308,-5.83121938469245,-0.4042693400609496,-2.087595145892522,-1.6853155260643462,-1.144894760508066,-1.6712410979404069,0.3925971208521978,0.6886795718802584,1.4506413060898704,0.5683065832940619,-0.2945137267852605,0.7989616835203528,-0.6948275283816836,-0.5885666780533413,3.20034857526656,-2.018246526491469,0.1407711156198506,-0.7964501549007794,-1.12568755438011,0.0507773004843275,-0.3411470952041165,0.7003460515455051,-0.7638666412967247,0.8983672935490428,-0.640555630019962,14
41.2624018313146,-31.243807442515465,10.397904247475305,2.7835536858597862,10.260696552124148,-0.7378172818764018,4.501748582519845,2.36816665489535,-3.8985920708373705,-3.802559408929561,3.4197108305392483,-0.7990814147644301,1.9602190194182063,2.0246557632443523,0.6418157876719045,-0.0207696846544391,8.455598322472078,-1.0861962236520386,1.342693882433668,-3.0867285479130486,-0.7226326054393253,-4.262376880302904,1.0649377493201788,-3.1626902037957167,-0.1591421295293772,-0.0148192793848291,-1.683023650961192,5.481551685026594,-2.667872734704042,1.1082142300618754,-3.8802274140695743,0.6571036214781478,-1.37004795203785,-1.8918764426327,-0.9738734978354064,-2.1524256212356656,-0.1318309714036031,-0.463833929544514,1.1355097519238415,0.6043341362219029,-0.6637525400880501,0.3566196873612425,-1.3176859081123289,-0.8574079647265949,2.040600114860699,-2.8772294792812554,0.5783634199760334,0.215965835628627,0.4587880581081776,1.7527663361680463,-2.452880192315171,2.3635420447334248,-0.7110190576866424,0.9887813983952402,-0.9034429343709816,14
25.761688503918823,-26.18924322843626,22.28302891591644,4.725692092822349,10.279825650696996,-3.733612825901663,5.459402648869368,-0.8171878963861279,-4.1737963851715945,-1.9167020826457648,5.542366957291271,-5.703981216468597,4.887167501346485,2.7972477161401934,1.4977433023640507,0.1621767703121725,6.935416368962013,-0.9123110407899732,-2.367387717498527,-2.3429588833886035,-1.1791057444392194,-2.69781141518051,-1.8178896680397845,-3.2080779021398214,-0.3890733743903655,1.330721351175444,-0.8020119259136568,4.827812835664449,-0.4760384240139182,-0.0229135228058823,-1.861209659296237,0.038104413238436,-1.8362854208602453,0.2872345987023934,0.7023970281499644,-0.4859296981960073,-1.2629272063434671,-2.071045505458431,-0.2361375797849224,-0.4319829180089782,-2.068891282767812,0.119609973377572,-1.8096910696006832,-2.78019088785687,-0.3404132300454332,-4.184015354610028,0.89386867860185,0.4858437742144603,-0.4483919198576844,0.777415612503163,-2.216842972867312,0.764453339813315,0.4039264299591137,1.3026058298414056,-1.2591051532271031,14
-16.995778422564122,-17.47160216614058,22.934834691788808,-1.8126639458729537,8.329820892053698,-5.299698728311661,3.215741430357407,-4.302449700421063,-2.0247032503606337,6.14539446769004,6.361611391456516,-0.8619404339758899,2.004788331279777,1.843912504522666,-0.5236536667301707,-2.550781192168677,1.3836625076927536,-0.2884068986154777,-5.402857641328595,0.5403856180489903,6.615667987495985,-0.8719815463478511,-0.564494926188607,0.0948731467805964,2.3914489181267604,-1.1386891504559509,-0.3533157900740824,-1.4990404068979757,3.622513132141547,0.8415657969791149,-1.327615305146934,0.2750810558348078,0.8766581738538234,1.543110700990332,0.3359894243762629,1.9065672185620712,-3.787892365133681,0.5682201726696924,-2.1344081698515303,0.4541025439423236,-1.036004594722487,-1.9792260904006485,-1.0649208305179216,-0.5053602921756513,0.0913509090093486,-0.2631346445332632,-0.6521542183260635,-1.1422110104678969,-2.1179024264941035,0.3637064438390444,-0.1614923669344384,-1.1093562875968668,1.1651322157211823,0.5102911619884184,-0.2028418029779699,14
41.20603816237147,-32.22350367440654,-12.04684676314494,-4.658379267216526,9.524691299401766,3.255517622350436,-2.0504741158960944,4.857700793246231,-6.002253868553848,-1.847122151882177,1.1502549765344394,9.273056433964763,-2.6630446421298157,0.2183426503812346,-0.5408081468010413,-0.5129900322293238,4.839068917408201,-0.3402746673967718,3.419050287167609,-2.185202164003075,0.7282008643211085,-4.490790851216957,2.337498393617343,-1.85021314216372,0.4892549580781581,-1.2937682388133245,0.6046544597441994,3.9346313097222176,-0.215830166961808,1.6319827455916378,-5.90517560577727,-1.704063667458216,-0.6140605744449366,-2.716689462559199,-0.4042175209095164,-1.660704163355882,0.8107345561488308,0.959445860183118,2.5110942122808457,2.460301360947845,-0.9367752119210158,-1.730546839661505,-0.0964307767699019,0.6853112849799188,2.2853428699825824,-4.390228084845405,-2.126757726351722,-0.3950425768299697,-1.7604024490899923,2.1115032128874778,-2.051975816403786,2.334795781811265,-1.888802546406773,-1.1656633003021342,-0.0359005285958013,14
38.56920165888575,-46.29152844226604,-3.4318642350073825,3.184285813123522,11.085069248103649,-1.3273829901520624,2.2057062691557445,5.71178327166719,-4.11721179790827,-3.2443708176273502,3.3972242800575856,5.147274420145912,-0.0663700203466423,2.8975856316070554,-0.3315162038013777,-0.7946982755647107,7.169235434547415,-0.4844524422259409,1.5337860289900695,-3.300516160311089,0.7621596822185446,-3.681455569249539,1.6375207619972414,-2.496179818325139,1.7666837421253945,-1.0454718052000007,-0.5282649855410159,6.068268539466642,-1.534533952254477,1.6109760492811585,-4.883014858137269,-1.3954770706425177,-0.8181442602006308,-2.011320054803886,-0.3855092089302879,-1.7095039581395848,0.2814641732851121,1.4904841159391606,1.7103061256812966,2.150649971523253,-0.505596047510795,-1.8425593071524464,-1.073674233845093,0.8313708460454258,2.552543018990909,-4.402511746109352,-1.4137696016766423,0.7364194539897365,-0.6613080119733283,2.1291838306284854,-2.598626205001883,1.7171272776055777,-0.5878677642430719,-0.5098664981704498,1.0828910484627396,14
0.2693737597967547,-30.95716742080079,-12.359566897625076,-6.984686454655882,4.293355040023767,4.942229424265246,-4.239788362230697,5.711548015477255,-1.691515713363382,-1.0083593173474517,0.3330532760282186,7.10986354619687,-1.2158198757007863,-1.489830799432185,-3.2955505793421165,-0.9395069621208544,3.1738327918695046,-0.7306263337560058,1.3204652205789489,-3.291033344597667,-1.4164250775362293,-3.89166085409806,3.740345373893155,0.2710030816710748,0.678536377233633,-0.2345376566552636,-0.5534026391737182,2.3053361163237263,-0.5510496406300347,1.8875719856527309,-2.9563227822624176,-3.7759088144906015,-1.137876344287711,0.1999501423007283,0.7101861067161961,-2.2528584130146108,0.5406346678294593,-0.4736632153928121,2.349005906786116,3.647058637740566,-0.3709349277487433,-0.667230666613696,0.3941912245893952,1.447809114561518,1.0839206935825396,-3.139545647553978,-1.896053771558764,-0.4274853851228472,-0.8653062885030514,2.274407073053056,0.0433639660186778,0.8763853443320754,-2.000676627357881,0.0728251691403318,0.8566042380489692,14
22.49189138302732,-47.65744069296184,7.087523041739741,10.04414562375926,10.890895616471717,-6.481377528177125,5.522274927432324,1.3091606075143976,-2.8003246106337296,-2.6469267687813884,7.288898351174279,1.3948834058386863,3.035334179125619,3.279790911154636,0.6159226865899661,0.2548569874479445,7.640870717510276,0.117103623726572,-2.183958669490704,-2.4264281954771234,-0.0265031284859119,-2.0220445478893105,-0.682281434796193,-3.2067637676112697,2.030591203186909,0.2201804829788528,-1.3922144556657476,5.817894718167055,-0.9196614677416516,-0.1588877045763293,-3.630042902031976,-0.8660304674787699,-0.2188384327189389,0.0152745858874483,1.8330696965549995,-0.5129241171014959,-0.2052876499788084,0.1161462351377147,1.2230766199006784,2.042873388840505,-0.4351137807509452,-1.6676705531533045,-1.3960671359399623,-0.0870436443337241,1.1748321289239394,-2.7068502364410727,-0.5339649275145967,0.968490413601592,-0.1294164116613685,1.3054280974333277,-2.338204269709624,-1.021227336195763,-0.0470804732364529,0.0323307633059222,1.345323812224369,14
19.67478714884625,-48.18997503796201,-13.10803212377552,3.1982366484368416,6.655566339848713,2.8741190300084583,-2.1215964138278,6.824890489297493,-3.8712633410676007,-2.2083041194260846,2.621689570981612,8.952333056986317,-0.1215621784281131,2.0109098521671696,-2.8747796523591083,-1.4296153396745068,5.277809298372142,-1.4153273394993895,0.0415347586859101,-3.771103420739924,-0.9961820617671449,-3.294192805729521,2.756302680067293,-0.1747453207929025,1.932367579827425,-0.4159474622685556,-1.571681443892865,5.478118932402438,-0.4423727388963666,2.413493558710784,-4.599144688311164,-3.5428521153463595,-0.2329853178909559,-0.0227787912359653,1.6771165186931916,-1.887247138934539,1.5156635754548855,0.8800660334518984,2.332532694239366,3.6059115426293538,-0.8791095595885883,-2.5299733054101927,-0.7577715753424572,0.4685138272410619,1.7537883768655156,-3.754465901960887,-1.8831410585162496,0.0464048789644071,-0.94217056368448,1.145827445117392,-1.4971520120422632,0.5600384573375593,-1.735456692243584,-0.6093937444992049,1.7404838561770395,14
13.009594711097684,-51.99932781836093,-6.316815937352302,13.014793632874582,6.519418100070741,-0.719503865956445,2.8119021061250487,1.688427628676524,-3.161171304054595,-3.951794155948641,4.381638478218258,5.91453251008007,2.462429861389323,3.042195771631177,-3.374689873048336,0.2283898225422775,6.113854568729291,-1.801952689157275,-2.660162754085129,-2.7886647376498366,-0.1556002009981437,-2.3195817026697925,0.9852759952230824,-1.65135710576704,1.7284270203868313,-1.5105634861118702,-0.3595056443288097,6.036709516066158,0.3421757333381928,1.787585512289426,-4.795049620146643,-1.5752552162579152,0.7058946032784796,0.189289507003806,2.609111033797716,-1.6212906639955718,1.6513983643430594,-0.1775651595901851,1.3943515651947969,2.375987367507379,-0.2125907542578932,-2.3129228284956223,-1.1685563035757316,1.0071716411002312,1.3600610594337803,-3.633383849449966,-0.7927159177452651,0.2826333797921966,-1.0478223462979843,1.0520478958250354,-1.7575468636408935,-1.1976326384151623,-0.2084274587224371,-0.5933115490384875,1.4234816486915352,14
-3.775960729478353,-36.01643625553387,14.627809722472303,8.52202875561837,8.645404715975728,-9.33197216481475,7.005241597614918,-5.886196041234397,-1.8289806381045912,1.5159815113367994,7.420122055415651,0.748211718728142,3.623853396537585,2.981536305960995,0.9037113860437024,0.6030952848915648,4.02424003548055,-1.9782056035210256,-4.900935194325981,1.006324497121161,4.012910763823641,-0.7291007384101056,-1.8994146465441253,-3.6202715234411103,3.669699574492331,-1.1956965346528088,-1.5617274155456442,0.3848822802431031,2.1375383314210303,-0.99460075587867,-1.9701680579928116,0.00201703666523,0.6036754654659603,0.9523773338228764,1.396204312628485,1.7290816886984317,-1.6483169338439585,0.4177332099030683,-0.1570740696782504,1.9697917088958568,-0.9818724633643582,-0.3849548569314303,0.2764334645184569,0.1449028629127192,1.9395453691255975,-0.5699780217933993,0.5859536410593176,-0.2042973262231389,-1.85881339441109,-0.6538704962763575,-2.900122008867911,-2.4288964941803166,0.6933035161061248,0.2293758933644944,0.2837310365451297,14
-0.050405654557058,-41.74051509594821,-17.763462782773207,2.24640389775772,1.2603213854605595,8.617740324498193,-5.198550192522068,5.948012238396873,-0.9637895461414008,-2.600478440756439,-0.4352589538751839,7.443533839135282,0.6373892370246732,-0.9057165662241156,-4.335527154483702,-1.284112997519003,3.360660651105358,-1.2944007601490135,-0.3129866775366379,-4.788240121601853,-0.9549600386907712,-3.9255627298564586,4.135731727264335,1.5269912944859052,1.5226953836000072,-1.6222945695728557,-2.249289966015879,4.016399867715283,0.3158230800381934,4.095751045550842,-4.378717206699931,-3.100831618771086,0.1595578698885482,-0.7933868633700524,2.283345790048494,-1.5843367652841025,0.7732484521410412,-0.2476038070140248,1.6492859844615253,3.768841039682904,-0.4921801080327767,-1.937932225506238,0.4300716907851217,1.0891044009408837,1.1480964716527875,-3.775238563882967,-2.404352080261553,-0.4458798744908668,-0.0162853215025563,1.7733864516041986,-0.2974450104982372,0.0513501076890942,-2.6917173076574,-0.3608396290015934,1.1782627704751705,14
-3.055994701231145,-44.81001090304062,1.4993180296988209,16.59609769297956,4.960932822426052,-4.628971995554349,7.791299963223169,-6.755552127248195,-2.578393322987151,-4.114880865204565,3.886676908660835,1.9139284347285248,2.204975787358024,3.3012600402132595,-0.8412521895753915,3.432355609723971,3.449581062609368,-3.8950293042491766,-5.01713853627704,-0.1226911236000776,1.0979163695331458,-1.187248556858474,-1.3334977750869397,-4.192370621457796,1.948000697299669,-2.2433379126762216,0.7228986294915795,3.731294321233763,2.19060903469671,-0.6721248104601303,-3.3397707811944946,-0.5164858208199022,0.5519898823521854,-0.7759047622326174,2.24954813225868,-0.1049981265346964,1.6963944481994409,0.7972501921877853,-0.4536222961700737,1.183594179938413,-1.1248772644843716,-1.1402905266236132,-0.048238828616811,0.6438156401549365,1.308583878545285,-2.8508070986443785,0.3795505718784661,0.2718495156317918,-2.0705693235012927,-1.013300692297001,-3.2325508777707896,-2.5569146676290084,0.813629180548795,-1.0208787390894167,0.2383473086810437,14
-5.376815544186508,-43.67207258320115,-14.488957337227449,9.701382758055244,0.3672553732130726,7.341185941236932,-1.5462991334903973,1.6717772228824963,-1.3612247054087598,-4.074739639464821,-0.0640666001019654,5.344850538466824,1.8145923581920769,0.4826873032167818,-3.257206163788132,0.2995310419198253,3.4633825033871792,-2.1607862013897523,-2.11508709400268,-4.377013410781238,-0.9355217121706896,-3.646090847029932,1.6181702316420188,0.4725160844774684,1.6398715814173903,-2.029912516385882,-1.098166668620849,5.059145212720337,1.3072001713379795,3.4756765699970518,-4.545715853738483,-1.3068364510787154,1.064700951167768,-1.2856498864924604,3.0238644797301517,-1.422619882990023,0.8904603215545327,0.3545195620215406,1.33179823370984,1.8229089916976005,-0.5919172209943215,-2.4118846188770404,0.3869911429334819,0.6982870807738117,1.476161571715923,-3.19875507512103,-1.5215520753707528,-0.4290417822836133,-0.4186859426179893,1.2366788986463872,-0.6521308988147881,-0.627701382871598,-1.1020498756847528,-0.9452961118724802,1.067559543893711,14
-11.5287799817628,-43.16333030270701,-9.42244610861922,16.726473468332458,0.2768156406915778,5.069709811094413,3.589454398676028,-6.785992465231463,-1.2311051546331513,-4.841133566602741,0.4966589099076493,3.653699538001897,1.6602992949541084,1.5744574558965745,-0.727379809805415,2.126213491882837,2.442892036297,-3.476056101710665,-3.972267152493892,-2.068946603771445,-1.1885216914542571,-2.3117635059029085,-0.7277181225421406,-1.884510271788756,1.5251260206974038,-2.5225954612007517,1.5123399204963353,4.491034424514633,0.9931172102165654,1.6273708718807274,-3.814831949967246,-0.5693064438489236,0.730804355603803,-1.5410313609406598,2.884997596038922,-0.616585000400883,1.715007323404247,1.8423510474396865,-0.0958799127290474,1.1318654789653269,-1.279606651239226,-2.776151536324492,0.0743496780075593,0.5076804105207209,1.62034635994613,-2.673298765632135,-0.7505994893409501,-0.7802543017863273,-1.499423263835156,-0.3032181378862649,-1.3616324114780458,-1.597871647912462,0.9962579762193602,-1.2058805866318074,0.2290057142111478,14
-27.68271660713346,-28.942393552910733,-0.7321169070357757,8.089624568849223,1.1627046727413364,2.349129112355407,7.316888676686692,-11.515644908281216,0.3653209075271981,-1.4137261556861984,0.4907386798450346,2.858112686846079,1.3172635604155754,3.435786817702221,0.4328266751304045,1.5508957778615595,1.721010664682589,-3.746117584637312,-2.59655829688988,2.1997420315574825,-0.6518384332134105,-1.618185582566449,-1.2795380771613638,-2.6978261108835784,0.7021919230322551,-2.4886283077862417,2.6704178890150163,-0.4454614715139139,-0.3275653759492202,0.7372604890011338,-0.510118023969255,-1.663674072380647,-0.4917552627701581,-0.4710239463406843,0.2497288372515036,0.2820617337624345,1.5869546005266435,2.2422901223110814,-1.0348976875276732,2.4823512129895424,-0.3175068671356096,-0.7671714689921282,0.2487224092520321,0.7997892488266737,1.5299019246831098,-1.681819797234352,0.2233774696000605,-1.182875505440912,-1.7769020525623358,-2.3093464837755078,-3.574373058657794,0.1450433229503423,0.4996733688314549,-0.7918904370256111,-0.6942780018479744,14
-31.289114188027963,-24.17264534810823,4.190559825250877,2.871381735147284,2.2665494403451265,-1.6636184845061892,7.596210186882857,-10.464167787858257,-0.1531107596181505,0.4700871021005878,1.2102776227885073,2.04827615510687,1.2128524394395277,3.3942449838797204,-0.0874170135550399,1.8882717066259032,1.8046376254345444,-4.091947596232535,-2.1032131530899383,3.884647644814181,1.1144319842307469,-0.9109060907656092,-1.4652906984307943,-2.3908215196842315,0.6425253236056435,-2.5630977731574696,0.9784276458999186,-3.350656090061026,0.0927658691051661,-0.349663004053851,0.2058288844068053,-1.5293876405358031,0.1028935897085278,0.3209862899627087,-1.2707113023993577,0.4350048830890956,0.2983156430170635,0.6535951444199191,-2.568897827332689,3.910199687903898,1.7713219714066,0.4333992881387649,0.2565146384567601,1.177549298353084,2.0640462176785515,-1.1160542241956233,0.4115051930609456,-0.9195009599130056,-1.4793851984388406,-1.8102702776335635,-3.509048303514151,1.3264927037056344,0.406531844991045,-1.410641750081117,-0.2554103082993612,14
-41.26432599933738,-11.87475610039872,6.715797486552128,-8.8819732137979,0.6173406848026761,-0.7491343861242231,3.727468052030732,-4.378344231534692,0.0656897161183484,1.228520937874796,1.8713323332138485,1.304465345754053,1.192213049057765,1.644659757090038,-1.3745078205600798,-0.9651442412375564,-0.1750566908884393,-2.3850079885551225,0.5753870193819874,1.7152233952799232,1.073617818241247,-1.73123529345499,-0.5393865229179692,0.6749157083303663,0.1094709169995227,-1.032482680235356,-0.096457515674459,-2.081932661129158,0.7932935096423116,0.9394610484263048,-0.1801608103265494,-0.5738159009097508,0.3818717325403399,1.5551309583985482,-1.2288308568965016,-0.2936448982522319,-0.8193844299219384,0.4431320806502816,-2.087418131029892,0.4022179309424893,2.3150264424802187,-0.0242621453559934,-0.2096790228657553,0.7408155525044146,0.9957193544301736,0.7074668252058354,-0.3583849563016822,-1.3093348415803188,0.1935120577219779,-1.757630557774893,-0.9953696859302008,2.126206250852434,0.3556379916838377,-0.2936269979599587,0.1385462425652917,14
-23.364712127954963,-34.28042468659058,-16.430705145155027,9.58878591045142,-3.761151096871457,15.12619900536849,-3.801263028400281,-5.104423666165625,1.2539734187743603,-2.719292650617541,-1.9199331192725917,0.8913452668922369,2.6747707646127576,-1.0659774653021172,1.0607748837038775,-2.5024424204992783,1.2576878042355837,-0.9743122735291246,-2.1987764983896176,-1.875149812190188,-2.902668677520868,-3.476041635538909,-0.8315954962726946,2.4504618452131406,4.479216592003972,-0.3478908405180295,-1.0540369624975197,2.6701707938089343,0.517344044382829,3.413689926791976,-3.4855841691514025,1.059911680843323,-0.2850124538865382,-0.7329088085802832,3.159727103583073,1.405122758218466,-1.9453899291436143,1.8248837789450116,1.5130574929089275,1.70191344643918,-2.2433320131799035,-1.5548215375216872,2.303140345897601,0.8105659364668489,1.452169616469586,-0.0892389921927444,-2.4527408998447777,0.0641929254198467,-0.6924649457049048,2.307071745757639,0.1884638754013675,-0.3873819469625279,-0.5002384248966275,-2.639797999948287,1.6690817099522417,14
-33.11394205327231,-25.87557050330881,-7.489237684685864,6.510367104332971,-1.7968735215921745,10.755979390533914,2.607547065897098,-10.77440210582399,1.621510113477895,-0.1537413257491366,-3.1709638159043383,0.3117928046426017,2.0674774402087985,0.6059205232610555,2.7668017706046024,-1.0367820664332232,1.5170052274606778,-1.029458527599924,-0.98936367556158,2.906569062911573,-2.315239560682234,-2.6299837189698745,-0.9149465653335797,0.4547904893940871,0.8252327714032626,-0.3694746550123244,2.625478534226783,0.0941280265134897,-1.4729087175744342,1.2859015186729144,-0.0582821686907827,-0.3112118911885602,-0.7572461518264691,0.0264512612793777,0.3563101263800794,1.834907241004716,-0.389200388829918,2.53799214315866,-0.063081265475643,0.692310308319745,-1.507757118530738,-2.277344402306435,1.0790977853430146,1.2120179672919953,2.4912721237477915,-0.7584807357294261,-1.3744217439825863,0.1132076998048801,-0.2754588533362124,0.3442239205741065,-1.2710084604395695,1.4255504534478312,1.2133400613573897,-0.958255069784436,0.3494275896840437,14
-40.97702002164413,-14.865976931938183,0.4256259246562863,-4.162314137497144,0.5600338346217226,4.256847546877079,4.9060290708407255,-7.916906816937925,1.3442114538854102,1.0897507958327022,-2.896534571612819,0.4278903755422785,0.0475673225258178,2.382623464146914,1.3487526232697769,0.1112225073379849,3.3038509967032543,-1.6996359128698808,0.9468347412923422,3.181635459866094,-0.1663919101193753,-1.760744919253287,0.5040272318192576,-0.3845728032907791,-2.0143087114456413,-0.1597692871147768,2.2521203914539862,-1.785731899349633,-1.270083419483563,-1.056340023703089,1.6795746295199054,-1.6632002384784368,-0.6557782497396138,0.2616589628608325,-0.1810144333733288,0.2305336444693124,1.60746035237687,1.794785964780631,-0.7982771586917509,0.31017939768963,0.3264710568107614,-0.5069700362087941,-0.4951041019267262,0.9418771098490318,-0.0586261852166147,-2.3067605517164758,-0.3203837351130243,0.5096903384418612,-0.1147050557909642,-0.980259454822137,-3.251772738006242,1.17304403298079,1.0375975957964496,0.514775948919205,0.2023293258196582,14
25.26053273705826,6.70610216093714,-0.2590345564215315,-2.652824975111662,-2.600605036215988,-0.5815589822436833,7.334553538277081,3.484597785210628,3.9012548044302138,-0.2614563750560126,2.403311920697299,-0.4406729762636275,-1.1837372788787732,-6.874178276494324,1.3973026376122508,-3.1580114751596007,0.9324877117500991,-2.8985889131587075,-2.086594868275426,2.6963441122149354,1.5759872956360796,0.5294858040160201,-4.541990682076449,1.086460294053585,-3.3890866651738474,-0.1014610874665545,0.0609125525933273,-0.7419612183561357,-3.775262021487562,-0.8226641771641671,-0.8329121057441854,0.0863538482807485,3.862001629832368,0.6118598460488301,1.9383399524702467,-0.662078484586796,0.1450040607242768,2.8486397497756126,1.361021966833964,0.94061436144372,0.4873533049792154,-3.5149523909578835,0.3968312318779126,1.2016307184196091,-2.984247960459377,-0.3144066153403966,2.2056620126304822,1.0948451753296171,-0.7851544684432363,0.0396052252413078,-0.2908958489666529,0.3268072727430764,2.47298266386718,0.2102299731465428,0.7567410242703513,16
25.26821272759523,7.272487552749913,7.334078628025596,-0.5547014875322852,-10.442314665297069,-2.6662588199463686,8.702866157289343,4.721775459925417,4.136548144486571,-2.362438183355941,1.7092324983564706,-1.9205642876840603,-1.770775423261338,-6.947107529264788,3.2325710156391256,-4.220106830552681,3.2720638099252723,-2.017954607959943,-2.992212672782661,0.3104417389220202,1.3207193925519527,0.4514410597473381,-4.450828118163722,0.5804700079265528,-1.4004734781283468,-1.759977788416463,0.4875486920034325,-1.4704616881799384,-4.325958740469948,0.7717871165766681,0.1375390225914268,0.2866771258162908,1.96383996103726,-0.7720111294390007,0.607950163561916,-0.6256007483184146,0.2779910365498563,1.9736348849892296,1.223076413064392,0.2982238721996302,0.9344788145054838,-3.32546947632791,0.0473171827506147,1.6839150838850312,-2.2780412644150374,-0.905537520284392,1.155329160273025,0.4199632984450621,0.0782597277155573,-0.3959685153129785,-0.8269873001608858,1.1528129926385988,1.6497543133288446,-0.462026850600767,-0.0596281567808538,16
14.08593949321962,4.150363899096361,15.934841181679374,0.6359534142164189,-17.704222718523695,-4.340002695243459,8.597931433367723,4.98886716322642,3.4961948833481227,-5.787283663157544,-0.4925804389884309,-2.73887556399739,-2.554200326224572,-5.685342798738078,4.812983027358547,-6.172570450519318,5.3415347891599,-0.0707168729388225,-1.6862437270351698,-1.4747519687459951,0.5006709420792217,0.3835960106634268,-4.019724374501006,-0.1769810684922663,1.9063170859723455,-3.1153182849518437,0.6960752784661758,-1.408417654064691,-2.4457077853138496,2.287348151135714,1.2169414971462709,0.1076359816961586,-1.742535460562515,-2.212248647911138,-2.7167313549738616,1.1166259412035289,1.1455240258339616,-0.0685301701090868,-0.3586079110798399,-0.4555017183229659,0.9562904285979876,-2.038098253735714,-0.4633438217395881,1.19466211655854,-1.999489047473504,-1.2486624247883276,1.5334739827052533,-2.02863917463481,1.6408894610420528,0.3371882111132087,-0.362726385644018,1.3396049676303237,-0.3020710611569443,-1.5122891593325931,-0.4152758259238149,16
-34.52603651753236,-5.025773431132895,15.876571652043884,-3.782400114577639,-5.267559839521904,0.6274309246914471,-0.2680057872294401,2.117604151544808,-4.974584604547321,0.4376138932775914,4.620850742444962,-0.2209885563419974,-8.435268377568926,-2.1937406713724408,-1.647916982826722,-6.775442041090297,0.8511869858157385,3.7892769197784864,-2.8921640965346143,-5.195594656867705,3.64594130767364,0.9199856654737212,1.9013113833537465,-0.2040976235036888,3.3681209391008915,-1.1765186025369854,1.090813102610078,-1.842368122227928,3.89518457897682,0.4009699185899515,2.742375703184065,-1.8929134349528944,-2.4831547810079915,-0.7117039553535724,0.813840681890381,3.6826737529763833,-1.8712117989790067,1.5665939427030016,-1.155739559429655,-0.5508757712167409,-1.6253911730182855,-3.038214337318877,-1.373833315730067,-0.8392016569309215,2.0152033566088794,-1.1836324472901243,1.9298975496954305,-0.4113293337753146,-1.089720552230693,1.3908214787704882,0.4208262556055983,-0.4871177994462019,0.832071324399514,-1.207096592760523,-1.792346962910443,16
20.60764199803612,5.126210692879585,-5.995404304213388,-4.401656361626876,3.815252826560597,0.8780240469925589,5.332561582838898,2.5283063656354523,3.7514703008823154,1.80422604406051,2.934188627986816,0.4367918095780267,-0.180889125363863,-7.881032367560516,0.559676541946197,-2.0384694472690903,-0.318958647485644,-4.329207673386142,-1.1082425984770572,3.6603411500894376,1.6226702375947182,-0.3892625686384927,-4.208523509437361,1.1250670274252237,-4.539416223954668,1.9700684537294848,-1.05680447250899,-0.5743974634716037,-3.662848668771821,-1.923382064402945,-0.9330915164267348,-0.0853300035851807,5.1318313951903,1.7916977894850787,1.949500376947611,-1.159432331981788,0.3770938884978556,3.2665504913027497,0.8356682965989277,1.1242035208767,-0.1739564296882258,-3.5012904286011968,0.5124876209448875,0.8440638606798857,-3.0104159433884186,-0.1148053259974071,2.602008087325389,2.0147249832463694,-1.4167067485083316,0.5452206188741276,-0.3033713689908156,-0.2886077113170535,2.599142368852714,1.1449368095052628,1.3855673479118342,16
2.445203024680658,1.4402638091897966,-8.077735699068937,-7.889036257865565,7.534062069949329,1.8410141949725016,2.783037811423936,0.680988071305651,3.5756918705085816,3.128287877553418,2.1388711312549606,0.8280297300438263,1.23510668062668,-6.744196696780136,-0.9540745084966382,-0.61712335920241,-1.007982129579989,-4.300732340857449,0.2456987184113983,3.0710839633950795,0.9464626619439503,-2.041646860451958,-2.694877545287011,1.236477488857512,-3.906020560674146,2.8727869152819925,-1.6853769112911134,-0.3935198833505126,-2.5911410518237576,-2.070863133197351,-0.0210696811643549,-0.1492333338252599,4.7326999491604775,2.080152748953471,1.4620532670007689,-1.3932059275105677,0.5481454952136098,2.671764382966012,-0.2252419802809063,0.9455568846618788,-0.4925140628327445,-2.514077427818097,0.2179405130081564,0.4516142142828415,-1.8291975196441,-0.2465288866191728,1.9827999900156543,2.3179853901458896,-1.4070568192653488,1.2235105288354369,-0.3111993012684721,-0.541255354196432,2.203441538464361,1.3714973819395475,1.3589483541962126,16
22.71957442592327,10.66542586638444,3.0004607801191323,-2.3933029043678524,-6.154086280354546,-1.409839705188631,8.777148952025621,3.7454048592956215,3.3467287524053217,-2.0490811639302025,1.4595453121273247,-0.3383648542728857,-1.70142045419084,-5.812667201600748,2.025427588249688,-4.45138451069592,1.869750987309536,-2.5552697463302487,-2.3914750836381597,2.232264246588964,1.409271444063263,0.3189366377554832,-4.450177445572728,1.0480630456338538,-2.534432282348301,-0.7026583171152999,-0.258105018845059,-0.9566083420234652,-4.072942295762046,-0.10089005246998,-0.3755115807801734,0.1299998101097501,3.3234759094344506,0.1521514631852303,1.2710976304889336,-0.7131229870879248,0.0093405230679559,1.7360493994970343,0.9312264305688752,0.8871509020796434,0.235755599424342,-3.219303348109046,0.0015407035590137,1.7624028550876505,-3.349777398485237,-0.5855914132519654,1.8272709341958049,0.5160417943099519,-0.801983969101138,-0.3701954083705362,0.2261509495817269,0.8037585635036952,1.935612056684202,-0.2462924198915212,0.4576785060685178,16
21.71179696526755,11.878263462375214,-3.610596259101677,-3.722799557176571,0.6960454509720173,-0.1147401328621894,7.17887311205417,2.415869076451672,3.734543818206924,0.5407974101991558,2.2325864627840386,0.6165230926048584,-0.1055749847399799,-6.822019309583611,0.7136792144640126,-2.9449823633310777,0.3430141385085875,-3.961635434052871,-1.6780152059753657,3.2984321155586867,1.8513227112467652,-0.1682479503143873,-4.171728690122693,1.1919878682909215,-3.992514798815114,1.3625216291400797,-1.194555206542864,-0.4430109211670005,-3.653107532061537,-1.3806114763540365,-0.4939489806907295,-0.0884992693075906,4.423225333482034,1.0777896872477593,1.8089002965278107,-0.7763453604489445,0.4985854998340355,1.9682124495958595,0.9407757652501868,1.302736431503725,-0.2477993605284508,-3.506212046627309,0.07268300391342,1.1232477699412935,-3.22248485126851,-0.1491480492042772,2.311277544144932,1.5425566653600682,-1.2657141054137484,0.3748223631455057,0.2851649178891398,0.4169858313114785,2.3734350375369417,0.3062592403092148,0.9883843478949434,16
28.74719164570493,19.17732245638164,-0.9260768954087631,-1.951559394446152,-2.621419647724438,-1.1771175747463825,9.364723230791975,2.962196504010019,3.7747862367432794,-0.6732339522818587,1.71048679878656,0.6092145177588263,-0.6403322419363829,-6.310463161544811,1.2079907438618436,-4.026475452367064,1.3271674763778352,-3.92924801437648,-2.7364638995622603,3.142303621416682,1.7745680755018902,0.0995439129444895,-4.676800032342139,1.3217966655954874,-3.905017601593006,0.3243235974352765,-0.8922847157451317,-0.6189446099348688,-3.949736577582294,-0.5794564596371482,-0.6095832423879564,-0.0535285292934616,4.087841527339382,0.5233202364129809,2.0037773497242672,-0.6911668183260512,0.3928467479203812,1.59880041648885,1.5731290448892556,1.6845960914481215,-0.1441692031793575,-3.88294985325906,-0.1422234922946973,1.5753143591618566,-3.9586337753285328,-0.1602298217201883,2.3381565140537117,1.4071359373683587,-1.2015900866533344,0.04724028247523,0.6104138680762925,1.0985995411058562,2.502775834534352,-0.359891620206002,0.7232849024557353,16
14.534018258842142,14.5796632813593,-6.185156910066437,-5.531969244159257,4.116157429380553,0.172189189125657,5.955777213103766,1.037125141030566,3.3331442680822727,2.0450274950909177,1.5135017252857317,0.2084212143596735,0.8402763869577605,-6.880369305280416,-0.5068571390289736,-2.0663166249488616,0.4277690397460891,-4.855349286112823,-1.586942783355885,3.5798644701981317,1.630506453431689,-0.3369953532275324,-3.9035398139332687,1.7431054061135938,-4.414529868414172,1.8542820691618345,-1.177753675310559,-0.3981277104169226,-3.215328015259421,-1.2499424569973498,-0.4998623033782894,-0.1276977189199841,4.863595957982593,1.3920771602693405,2.1860333545812103,-1.0821638504252329,0.6649141745972407,2.115271065574825,2.053453054784977,1.977158800298164,-0.3441078369500905,-3.2587325561497544,0.1024273530877614,0.4925706888683464,-2.955262458637519,0.3867773032681846,2.4302478003873644,2.2425338103731454,-1.3485648263414425,0.8526507827206733,-0.0508724910658382,0.1715642291044373,2.680610946033528,0.6905225102089538,1.2780177681988716,16
23.26065653418627,19.56585901474313,6.768659789692508,-0.3998133086184539,-10.462236814632623,-2.943537912978833,10.158669927902144,3.441691681571571,3.8793206939807097,-2.242805243439314,0.1909104202462887,-2.263887547336348,-0.6942809401565859,-6.118528069582842,2.6536572872143096,-4.533085524464615,3.8082603105595383,-2.899185239652326,-3.554240013147095,0.2892033914703552,1.9312421226533243,0.5420500699272098,-4.123418141725781,0.8367108130930081,-1.861060098720626,-1.2307165436407443,0.1349357402266488,-1.6805004383636266,-3.791353014592546,0.9656860378975248,0.419090846680306,0.2607777421886158,1.4758278201092725,-0.6811310127125472,0.7579015800338539,-1.4179449984198795,0.5151394533025232,0.7135459224358265,2.1362714399577247,1.1094239857960777,0.4914510589750459,-3.5361556129676286,-0.2170023727894278,1.4258711607442625,-2.054999500854555,-0.6215025048318618,1.3118104455678277,1.0154284327393797,-0.2718198520213383,-0.128775348206515,-0.3245781179249091,1.101410327501351,1.6458670380139893,-0.5643571395800383,0.1237306182971852,16
17.707277742688785,23.772528495907974,2.7466190907276653,-2.2173216798266027,-6.399463892023321,-2.0600225842972626,9.722584878791354,2.224738414827076,3.6201536890479127,-1.0103055478399814,-0.1674324753224902,-1.6445627265621856,0.0281971661831927,-5.351572127339435,1.2227359520892067,-3.876697472267901,3.0669239196254243,-3.5967251804534417,-3.3018484304991738,1.1966626584774775,1.9032884657232103,0.471785350494854,-3.861089338806675,1.361242153013359,-2.7194897397419564,-0.343397097636325,-0.1397254338369406,-1.1467789237737058,-3.05653251457677,0.3810171876171847,0.1842865042538521,0.2653149255210775,2.192558582703934,-0.0835578251614357,1.5421983211058483,-1.637192177121109,0.5403248640204759,0.4136095199988787,2.834050909758864,2.1055794071821485,0.2401773623302393,-3.322852605923746,-0.4219189757004546,0.8484918933587172,-2.4411479271955883,-0.193476052152177,1.6345409443841843,1.4069498377618566,-0.8373148853360992,0.1238296671886443,0.0625864434696642,1.0493492161870237,2.026174044360915,-0.4351363693387158,0.5841243914541635,16
11.044136446463392,20.853316935903337,-4.250930659319296,-5.420996551078733,1.7997572225750067,-0.8120835093283193,6.933180781403157,0.6159937826717004,3.0424268312373446,1.079329241270092,0.6231824577932237,0.0335385709664777,1.0771125858752708,-5.6578418908886,-0.6349184977231822,-2.4476064600243665,1.3695041015181275,-4.713442891321536,-2.169711307168435,2.935674947434651,1.4530554759634984,-0.240942037457578,-3.805864407821526,1.8843114569513697,-3.9108912352016,1.032837638621891,-1.0508567245834148,-0.3373564266210396,-2.911411760074588,-0.6464823237838138,-0.1684493643788224,0.0235726519496603,4.2409941382593175,0.7739743334083011,2.1520881998378365,-1.0286659382414602,0.7732252003717708,1.2574533750191252,2.673008682779742,2.2791609351163,-0.410517332378139,-3.0578754379586623,-0.2882315407735867,0.5127533679180619,-3.005896013153488,0.6378591223298212,2.215711083023591,2.1179531647705225,-1.355705407325989,0.6523462070177699,0.3397910655124679,0.7898989389653522,2.5783694472064784,-0.0846412692943474,0.9978321549861496,16
-7.178052976856646,14.119110511355268,-8.214049780063519,-7.925112573188429,9.417361328757693,0.2230758294563115,3.782577619770696,-2.28163107684485,2.3689797694769648,2.7033939096297983,1.4898367194341426,1.0250092210327706,2.4739042044585684,-5.692920291301613,-2.1968945920854317,0.1330047765640597,-1.06768472652225,-4.986809289403341,-0.6676046852249443,1.4030126601611794,0.0153259155576504,-1.7300839030660085,-2.1208050834995187,1.957873742375549,-3.904632696659213,3.526444369115472,-2.589256693972122,0.5620467205095643,-2.714719128619619,-2.173436093705816,0.3198578161415993,0.1850489960125867,3.9686425821037816,1.5122843210598775,1.095416149298682,-0.8567821672083857,1.5699002045783976,0.7981730315190607,0.7478156800917922,0.5824891082724716,-1.4824068299086084,-2.116068287049756,-0.441768253927391,0.0874778112474922,-1.6081682740777428,0.9568939484845344,1.2643841344176878,2.67966542870516,-0.4356595737437991,1.5343216641775963,0.3095719435992636,0.1473448305706404,2.372346984723986,0.6613035960799585,2.032086570630683,16
1.6301660851249726,19.79399931475053,-0.404582979526021,-5.82028410329312,-1.7435858871743295,-0.831972744244318,7.331723693781452,0.7058110359253653,2.752188780070449,0.0675796067234936,-0.3475505179980207,-1.0215630315364324,0.834871722309146,-4.0026594229386365,-0.1045408319101399,-2.5215277583201763,2.298290788857139,-3.7786069596840672,-2.061641940392255,1.53269605854476,1.1990510553958789,-0.0096046036078695,-3.0258780847499813,1.623353764799604,-2.7078634694355173,0.3884018185860509,-0.5092895240369322,-0.6485568265132149,-2.236318554228677,-0.3751913239506896,0.4927900231458107,0.1279025773754419,2.8046926741254743,0.3861840332280096,1.433246537026889,-1.2887593525324652,0.730847678445917,0.0775652308582059,2.59238593972702,2.105320818119547,-0.1150234639095583,-2.42264010019865,-0.5218853784516087,0.3189452484352746,-2.087299530822347,0.3105532707695466,1.4488094498548574,1.3953456778468991,-1.0451784605787426,0.4365652017991889,0.2196481952513586,0.8881385189101529,2.0131612239784404,-0.4048726962142728,0.8416812770890042,16
11.867526785998916,37.03906911441749,2.627794201152542,-0.0262208465934825,-8.971052684309548,-0.997131951800737,11.212924999004004,0.0824363143253805,2.49296139351771,-2.760955498815823,-2.255134657529751,-1.9189276716989407,1.0587710054001445,-3.759787852935877,1.653036378140689,-5.9687075992133805,3.986081372441895,-3.94726812385392,-3.158746076393545,1.3169014987603958,2.0452058770572457,0.7464480014410902,-3.0101622181380887,1.2402889047305132,-2.072098310911377,-0.7133350717623549,-1.0423565529556569,-0.7527777776109466,-2.8038301441975584,0.7585505104221182,0.8458970704412121,0.1532066197709902,1.2260006988709966,0.211942393671311,0.372834784093243,-1.7600086490911813,0.7741626552048468,-1.8831204903031231,3.347734764125169,2.9987141343496746,-0.8270853248631316,-2.6487268463937856,-1.1025853881657828,0.1170861210277079,-2.52625982788826,0.5486872885526163,1.287147478131989,1.0290037354290646,-1.2186926812961738,0.6488119984919705,0.5415306706307507,1.25048895046419,1.1551952742527132,-2.076087239016047,1.3721644714342012,16
4.570284659855073,31.487742096913507,10.944937555809178,1.9452262133040308,-16.257050870797148,-1.6984826975531977,9.652156046646468,0.622933776710095,2.2835853027699606,-5.703856674060247,-4.538778905329103,-3.5438870764337285,0.8030344082225739,-4.172741416786585,2.381027569398549,-7.357793659368459,6.549702186618442,-0.5104351844810676,-2.311622495516849,-0.091617720580494,1.84768876031703,1.336607827541463,-2.5597290010400275,1.190337572814211,0.5008905913418589,-2.3882860961121417,-0.8635326574239807,-0.9196441456367556,-3.016840879492813,2.3445446982962443,0.6490518777650217,-1.201397332882885,-2.090881275401089,-0.9421519732246568,-1.907313312979581,0.4922279664604267,0.8074506416762129,-2.160119013011129,0.8739130849607576,0.0052046095848468,0.4365512955840129,-1.883714030104552,-0.7346176964173071,-0.1026678449575593,-1.2932345523109128,0.8620400764956836,0.7676222373372908,-0.5772426958526586,1.052490169983129,1.0532123816692938,0.3905518897474099,2.077519755948204,0.0220580394062878,-3.705464649428949,1.2285877456494654,16
-12.571455791874149,11.723570632596685,19.796611741087908,1.5479542518081466,-16.062907010487685,-0.389594642066573,5.401112634118112,2.3473922570873795,-1.3603390037920595,-5.064484363161917,-3.0005126069034898,-2.134149320576864,-2.547103815303997,-5.066121876327843,-0.0574237107352284,-7.158612142241809,7.2344007160444574,5.294387215520471,0.175173234816582,-2.3184425554272696,-1.1704947912831891,0.1090662968363104,3.138167507922329,-0.6918055359040123,2.8712097690239355,-1.455010437645036,-1.1473590457493006,-2.4708451565692795,0.5544677444615055,2.334516467694195,-0.4887049384933579,-2.6297023600680776,-2.6148790444798893,-1.879549608960838,-4.707829470302628,4.18724125518827,0.1550156466243451,-1.7203037102588925,-2.146453307975561,-2.346804613069326,-1.4004127814306768,-0.482110656181791,-0.5663736435579235,-0.1678208893530648,-1.9165527760544685,-2.228908013688476,1.0350689435733886,-1.811582090121012,2.670787916988337,0.8313843909093974,0.9870888422923508,1.39896927733125,1.8035112137970868,-1.1013726288614067,1.3601078135828082,16
-0.3551738678924995,29.957188070122942,-7.562392793885811,-4.844969681932659,5.787827373544978,-0.0120775542610209,6.917752040282182,-2.8075002875043737,1.3144509480802988,1.3075521398878156,0.9359706516765024,1.18077839448661,2.4080931176321774,-4.842364967395828,-1.8740928534754675,-1.3326249919984083,-0.123221280146666,-5.041707013716579,-2.899488235878905,0.6973300205782926,1.8591519125629936,-0.2046647119991338,-2.1589400568596964,2.236108088388237,-3.9374860483151055,1.7081852127199892,-2.681001997474941,1.0528681775872095,-3.3806516753418445,-1.5359986018143044,0.390190814127004,0.3973028362749893,3.662103026233487,0.5803842314498409,1.1423369716038698,-1.2179628852299569,2.0344959113635777,-0.7954982660144216,2.2789930281498663,1.83223401752072,-1.4121015139960365,-2.4186198024025987,-1.7239196643329255,0.3247419055965928,-3.025725196124909,1.0058206642586272,2.1412658373873525,2.8681947275746693,-1.2222646004528648,0.2669030318303271,0.9400581171430435,0.0357160441777039,2.0513124106993,0.2681041366722284,1.761544918001034,16
-6.793736535983901,35.40872601252274,-4.569425011576949,-2.0059719859973217,-1.2782199472807512,1.4131244550436444,8.220099267704848,-3.239961225241733,0.8925649459255967,-1.3680448874122937,-1.6048526997095034,-0.7033785957411791,1.7968196052335104,-2.907564511758941,-0.1686132589963534,-3.323285565531803,1.732532414445909,-3.799015685513187,-3.101297576901465,-1.2789759158703649,2.242334373942484,0.4201285437392313,-1.4450935216395544,2.285817694621987,-2.324653364648168,0.0123269363917004,-1.685972271059723,0.7270545337320198,-2.9097474801737238,-0.0751334260225737,0.531199425488772,0.6669343317738887,1.381286527574002,-0.5972874405964191,0.6791120317603477,-1.9590510950209283,1.6186903784245277,-2.233259097653878,2.6805464239025314,2.287025472906153,-1.553935995773776,-1.7143205255501586,-2.3400812749136555,0.440367973694748,-2.977438449945448,0.4499006317282624,1.2003296088046844,1.7629032638839284,-1.1126749564945635,-0.3968863628124199,0.8459902285187081,-0.0051403022953858,0.3258166724459703,-0.8862683124977255,2.321662425666466,16
-21.865584797900546,23.081712144674288,-8.081803282287753,-6.313341805752647,7.77014555600216,-2.5949904511032207,2.388379649200134,-4.707931133523501,-7.209486859991814e-05,0.1577893072602585,-1.2102157586724411,-1.256681883821485,1.826997022622206,-4.694384736795464,0.2556197466658274,0.9746205619835104,-2.999125785103479,-4.449364693090554,0.0480751115342643,-1.3562124997330338,-0.6518046355132294,-1.99710337102796,-0.5326066467893131,2.148667708949324,-3.0697347859668325,2.9858434636046245,-1.372190888798697,1.5048746009916791,-1.1720913958403067,-0.2683096805787722,0.0568141296393614,0.7045987488132945,1.5322162775672388,-0.2984895870226628,1.2342931613898145,-1.034532461346462,2.3768263880954943,-1.0633951379361088,2.2747711706032643,2.152940378716083,-1.7015016810024075,-0.8795604117140355,-0.9772984032348846,-0.3068470331116468,-1.5948115704725925,1.819378196453502,0.6124567717862446,2.40877807154765,-0.1143432028551402,1.7253612759155996,0.929032301910878,0.6850690895946305,0.7929001856006807,1.2387918286182582,1.9048016569493085,16
-5.525952211142213,43.96903285979938,-0.6522959090578943,4.924576306893235,-9.050337464257831,1.8477851047177147,8.713833572368724,-3.466399046678013,0.0388332191980785,-5.694917241522606,-4.380342585877182,-2.899662224033611,3.061034375764055,-2.882608775034154,-0.9119949291937536,-5.676011070573733,4.539730481830843,-0.8772956466995905,-4.29872330909202,-2.3055025137357346,1.834583373118133,1.6919995782363004,-1.006816991556596,2.651250466944361,-0.7516577034100514,-1.303256350004429,-2.055187577641363,0.076250497893936,-4.076972635461975,2.096028991299397,0.4693265588189138,-0.1424091411143104,-0.8944486055784147,-0.5907965467872864,-1.2213100505721564,-0.6612776502730823,1.565693322239306,-3.681071778178021,2.16591735162001,1.1290291723059191,-0.0419936518803608,-1.403023978993154,-2.191077766513644,-0.0900854107154038,-2.189053537979482,2.2384124688770384,-0.008212066177763,0.4193334931422009,0.1427052129176826,0.2176187366747003,0.8639363904761999,1.1417837337090455,1.0243299763670946,-2.5019863728314804,1.393812048648529,16
-14.59848399150308,35.872472072527835,-9.542312458688809,0.2305897203445845,5.115397056152394,-2.230735724014985,5.912802689504037,-4.615371933566403,-2.103517713308708,-0.6479112071279612,-2.5856565246562493,-2.517248667221622,2.603717029486708,-4.540518961041799,-0.6708928293605921,-0.2397974889010314,0.0200708507248762,-4.405414234448728,-1.3282406450371165,-1.7638002767387857,0.5790835515166455,-0.5677274575489474,-0.0272792379862842,2.616516405230886,-2.857906352624765,2.263902082814236,-2.185861370423065,1.05385839449993,-1.240429618281942,0.0377472392698638,-0.7179097324756805,1.293426517640044,1.843258895854644,-0.6566406782935581,0.701462738451069,-1.6636301888848275,2.6844587596223963,-2.085281020596904,3.167468037339877,1.8400552243316903,-1.717365533368672,-1.6724786272648156,-2.3882651693187817,0.7331364271804524,-2.000498373304161,2.1625421336648984,0.0879475617908889,2.914413465742284,0.0149970679459088,0.1341383157190512,0.7424905942225211,1.7318068913384908,0.4031194957838923,0.5050088517185011,2.817004144210112,16
-9.778301226373252,48.70998210711712,-9.810256665555794,9.333559829018034,-1.960194335179798,-2.465458960727676,6.8660451046371245,-4.5564939009998495,-4.749215713191182,-4.404045621751132,-6.03423148372081,-3.6961211536005374,3.7813342697473415,-3.942977816776092,-1.693069011276152,-2.237334047852761,2.2365523873504665,-2.943654112755067,-3.975671906694187,-3.298150937489304,2.04372009435787,1.8341922390014669,-0.2716566138053909,3.942499982165705,-2.4932811914728155,1.0071770443594,-2.958221645716532,0.1740876528908927,-1.3628505149042185,2.331114582284261,-0.9557017458429634,0.5072768922712877,0.1343500423997105,-0.0770343843488441,-1.312783681005533,-1.3819688561564896,2.5117901154631705,-4.001061666736954,3.137616776940364,2.1624033268082723,-0.9841474688192984,-1.469907473211072,-3.1468368003386638,0.4883586281474245,-2.841765474302912,3.5724785149734006,-0.6030767566402834,2.788991617007306,0.2564239207690437,-0.6317035223114699,0.5155651639735959,3.1696793666007315,1.206236136231977,-0.1509157156677023,1.6223598971172872,16
-17.65299263059745,33.2206233496704,6.860710786024792,6.560119079318605,-14.16026057013699,3.8360273122893154,5.247720838876783,-0.729210551154066,-2.589859928867549,-6.8604872757773805,-5.20310037862258,-1.972025799632305,3.031555812606774,-1.7686874480214274,-3.994510617921993,-6.907764005032078,9.246900189972934,3.3530792775882765,-2.8359012216476738,-3.063036007164942,1.9067820687534376,2.366988019551425,3.274835057198868,0.8293595042562875,1.7994734830974026,-2.034769706709968,-3.582155237218265,-1.0646902553173003,-2.948157084017618,2.972865972958549,1.3371110577286007,-1.857985715346219,-2.3415718601759234,-1.3948544778563652,-2.7677488709861557,2.259686604505646,0.7471354322249827,-2.115871111107372,-1.2834951644326824,-1.9399388416965808,0.6115469735128614,-0.203117361394799,-0.5514208328259023,0.3626125540162077,-0.7725698249134021,1.3304968805754196,-1.146373657869346,-1.142875806234821,0.9393588331366108,-0.3433895698488101,0.2520884303411126,0.8149482982395069,2.250302478625156,-2.072146750564516,0.6884333599037479,16
-24.83230263909158,26.052102573352677,-10.90162311072396,-1.9694052655208811,6.471144561149789,-5.685681748381734,2.937057698737144,-4.114068845916276,-2.0348307908380754,0.9128921398536636,-3.0277554913947893,-1.88426564657941,1.5280281660946515,-4.254607956700111,-0.182517791580122,0.4553253017430402,-3.3740424671543763,-4.9389906039690485,-0.1297694478582931,-1.8307030164760123,-0.5334169729223772,-1.1625073880017964,-0.3409237691216985,3.1678095443770933,-2.077909450003848,3.966224068607598,-0.7666994069674575,0.5363062425747921,0.5647778666403775,0.8094292125856748,0.0994341287919701,0.796727906124353,1.5848809076316857,-0.3949779854970183,0.8579600182562248,-1.3314277935767798,2.382447676409797,-2.2080285050549544,2.7344743411449857,2.4618450285111133,-1.8586905353158896,-0.7202470417115581,-2.213190910909813,-0.1351555470441883,-1.4274011249909488,2.275667414024932,0.4635602278321128,3.319873713257638,0.1822286041205891,0.9177273228535792,1.1014935469920826,1.487190757892747,0.5407508765618111,1.8476950243930308,1.821680340098789,16
-19.203928599402012,38.30415865745592,-4.125556785292479,9.72275025487342,-8.607622660038807,-1.2294708526414748,5.311477623248002,-1.4736674284935034,-5.228431216127243,-6.819437459901699,-7.708722842959847,-2.762867660134774,5.061176105423638,-1.161998761341482,-5.309816160651818,-3.956213898275161,6.815844749276245,1.0492754023093382,-4.017228419952261,-3.631169394100252,3.421454955610894,3.7755633228872263,1.5561743791488358,2.075144013663063,-0.2770787246622215,-0.0627369557959778,-3.811194245004694,-1.275542073594174,-1.5089320390188512,3.449099529994588,1.1925915828959537,-1.629899729737171,-1.5297017996063635,0.3901052326927841,-2.5100979760920583,0.4950973453628466,1.9250807974241804,-4.148907112018815,-0.0930007320924057,-0.1978250437005581,-0.0434157423020256,0.1980749966551717,-2.248135332456048,0.6690317210185339,-1.8741934901704451,2.3814661968079727,-2.1118620418258427,1.0980785612201176,-0.8068472734976213,-1.65618978760097,-0.1742002910744453,2.536380851439229,1.5773341722431875,-0.4828331894781532,1.126626286798763,16
-23.60352988212849,32.56335188253619,-12.567225487261885,4.569339054460676,3.7378297525252857,-7.6838939385782785,4.200198370884073,-2.943380255587238,-4.343214982660837,-0.8416566753470299,-5.501313489979608,-2.6474926480620464,3.0507044670423893,-3.298899737296777,-1.5980156430911068,-1.4071025280340437,-1.3238357415504662,-4.108235744691251,-1.3204105410360665,-2.466562822986731,0.8665476357318017,0.6137932870907674,-0.3595319097254161,3.830073139064025,-1.5070504166474248,3.6394314159499497,-1.2405118298817357,-0.4640237507364149,1.1756719419520474,2.478204695839996,-0.0814264658556747,0.3932070038350616,1.3178254914576557,0.3415532379855414,-0.1162276188295816,-1.2900555658596011,2.890199025609548,-3.6390839053941177,2.8067161485587078,2.606835650108892,-1.4102772899693274,-0.6937112841399627,-3.2543737894600064,0.4765089159678479,-2.0762466264218262,2.960344862170014,-0.2124988422281668,3.495809172593727,-0.0195025455268526,-0.4580135088832182,0.7242237937166698,2.5765509936937967,0.5861570071004684,1.4433344931248375,1.8299092949309372,16
-25.228304665033164,33.420800157129584,-11.453219540536436,9.599676472826555,-0.6245300583575217,-8.783369704071045,4.077360819503409,-0.7508554025446418,-5.829117068436058,-3.7348337495731134,-7.6762135065223775,-2.977189433135957,5.487073076923844,-1.3609806402617266,-4.575357706754788,-3.8650703470265553,2.268856325933266,-1.1443255131464525,-2.0319587383086244,-3.0498359484113595,2.7433848207641973,3.15942934539735,0.2645987133230748,3.939722273825127,-1.1158241908828823,3.134499288324998,-2.237594450606576,-1.9344942850315512,1.4810452354487451,4.487243176971269,1.503267792494995,-0.8480573270623392,0.1059971201162454,1.4136821910485318,-1.270201668489273,0.2203651400512408,3.0943866672327016,-4.128832399192758,1.0774012342319053,1.6760843492260225,-0.774936027104891,0.220928722983244,-3.40816812360639,1.4317917484987803,-1.985387110744561,2.7706422570345057,-1.4698488963821148,1.8358222301375209,-1.3453972663744922,-2.181384718764108,-0.0361558494322189,2.751538653903401,0.9159988636469544,0.7255539734360665,2.1049826108379897,16
-30.57216883421744,24.96054536604013,-5.413337973808734,8.32968611249342,-5.517816019357944,-5.863944243313109,2.007398924954474,1.7770230888895724,-5.032369522655617,-5.87266589017156,-7.864094736938956,-2.841997138790022,6.86617143368561,1.484261532528573,-7.717581755442461,-4.477815877129304,4.834170433198104,1.7833329264992088,-1.8105787907937283,-2.468961122372351,3.268870211502212,5.22110139908397,1.8536082687432889,2.264387320784254,-0.2353518897751364,3.0542165112181703,-2.500534498469288,-2.3537366396727264,1.3155309644420845,4.858135034009566,4.176387520812308,-3.672536114797694,-1.5308483514004931,1.3370038884335007,-0.9214235316281418,2.097815261144587,1.2677402985731314,-2.781392464080377,-1.623137637002286,-0.1771775107235777,-1.1552293704320626,1.9286613961723704,-2.1675423093589763,3.105945705181665,-0.4979093064497515,1.2382981916906588,-2.6158770407353726,-0.5817150288895511,-2.219112140943958,-2.7447239428984624,-2.1022815736558766,0.7788374012159149,2.2095687754480218,0.7808015315998881,1.992677395811422,16
-34.06813083350499,15.652096238368042,3.21624129209652,3.1885671902640804,-8.309942569543404,1.861113191966761,0.7231577033681843,3.9213062550922464,-3.460444415521541,-6.085040631780751,-5.722873023804354,-0.5558883620140734,3.106661840322914,1.2431496466933891,-6.925657343627423,-2.870221886924085,6.010710085477084,3.4822762289330518,-1.719298985214284,-1.0371832471148816,3.151380189315095,3.9195275202204463,1.508005921411151,-0.9772086704539924,0.6727620437308415,0.8273948780148095,-1.945539601441671,-1.2470290900982768,0.7252465827165581,2.5349367438834016,5.290674850072893,-4.797594668959439,-1.400805981336119,-0.768223326535164,-1.3785387066232624,2.2250789945664677,-1.901387592705832,-0.90506344740196,-2.2374783242583307,-0.8566692940432453,-2.0812025372894367,1.3881716914591005,-0.4325177910801951,2.213483242167148,0.6646354937818012,0.1886797979756992,-2.556158919212437,-1.1300354459726742,-1.07365225428292,-1.7957894879519396,-2.883942206394899,-1.6049557941898984,3.6208980947710567,-0.272044684545378,1.1062720218727011,16
-36.46588791716773,5.360514580534566,11.052589912441745,-1.914619931280618,-7.604317403821904,5.934172050493957,-0.7059897035488677,4.035358453891059,-3.3098262667043903,-2.1354478340905017,0.1601065593876406,0.9861737886971548,-2.888887730253698,-0.6415987863144147,-5.067805187180894,-4.455891920226426,4.295982913749301,3.6662782032683774,-2.358118101929812,-1.8834523630251023,2.754922083205089,0.7447821211806327,1.583262923018229,-0.6378638859221895,1.5023356364179656,-0.2655216427912066,0.7924457195126882,-1.1778725542355215,2.175424346312348,1.213190803653782,4.936324843701885,-2.9248682892550093,-1.216590819649179,-0.6727507728585074,-0.8333519926171784,4.031352207328199,-2.057414971683425,0.9340830287710936,-0.5997731088833639,0.1460078703007111,-1.415115064916029,-1.177964586388135,-1.0210307396894864,-0.4095072469127269,1.5298696061543835,-0.9168552620889044,-0.3492728732978294,-1.1755972014873763,-1.5552524537545267,-0.0019013383239138,-1.3387825374472977,-2.2808670406054503,1.8502319765085629,-1.4789431852428034,-0.482755399845815,16
-35.6728267359011,17.307484247487135,-11.285965942244925,2.672556600800743,4.371506076823565,-12.603301848458328,1.301942250348142,1.121548522637042,-1.7033000885330294,0.3531434554467288,-4.516887010578744,-3.4432634207697133,4.96621729184909,-0.156259263995495,-2.1577429768947622,-5.66914034142076,-1.4586208887714345,-2.947931255870752,-0.4635470238637129,-1.776565511616573,0.480163813093624,1.8270691324393076,0.7978907875296812,2.7434176207698635,-0.2915224829090095,5.230738214739417,0.3837077529362842,-1.1396131451779032,1.403900343366688,3.412301218504397,2.013660689862115,-0.0079081224410534,0.9375291072952784,-1.2905707259998271,1.0041978193137535,0.2856403172085713,1.804003681230152,-1.4742815938409295,0.0930950489978093,2.1768515317263053,-0.0911652309066448,-0.3939578468384697,-3.612328226780471,1.448630215725095,-1.2339960785913164,1.3605801471326031,0.4826318469602471,1.4184601018458516,-0.5271058354920312,-0.5808457992121151,0.5215619165017028,2.2213349925373644,0.2290463496756054,1.548044598010575,1.4893949864359903,16
-39.04282742699528,11.563637275690374,-8.197493142460292,1.687594895248106,1.1297668569101398,-11.586358282520283,0.656661131152004,2.6677211002237806,-1.5990756337048082,-1.4724356116396542,-5.265491766586011,-3.855100081473699,6.201518597994928,1.9811805079792084,-3.8373584395058367,-7.133247895852239,0.6104868756745564,-0.1346677307717693,-0.8716320005913138,-1.7078452362100276,0.6592471884137867,3.3160289069156885,1.3768630165984708,2.194158425022533,-0.4050646091532996,4.209525294000266,-0.510876914908955,-2.4629986672417803,1.3676494506910002,3.924331373339653,3.691436253752668,-1.9730809037775665,-0.8362899006682736,-0.1221378973976553,2.005709505395692,1.4291108568401458,0.5306720512575965,-0.6392017945849324,-1.3619974716577734,1.3240243867582755,-0.932748032504245,0.3414403638749625,-3.7321010187315418,3.199470238271643,0.2799499093496534,1.261692936635889,-1.4261232755381033,-0.9419513288207764,-0.9970910474009252,-1.2760636754850565,-1.148697796119874,0.6088359777769409,0.94241194287033,0.9701037500396008,2.1415732295896173,16
-38.60278636598328,2.081181709052515,-1.03329916978343,-2.758316193572356,-1.612061168221003,-3.694715785512487,-0.0368837869284389,4.742410078299796,0.4665735524741971,-1.4485862050928808,-4.4410350301847,-0.9756648943955674,3.230011317052271,1.9044526333545424,-3.722862824094107,-3.0104974693947866,1.4139226581107354,1.2926107023161533,-0.2378072635921029,0.1419526594036237,1.246051952336656,1.9122497899744544,0.0152164358884931,-0.7812957515773602,0.6296736626086599,1.9339013461821817,0.7394568931130687,-0.3077179038596548,-0.2733754446856711,0.29869925897448,2.391681379271312,-2.1108886068812103,-2.303653336568659,-0.1335602452233569,0.447049886503547,0.6100129940047763,-0.870333638642181,-0.4999317572723538,-1.180569289888158,0.5382691282920177,-1.7873494368495526,0.5473290745255204,-2.328582531390353,2.629522358573777,0.9479893872545384,0.2593506397208729,-1.757256232858818,-1.180082416204925,0.5287938092975448,-0.7798969758717748,-2.697178895591552,-0.5308040562598765,1.6679611613848806,-1.1795392153946516,1.3329917654636458,16
11.59636722967474,0.2294690061821024,3.2940536401065805,-4.438208290731267,-5.345025421528807,-0.6190222242112793,6.588617611822127,3.6007419015161903,2.984980889169336,-1.6385846066578904,1.545695570628532,-0.6452734278784087,-1.695468081792778,-5.235737125892412,1.9910207362103904,-3.4737251968263982,1.3592395418620349,-1.641923453040355,-1.1551406981491317,1.7532041725735374,0.9519831214369928,0.1687199953054516,-3.8530558440217657,0.8857921568905665,-1.8026199268160223,-0.7311448816466037,-0.0134184061305951,-0.8579280132115573,-3.575813492815386,-0.5711116755377411,-0.1784930034347822,0.142298450004155,3.145855428655832,0.2598099012912603,0.8491331456885787,-0.5539279377031108,-0.0374314448600847,2.0442756741973,0.2283502740269934,0.2042497627059802,0.5425333661930789,-2.3233724256791444,0.0963433051304203,1.3416844562136854,-2.4799223261939427,-0.6299948267773241,1.504938984942055,0.1376410977296744,-0.6264428664777363,-0.2240310190572496,-0.3303423131996369,0.4866175170756245,1.5263132303438902,0.0739063351983708,0.34555074319517,16
28.33987056413547,0.4447184340114,-3.461931268678701,-2.793037650056238,0.5455400429722211,0.8302377047109613,6.225143678056886,3.629632169091162,4.094906038147799,1.096259660897306,3.628231278695927,0.7072875129297209,-1.2301787194075486,-7.677254331985045,1.549795695498147,-2.979546651182011,-0.4914194929543559,-3.252310488924057,-0.8914093627982879,3.556150714933352,1.7618430365788968,-0.0644184456384659,-4.56306730030607,0.7532819996802143,-3.789494120320088,1.1550931086608618,-0.6979469072537735,-0.6649951171808883,-4.137622236912619,-2.181080975240941,-1.0291897911245018,-0.1541409410344027,5.003967797768426,1.5211073807738218,1.644005653523075,-1.1275087663483967,0.3112421446227109,3.326166139791978,0.0585755462592051,0.8102718925426773,0.0992204598182425,-3.515832001255331,0.577046757941008,1.401004084326707,-3.0095104258673917,-0.6630589122957362,2.58027784148462,1.3063785232799692,-1.1643447114721457,0.1036428500447208,-0.3064404445491266,-0.2265247147594127,2.4222272992886955,0.8628375653962193,0.96190587071156,16
-48.17251130405893,-8.161957489998471,3.1300587676814127,-15.008278575872383,-1.0924878719433766,0.9031938316506772,0.8707311444443581,-0.295297988323105,0.4940358962096031,-0.6366012311644129,-2.694674968641568,-1.2431099585832317,0.5746827914597251,0.6190202154862995,-0.2885762561144062,0.2555667657903759,1.3908023150211974,-0.4224937768656069,1.1264783029584595,-0.7361131896586761,-0.2598385504544705,-0.93156737814835,-0.5098830561801452,0.9899296278589012,0.3567922419344651,-0.145934214869113,-0.1967492802154709,-0.02974989124649,0.3114200122654726,-0.4699289418993502,1.796911403734112,0.3914627367983483,0.964002475173348,0.2236211125060941,-0.2391570419937876,-0.7569049083871993,-0.069756029145576,-0.2309538468393706,-0.0380658939297709,-0.536885127578169,0.5097189704751522,0.5596603091511259,-0.3877629134498069,-0.0659104282534532,0.324260214638665,-0.2617362206357663,-0.093975921870704,-0.1806118881438772,-0.5467840280434029,0.3986804143693577,-0.5028197018271902,-0.0115999299001209,-0.44358883502642,0.2515707814767319,0.1704668738540972,16
18.106379098820863,-4.849157150635653,-5.471003694052641,-4.79442007882597,3.777190835776021,1.5714634194791255,4.0769323833599245,3.36790266399146,3.861505364077849,1.99234666728814,3.860267662426877,0.3899598124562422,-0.9939533463196454,-7.926431358400625,0.8791509275580115,-1.5743206230058155,-0.6604906652073903,-3.41257861423528,-0.1019486349829528,3.287772357081759,1.267101077630835,-0.3568307036485679,-4.251060225450829,0.8838447972151244,-3.857816785082134,1.7943486368798156,-0.6090123998574825,-0.6674966607678383,-3.530968643794869,-2.4479790418625123,-0.8904310283356289,-0.1065621382770128,5.219649803547377,2.0651173392509032,1.4620154429961585,-1.4664881842637574,0.0203799084658785,4.081689550775117,0.0478926128431876,0.6184872714156421,0.1495947132817805,-3.2056572116869395,0.8229451565408868,0.9365489812531628,-2.5116318453126203,-0.5047220792568454,2.4909480189332176,1.736882449069198,-1.4017147782504709,0.4452098517960542,-0.787527675195875,-0.7519226102920742,2.474635573148562,1.2107010825469064,1.3330642331716134,16
30.362635829026747,-5.215899202143807,7.631477477605774,0.3771558064558048,-10.885375058480252,-2.0654936687780427,7.947879439853039,6.2278843055615765,4.82513157773481,-2.0489044734101785,3.2504255559729898,-1.8284591557000696,-3.19530245778154,-7.990124974682713,4.282979775028214,-4.265049197629342,2.3931244379672525,-0.6480736825926292,-1.9215384958096315,0.753364379663518,1.121866531175849,1.043829882405849,-4.759321791100011,0.1569572435458569,-1.2643591395612754,-1.7742518366897844,1.1263777103404522,-1.717566075147163,-4.718687962959758,-0.2938621873709091,-0.1130848500385,0.3495117147828226,2.517479061748699,-0.5108865658910741,0.0913766982543624,-0.1207090157370293,0.3176233423733157,3.095757802239527,0.6953880292634549,-0.2226051261282525,1.511770405510915,-3.112237377249152,0.2633879221680901,1.192065193228887,-2.1296281023466297,-1.088271366147818,1.3813076278754084,-0.1701728088418279,0.561935663411417,-0.4488853305752773,-1.684938557016289,1.248969403194388,1.704256733646555,-0.0099936802224138,0.0867668467333934,16
32.77407830258093,-11.778029318734848,3.62761393743902,-0.0475881946689933,-6.998283382868416,-0.7767052678593578,6.768383551622959,6.5582550482815165,4.785751553445433,-0.8455507116748224,4.753163914514034,-1.0559733030316538,-3.656912491443415,-8.557173774341639,3.992120464110795,-3.596039315010207,1.2506778105668874,-0.6095477100559576,-0.9382185379531648,1.9348478660214432,1.2142286311915609,1.3119372429010878,-5.078476695696302,0.4474283961172773,-1.9908249862534784,-0.864044675950614,0.7899372593714872,-1.5316103887282762,-5.0216707362575566,-1.7673070494567908,-0.5236643840668341,0.1551071133970959,3.9779020124446256,0.7058561860483539,0.3805386339921173,-0.438954905431156,0.0927141217115235,4.269588324575308,0.3121746028377073,-0.1507941119659651,1.599358271982568,-3.2692265570799672,0.762037903023128,0.9441889057423636,-2.197377771536108,-0.9414988998209888,1.8948121851977129,0.4167060790054835,-0.132705262026202,-0.5857098904887617,-1.9524322893516104,0.7778255621964838,2.030505426300304,0.570097071285995,0.5414323932607241,16
23.136297482532097,-8.510782253882287,-2.762209905181551,-3.464213120770143,0.6808798204533055,1.1120345251041208,4.846148865475597,4.532752495782111,4.154797638604916,1.2435117058684009,4.4169678031191735,0.1324875217177119,-2.2486691828859957,-7.895537264737814,1.9190094588068447,-2.029163343221997,-0.313033271284293,-2.374114779138338,-0.115574532215534,2.9236980153010865,1.276147178105687,0.3576081956799854,-4.725544243984727,0.7761837183062812,-3.36644356691652,0.8279024818170035,-0.0398808589463124,-0.8117962192567869,-3.965759882361638,-2.5691275263586766,-0.9483410295183644,-0.1276325835325023,5.060886372416619,1.8300380562216871,1.2059887238279623,-1.2779283248212003,-0.1307278030019524,4.393784069730352,0.0526586102541688,0.346782666794023,0.741991936553643,-3.432169609739629,0.992264717731354,1.1272648033147945,-2.437421727602332,-0.6755486620499213,2.4380299939036103,1.3876362959623914,-0.9813241284102312,0.055858413358583,-1.2577838389035942,-0.522780772534255,2.44764651219322,0.915359883203494,1.108480464551322,16
2.594279729260283,-13.70470379299796,-7.765976773991479,-5.939602155499929,9.448543283882982,3.9669018500854194,-0.2093704244850595,2.4898928615128075,3.141813294331641,2.4402157797791078,4.599930849286161,0.8653022204223659,0.9710410179831864,-7.662965789756009,-1.983877205231055,0.2831128829645637,-0.7971818124550378,-3.5043625300861216,2.5567707910687214,2.531837845241539,0.2130956694819416,-1.7155156158440148,-2.0584065371153555,1.1214540804569375,-3.1529274633215194,4.301940681238992,-1.4148025252750636,-0.1635398559912664,-2.0813863740957075,-2.8419571201479585,1.3439774575864294,-0.5554031602740368,4.272062637369522,3.520550632439509,0.7047206425991125,-1.993752548266564,-0.146336166957032,3.5791239628988576,-1.7088573453958331,0.7080346224906081,1.075916079290684,-2.1227678284052995,1.641081150315427,0.1804148323328314,-1.5758846670559008,-1.4955669285382007,1.733251495315448,0.8583010662708153,-2.314069095085985,0.9082813549183998,-0.3166889882917379,-1.5601107821152955,2.55549014482198,2.0373244557613823,2.698920243086353,16
26.010170511465468,-16.000936649720092,0.0952384806369158,-2.062379259296735,-2.5116949702872966,0.435643690659083,5.043407281315796,5.986707183577464,4.382301146403966,0.4061514920368277,5.162197517072797,-0.1733148390972715,-3.4575167046079875,-7.970540269543783,3.0821225045651888,-2.517101830804805,0.3499191734632259,-0.9520588383428344,0.0963647902247229,2.5208389544198524,1.109425092358177,1.0004002001461951,-4.94872986677314,0.7819930363565066,-2.2691983050884685,-0.0659626635135618,0.5399889121866605,-1.15179285264693,-4.494097194999171,-2.559724957816492,-0.6019024749992778,-0.0798873357904343,4.757679723483551,1.6753032922946547,0.5032207347647616,-0.9615050169882752,-0.2836941031502258,4.9261057801280135,-0.1432174702201056,-0.044400319409651,1.507157363075091,-3.185571400937791,1.0492254533242475,1.061313508228874,-2.08746837059626,-0.8886748802598572,2.228200484680745,1.0382111877419729,-0.7487441702588393,-0.2406147242665943,-1.9999844885620397,-0.1567170153614861,2.314068973132955,0.911093845016674,1.025680717666594,16
22.43878820844669,-26.150200239759865,4.869740445204447,0.1808784637492279,-7.834774793960027,-2.4147292380130536,5.346421713917674,8.392327892547982,4.656873927128591,-2.174412677497305,5.085585332835488,-1.1644247970407144,-4.680143306257766,-6.886321357084321,5.1752722242954485,-4.562159982533603,0.3693500830748299,1.159120725449705,0.689666174945004,1.4401701769524735,-0.0769778595972536,1.4582436373781331,-4.343822656601383,-0.2055367956174391,0.261647470521591,-0.7710603039829232,1.3546477189090118,-1.4361428676243606,-4.650920575822132,-2.3385719534668943,0.1886122100483677,-0.2480653120598847,3.426230045026053,0.2166246889717003,-0.850035940759292,-0.0892913522697699,-0.2952412887767048,4.745425949863999,-1.2072968302881313,-0.2505276716936389,2.576930288354975,-2.3663165715909145,0.5714667495954665,0.8913701391598441,-1.4364476938366086,-1.4086367867884886,1.517305696679769,-0.3567927037142135,0.5650716239120274,-0.3985077023723058,-2.36656933118879,0.9873851189848932,1.3698977092405846,1.03720977889083,0.8254149897186279,16
15.03106726796668,-22.82487542667521,12.60708139866186,1.671052538148444,-14.27264811243434,-5.015036197221029,6.182497231183905,7.867150016346505,4.948515149223216,-5.312841848416378,2.870928991803997,-2.6922302539076126,-4.835039066604998,-6.135293597471232,6.259858395155584,-6.658525664306407,1.593460956755011,2.330533942790768,0.6723071530290035,-1.212604592504568,-1.8296150408183476,0.4740023492458763,-3.3218196352286027,-1.7867241458818708,2.0639540353155383,-1.1406914087485964,1.4554926052879364,-1.956644379776061,-2.9010812169109554,-0.8321249683081483,0.6835431699826039,0.6532195753885406,0.1383633627930183,-1.6947631725709102,-2.2879935106594536,0.36523480151459,-0.0983864820312323,1.556109464454456,-1.1773217820286317,0.5809236712307984,1.7675165100195174,-1.801011693608987,-0.8681455264576503,0.3587426236406814,-1.727658381577996,-2.5895667279059804,1.437511471040313,-1.9456375375433312,2.1510162788153355,-0.4885485104084301,-0.512513813123001,2.273686543390535,0.2625525470223667,0.5022482048315529,-0.4892178095266403,16
-10.797180750359622,-16.186765067391807,20.40549363851468,0.8283586579320353,-13.146751945011818,-6.962741140075702,4.513971782417646,5.250929716406481,-2.311894320892641,-3.896755152404416,1.033175676225226,-2.58481058087657,-6.929732476745891,-4.139281336891383,3.625844072553356,-6.642772533082526,1.981430618144039,3.529354060534924,0.7148860908623232,-3.715088056762261,-5.846579129741779,-0.8393909003559403,-0.3555685892434586,-2.6244510163834742,4.763772101148982,-0.2361016110666231,1.077059235373033,-3.4056661873197336,1.4726596486350951,1.4183088706654072,0.0407374523987856,-1.3706953004066202,-2.3610660416518465,-2.476932805025337,-0.1888003443837612,2.8852241020112714,-0.2611265494824559,-1.3018307808100842,-1.6382278969676245,0.8006518554225408,-0.3303023845533504,-0.5357864138096139,0.3253421101561173,-3.258196150343956,-2.1597305831621325,-3.703838341329572,1.7492485549276005,-1.9109058110021828,0.5327636060056453,1.48499767575661,2.4374242908054837,1.4262833042307512,0.9592420002913536,-1.4755506677033352,-0.0660067882251412,16
16.058982322306093,-27.142988887250517,-5.626708080129975,-2.49263821914124,5.620332183077985,2.8308567398537776,0.0695664189374579,6.016471030259363,2.248281549032072,2.001841074948925,7.154616330135854,0.787810667011493,-1.4821414968816342,-7.526792571477558,0.5270187432756642,-1.0164519794972728,-1.1454818726752465,-2.226210828350042,2.166450967603544,2.5304120857921504,0.088228310007505,0.1472135316851757,-3.749974352749719,0.881430958435373,-1.7772009826206918,3.411916125701932,0.4539364036257698,-1.116816660185863,-3.082971386065193,-3.3226526161478693,1.4513456401815474,-1.6354921258002877,4.282716562149532,4.972988128250684,0.7290628072082792,-1.5054533644843378,-0.2977535975599153,4.467869569509385,-1.7707428992474543,-0.0300039578730971,2.2036314122095813,-3.113085796434534,1.4311105199529537,1.441276203131896,-1.3790427983047986,-1.5912983942499743,1.2705214154204325,0.5269196302133513,-2.693063370899317,0.0849267800018457,-1.2124036031497498,-1.6732145536511822,2.767540223351615,1.938256602211741,2.672635404543789,16
18.310167340409837,-37.29310097781213,-1.6957065145344632,0.9204159788273104,-0.548554965403081,-1.4507522787212537,1.756478565994193,8.843705179009742,2.9141063622718764,-0.21080077828937,6.647396512125902,-0.2385197190580505,-3.753441988150624,-6.567557027123531,3.382713132845182,-3.9587136880907594,-1.2982099853126676,0.3267513399311445,1.6114085460231116,1.4140579107107338,-0.227706042683589,2.3983732327673857,-4.401332333891122,0.624889646271811,0.4410773077959639,2.2782503352341,1.8222083516235732,-1.173315960476569,-3.4763054465433907,-3.24828507897047,1.3168410364639906,-2.0199593988413733,3.3839812739647948,3.9365290187375663,0.3359286906690295,-0.2941199445088641,-1.3257379171943855,4.749280333373563,-2.232225604124755,-0.6302622583006483,3.0892622526155638,-3.228735896087752,0.6804919514691572,1.9513067147785603,-0.6687498624368953,-1.3390469685583462,0.7604837982107552,-0.1407367731303179,-1.9467181020179336,-1.2647626980606823,-2.273014762957396,-0.4395589513208343,1.8290534820358868,2.263837202839284,1.7346403801280468,16
-5.989006633645067,-28.73519527256836,-6.955992907134731,-5.113475679250137,6.200156788338483,4.834815679404302,-2.9293307955193577,2.786281518372532,2.8886615985818787,1.0155649663334696,2.806633303245777,0.813253911463027,1.6370880643364574,-5.534127745995935,-3.6541285333808,-1.7857202291989775,0.3973585013691075,-0.7319656375121891,2.3818885428957626,0.5225167169815125,0.2655279743070087,-0.3899618902529834,-1.57873627177529,0.0939947923479748,-1.6925083325827115,4.310942393191444,-1.495489381949493,-1.407731867534578,-1.438931340424229,-3.1220284870052897,0.9790010671267309,-1.548412167818635,2.148994220505734,4.710811623096758,-0.3335371850985125,-1.3863331242726222,-0.4116379302187691,4.648773853676692,-2.5318171084438443,-1.0428697102658724,1.6486918539663735,-2.3888444750110818,1.415523628625787,0.5938184450447043,-0.5056286327559582,-0.0094342156680421,0.5802121015713945,0.6781524701870136,-1.561982592357711,0.106289901855979,-1.393142187388304,-3.195487525374878,1.919074411636264,2.958725310101552,2.734933240784111,16
11.729616409473572,-39.35189852755857,3.914653369296184,5.143374175505323,-7.196621374864272,-5.638028474070503,2.4111359147069225,8.873631997307601,2.6889480470066567,-3.711938820840696,5.481054316604002,-2.636755041509882,-4.386200679399846,-6.147577144259909,4.85159428304321,-4.86824105396513,-1.519340249920483,3.21289026940508,2.0986483988494338,-1.6106822565502128,-2.3047148568344262,1.558268415703044,-3.679921055158168,-0.8268512358561076,2.269889400987789,1.6930470273357667,3.127111979216876,-2.5083428695507584,-1.8563478708009795,-1.9051395029990048,0.9856698506125632,-1.1219727314465795,1.888792757019108,0.998350866099016,-1.0555563657905451,-0.367136693045762,-1.2241257639392342,1.627693695799474,-2.6064618842243195,0.4170779771545462,2.411759369397668,-1.7872682432371068,-0.458925889113461,0.8552006796318726,-0.3968427760409794,-2.003696894938188,0.3139992159625621,-0.0624798941873336,0.2936409412699649,-0.9686599479139212,-0.9502490559190304,0.7006044948310779,0.9791129304948696,1.9411815509916928,0.3747742008927091,16
4.702435538740624,-38.3732359453908,-6.251143322234685,1.239657834162214,3.026592180933714,2.871707535483432,-1.6716296778650774,5.986658036773398,1.5673043291539932,0.520026122262529,4.320382256442483,-0.5457594024567332,0.0869642326775619,-6.3408994274626185,-1.798490894882264,-2.8692259039072194,-0.9655536739343584,-0.1680139908797569,2.5226743056450065,0.0738000123132529,-1.3977187120126555,1.507773407285258,-2.1495956110048646,1.0549607747865273,-0.2819148831177721,3.389920377208961,-0.0161303701484928,-1.8869830924028563,-2.121917973426927,-2.70725064078802,0.3894644049589562,-1.7230482637510844,2.6813901052807583,4.652445456016991,0.0450087338608749,-1.6874247202909562,-0.3357819790868092,3.954834369378395,-3.3322162639784283,-1.061487768110115,2.6211268751408965,-2.0705177610291883,0.6185786708777002,0.6269556015574721,-0.2519106890190271,-0.1611737114092097,1.0248956365885586,-0.2892402200499633,-1.5226482275803812,-0.5833082653293044,-2.1084655172735363,-2.3300715779729204,2.3741741444173607,2.9435012829256384,1.8547218855427745,16
4.208426231197172,-42.95605731135274,-3.801559853295912,6.525588131564814,-2.591375825955593,-1.07328473307589,-1.2363950655623133,6.491669844469156,-0.5818257057243363,-2.398330662383011,3.701644041425833,-1.888970159814385,-1.3084400233598372,-6.397041508308119,0.2934962262000286,-3.8397431165754425,-2.12078562800175,1.9012548516354049,2.2315930630186203,-1.4036544717613058,-1.7202416595817642,1.9239957951535376,-2.9054396443493102,0.768391342462012,1.286895519736459,2.286345086794705,2.723632818259727,-2.620065273897316,-1.2203865669265053,-1.9177705723938847,-0.2060166060092826,-0.869969578276446,2.310552805367835,3.328468690750068,-0.7714379912233359,-1.8124547001520923,0.1717822409085571,2.1236687171297493,-3.154121222235886,-1.1063098382882406,2.5614084796879437,-1.1727487144100406,-0.8632801142070794,-0.0754135663298979,0.188944848635676,-0.3024966750589304,0.5764553169707702,-0.2046784093370636,-0.7223871097754836,-1.4027663738570864,-1.5537780295447992,-1.1260339040886416,1.4453190472581396,2.882036055969424,0.8815986117176645,16
-1.93907701518387,-34.01918794722836,10.706999891203049,6.221009017071499,-11.150798582725328,-9.54385301528644,2.667365285599216,6.497959094461172,-2.056969208404664,-5.008201284511355,4.352277133115624,-3.505670111465105,-7.376073550653928,-4.585684740856276,7.046925234354845,-4.834585564894473,-2.232514338841438,2.9345669478179497,2.467842305954139,-4.051011722523474,-5.014310479529694,0.7317428930370886,-2.630538454812369,-1.8978296724847787,5.415544393616342,0.9340417202895784,3.907161645655424,-3.775138172452018,0.3369900465889874,0.0306053333319845,1.0533152617766963,0.1632657189290576,-0.2121301516735249,-1.8134774111912264,0.9390408389483526,0.4915820553960119,0.6490491460221033,-1.5362075534902764,-0.6477736800721462,1.1073087102349053,0.8465795839104084,-0.814720363811216,-0.2135042586846114,-0.7891431928394878,-0.1396372594541511,-2.6674383071500007,0.8900769571261349,-0.0252648321240584,1.29360916088794,0.0844168024369838,1.7305336241865228,1.0934147589626877,0.7624303219076044,0.4712411501040389,0.2089066548040405,16
-10.21482667782569,-33.35178033599215,-9.16843411600458,-0.8248768553244232,3.367375133141136,6.36241259389835,-3.490977095865202,2.684501920767036,1.1161094772379403,1.095053225406654,1.3653811287401407,0.485806473123792,2.219159078805504,-5.506252456384725,-4.026328209943661,-2.431310198795486,-0.1318999202083257,0.1873135290023895,2.2288008543235645,-0.1653677426931163,0.5553259192955192,0.6759335370110273,-0.4815312585697126,0.8717235656254209,-0.6791941310379838,2.8986750967243213,-1.447006457276265,-1.4565460821375622,-1.2742707704993133,-2.490027107193927,0.0926221598988662,-1.2586802700422928,1.740458080844698,4.815642693242116,-0.8112338097175723,-1.6695123720770253,0.009687479453685,4.499198965921898,-3.4912896593435514,-1.9703454450187283,1.7053035454500596,-0.993668278766932,0.8476990311307748,-0.5659645249147695,-0.3405099823858983,0.6558575817500641,0.2683586074688505,0.2662051465948544,-1.587573297415474,0.0370547224562198,-2.6035877238389245,-3.051964387418685,1.7228144376136678,2.779284541676239,1.9505521736082565,16
-1.7774591537750843,-41.04649608155892,0.643108644857494,9.707298637596304,-8.175216448012666,-5.044917638022603,0.5606867517034456,5.074757888760187,-3.2960107274174097,-5.224469074794001,3.254057930992393,-3.2850513615404218,-4.820314156615521,-5.725329412403024,4.166196243769609,-3.157935916581192,-5.013652099757191,2.368994048311453,1.994423686513343,-4.14689481120492,-3.5527279067450577,2.1528957205269323,-3.1681236404014963,-0.0072465188075736,3.655291790766378,1.5308479108997126,4.5845949703904,-2.959842125385891,0.1593034655837192,-1.1865100750555904,-0.5231721075505903,0.0023304697977203,0.6588248716585351,0.4674455417568119,-0.4159755892533883,-2.0478061297019714,1.0460866013654873,-0.8403643889406204,-2.4774462178720915,-0.4743854163576256,1.1922968468160315,0.339840013876051,-1.5186389100971605,-0.493344615798684,0.1868589125166354,-0.9231952332396858,0.7412070652909026,0.5499131500576221,0.2384676676970549,-1.6849925539754964,0.0168494978676709,-0.6731616732731351,0.9036100171147634,2.3352821064753786,0.4054195486043747,16
-11.285387328096816,-35.91501770131958,-8.164734071390239,3.668313808339028,-0.3109718539512347,4.7962678258733655,-2.7474736605388816,2.681828278229149,-0.9546202226205877,-0.7980922626407485,0.5598695130320411,-0.7864460346957154,1.244662996125445,-5.768252161116227,-1.9522710366314115,-2.71673565663426,-1.8525839350271776,1.1212578938001454,2.059116674442788,-1.190307556578244,-0.30691018646171,1.4072375674749753,-1.1570041255344057,1.596028237569477,0.8762464066554625,1.727502326272239,0.373587357775677,-1.5409964181459688,-1.0308115560674316,-1.849061360435995,-0.5357526446734997,-0.7918272789749267,1.938717069641249,3.9446802864721424,-0.9006775200532301,-2.4070703990732545,0.1996027899622297,3.0034722966810694,-3.086406298080594,-2.3252012452451463,2.0512099407587474,-0.3537600952344687,-0.2860682411070054,-0.868644120806483,0.0744499583342478,0.856383262776859,0.6473330522650858,0.0745652980274625,-0.9624954014480815,-0.8280312201049811,-2.3169691742902807,-2.2667234344906038,1.5244101310205325,2.308292435260776,1.2998553159078994,16
-11.331129517561006,-39.3301342020625,-7.197324062121392,9.757689409447137,-4.561630218292927,2.930868534233655,-2.024848624367887,1.392177572176734,-3.676123071859283,-3.926196634357324,0.2510038689943224,-2.6374070324480643,-0.7687753990612384,-6.485440682948059,1.0026472981201138,-2.446722490580263,-4.9651911680904455,1.716612075947483,1.1501628792963083,-3.2993844119865887,-1.2739781455178991,1.6589610812100766,-2.1448769421962317,1.6884629634302954,3.7397402387950422,0.9551117880631418,2.0241293125560915,-1.3837689114570089,-0.3417743505278366,-2.420252204822324,-1.604580166262627,0.1307152492258,0.8272117174237008,1.589252991407084,-0.6084087587032816,-3.4899681885680134,0.8379425826750438,1.0343607281684537,-2.4840205985644626,-2.397074715927869,0.3104710675201197,-0.1433921503830801,-1.5067123195481928,-1.4347430064319058,0.5681521230772083,0.2628324276702068,1.2192271632796263,0.3255877012573506,-0.4873748939498971,-1.105537900237845,-0.7505281848778541,-1.4916498940594496,1.044618081159657,2.048044487729683,1.6075045465655098,16
-23.514982488282023,-30.105792602124936,-0.8556062595252256,5.303460012714426,-5.989126155022758,-0.2717222005298536,1.0211894682457372,-1.5464325838893749,-3.758814993142372,-4.606113581585673,0.8299830974199319,-3.1726081224895566,-2.7517199159249244,-3.8365422086707976,2.733748589822639,-1.1804031542108662,-6.023930420915105,0.7619669321070736,-0.3714210227738195,-4.738190522456259,-0.93700288234803,1.1766423104278425,-2.1835552401658744,-0.7878062958929465,5.177160352856006,0.0603130810476043,1.5890532469095715,-1.3006158513095434,0.627414300188371,-1.5859548855212906,-1.3284034565647218,0.6115187758739286,-1.0119271031394292,-1.0952298032592718,0.8206896383740273,-2.6851395598934045,1.6005817036172625,-0.6692505961078662,-0.4518662054991034,-1.1233435563376934,-2.9595713283796936,0.9675699286596706,-1.2108766983831172,-1.6864543825294376,1.6337455874112623,-0.9247944858400958,1.9698710592699136,-0.4823399270713425,-0.6362893722494473,-1.280516779498038,0.983321641974572,-0.6531635936916654,0.3512698681500592,1.697462750059216,1.682267788304851,16
-22.347134738018024,-29.120551657824468,5.4289136785061975,4.923030457675623,-6.920715599936609,-4.805227359841899,3.265750831892369,-1.136126721563805,-4.278137644442015,-4.619890842909411,3.442649298916068,-3.4329237123489125,-6.203208599155721,-2.4201701344127007,3.194817050326236,-1.7889920287748255,-6.117915847124995,1.104098778632494,-0.770564157199048,-4.353010655825965,-1.545244106939404,1.4600430560167663,-3.557619129210168,-3.244735072289516,6.967415911646461,-0.5462820535724785,1.131464394075012,-3.824355884732547,2.091159223941587,0.0860548068644867,-1.3056808530924338,1.00952436707193,-1.6170031901947253,-3.643726560354133,2.085685628365932,-0.1868387616539405,2.204431760777688,-1.858313110465806,0.7028110529842612,0.8044254534187038,-2.9705486269635526,2.260266397183506,-1.087662856172754,-1.4187589794066056,1.64125112479781,-1.7655942850871018,1.6511573134849151,-0.1817206957215738,-0.9630088618969076,-1.2458118125155395,1.713304703261737,-0.3076521781795746,0.0835497189420189,1.687287057581437,0.5250778554523176,16
-32.31305104353498,-16.03004566670828,12.816690422217595,-2.716329948147914,-4.4336223629342095,-4.655060764308292,2.545596494810609,0.1107510720111609,-3.891448015355026,-1.0969130884403369,6.663434755388733,-0.8174410608830547,-7.528910929643034,-0.9495663677816604,1.0323880850513454,-4.270540182384225,-1.8406568958257727,1.8560865460687608,-1.895618030034414,-3.532288815028092,0.6952971487880467,0.4657297099066146,-0.7684687536012914,-1.654083090998456,6.462104607866161,-2.5785459652204565,-0.531198191634873,-4.169894885088689,3.868844428434428,0.1707921503585679,0.1350928596958588,-0.5195270039428506,-2.3889511284570317,-3.896948549780775,1.4693505766089048,2.249198684641016,-0.4990308845300306,0.8025318174988966,0.0255686135979208,1.992171314871455,-1.7721440636309322,-0.5052590649310377,-0.6658876801056587,-1.184334970013245,1.6448104166357442,-1.1281157349150364,2.317467559894643,-0.2478586646855641,-0.6567449092811128,0.50801246263436,0.186759380790395,-1.2800286844415891,-0.2100858350662746,-0.0374907652250179,-1.5071818773633898,16
-26.09805174727101,-29.86428566781899,-10.693964018563223,4.779553404315807,-2.867362281054016,10.72954823405754,-3.9230823421294,-2.9986551708988523,-0.9027039885470488,-0.8594966401518921,-1.1345337250795364,-3.350036122085483,2.1840146893104,-5.437681981576727,0.6816811626056848,-3.3337138732824854,-3.208551662890944,0.9649749576768611,0.9188652400651196,-0.9724899425332963,0.8366230152222872,0.4960463768441625,-0.0869642875714526,2.149209166072916,4.096828288039415,0.7234778851948942,-1.3857205864580664,-0.9808193064062718,-1.2358034541467189,-2.5043822610665605,-0.7591776636045364,0.4984053488735275,-0.448525992478145,2.3425588012464518,0.2486410063468056,-2.1232708538992555,-0.8062040667479283,2.011081876036235,-0.959038922572,-2.2001104855808853,-0.5860685267697967,-0.7164502761077401,0.1932289611655128,-1.8107757430477411,1.0952594385933991,1.2509748003896066,1.112633467897958,0.3873967027666465,-1.1900717758204689,0.1804688833729677,-0.933231379537808,-1.5436082172780845,0.7363446832010849,0.1764102228724875,2.4597844140226224,16
-30.13989664144863,-27.429446168340544,-8.256172533275878,4.885309525780691,-4.805942084013524,9.18113606895627,-2.201363286761572,-4.441649265588351,-2.016173940631036,-3.0627191885281637,-1.4704482997420738,-5.145415218019402,0.8101312732731352,-4.8257041300465255,2.785087951420007,-2.6207772442610917,-5.869230420020011,1.3023564756584027,-0.0446627204482883,-2.351459591714813,0.9362709556911998,-0.402585471731534,-0.2189210218760354,0.8659051975637296,6.915959497804197,-0.6841544092207397,0.0379605993786324,-1.3578784395732917,-0.6214562523257583,-2.778956366835552,-1.0180846180794731,0.4514460015796978,-1.7419203625640318,-0.5538922821419292,0.448309258181318,-2.8633019221181,-0.8038420608592367,0.3578383406062647,0.2647661188435338,-1.1345254922396883,-2.9623659981927064,-0.1346429180771426,0.0481889387635022,-1.839044389592392,2.772483838368938,0.4639325793961933,2.4824776333639584,-1.2451775901078752,-1.111067427514383,-0.6781333669965969,0.2129931744381324,-0.3609925894142933,-0.6392551406385281,0.0145668465563096,3.556291076677267,16
-37.89036414944876,-17.58463178895615,-1.01286336738826,-3.570797508352258,-3.131370356551292,3.535198191067399,1.4582784619251663,-4.596468589372823,-0.4655703430636535,-1.6510644312906224,-1.8431522919746808,-3.1988021786010603,0.0402262184827988,-1.162514018772862,1.7841842162833863,-0.3834706312622459,-2.4082303006941244,-1.145047139050168,0.940709454696851,-0.890639638610317,0.3903026140697166,-0.462835542973265,-0.8994155254925192,-0.9203071042002468,3.946071945879207,-0.850019736036133,0.1778151788859238,-3.2163950228738107,0.0590685526852645,-0.1603702627153405,0.3058525998384093,-1.4202823499792774,-1.979475022094219,-1.4282700662902394,-1.0711735789189327,-1.6215369737500656,-0.377233685678176,-0.2299469259023009,-0.5987346951840808,0.8116059657788641,-1.4033202987910578,1.2230108373730575,0.3140193189299463,-0.741870793994712,1.847467138298497,-1.3192481683355708,2.550277204929949,-1.9591199010083469,-0.2349480134546129,-1.2507820597759691,-0.373866440888813,1.5171993674531197,-1.5117388121638524,-1.4511278506390806,2.6526139960495545,16
29.657252473446643,5.295703398187384,-2.630955115919228,-3.082839691564659,4.176600237725671,0.4420486925581561,-7.047290020429058,-2.478335912659092,-1.8421961501369863,-0.9678142678381652,-0.7222354292487492,5.0163939077742015,-3.653319559791457,1.1988053672028256,4.13263566933077,-1.7429681617592545,1.1675259961406332,-4.247729300620785,0.1206760116871487,1.8164075579427028,2.063182199556709,0.5442535143404994,1.7788349288768797,0.3307137723778015,-0.1278098899668707,0.3113023167414789,-2.4086367428120607,0.954753636277146,-2.4985234381873105,-2.458206460064586,1.3996417589185568,2.545833507219113,0.1739005039734193,3.162251743877019,1.9239314048793448,-0.6292365898012713,-0.9258966982650167,0.9425107477878198,-0.5977815542459854,-0.5032382608876446,0.3933740159048849,1.5889778166874335,-0.7088648308522736,-0.294697772579809,0.3446814109608686,-0.2594519195243621,-1.0072603084495102,-1.217682840491963,-0.5787224047818996,-0.1094502523575309,1.3217129928601037,-0.4386198772864239,0.8486800617680793,1.6480839565845826,-0.712515131107376,17
31.51905205228197,4.548540248422883,9.20204437525367,1.4544956226317334,5.55703906424443,0.6479822973277457,-6.958195339963858,-2.5412621305650083,-1.9699692578542625,-3.0979538711236123,0.1948179762628609,2.6845198582749683,-0.3954136091234244,0.0267845737406326,4.73425376541413,-1.258904685600239,3.84456607457781,-6.243914771974757,-0.0212606602817309,0.8734065741972802,2.733814888431982,0.4515299524726843,1.078247756412015,2.6056618839134607,-0.0634150226401947,0.9847290228420116,-1.692414028939197,0.2227214433330103,-2.850336703245202,-2.9858609716309767,1.8168930333802256,3.09218966838517,0.5119180143036923,3.099866066091596,2.000768903023637,-0.3822714444928194,-1.9729234212879905,1.444933690234278,-0.8927401729479395,-0.4094134377571475,-0.64226961172227,1.811551281428727,-1.785228105449292,-0.4953195435776538,0.3693796170570476,-0.3526094010678814,-1.756640771477365,-1.8195435074242472,-0.5733411985461875,0.6736894466724189,0.3517634695131627,-0.0073762231328336,1.0227990543642926,2.337951859829965,-0.0189263336264636,17
22.18343792626373,2.457828408847853,22.11667555311241,5.771036250381975,9.628315337380805,1.5431764418130576,-5.24795329989026,-1.803422524909748,-1.6229700881905844,2.0179723749743825,1.3695242899231814,-1.4376175304105807,1.7731343756835651,-4.666102447208313,3.02316581959923,1.8567331652145105,7.1844635425376095,-6.941100110002918,-2.108859446360234,-3.568823625330966,2.398218075186212,-1.4896585852866435,-0.8851030471306554,3.0237002664208994,-0.5244219043978291,1.0953064110723825,-2.8864302552096697,-0.6035179254717512,-1.2280975101159666,-2.9299078461803183,2.9930673521486586,2.391977563144038,-0.143243128175917,2.1104556284162044,0.6415500586192572,2.4573782272284923,-2.095978614782875,1.8852526865211208,0.1861425674977778,0.0350597190616981,-2.414868642202812,2.866743466551883,-2.982241208455465,-0.7011350699978275,-1.2339461847362845,-0.3624588826113459,-0.4811246872484291,-1.8232916916929292,0.7278633377050728,2.086640649166702,0.0382337806512517,-0.0161621687666815,1.641429020386192,2.9773315633404733,-0.064273022743879,17
-30.940374179057777,-6.557141169060647,16.851382654192555,-4.355608597529306,7.315689485633548,4.06192106685813,0.6695102731861957,1.3871349149515952,1.883627402050512,7.468556724289952,5.227415414803073,-0.2758053022265251,-4.0999673430894985,4.316373777754565,0.5575503045790194,-2.9016666013052563,1.2757352339334052,0.3896771890177108,-1.9781358402385465,-3.271826944614173,5.889518185569347,-0.9353630220772464,0.9588088224318064,2.015557250306628,3.85863399129019,-1.2051265193962148,0.1946240606539943,-3.909640814371405,4.33454749763501,2.0434363210942443,0.0256916865921365,1.0079592996438056,2.3037925761439872,-0.662101274798534,0.6563761785836852,1.1498908177422025,-3.1044829086343664,0.9355309109835964,0.9377684449500162,-1.5573974083465767,0.4135377827055148,-3.1549921005494546,0.6728095759526374,0.5352778024882031,-0.3173686240352628,1.5347915554001967,-0.8105840700655118,-2.262723227462797,0.4102996679026728,1.916128273080416,1.522856755784759,0.722352556703427,0.45848039947594,0.1224950807751133,0.211890162221668,17
23.268243783931148,4.336251862714456,-11.606394716241528,-7.6904085693263875,2.0406728257673903,-0.1478838709522079,-7.917682341360353,-2.7642767327703908,-1.6675796630328232,-0.0834593669060545,-1.045032769387646,6.525718897647495,-5.1466865810246585,1.949402883217931,3.797813094904698,-2.682659649368159,-0.708346355830828,-3.356795325733401,0.5146597332195006,3.0245697218377066,1.6935886197301833,0.09576552873982,2.659648019421881,-0.6571975227922713,-0.0500119168440564,0.2389010635704241,-2.4123669746873744,1.533057751083504,-2.443790811330636,-2.2020225610084765,0.5203768377360889,1.094414565079863,0.7998682045750652,3.688887038024886,1.7492492145494367,-0.4994185024394463,-0.4180489033362209,-0.1244688307665054,-0.0837457933117374,-0.4833870706800572,0.8149113276482086,1.6380064734466464,0.5533394116063042,-0.5433316597095885,0.0335779837718625,-0.6525681201173932,-0.6809152942492215,-0.9672735337012036,-0.6527686631488552,-0.4176588051684209,1.9585447048058937,-0.8645133108925119,0.5013977897093993,0.8303248818256357,-1.7038622723508627,17
5.838044343921772,2.61795642693079,-15.929210695940029,-12.517776722899509,0.5793873369676508,-0.7006334680724309,-6.742715464289211,-2.224639439772744,-1.032781873735625,0.9495119297570048,-1.9849970020254504,4.740798077436386,-6.783257091558772,2.45925501458438,2.696282252878275,-3.0673446336697934,-2.128553392289133,-2.470804476797717,0.674872979750709,3.208514172498415,0.7628884832732054,-0.6887380899470618,1.7775666723759695,-1.2258133206724655,0.0549341210521331,0.3378810019979649,-1.950013514634596,2.3437683451084874,-1.637430429633392,-1.590574226553771,0.4989503745280402,0.1789319891883118,1.457282942699684,3.3220437225011,1.028445537131487,-1.0035503714071374,0.2433573104894388,-0.1829611226595428,0.1507052194591352,-1.0976642813245612,1.051888022055642,1.5094941259901091,1.7073886761095234,-0.6233805314271654,0.3246161483785617,-0.306293334883944,-0.079465668710969,-0.1779457699456475,-0.7615366594833676,-0.9545618698055024,2.4859952151725424,-0.5031078513366906,0.140108183203157,0.0775623785298643,-2.131030407626993,17
30.75392751560148,10.71264287280298,3.0115877614506315,-0.499355988490157,6.42219717591526,0.2167387925379541,-6.403266133426224,-1.8328048354015471,-1.5003505383757632,-1.0579628370289178,-1.6944833652389062,3.4517204342381618,-4.302093543017725,-0.2829026138096441,4.678397168746061,-1.4927886883591766,2.19639570717331,-6.016176394736822,-0.9919423314698363,0.4395009894540445,2.13965229653148,0.0607729956755659,0.1610734850333335,0.9426063380754172,-0.6587069406808242,0.8150718512083087,-2.680156625681619,0.3275480982066016,-2.7079530240069705,-2.549430981604007,2.3753997054069167,3.112875841468171,0.7970247979490243,3.321770041544216,1.728100189554483,-0.2489461419370641,-1.3732528944457632,2.022569058143433,-0.1919360060624415,-1.0428611452645251,0.0555685204518052,1.9438234645541812,-1.3062701264432377,-0.299132393621155,0.068887087334896,-0.2304881330170272,-0.7248911180303049,-1.7146211730566596,-0.3293779494560546,-0.1300274884437971,1.4529461967618222,-0.0477441299953329,1.119019813813282,1.5939944439863154,-0.5228005488421372,17
25.958211683751856,12.392991627921187,-7.517454828536428,-5.096613228715833,3.775740363864415,-0.7845728147911122,-6.711763796536492,-1.657633615733077,-1.2995814572184947,-0.5286725639809354,-2.233279025903557,4.81504735223058,-6.140935641617818,1.300906572712752,4.271235186759303,-2.1531212196489777,-0.4495165832804901,-4.856557226435398,-0.4676380864530675,2.2150133656972484,1.6571733767665997,-0.1127585946946243,0.986634723708664,-0.3311957691366663,-0.3343202144610225,0.5686872123861869,-2.316232102909087,1.412528327250766,-2.084919144813788,-2.3163872528229867,1.504112321922485,1.897239027388302,0.9612715715954212,3.421088656012249,1.8113027237417003,-0.6745272868130002,-0.426323379406673,1.4599536727104652,0.1726713063786477,-1.3419710240895495,0.9057782393090976,1.8700385866755351,0.1546277710273322,-0.3249035700530389,0.2124922963758955,0.0513028289550916,-0.1338923138597352,-0.773959902539065,-0.64019162563987,-0.7265995256391916,2.345772228010292,-0.131696828948699,0.697998094784605,0.8822656840916238,-1.286983645590822,17
33.67470394813583,19.43952212133401,-2.8681601662654943,-1.918810906177879,5.415783697995747,-0.7342719179999537,-7.01087147340054,-1.4651036684549128,-1.655443107247529,-0.8720821193278014,-2.5757918528908257,4.572209141462656,-5.620498768270085,0.9561638121620878,4.930506836873215,-1.913118005322769,0.561740547525291,-6.319685135371649,-0.903626754352406,1.5949150688067386,1.7602876466558277,0.0627472196904938,0.293714268058665,0.281342615565545,-0.5482047160718305,1.0402814224661945,-2.215133022898834,0.6368575514162459,-1.9908874390336535,-2.6530055966416923,2.29040686773443,2.5841654897801702,1.1470826345578755,3.563223265019732,1.9618152345348243,-0.3959321201346774,-1.0386569518883606,2.076270096982757,0.1823679593854006,-1.519724019074079,0.7889834824195511,1.8498586828688208,-0.3961514828546174,-0.5859978703177026,0.1972019986324182,0.0953347064838455,-0.4327868020694554,-1.256018061144886,-0.5112673939631647,-0.6088122589402271,2.2209405104450197,0.0538965710759625,0.8531424490483577,1.1432792504154508,-0.7845358317738615,17
16.397553006083882,14.647953480229324,-11.264985885844892,-8.41804996595398,1.761135945710231,-0.672132143832667,-7.667210189458608,-2.2253695439541152,-1.926701725519275,0.2245675282661518,-1.3788528857155604,6.008674257441336,-4.578865568778091,2.8060411386777235,3.3151622525199302,-2.571910895960772,-0.7853277103602401,-3.708779099260864,0.7314078897814664,3.0237066917807214,0.7951261028712259,0.0741248306098244,1.9785841221443616,-0.4458874054827179,0.5108362648688761,0.6646923408143146,-1.8568592169070444,0.6531599930038755,-1.4927900878200493,-2.4080257534873684,1.1428866936702655,0.6534724247144688,1.215112721295196,3.26304203092833,1.4460614174318376,-0.2948245931413127,-0.4038857441050947,0.2023494840340114,0.6582757823287569,-0.46006939779006,0.8523858658087887,1.3340618745575916,0.7160645165099283,-0.9381966187355064,0.2922780215006314,-0.1749193803308284,-0.5714320984614443,-0.7345270565297353,-0.9840107252166947,-0.1517406748416933,2.163143135784157,-0.4808600310791808,0.3704106101761901,0.5291723381918304,-1.614511098855325,17
30.13922228319085,18.448734740056,9.4036214145587,1.730250976234,5.993668201606664,0.5031895310094491,-7.108520842622799,-2.01840844833931,-2.064080737775688,-2.687744147259629,-0.3927576872853035,2.9025615501760966,-0.4905358076301824,0.4842806735084802,4.977359523351873,-1.487355081263653,3.3261682089379043,-7.085804288537988,0.061249264588139,0.8000212072892222,1.7210217055250805,0.541358971004726,0.1992967964612894,2.761255940619756,0.1153449354402365,1.8028157116507215,-1.1121945960063755,-0.4453111076616003,-2.0956065964764834,-3.174734383007321,2.250850418928945,2.3906014605824537,0.9762663513516576,3.1861309400867177,2.0951098698811728,-0.3187471462282117,-2.402067602005645,2.045649609145943,-0.5269386853166279,-0.7333485951323947,-0.5816268240224749,1.5295407820255895,-1.5573648316674746,-1.0760861845790288,0.676015725822179,-0.2911895578833225,-1.6757635118977174,-2.0932319795627405,-1.06961638041158,0.6163781866769051,0.781847916811864,0.0795502668323187,0.663009646141089,2.1023738665329144,-0.0139737159918592,17
22.21541886940097,23.132065634586727,3.6408240793067534,-1.4105311235769362,4.554548177407999,0.1064852328614266,-6.736238440429631,-1.740119702405183,-1.9567818687011087,-1.9700285183886197,-0.9106490130716296,3.9481237789284886,-1.5171252318531128,1.447727360539133,4.3653541738265655,-1.7715235894961745,1.878919499764468,-6.175384955643596,0.2547797413599906,1.396514953635691,0.9093766580576907,0.3170723724115556,0.1451306865851797,1.8958111007508245,0.3063436057772207,1.6697381353860168,-0.8427151908913196,-0.5735278800725011,-1.3626694876439474,-3.042187616222927,2.1667092672900226,1.6524931513324843,1.4355983568771622,3.077105867173109,1.98384880470451,-0.3757501163885706,-1.921957977944984,1.7017945286137046,0.0851898021147334,-0.7211237718366311,0.0358835297394642,1.4649338554714528,-0.9591585719785584,-1.490298963229256,0.5015972232061777,-0.1471191732061652,-1.3092171034113418,-1.9318535714757852,-1.3116651894876152,0.3749016526195975,1.2528844295668318,0.0009840551099593,0.4573121463747903,1.5112506156305408,-0.1868105427159065,17
12.246235987009518,20.536509344074847,-7.351808129441363,-7.157426449624769,2.200429184230293,-0.724907805951998,-6.63074959815759,-1.926860323468847,-1.6927243248059836,-0.3092087102257738,-1.314993726160904,5.308608694348652,-3.360249861557774,2.635265365385129,3.2528870140940427,-2.250842646688102,-0.2823164143219088,-4.374983289669359,0.6607205726385734,2.490382594747006,0.3848215303805411,0.0378103772991859,1.1543034720609424,0.2129253428966306,0.6938282498822723,0.8698071760447715,-1.3261182386472905,-0.0522649994828689,-0.9954100853371842,-2.6647721226425136,1.523808632121057,0.6744268062194259,1.5105436882628185,2.863814598613015,1.4604808980361597,-0.285508190416729,-0.5763887215343438,0.6398931538045133,0.6907874071672587,-0.5902046966206181,0.6348461051576886,1.319311673281282,0.3539351620135189,-1.2161722609108356,0.4904972448807216,0.0456719214237073,-0.577470258960268,-1.0816628845642824,-1.22957470252187,0.1065534019294362,1.9820360964949315,-0.1532953239073349,0.4238274613302292,0.4036603416356324,-1.2309547572217443,17
-7.51183334419946,15.061780881470286,-14.690970373421626,-12.297628729038548,1.3444272824585797,-1.9083400819679996,-4.582312696325366,-3.2767813717081986,-2.089684923342403,1.331626240142067,-1.1422975624829754,4.590895254529452,-5.357666599814001,3.414512389622626,1.3274741128387555,-2.0748403111276814,-2.856735976134471,-3.0534479674002446,-0.609908252414646,1.3773809714626692,-0.1238845305516166,0.2437983911919767,0.3542858574455841,-1.3115739624110514,0.2828318549246778,1.374617961697994,-1.5929144967622888,1.22299730484157,-1.3428555835797813,-3.058967211326326,0.3089318414493728,-0.7288819616120352,1.8434325741654936,2.5862643477006784,0.3614805710622002,0.3028495172690061,0.7483409462637248,0.2225420449988716,0.247541329007115,-2.636871496548464,0.3584448991890339,1.826123554025782,2.067308231381058,-0.7240406138424197,-0.1006122832708047,0.7369705796642383,-0.1675814509587776,0.1747601571542967,-0.0893009022939201,-1.2560106143405545,2.3380728847323264,-0.9065876517617064,0.6286177216197852,-0.1627614212927568,-1.4546509638335747,17
3.9247997818432334,19.651428377473813,-1.341254225432437,-6.356891371062625,2.489565142114767,-0.1489530089814247,-5.224495364569101,-1.5178125650724743,-1.369455201115125,-0.994440535854726,-1.3182780210236855,3.853114711007296,-1.886111299061629,2.073283240664197,2.999247387589553,-1.677185537136605,0.7385486360192838,-4.46274508180395,0.469402694949109,1.498710226463104,0.1793451108067501,-0.07906264443374,0.2571508024198473,1.071333808445085,0.68953399846534,1.0752913846263314,-0.730617660959007,-0.4372393938209672,-0.60105741071082,-2.6252497047548737,1.9675382525813283,0.7866865076291981,1.6811473301254578,2.535963043264671,1.3533825113481213,-0.3706086087607285,-1.0029507819208914,0.9809110270098166,0.5730455321647512,-0.6742196687895115,0.3858799777209653,1.2893728176332178,-0.2925098336253829,-1.4159385497771466,0.4832045833579474,0.0719987860369602,-0.6709005948806743,-1.4525932704872373,-1.3133447458537515,0.361894450079318,1.444504244685968,-0.046258447838035,0.2853442548797498,0.6033586088396229,-0.4986220504518011,17
15.32971107564492,38.64773927869486,5.716369007650192,1.9179529150565588,5.518647445698608,1.8086289415492225,-5.982588608323192,-0.9422280088962804,-1.7901631300169532,-0.9497533326002204,-3.40410117385912,1.226860593245972,-0.6785121435574074,0.2589559944461433,4.678138253801454,-1.017443031784064,1.990235231502825,-8.327916164118966,-0.1963176398531476,-0.298507588654308,-0.0038311572040855,-0.0640107638974225,-1.3514388980444552,1.9574136826910635,-0.5780103578335841,2.885608668835227,-0.4964832081101296,-1.519601593495422,-0.345515662848424,-3.1722515812286822,2.9313526512223183,1.4494367048618273,2.46825091341263,3.018387441488646,1.3197350496227354,0.5853727447990493,-1.9387929466293647,2.5288540158672506,1.4567709865752505,-0.8479413606127313,0.0525309737939935,1.862429581437826,-1.295312129894432,-2.319905180676466,1.0621398480695938,0.827479410322559,-0.3781392993750871,-2.508732063571715,-1.2088935751237215,0.7537499969339816,0.9309732513155424,0.6001008289814702,0.2927980131666596,0.1845896497880662,0.4763036889314676,17
9.075456947082513,32.825479909125086,17.291006899862232,6.14033284807849,7.134100806188791,5.251159699945506,-6.482018455472962,0.5355188751226463,-1.4504187456580029,1.0898126397338983,-1.7828434917079852,-3.1698134969364875,2.9904880282386634,-3.190410077700774,3.41805080608206,1.6022570120116912,4.116382915116776,-7.174740741275114,-1.257986017458354,-2.921350096720159,0.0782154884044642,-1.1390471047675053,-1.061273868745272,4.322832105821508,-2.5977974021737613,3.0545104051608187,-0.7182641205803584,-0.9792961003844662,-0.4585767723145238,-2.964263906469808,3.3081269254053227,1.187587503532895,2.29314117281167,1.152925443177525,0.632195652415638,3.787209206057698,-2.3301971535527883,1.6254221522791517,1.1603552504436168,-1.31794707494825,-0.9272895500285936,2.340027054008853,-2.271949592890359,-0.5582455577087885,0.9978963982668844,-0.1592683709537507,-0.6687834229610314,-1.2109887567248931,0.5981837978148898,0.1961675758757874,0.2556456294839018,1.8874467521799896,1.0062332812234895,2.706589907326548,0.3975994198938706,17
-7.395797285055954,12.420291614789251,24.749173302565573,4.268491584855977,8.607918423995214,8.290664073435282,-4.63114604243873,1.4579860870733283,-2.34815740138489,5.597653485334685,3.136186425575452,-4.734918667228485,1.3887624170786927,-2.1665206192203668,1.3216120999592424,1.9449797426935749,2.934941214522755,-3.4777067965188717,-6.369102499544593,-2.41455472764882,5.111569321342478,-1.0794478905623928,-0.855347193767191,6.333861147075975,-2.972027232168304,0.8545011776656195,0.7564154044213152,-0.9074174236905518,3.2545671803523,-1.7802859818111911,1.523366329822364,1.4257430280950676,3.364388399012995,-0.3251460793454672,-0.4290459401724649,4.296719287850093,-1.2189346683080573,2.141306922424565,1.5561503831700303,0.2165750521866232,-2.1519637812148,1.1462270461310555,-3.630229971495414,1.2961158562673525,-0.9435955559995106,-0.4786993909787436,1.6551079614713644,-1.2894679074883368,1.455065140083088,0.4907719508804633,1.391734222595745,1.231124415800395,0.4103869829601085,2.984199736050545,-0.722013416779996,17
-0.4154374160679571,31.035737057197768,-11.35365771693356,-7.057336085586651,3.218053756049231,-1.15391223108065,-4.670150163660561,-3.3239861737903005,-2.7030265938581985,0.3210472932713376,-1.4092799820275117,4.953352799910649,-4.336314396408794,3.7862024796721663,2.151342897659959,-1.4218788932610504,-2.596366120716867,-5.121051227573102,-1.6611044488043651,0.1819449656292344,0.8972016121190736,0.9196099762497676,0.0245242139843651,-0.5984936386735824,-0.0176980697488605,0.6848931696125974,-0.8507213520532131,0.612811772602968,-0.5421515826413423,-3.5509950535195918,1.045610106994986,-0.2350080190423427,2.1467944111791017,2.207783258324879,0.7774146495094248,0.0743887098592193,0.6326976890747148,1.6279125520118711,0.6277895997631855,-2.541930268645132,0.652516428937256,1.3722512137501477,1.0329681837605529,-1.0545058911085443,-0.2180712883953706,0.9141571977889936,0.5642049012842493,-0.4228909734278786,-0.6996452380830126,-1.8295608048096577,2.422866500789061,-0.5612256934056575,0.3575550004998099,0.3516660754052463,-1.2292275991316866,17
-5.78939481219016,36.74517986861715,-4.308680493101369,-1.0858267857028874,3.369782600431434,2.048916992126611,-3.520806735088141,-3.05606427033476,-2.0845806813898515,-0.8166760142559513,-2.652440363238702,2.88530931341021,-2.165965921937249,2.7432142589772543,3.447699841039971,-1.0790589212707375,-0.8764893152442227,-5.772009922351989,-0.8670227308260038,-1.7002613183587114,0.3028995336327583,0.6230396213451639,-0.6098503150979028,0.632674545177343,-0.3076214166873373,1.299152106325301,0.4257065003778472,-0.5992397134035368,-0.426237261646625,-2.834194649748455,1.5693007421950806,0.4706613937091542,1.930208398845244,1.455435785470223,1.2048801226306065,0.3645887167005586,0.3920939847990322,1.84358168846325,0.8412426216736335,-1.45296740604415,0.3291690412982392,1.3839307090599815,0.0016535982529714,-1.1820965393208676,0.2905735092459118,0.3060977719597674,0.3686268354609829,-1.7223528172537916,-0.7337295194463362,-0.8298429054958608,1.5699033242030775,-0.6180222075500021,-0.8847127353693732,0.1073169770355093,0.757239862126082,17
-21.78409864360201,22.52885385325701,-11.728014315247366,-8.301948513159214,2.0499379033714606,-4.185597642279639,-1.538620046656743,-5.480886775536689,-2.1153587123452646,1.6645603127215003,-0.7794291447355726,2.386291519197884,-3.7720486388711048,1.8638389988606576,0.8937751620021236,0.5092032159873195,-2.0623521026366647,-1.4193840836694611,1.3395329718204945,-0.2275165253582954,-1.1807645544389556,-0.0073407180207413,1.3683750578960108,-2.989596769923875,0.0503595386233977,0.7490365860415691,-0.4324854108132844,-0.5021659737060653,-0.5309281011745405,-3.778394434643649,-0.8450972963234012,-1.7347759666293592,2.027715766071326,0.9305338461561152,0.809480096625638,2.1890490491886974,-0.0467831735897042,0.8142058591570888,0.4437480977998216,-2.367324895039946,0.7749381239157309,-0.4915530554520397,1.4779861167255852,-0.6914793607914869,-1.1313573207463037,1.7972322388075517,-1.5948118391561237,0.3737563557328079,-0.325684078331267,-0.7414493084188586,0.3009354617910673,-0.5482169997764413,-1.1420960325594598,-0.2855012063527521,-0.875872467522669,17
-4.559937194718535,46.489325353145645,4.29532327824287,8.88439380193933,4.410491680549465,7.346529133101795,-4.280779127179788,-1.169547759566795,-1.6882765659746422,-1.336056506511178,-1.2627483662752952,0.0212522066952463,1.7279244258044142,0.8622592531528437,3.5707725012162097,0.5572232169062968,0.513313804227961,-6.130723557471289,-0.7982627510302756,-3.344456417052037,-1.312990058695915,0.7060779685416385,-0.3855808270021597,2.3199696802144,-2.2405872721575486,1.7883874611937831,0.9634140283574176,-0.6843940680190383,-0.2066310225262882,-2.587377473496454,2.0523127509433032,1.3515456202746956,3.4875408281489517,0.3850921253273375,1.41134439933937,3.836515764581193,-0.3525174127191795,1.6453877502178127,1.990320706374807,0.166385806761335,1.1183361509774248,1.8971204882682535,-1.2473538885405586,-0.4734000670328362,0.9319130233529096,0.4140330396718846,-0.0789335982309842,-2.149468438575606,-1.590786108510042,-0.4833566402695311,1.188372134971122,0.2351627226084219,-0.7125289275120363,1.1884451587333311,1.0670182688280785,17
-14.976445467306238,35.54327820543549,-10.415391612744456,-0.2587338689680068,2.3682768885412813,-2.670787469997693,-1.5596249549764265,-4.144534875844439,-3.5877151602677086,1.0551496304852488,-1.7014873964094266,3.062356663228527,-2.789106257459295,2.9022110227932787,3.1427403497848143,0.2951191043753848,-2.204279813319728,-2.5546845181702067,-0.3442820736165422,-0.82042696116384,-0.4904815682909062,0.22613920684449,1.436981534706706,-1.7118581132415396,-0.4648188584509554,1.2233928374008234,-0.0320935320756405,-0.1855738234931302,-0.3137831444500938,-3.611574072850188,0.2405214925658712,-0.5086302323019831,2.9811580876955417,1.6399646549760047,0.9862334725896068,2.2413649365143504,-0.1486373311707979,1.6719197046292815,0.3735749079312409,-1.739016575525882,0.7751456021328282,0.3890871878249238,1.0965674401217858,0.1904518347130602,-0.3644244073118386,1.3567902473755482,-0.33907654476103,0.1219936776612478,-0.6247360742930863,-0.5281719201414636,1.5346035422614734,-0.5929849288147376,-0.9645804943667698,0.0482808661457202,0.561833743982949,17
-9.7502693512561,50.160372630820326,-6.556134708363005,13.46255747357568,3.58004048118992,0.3448821928953496,-2.9791448101107885,-0.2694510640423821,-3.1972926753225863,-0.7409860802716848,-2.5396243665624763,1.677663822384095,-0.8051095381601157,2.105701642198549,3.663348046815405,1.8925114103452236,-1.2631063449147295,-4.412505837819531,-1.1615244635491249,-2.108558662713132,-0.6773368576233822,1.4763615525894829,-0.0623082357445099,0.5000821685126027,-1.5110772381826996,1.602529028842187,0.5888650407671352,-1.7740771973678429,1.2927155476740506,-3.24135035759881,0.3488142050208759,-0.6165005822879699,3.8972831808198447,1.3654018238017471,2.0942076672481,3.558606878412309,-0.0136727492307384,2.166195554464304,1.7748510204865735,-0.8601907966781369,1.544706790335283,0.6255684316126686,0.1591629824597618,0.2856247302765615,0.3425471832736762,0.8419391519637223,0.9232466398001452,-0.8078530700040382,-0.9239338234219058,-0.6117550327678051,1.585738928281282,0.305723470052604,-1.383034095009669,0.2032581809534301,0.8835977457938557,17
-14.985927023811987,36.3429320444648,13.45602771678922,10.466796626700688,3.730943084312487,13.32625249698008,-6.33812101604803,4.619990965959847,-0.6359065020566791,1.3465653954015646,0.6190949644041956,-2.004332758568276,3.427867014774361,-0.6998620322442375,2.295791964664628,2.0595176187498043,1.0918547286689635,-6.404855400531183,-2.938506720974061,-3.3318445602643143,0.2245110342942063,0.5010141780231606,-1.1359237646300833,5.088543891928794,-3.053661092174741,0.458542291444052,2.1463000095157687,-0.1123400785342436,0.9684592518407747,-0.1011713191020288,2.8722964099026167,0.4805012840339798,3.525582927516465,-2.227832650566719,2.537807588553329,4.053520055731275,1.2390318319279947,1.2437260696745485,2.213210816518712,2.1730957315485626,-0.6348921211712648,2.990653711715805,-3.860300583747209,0.4299268795009779,1.336771434510015,-0.1109547873620795,1.0712520463014457,-1.397024792422723,-0.8126128036366096,-0.3918928319577588,0.75512890708264,1.1912195251992832,-0.6260816460550889,2.166609341633531,-0.349165527413269,17
-26.221955604248222,24.515412540940776,-12.429782327618833,-2.763778259855868,1.6806581748387412,-7.057738487375057,0.3801445158428959,-4.057125884247758,-3.1137434847246745,1.7163406484888155,-3.3514390650218666,1.3291487669339193,-2.5731671807157794,2.7494116212122024,1.0913400302314296,0.0834439871532662,-2.7379364649376003,-1.4774441025935694,0.0165378755289211,0.2247656541188918,-0.6995957853830068,0.4743232727064154,0.5141332080655472,-2.587285006500634,0.7363957347185517,1.4598494247444969,0.3173319470215224,-0.5408215832544374,0.6928963325508434,-3.131460527020115,-1.1297229573319525,-2.0538736260618733,3.3427101681000435,1.4741492225536332,1.855806067665415,1.823482182034236,-0.4853862247590624,0.7497934168469784,0.1149432863399708,-2.0929792461474226,1.4208514222923023,-1.1714369757098382,1.986101114786888,0.0532439510248663,-0.4636231582159673,3.0468200035416406,-0.5641923521488179,0.8767377169786567,0.2804398711278685,-0.0475066232287417,0.8274998644182283,-1.0502018194403135,-1.7028736848104369,-0.1446661660449553,0.1908759197291403,17
-19.79329034054153,39.73545070680836,2.3008939438872726,16.07147031790576,2.786843672766088,6.043797189832817,-4.489445662646537,6.9647737787016215,-1.789975607602938,-1.1530321118002855,-3.1865238986526605,0.1075847603149223,2.6728458624309392,1.434946587994926,0.7893134254205721,3.851002391547715,-0.3347169557647964,-6.251662380848227,-2.167742076873114,-2.098087922276526,-0.1336876663212622,2.4637119651017785,-0.7479026977756621,3.773584962948984,-3.18016826228032,1.0226178843991296,1.4401984745306189,-2.540432053221586,1.6156871175146372,-0.7836204712183944,2.2638034729491903,-1.027792196840765,3.11123150834554,-0.3749043371238362,2.0831745270302187,3.936443752842509,1.9197588705531403,1.2627683779266472,2.002471816510886,1.9883184836549512,0.8922352502196054,3.2528588350935577,-2.1121667673754203,0.8831774254353312,1.1731744334731729,-0.3725252229924223,2.4273348871659945,-0.3586383149285939,-1.1080038628811202,-0.6677317037762832,0.8896585225110959,1.0907731991808125,-1.2687309480181934,0.6699095584829414,0.2741875322249346,17
-24.985117575019217,31.70641743674371,-11.92958685799846,6.331123796970045,2.2383638020178016,-7.57297529830108,0.0796123666352613,-0.2084454529165025,-3.2423065415912564,0.6135990137714085,-4.422309776530804,1.0317847220362315,-0.5057082326963068,3.272113204882725,1.1922553128741404,-0.022268110946794,-2.288259036399611,-2.3059463668881426,-0.90238412305274,-0.5699713112093872,-0.1375269261743153,1.2254161305901436,0.1245189125963021,-1.0436573125231807,0.1720557749114601,2.349149659605645,0.1885411315574225,-1.6790703340152315,1.536642954410005,-2.4623392596443376,-0.5803594229360234,-2.576458254888102,3.6032262630361496,1.5054208005525438,2.5244851622029207,2.1159167814515483,-0.3164067738019478,0.7857531525496769,0.5849014595165702,-0.8685531425652809,1.8674267334339256,-0.5807404450694179,1.2740572720028875,0.7135909377769502,-0.3089402727325251,2.392858584981923,0.4823456684779366,0.4100087103335388,0.3815596851536849,-0.625299845715265,1.2237084555084952,-0.6655070010573806,-1.7636113696203637,-0.1946774125586881,0.7537070930726641,17
-26.98356705095426,33.661500335483026,-7.828878412560875,14.684983699890942,3.5321855972413974,-5.146091190390462,-1.8893875097110056,7.211805176092349,-1.505322961265364,-0.6562097692439607,-4.348720952002494,0.8471370487981227,2.086529043162619,3.09168067779252,-0.1689796083244394,1.1938427462541112,-1.801788661473536,-3.188795367536577,-1.4219864147082355,-0.471712777646092,0.3917794768814253,2.427415725142252,-0.2794604856944693,1.2099847890369435,-1.6266185851190922,2.1755082673433512,0.8307839687879195,-3.228089980171436,1.7010193863716725,-1.2321167843216154,0.5953487546366921,-2.6976841185101805,2.1688013991348947,1.225844165449603,2.4582926218394654,2.7085488621933576,1.036755439967156,1.1946686274134235,1.7276630805126785,1.6064567960707363,1.138215277766424,1.1725195799141517,-0.4292760701825204,1.4933626742477044,0.7158685291825734,0.5352677958716708,1.974417630582662,0.4740976317732178,-0.0365494157974642,-0.7236964721815441,1.759144127999383,0.0994865172067806,-1.6197874914941246,-0.2850021306131169,0.682431105947726,17
-31.415289922454864,27.2845460324033,-0.1594192215148218,15.202581955042694,2.72973952824069,1.203002592849245,-3.5671265509155554,13.862414202769626,0.4038671037651094,-0.5088911609276374,-3.0094666819097693,1.0817078237890796,2.969712471723488,3.8035781175917096,-0.5561778030242202,3.76535401920769,-1.9999532931040396,-4.933357570974552,-1.715348755743846,1.6128464628217076,1.3566035594802563,3.304932260787578,-1.2240034345045328,2.9395258969447786,-2.493454911395272,-0.1958114989114468,2.1396201469827,-2.9704785646299494,-0.1694240499981805,-0.1245576974794903,1.722720319151299,-2.251359499877022,0.6101764256779169,-0.4483563192339737,2.2083702902929336,3.0115417915188365,2.4602939227893543,1.3212304627452005,1.978080838239132,2.329020143427744,-1.138640297045339,2.5034001316876595,-2.5235998068875385,1.488384548542396,1.7247047986030477,-0.3163400500410162,1.3807258816646624,1.7561543523560543,0.5897508884354721,0.8849518227973449,-0.0379287518876432,0.1920002823581149,-1.9872858283133925,-1.2743419529640945,0.4903702415171682,17
-33.951233814812305,16.722740599836172,6.996074108779497,6.2705287718429705,1.362558414680438,8.01703337948412,-3.836958498045814,10.926752861197675,0.9973769670815836,1.646965244261771,-1.118390461085189,0.4323750016568006,0.0721482547384295,1.470289514313119,0.0905228539296463,4.69398617710753,-1.2592130010213027,-5.678597362936651,-2.278742123338955,1.0680671849219074,1.2643050004408152,1.2060176579028346,-1.8168443139184611,3.1794328517050414,-1.1709755222208502,-2.3146728237606333,2.857183441302316,-1.0525099896021366,-0.4782988367276166,0.4135757643335701,1.3518757028860562,0.5200820386598349,1.7308737134358902,-2.3153218386890497,1.010742748341786,1.5482220553310455,2.766982856124818,-0.3139064012692585,0.8187498785003451,1.7808523117078583,-0.0742685289184066,1.338707286453953,-3.698628579213309,0.1457116549901674,0.7747347867523122,0.3716070305782699,0.268140123310688,1.1351500757075588,1.647854851844048,1.867971134453442,-1.0009932754242723,-0.0767145546465615,-1.1629758714084009,-1.509890330661595,-0.15352477349311,17
-34.57340722783411,5.967479933555455,12.482660645708991,-2.0442342165863883,2.361504039348299,9.447022982583162,-3.5258215320496435,5.91417564265786,1.5051726271483314,4.418916519508557,2.1619983632636437,-0.1734749782079217,-3.201840459363876,0.8243269352208215,1.7933416389632653,1.4706136784093449,-1.1627430667729657,-2.6777627131365644,-1.873458183541907,-1.7843846665263556,2.1785289829731758,-1.5824423425443963,-1.0314972318090068,3.2155634332171865,1.1891608544700174,-2.2932747290020146,2.499698916370175,-2.1802290372295268,1.541565482529509,2.421981604533092,0.5278617207390127,2.254412538696788,2.5158838427687105,0.082049069465941,-0.9795432762985472,2.0119492711511664,0.2987089002629201,0.9076257890426496,1.6479270955911762,-0.0016808258012708,0.3604404328438061,-1.992145237518616,-3.585881806029222,0.0584059093804787,-0.02853633937255,-0.677900806215873,-0.7463120312406912,-1.3148000718319408,0.9822987379024396,2.1062136576690103,0.1388751595948444,-0.5202896805319687,0.3018203049962942,-1.4571605919988293,-0.8788617765590463,17
-36.509411735909744,16.72540768423664,-10.378016994185662,4.010399580148922,4.196618741924205,-11.847908954729148,0.2164492770881143,4.491143748865047,0.5478471056717403,2.325230998410584,-3.748418001683529,-1.142336258005241,2.45423438393075,3.124664861049263,0.0901383779107576,-3.9867093588795033,-1.8162648734942977,-0.4523817190434826,-1.1263636338420064,-0.2102065363837518,-0.2459206846409437,1.7220076269494835,0.2913728315271883,-0.8201900823451678,0.3774427578719307,3.443898336864802,0.0520979912248407,-0.8183744858238614,0.3318667653409597,-0.5747674160802544,0.485800353762405,-3.1360763327028613,1.6351859780131666,-0.7031380162562773,2.839507096590973,0.8271470160657737,-0.8944932448561556,1.3122028092149705,-0.607147058076266,1.281321607318435,0.6098051717125035,-0.8186145643091358,-0.156126716374486,1.1669172927995088,-0.3043461068406038,0.8405732038664652,0.1051910170999043,-0.2432753803019627,0.5097849904382218,-0.286526196033016,1.643136786004045,0.1259491752560092,-0.7026130405824014,0.1034530503689603,0.8419782135637346,17
-39.933293699328495,12.975167469695837,-5.460768335886966,6.204964873500586,4.322006288468181,-8.496985836150134,-1.414768167082452,10.723418402616328,2.192606039494092,1.6116710222037658,-4.2277000272170415,-0.7095587655661465,4.042492819758146,4.182635967335303,-1.065721326573711,-3.369938651426988,-2.226369345711038,-1.8728640551777291,-1.1604005415367316,1.3149773805094072,0.3904353084623658,1.8534163908722705,-0.2238879710980681,0.2692569266989788,-0.982728333095782,2.179827390457042,1.325987008574849,-1.9588115676406157,-1.715128969519844,-0.0725828302170708,1.3254184029014544,-2.1035296857570867,-1.6609623280435728,-0.1864287234941437,2.739531024088385,0.982795684140542,0.0397100647444942,1.447266972101764,0.5654335434399163,1.700913403525805,-2.0984130224310475,-0.3741530144810519,-1.6630902255190658,0.9838716291834604,0.8360889159113223,-0.4908421691012221,-0.2887255105703111,0.1015287568756068,0.982864051589791,0.4719041106748105,0.5328873397921843,-0.2449627394536589,-0.9936270997448756,-1.5677451820638055,1.121179377842639,17
-38.57590241018704,3.977979662436452,1.1120206773290446,1.1580262327011976,4.891264582319829,0.7000362935862804,-0.8304018792584574,12.145378384354055,4.42292236595628,3.117050601269316,-3.80291196468106,0.52035778296661,0.3535122420026282,5.086353798718895,1.690426123103807,2.9408588530706035,-3.775520394918919,-5.648580573661402,0.1746793474361285,1.7201598124230308,-1.2320212361371556,0.3129471672756361,-1.4631536261977391,3.178869374147253,0.111991303449064,-3.174093133428064,1.2404919337812257,-2.091376707721273,-4.1095768711252605,-1.4711769437753892,-2.801628239972577,2.188386886843392,-2.5843994474662564,3.134180550554974,0.6135076268987054,1.5125070872278412,2.6657534589227274,-3.193513496772323,0.6036794616204803,-0.5214494058935747,-1.5568016764564363,-0.9969456498962768,-0.4195565913240964,-1.6856651392426345,-1.1702077393889376,-1.9345755197209809,1.1654787680757643,1.8040377220909545,-1.0948832673821405,2.694689014203864,0.4011652536767266,0.951148797359738,-1.0836299972920342,-0.3599867681268108,0.7242750570493115,17
17.07833252243197,-0.8335775935064494,2.930107806677994,-3.1844653604137805,5.001455720966152,0.7435910553722402,-4.958303721125099,-2.01347265240596,-0.9069243823235572,-0.9307518057903148,-0.978590862740165,2.8365410571722056,-3.5343871914962897,-0.3205340747653327,3.5566391195806126,-1.4331216433423788,2.426249082144077,-4.210285878796009,-0.430887339532232,0.3564912358140564,2.161597088710526,-0.1577663959653251,0.6048523254480644,0.8739206915005915,-0.4696313518017656,0.0608790589574051,-2.8060824591277505,0.7265418154466201,-2.569017630673092,-2.20155900871193,1.9175888906560972,3.030801419985498,0.5274723336924452,2.9060788580933137,1.2951973918970354,-0.5770404932107576,-0.9333645731131108,1.3494582518660123,-0.2308908699386371,-0.7839915155133816,-0.0542239730173594,2.0591995191507277,-1.324644816873856,-0.0950499301657848,-0.0808495764947584,-0.2777640252007203,-0.5343345170303898,-1.4111937876527934,-0.2486957243218257,0.059311865980005,0.8983504641369735,-0.0594674292328023,0.8061674539904021,1.452834224221489,-0.4611848169506757,17
34.16204659226767,-0.4232493309679128,-8.15209432993675,-4.204780111722865,4.169535870624072,0.2686240669917541,-7.264647302780823,-2.721513567597671,-1.2719964118263185,-0.3312633551881235,-0.6858656930599358,5.747321427431577,-6.898612535073666,1.1402027549044729,4.299180861738537,-3.027055688197032,0.0135202053706043,-3.9122165880550495,-0.14328491885815,2.531684421099291,2.386268442191966,0.133146380845187,1.8932454916179025,-0.653216773514756,-0.4585036864150466,-0.2976324544793078,-3.3062432597891425,2.1888739134793163,-2.946078626516828,-2.330522723651304,1.207212405932777,2.597192886473041,0.5391625489854196,4.151160731028769,1.8259401244416469,-1.2160127558890386,-0.3588416177714592,1.126121515050079,-0.4060696462341195,-1.1229797445604195,0.4942674237164388,2.252588820484497,0.0293301529039664,-0.1074639455224237,0.1022910964009058,-0.2742719965687342,-0.2370749005171795,-1.0941450827541244,-0.2802745860021874,-0.8714819878928503,1.9063114338637996,-0.5363673857363239,0.6678146980768588,1.073318284984104,-1.6041829834431938,17
33.56659480730828,-5.282066634524526,-2.5515438122313383,-2.301386240891469,5.145453351368716,0.7575923195739382,-6.408422080747925,-2.655344406483795,-0.9906773845438795,-0.5748502379351702,-0.0578520678126396,5.116664860055715,-5.7532182460402055,0.2808827009268038,4.299800539082849,-2.476224608416586,1.5932412490655898,-3.8585253329026985,-0.3187214039703718,1.6978503011608863,2.8681676343113907,0.0993707498068708,1.7450225317468604,0.0668057847147853,-0.5356822432369934,-0.6034441489607143,-3.8025964201235927,1.9667148215213257,-3.202788597404031,-2.476275164309232,1.4172258835067797,3.5016741744754114,0.3740231537936947,3.910036471405036,1.7015651164593255,-1.1884138657487129,-0.653026723497227,1.232802392182708,-0.3556970989308343,-0.8961883678501549,0.0842094343521535,2.554414068175201,-0.82704663972403,0.1000221758482967,0.0335125247420203,-0.331445769131039,-0.3262579520154518,-1.391765397503718,-0.0505005709556661,-0.3840253006113169,1.4283587127043875,-0.2334121447168368,0.8082427396885503,1.38596439401778,-1.0517444365002993,17
20.41398306736889,-6.6238181861903,-11.390043960705636,-8.267534413471425,1.4780420477700722,0.537387720531034,-7.481434612683661,-3.0666457005933867,-1.4152967348049774,0.2059395063049037,-0.3338065453013544,6.358623231986504,-4.688617824451176,1.6082374735207012,3.6227041746566617,-2.3820342130065155,-0.344437450075842,-2.504646551353296,0.7729944729531935,2.759531765402584,2.107194455717143,-0.1778387468327862,3.280768392821209,-0.7094569893390158,-0.1615793162720367,-0.418472249662297,-2.566425870145153,1.9550282915458697,-2.7898987546987084,-1.8684332080615988,0.0294445600485675,1.4256561527386806,0.6839606836182641,3.6145299889283113,1.540651835772962,-1.075722747477637,-0.2821761093630852,-0.4754803989212476,-0.5705007323127341,-0.0974768372386773,0.5454110865603856,1.7931219976628046,0.4657656762149587,-0.3592280640620764,-0.0558779032722962,-0.9427799246540064,-0.734344758664822,-0.9587735789803036,-0.3881848085995951,-0.4528838904637296,1.4370074860777986,-0.9464402324705764,0.4266421730370959,0.8845887149523586,-1.7948546281933997,17
37.24910495616373,-9.592093275566087,9.11546802197444,2.329806352655508,5.401300689873791,0.8052599828199892,-6.788492207351927,-3.097887299817149,-1.9051582650259893,-3.0600618195450986,0.6636550128732699,2.9832864739095286,-0.3987783619259237,-0.1572357309503315,4.947752555307679,-1.2215680173632135,4.490065720432497,-5.447161247484401,-0.11816164610987,1.255634241097836,3.754491553199306,0.4762506843956724,2.350697998597974,2.6061846556235824,-0.3589571896623007,0.1822244557486942,-2.4535413854054537,1.2333836115223,-3.5266898189840634,-2.969203237179931,1.2027602618680229,4.142364139416375,0.1729679123879335,3.2364627717890797,1.7022392656201355,-0.808179759812583,-1.8034674508902384,0.9969439113593676,-0.9620037054001436,-0.2368995300891975,-0.5870213082359425,2.5843649163695983,-2.202836373687976,-0.2051960853956315,0.0691421605589427,-0.1790308521904869,-1.5999236098546403,-1.768770215050562,0.0161600577340067,0.9276954238986016,-0.4027648349028987,0.2114682052684041,1.0610157096154074,2.523315995786229,0.0032499459259981,17
39.199611409648526,-16.618786207754432,2.540419640633419,0.4320370400514317,4.097530008498103,0.8548379248465463,-7.186773402954835,-3.288959627720478,-1.7780736563148902,-2.4711721432545497,1.0454252836031983,4.710103605769588,-1.5117218173346776,0.5233875338704614,4.950107598967612,-1.460433073873686,3.347292635530082,-4.165403089821488,0.1618948805054131,2.1298234430921346,3.974507997887357,0.43057609412858,3.6050698014614384,1.616859384153858,-0.5758831002761012,-0.7514251331012172,-3.16221123120063,1.7962035511911625,-3.671261181337591,-2.7676161491739366,0.4058340973114434,4.099250900504984,0.1850355605253693,3.481319632717917,1.687923564026938,-1.372422047211605,-1.492950153991839,0.4495467387479502,-0.9587251105860922,-0.0020568331726872,-0.0030797410643986,2.800311556403572,-1.6276651818221088,-0.1133789757700187,0.1620432909427012,-0.3023604621757227,-1.2418624137102543,-1.5061405091421771,0.1895142335485265,0.7000877728205943,-0.1556539082558151,0.0478887241650527,0.9880913907443566,2.157446438149294,-0.2678320383985735,17
26.422295049754936,-11.51717916607035,-7.459832473657612,-5.814427210848923,2.0769587921213164,0.8576336722909216,-7.217028717532174,-3.182921184986234,-1.450060883894431,-0.402046126836878,0.3446190516709451,6.229192540124877,-3.6814051795159615,1.3916799410772211,4.015421409874357,-1.9621891847771995,0.7350848625738063,-2.708556605402808,0.7258113831320855,2.503582263275912,2.7269516791311377,0.0112714880145883,3.5232681489493283,-0.1708176721095801,-0.3379605796893836,-0.793790691954204,-2.7609567314150745,1.95295399157519,-2.99739835411218,-2.085005152697329,-0.012956723754145,2.4414422224524017,0.5284159498818711,3.618561075132521,1.6299362036352658,-1.3183756360913912,-0.5398358160693543,-0.2541706095503309,-0.8220193595472978,0.0026852571148434,0.4091775206705493,2.0313105141666385,-0.0774571448734749,-0.2141122819833778,-0.0621259978904877,-0.8512724985956199,-0.921593655487444,-1.1397390300603414,-0.042694411465981,-0.1893712696668396,0.8276795917770937,-0.6732924821565812,0.6155892062695729,1.2104126927894714,-1.376734825115111,17
2.8224397531591365,-13.80101550803429,-16.426390523648397,-11.309897608108887,0.64674930937977,1.4408853204585648,-7.269665003725405,-1.0869634309625986,-1.0044215462404749,1.4763357343170185,1.6592790077706558,5.31218026954966,-7.160642554765909,1.5975816926623687,2.056651129946359,-2.102350904398352,-2.0447149535351654,-0.3842304022072292,1.8116818846074667,3.0553830561898137,1.256233572396488,-1.0518638459162135,3.1618105954023457,-1.272105819513348,0.1856787778372026,1.0953174888447277,-1.7192362953597358,4.379399025890812,-2.293566459988539,-1.159512203557818,2.267535181479479,-1.0538149983629317,1.0089501395143423,4.368337465122612,1.0691733196083957,-2.0588086582066976,-0.2897638148119305,-1.1858348037344175,-0.7775834949237838,0.3116592298613685,-0.070443115383761,2.259452119060178,1.7734579495147789,-0.0676961874684181,-0.5005208231714187,-2.423554458177287,-0.324426753466634,-0.4755692113741387,-2.09496725942471,-0.9374586247585124,2.2021097175461355,0.0860461467867943,0.5842955794542225,0.3506688435618935,-1.3732899099457012,17
29.63546177395349,-20.245971471732325,-3.291798381647705,-3.3510917100597326,2.6544800484235034,0.992442333834267,-6.788293009842127,-3.040239782139912,-1.2414970371840568,-1.0683255786162091,1.017366318086358,5.583371346039969,-2.602002127212797,1.015492700638696,4.390661856810987,-1.465811827293811,2.001437408846537,-2.7157260054156107,0.6240995857313095,2.3412717102986376,3.491117874119912,0.0802745741393615,3.8840924724183674,0.6594073285596411,-0.3996715150278214,-1.2782083191736373,-3.051682970501326,2.1193468945421725,-3.368418926319125,-2.216457663258856,-0.0393871775436862,3.377324318781888,0.5178811185642991,3.390802541239885,1.4215240499153368,-1.7099238951483229,-0.9220984731606724,0.0446159580938705,-0.9582612382219672,0.2439287905257662,0.1805635016615419,2.33506118116607,-0.789709062055423,-0.0983724739512367,0.0803750298398529,-0.7887249514902233,-0.9303328285178049,-1.079661662279365,0.331149298510841,0.3915882497357104,0.1259865807702711,-0.347401006728565,0.7724493088357071,1.5606919840694458,-0.8545250583886388,17
29.823937400919103,-31.355054817102943,4.531961713690937,3.277760184924816,7.683308817062766,-0.9079010621688116,-4.650105467088412,-1.873629513908721,0.3511449180616692,0.3554855214891184,4.012539408242841,4.048048648563109,-3.631358879030225,-1.7660288363457777,4.4115399118930005,-2.227123313231583,4.920542902444983,-2.0853228865795286,-0.389925447956614,0.4120143705117383,3.655718212586434,0.0268671463379018,3.0568553456286827,1.2357905086514562,0.2183697728120366,-0.7106039327610792,-5.6304637155374495,2.104224500593017,-4.472965735730245,-3.432170436924677,1.763002816753496,3.94399116144293,0.2148175761869438,3.3308051909542047,1.4272850025453654,-1.5966744737471856,-1.779138468411559,1.648951685799237,0.1520158779783855,1.0031239771143734,-0.3388449086321449,3.343899537878356,-2.483519307516661,-0.0414417484313376,-0.922253912584924,-0.3208527554834993,-0.1454101680280075,-1.2742540340776216,1.4622830794248478,1.7499100601880146,-0.0133410056067059,0.146073695224091,0.440777997151256,1.9302331253781548,-0.2445740786290171,17
22.22091438370798,-27.77307142731773,15.922409358078925,6.190993789626785,9.719357547260715,-2.3249321701856425,-3.2312876091764333,-2.9151600149539267,-0.7091660100152746,2.653843160501815,4.166092339229625,-0.2463548314686227,0.5441180849755588,-3.559607460869493,3.192959827420855,-0.4452097341512601,7.10639278113856,-2.4955243141300847,-2.5938996453193317,-1.5754762754361522,2.1218092525358663,-1.2612041195931865,1.4351232151204896,1.141126116417162,-0.6089209650729769,0.9850619954630284,-5.287053339699657,0.1289482150927391,-3.071134739621886,-4.621003225158148,1.613631774068523,3.677176782022273,-0.5927114576154222,3.040841273242647,3.607555823152642,-0.5051489192432906,-2.9864642443243,0.6667257615802127,0.0643950618158616,1.388385537876892,-1.2404069306103074,2.464438389009937,-2.737984021242757,-1.0008204913424343,-2.0974775756680524,-0.1169567144723376,-0.0605495053069622,-1.80269942944461,1.1805997239794797,3.1934071925795124,-0.1306306443267197,-0.0587437990850125,0.5933977352945117,2.578472918510813,-0.2440017783048018,17
-4.313004008570175,-20.040370590133534,23.05399877325257,3.325945568639454,11.27424594126944,-2.781724724647463,0.6410520677192394,-2.751236116723021,-2.237568682286684,7.505720071944546,5.518570186140318,-3.0148555252204665,1.8530117927420704,-0.3431695152865345,-0.0803935858140059,0.2626098274122547,4.737269489161256,-2.077765266963583,-6.365737513988196,-1.2844756120682232,5.562745473456125,-0.4991484688465124,-0.920333046487945,1.9723358326213565,-0.3429889314805304,-0.8701543379858141,-2.9990931818875466,-2.344605859744282,2.842218129279167,-3.4759335614091964,1.0739477819784062,1.6343658371838956,0.711930882780541,1.753041157252795,1.8620650200405684,2.289881741985909,-5.430124285247033,2.1751314353760978,-1.429037789345341,0.8757531386194634,-1.982904207059848,-2.1467066645264965,-2.0798687323972587,-0.9312477390767384,-2.525539292690556,-0.4558493232097356,-0.3648710073083334,-1.5415734112810455,-0.9420583677218172,2.1788033007966456,-0.5182931971726622,-0.3168301241646248,-0.6101076843587977,0.7787826528444802,-1.1090568919147032,17
18.836018010793484,-29.45795280883859,-13.0059450500611,-5.081999704201467,3.4610531616196,1.7191875879469949,-8.19222371977496,-0.887663949488287,-1.4614641062801517,1.368546873518189,4.125937031672901,6.825997113967432,-7.577204123478111,1.6040318688784343,2.903190884666478,-2.640884448314312,-0.6032844387014251,-0.9020512452987416,0.975429091623722,2.984935891067981,2.9635534403874755,0.4893300305934385,3.3961888248814733,-0.2690418995253789,0.258009926270792,0.2501939039785527,-2.206021560718074,4.186836229050539,-3.2576493393021746,-1.567187441971987,2.4980361037486944,-0.0782637160299684,0.0006681441449763,6.341360731460782,1.7830457661597332,-2.184522975881785,-0.7866021903336273,-0.602143410150942,0.3136814161959138,0.3891888600067387,0.1259461944218976,2.3296569203950583,0.4182950443929587,0.6284205802578349,-0.4871332429656165,-1.9299993598441996,-0.6981191622658329,-0.0484056349539863,-1.7300105733033777,-0.628382177776998,1.3751759538682895,-0.6879993755872286,0.3840775541198962,0.3088133566239631,-0.7345738072409302,17
23.244901899071287,-42.0390426014755,-5.875054285453504,2.831479786424351,6.619925146649307,-0.7427288376442623,-5.92665435172717,-0.1880563604312497,-0.1842672264217735,0.8215826188135331,5.101627022422559,6.433602030421594,-5.282044725847192,1.2523797256087073,3.082456312797511,-3.562751863467581,2.1114715343632704,-0.4653297496654657,0.3799195297563665,1.5049585767176654,3.7842577858398414,1.599446524899999,3.668695092590637,0.9723355194685948,1.075050632700039,0.0070705323101935,-3.946010269997744,3.3607009695001784,-4.019024019014185,-2.2476578094781887,2.229217643056026,0.6803765068474856,-1.0647026219074769,5.770867600718014,2.316788194067487,-1.7024317341563016,-2.337710195910526,-0.213507484704725,0.5337290169048492,0.7410938417638662,-0.0204557877025087,2.2875421806555534,-1.457045758990626,1.1475165312580218,-0.7865861196417006,-1.3933524925990757,-0.7266823026392651,-0.6145037913273075,-0.7833621093207707,0.8028811654087763,0.4288440522752412,-0.9626201596750036,0.5530272414627466,1.1763649828373286,0.4888236323418671,17
-3.810946959236094,-30.773820586543888,-13.999329300236582,-6.153093808636765,0.3226200196283515,5.8886707811880346,-7.544077934701005,2.34497795842713,1.9694889030209952,0.609876571353247,2.380003311661819,4.948013499459504,-5.2558142225620585,0.2770424897191429,-1.6244603949745162,-3.019513654935669,-1.5543133060680596,-0.0026088668838614,1.8884862178847843,1.3964493978039212,-0.2297594530833972,0.5104656772380128,5.470017301574463,-0.5663171981000403,-0.3965836770419105,0.929870146263452,-1.4142637490875851,3.191808010186255,-2.673861183282962,-0.2170771475165306,1.5579817407390464,-2.519407570101134,-1.7315831398026076,4.702753717195704,1.2036071031765565,-2.75874033800662,0.3106440083682127,-2.280449415428865,1.156309225235686,2.9382865229077453,1.0968091473584,3.0734891885671733,0.5575565425634229,1.8047784327147571,0.4707685160696297,-1.6701889112814416,1.132743119149997,0.3287845328471954,-1.6822516732110593,-0.0184489688804781,3.4633343764207942,-2.0179358126328646,0.3258156210858122,1.392266071310146,-0.6852653001838558,17
18.130601862517477,-46.704968031913616,4.472559969850109,10.074765715900297,9.47231617216176,-4.243708313581037,-2.2618435837465314,-1.1026232447056232,-0.0581644125091861,1.6333793454270638,6.579563054295258,3.737546163513946,-1.408496382833096,0.1752630404430425,1.9495898337644544,-1.8656442794328032,5.639027968411916,0.3983899732546704,-1.3290023540777942,0.3503917139046564,3.1757588636250693,2.11547624432372,2.801013745668021,1.0268152560626058,1.7940730222224464,0.3182311431095351,-4.881048756065423,0.6905934872475389,-3.650492798341048,-4.044733692423036,1.137809055990341,0.6756341372452709,-0.8103493066859159,4.1780658431329165,4.29139640981334,-0.909334664316458,-2.891494662548201,-0.3723035251747897,0.4492717513596518,1.9268204345971671,0.0318233084896855,0.995443065042406,-2.2306899381524143,0.5054821846289054,-1.5696477055966231,0.7036000728088316,-0.3098595778113189,-0.4505891938792399,0.6796656751456128,2.7178318389232508,0.7883817250116002,-2.248252008861672,0.6474863788538445,2.0284260584368616,1.164678993456039,17
4.985704731239835,-40.47824740704002,-11.179401759512132,1.6548935163001106,1.587736634236374,4.088760083689576,-6.078206632575087,1.3969931222303928,0.4470534463264775,1.0608337473033511,3.706728296827754,5.508603403651755,-3.355273030886342,1.6722214744333783,-0.4022154894073353,-3.252998991605272,0.0389093034104119,0.6927433495094216,0.7110310209598644,0.9702710753237308,0.6864540859003992,1.2698802440924768,4.708109679766735,0.7462921894788418,0.6303138247633595,0.4759111466183902,-3.024444118959368,2.462632556137742,-3.4457356998151254,-0.8937355879876796,1.259441353513464,-2.318905253194982,-1.3961870488978518,5.269262551318853,3.179025950353496,-2.091567792644739,0.825836738886816,-1.6247329650176976,0.6179234510224305,2.318412120133276,0.8434013564365194,2.780067896807285,-1.3746504682528853,1.1294446874910429,-0.3318920085096409,-0.7508989595407967,0.2970877940938225,0.1084472796842978,-0.9435301225201074,0.7394592201059391,2.075611456201254,-2.079503119531846,0.4090967920227286,1.0463103475298294,0.023832051603658,17
5.9661583402850455,-46.92122187838104,-5.8814110870388125,10.732475420569862,3.852409139036848,1.538728052997602,-3.0045654772621853,-1.4698732981230125,-0.4599179773377072,0.2713938042952689,4.498398586953869,5.294926238625278,-1.2814662219007418,1.40404303632072,-0.7653691912185141,-3.000031109666695,2.545102778071835,0.6441049942883508,-0.3459438103072515,0.7683758695359052,1.9342782247126016,1.923282168998791,3.713389946302789,1.5132834689638606,0.6246975586690968,-0.7208193201556047,-3.192366581241932,1.3644127430284188,-2.744360895383981,-1.6397840569781283,-0.2145265614997261,-0.9953641878570544,-0.8607347659165683,4.26176808688076,3.8755600274596063,-1.8712254710038083,-0.4124445497010077,-2.0645221083072247,0.7576473529311183,2.0230287964574347,0.3799160006877879,1.9758397518702613,-2.3663714490754635,0.7773497183908095,-1.3245246774718509,0.0769823318953985,0.6773861983814771,-0.3279857952460746,-0.4492870824820959,1.4395912658601704,0.779658627955863,-2.398863251844678,0.1766658704204512,1.295680438546071,0.4258600393788956,17
4.665512989827925,-40.44112938240372,13.240769355259369,10.981151633070017,10.415121271275586,-7.410927915668121,2.4974830141710096,-4.86290058219351,-1.674386471106643,5.143470826241348,7.430596453021623,0.6532786805963742,1.1441145844206846,0.1792150773888555,1.3682737347782756,0.0303848509496073,6.528387531324195,-1.1158260387310597,-3.8408325302161432,0.2781402727398905,5.638088642943102,1.225246198491725,0.3423374802648691,-0.4414174248564049,2.819853064091621,-0.4872044108956925,-5.261722941473766,-2.790352728531164,-0.1687697249354468,-5.038284476566976,0.5997637046437619,1.7612402283929092,0.1237182934627552,2.064778748337518,3.915920180582945,1.2763312911183484,-4.578472956675796,0.8555101608934218,-0.1933263070640999,1.7930180452086906,-1.2809676021608554,-0.5826719162433238,-1.0176699888650975,0.0766485272455125,-2.215128915505272,2.222358447729816,0.5775806112535222,-0.0221652495241235,0.2259247270687049,2.859070799428187,-1.009176043978394,-3.5596006477462776,0.0208538502238374,2.315762018766064,0.7758158449558341,17
-14.062190329527745,-32.16245025343991,-12.76270927792475,-1.7923234018412575,-1.5929724687977438,7.885478236266618,-5.652199366991632,1.6872208653825975,1.2188917323340405,0.3367328591512272,0.8621353312865695,3.6772977231571793,-2.2082308971394973,0.8571459800202572,-1.0183470600794955,-3.4717083770584303,-1.0976389883844049,1.2336688404983314,1.7989422327108322,-0.0330755701144591,0.094882483221069,1.1658309908665634,4.373466095810578,0.6468378061301816,-1.1287562500670991,-0.2435621825363873,-2.105341849436707,2.6180064259366542,-1.4440074462954504,0.951429312115167,0.2977054076853289,-2.114903897198544,-0.8212602504323455,3.6443795621827193,1.0484349766252556,-1.4084507320510389,1.42726688934901,-2.5041756863321907,1.2382513817187546,2.693700848609852,1.0843612753758245,3.095498298862335,-1.2762406394084842,1.3067680443563177,0.265077175556165,-0.967467641518996,0.5084301102553291,-0.2434059139944563,-1.685229903912679,-0.2169408896467116,1.9949303471792683,-2.205149009092073,-0.2640372427146164,0.8717639201298887,-0.4641593708895865,17
1.6515709421109663,-46.933041854077125,2.0874371972736605,17.587671880964418,6.387029342452513,-2.9613972010951217,2.820342694371851,-7.366043664913222,-2.240839496484509,1.0146666504318516,5.506654467663724,4.402160452803551,0.5222791426659068,2.061533067323678,-0.4349248544824355,-0.495391795044638,4.525099957864875,-0.7899866818767163,-2.590454396922775,1.133264071650859,3.574275350658405,1.665766674550753,2.415763010715384,0.54592154929876,1.6193978252238364,-1.6834329153074516,-2.716614566816971,-0.9356264591368428,-0.9337042692643148,-3.927973735889667,-1.6866506325639363,0.1281762741446654,0.1062322759298097,2.448916053130243,4.419982676096345,-1.4329840496618504,-1.575308239351132,-1.4518196908193672,-0.3731598440358447,1.98112390025796,-0.7950153520736943,0.2908514148307777,-2.008827158594635,0.2541065921932437,-2.107145513123517,1.3612265932602778,1.1397051714931814,0.3232020352794003,-0.1242130667197227,2.7950291968448213,-1.838348434159586,-3.652601650867804,-0.3170348777662694,1.0433919599525106,0.6849010414400841,17
-13.504807388907752,-36.35346588404158,-10.6949403975143,5.159447903088715,-0.9697235795751022,7.409451320669254,-3.5187326585954946,-1.1640180422404731,0.0522943146196285,-0.2032069823272869,1.149501731581113,3.350451132845788,-0.6174755276852756,0.9715021522480708,-0.4540289297734717,-3.276173812130557,-0.2656756824458423,1.5433615327118475,1.1686474771778128,-0.3696279095271553,0.7203448083099206,1.2012284432787177,3.237248201116222,1.3521680596649928,-0.3209473650024096,-0.4897859756046101,-1.7950847302293749,2.0274571529984264,-1.5675609005035394,0.3760349492463158,-0.9445398161275532,-1.0912093547350186,-0.3903762146315044,3.331025377027097,1.991344134154733,-1.2076154081196748,0.7505522285095668,-2.461159412892957,1.089707488126895,2.0294157032789224,0.721802867503038,2.5220132014728174,-1.784725855329937,0.9461875518061156,-0.3087412406204143,-0.2145064523813392,0.57987007010609,-0.204304726851197,-1.2365952651061425,0.4424090191977883,0.9296125575967288,-2.711940677352712,-0.6670407655439256,0.3367510919232466,0.2878129161260139,17
-12.035614162608072,-41.37400646725455,-8.210330774539594,14.508865551427172,0.6340420714780169,6.600977538423595,-0.0820498129388025,-7.415103273737485,-0.8142344335785511,-0.2913803680158503,2.4455879044127222,3.7413395354019263,0.5815653556389372,1.209322568622048,-0.0003805171800595,-2.292987641255679,0.6662194215780562,0.7892473153188235,-0.4469906181652441,0.2006666962873052,1.3398448723641927,0.9912926786686772,2.25146712430018,0.9890781610245896,0.7456062176482123,-1.1367241197686462,-1.0350707922070792,0.447418930338211,-1.92875018069143,-0.9966501912008104,-2.2884398373830623,-0.7814843669683614,-0.8073330544829256,2.062773551574444,3.306156718789465,-1.3160622788202407,-0.2373856834347844,-1.3120992908529612,0.7269226582493573,1.8544974599447863,-0.7599689505779289,0.8238876658630556,-1.7359288598795457,0.6261894188026286,-0.5206034107104734,0.9448670059087374,1.1678117300525346,-0.3301969586186178,-0.7367694715621848,1.2778726499174269,-1.175939622065099,-2.8277062512766418,-0.5498708784094801,0.2347473214296718,0.5708574526762429,17
-22.382816689253666,-33.179349547755635,0.6527029888084779,11.386666413876815,3.468782255324758,2.4498879425088567,6.127144212143447,-12.222414558579816,-0.43637993253642,1.9450501455615232,3.0489647730935854,4.323943424466113,0.6572058812145454,4.225220219619412,-0.4097476873714969,-0.718163005215894,3.519809029603524,-2.0081260441461546,-1.362656782778357,2.8936241982190705,3.0591270598466807,0.0144709536825786,1.8053905081967836,-0.5764570944699996,0.2018937691713531,-2.401987120861676,0.0837461996941376,-2.479132697452382,-0.2107382609682955,-1.7681519206885992,-0.8355467057843561,-1.4212281985381372,-1.3779422301111266,0.4830985962351207,2.671105587808723,-1.3454149747806317,-0.0679613860774553,0.3446099056748693,-0.253651695593124,2.2731084250279268,-0.7222078922064517,-0.6266246701066472,-0.440416850535389,0.8074464076360452,-1.1766164619395567,1.7363899643235197,2.0467713745444973,-0.4584805708255886,-0.0502055545774551,0.9405803274850916,-3.1692816708711407,-0.7520583993284008,-0.615502533263582,0.9364027614262388,-0.4492260942611244,17
-19.644717388750536,-32.71655113983687,7.271479178870321,9.480258052226416,5.712859982632269,-3.0874196326809025,7.939368852190476,-10.482063421876973,-1.020525724388596,4.506946194019863,5.735684076848165,3.004431837897344,0.9228035620036292,4.436178471959362,-1.8460436706142096,-0.2364723707994549,4.6403070115996,-2.7050186232162496,-2.8833527656652795,3.970739668148095,5.362548185259739,0.4002216358789054,0.7093126238341345,-1.3234483621763022,1.7222733099648078,-2.490458464245368,-2.5359937631425007,-5.956374781490872,2.2996033798079707,-2.6550706129646997,-0.0688030409967345,0.4932904991657348,0.0677407075766926,0.0446944366137977,1.5238327614026974,-0.2232140520977666,-1.838766181777146,-0.978941997140283,-1.9038625676321996,3.5065288077311485,1.1700187084604097,0.0287578643663675,1.0941148687034974,1.00901170135199,-0.6811912577827538,3.3584113611930158,1.5991340650959391,-0.1345231202636848,-0.2680952601933348,1.6193227305453812,-3.8802828883108846,-0.7939660547864242,-2.059293954707168,0.4121255975514407,-0.0739768585524018,17
-28.468550382827356,-19.298968898622142,12.75832608789888,-2.210610012416864,6.129128846764154,-3.0669722967188813,4.732512100856607,-4.737556366909603,0.3799105163241494,6.364855687549089,6.19500970321483,1.4353759603239182,-0.5656559965903718,3.556600743517711,-2.038401133228488,-2.249856330787759,5.327959670255072,-1.2103802062067706,-2.609437920680474,2.875486864276107,5.497910105119458,-0.8398546601796056,0.8132141777626535,0.772334314602814,2.1764841315766725,-1.9901813574150264,-2.024739039562068,-5.270554302522757,3.667654132152496,-0.8069619058210271,0.8587134909471992,0.5530277849120192,1.1936948868456734,-0.2764097243903131,0.6716364824552495,-0.1015315510954339,-2.834297367664203,-0.1245801181240233,-1.555578920708701,0.939015113096964,1.8213064490259647,-2.0359372610600235,-0.0348377144314839,0.0252711011028996,-0.5268570656344228,3.943958280937664,0.3348025907747319,-0.7099389500502901,0.2478994077547668,1.255860098201509,-0.8589789690176762,0.2596824373148249,-0.078722799186877,1.0473886819661329,0.112637325973246,17
-29.146355648147452,-27.531852299065758,-10.602736824451158,3.827596163124428,-2.49220315663345,12.591514357191292,-2.4164118118425004,-5.769590286308451,1.6233771884099208,0.8548819111311796,-0.5054839093162403,-0.7676867031261273,0.5743645045435306,0.1010655631971443,1.7537656974157203,-4.585289723477107,-0.7702869827719437,2.4293683932176937,1.9506737993721712,0.858048537082698,0.3056590517796806,0.8779882426680451,1.2795208890248857,0.7826359490542151,0.9317508669166936,1.0909619474631254,-0.9645270669204924,0.2436917259331983,-1.108595373558644,0.0869024834870764,-1.1631391367450936,0.3969999832420201,-1.193522533994836,1.7554427270950126,1.4181258318389265,0.6331117654981044,0.6309604096345114,-1.9319614964277625,2.400972865898562,1.916136056436188,-0.3082914247935167,1.9126172692519292,-0.0450274061717951,0.266666150313771,1.009034243768271,0.6955054113996275,0.0713689327183885,0.3811135727172695,-1.0458544392290496,1.2477180165558983,0.3955631616180816,-1.5746358280895074,-0.9911175964622212,-0.4727073389420249,1.364897813158423,17
-32.1192904414299,-26.997609646005365,-6.5812956806035805,7.396312648149332,-1.104504608681991,11.593164157973211,1.7981941348835102,-11.373500673713536,0.9064491073357236,1.9350841066964968,-0.6513165684982861,0.0637146204116551,1.39809103105796,1.49372494779324,2.403912253147245,-3.687236018801293,0.4793057357211166,1.0292914666407789,1.4357637007728103,2.949303197265632,1.1584410097869613,-0.9882762405558914,1.128636778697225,0.879966579738759,0.5960632196441862,0.2164353052366591,0.367048567372683,-1.7706055937020868,-1.90538663726729,-0.822618565983679,-0.8467513574574972,-0.067249142358213,-2.5994706636902998,0.5980201795410607,1.9836801362303016,0.3078845915169579,-0.5358082947061024,0.6329825372235961,1.5121534780442998,1.344528367283097,-1.477452554330172,-0.6926846271302608,0.7589474126207869,1.6721303124485978,0.2908511808662966,1.595307511574426,1.3057507265060138,0.2547448508926596,0.0888250706888299,1.869196592337667,-1.6357104253687391,0.5363815478495536,-0.7179879524571549,-0.3072233317421811,1.3351609915793474,17
-36.56501878170489,-20.268155726554305,1.3407773515087953,2.2414392161306385,4.112702702842374,4.979130120097827,7.979134725924776,-12.919740658069378,2.7597201226325194,4.839335423450263,-0.3687361984043835,3.5194225370004903,0.6540737143596781,6.38673939233718,-0.1902698509695941,-0.807115071854672,7.615481351259076,-2.7845360315471224,1.189685193100204,6.334319745381906,1.987590775418756,-0.9416028168231224,2.6747383719667,0.5320069333224793,-4.673360930622089,-0.6108096859370841,2.642844051532617,-3.0779771659976896,1.2157282951228543,-1.1706690888826952,1.42761896219842,-2.5034353293635228,-1.3301204103988011,0.522718339948814,0.1717602916741371,-0.9417162986899696,1.3124811016774394,1.400697623039287,-1.051894127319151,0.2681210236000804,2.007898384735058,-2.097370530640708,1.0702477272910458,1.872363533218867,-3.1696330520656164,0.2203156785242573,0.8608936721829479,1.406706229017605,2.1460060808989656,0.829120903518149,-3.3363309800349508,2.433707999766251,1.0207328283223924,0.0977037367887309,-0.4895626038635838,17
20.283385075178124,8.507253785804362,5.375432682647657,-4.866742212466233,0.8195299117122843,0.1728490490298416,-1.3598024015410617,-1.0850818836161695,4.215612260706825,-6.819976414763285,-1.9063525085499085,1.4175479125853303,1.5821430389524394,2.792059232533709,-0.3151039164813599,0.3867505356067881,-1.9090658206632716,3.1293283564143146,0.9463942785554768,-1.4932397574372067,0.3152876802100216,0.1424339257582031,-2.2759376444862625,-0.396202685178581,0.2256675875194492,2.680552920082589,1.3762893458612664,-1.7022903725289666,-0.1676044226346416,1.884954354990092,-1.680099346629296,0.1690778856407245,0.1002645126157074,-2.611689153397868,1.7054533839333514,-0.9753912540714328,-2.120492120492584,1.8494931090849396,-0.0028568620709146,0.581115531551683,0.0247464030249776,0.204577688355269,0.2795313182302558,0.4096900052092146,-1.4574190756494565,-0.979031683280946,-0.0254445534236713,1.4308268255794865,2.025910863735485,0.7748430005514804,0.4603559669493544,-1.2722045892443692,1.661821539114146,-0.3615572263247844,0.3692424303085343,18
18.74536283216788,8.831412943378886,15.587014299034228,-1.3199012204948923,2.167224296590313,0.9636220118904472,0.6326146125266183,-0.6555661267138275,4.039650899560926,-9.516277880754007,-1.7868521933441317,-1.6249705914280494,1.9314810015670965,3.4025847920700696,0.7671408011388273,0.043658548257792,-1.076967894254124,2.3120509970333165,3.054393775097339,-2.0905480620316688,-0.9560644324019816,-0.12373180019062,-1.308445862140775,-0.9529163673967098,1.5194374986738168,3.583829199882953,1.4143684201728937,-3.5911777538703684,-1.02423831448375,1.6912947692419815,-1.544873642480902,0.5948875963279701,0.4215268784435266,-2.5234161695105324,2.0461782804787925,-2.852948785448949,-2.581352493613468,0.7274123714963203,-0.2177291211150186,0.2341600755457323,-0.7232825963553281,0.1326556763363341,0.7089088463718672,1.4958626253660436,-0.7760366858291394,-0.8598678096103357,-0.4573066898159463,0.9675261314374074,1.454826246564422,0.3808447692386883,1.2232309123744085,-0.5703513885665518,2.0519504761959166,-0.4633679392397781,0.4272569294382958,18
4.659826770622924,4.965860392217124,24.97669942790372,0.6108884032743769,3.4071674541309283,1.7087864651293023,2.602217361192141,0.4871819454003009,0.2454262529688827,-7.10593915263229,0.3349842170256051,-4.026189613064904,3.1622415758421245,3.672598444900935,1.3768164933124374,0.3973907395552314,-0.329061591333237,1.459595851141945,3.6679240018835615,-2.435090354890363,-1.7448479800046468,-0.1301186924720988,-0.2917400099670545,-0.7857582353635513,2.2425161080782035,2.9790357301337047,2.0659452307963924,-1.721993464661247,-0.6915949052235801,0.7746503329945983,-1.4463043074461674,-1.602337794160685,-0.0321415691355403,-2.069540025162432,1.4384285911247523,-2.3986289452249863,-2.4664885234620493,-1.0073196396346555,-0.1953697314231979,-0.3269351642701122,-1.7109452611881455,1.8875539769415088,2.5520984745614523,2.214456924214966,-1.5907946124090024,-0.2402030938947168,-0.0046335702497261,1.2842612916330982,0.8983378113522646,0.1304864083294051,2.162388390247844,1.433296438374123,2.0091682063516045,-0.2153582736935724,0.8042325959907887,18
-45.26874279591537,-9.04953395965316,5.228461204890277,-12.950986599739297,-1.0382603857651158,0.6046685203984465,1.709551155854516,-1.5590442759529377,0.5674818604286483,-0.2113386097130997,0.4308025381967094,-0.6280773478907599,0.4269193098784332,0.6895852045499333,-0.1772026853686722,-1.350743149863821,-0.6403739156661463,-1.013194610061206,1.2589497470977042,-0.3066456771524538,0.8216569367483716,-1.6675188277673212,-0.6002206165591122,0.8227182334367165,0.4768139896309769,-0.0024092764733203,-0.233399981594051,-1.0116110412681814,0.371658540157721,0.9048455276573406,-0.0020224238482851,-0.0062874735413655,0.1821046336672317,0.9087725975919,-0.1124393961394651,-0.203501920042106,0.0008032118411414,-0.5905366442689604,-0.9840212580665848,-0.294590897662381,1.443704397095274,0.7070634016575038,-0.173806399790117,0.7352389664774058,0.5304673731668524,0.6398024052830807,-0.2575471393034609,-1.4730469934871149,0.3211707160722843,-1.075271667643564,-0.3497312943139131,1.474598959865058,-0.4886399138524679,0.2449719608235333,0.7069549044776544,18
21.868431701064832,7.972604836595888,-2.4870135548394936,-6.245468872946022,1.2541143610975531,-0.1044672543034074,-4.437998860211345,-1.4483069843437395,2.7000631681339446,-5.089105526936213,-1.389965031057501,3.741737692617658,2.1307393706759576,1.9779207111862824,-0.9809668564895792,0.2023971011891304,-1.85510125719884,2.592409231340849,1.5541656373556172,-1.6101586635114662,0.7846702231764261,-0.9376880128823868,-2.872769043153096,-0.3128907128776641,-0.096176074491441,3.269898088782062,0.4027845559091491,-0.4164598612438398,-0.480014987291569,1.3837335513627431,-1.6924428228447284,-0.6755249909319153,1.0183451424735426,-2.910069749573473,0.5327031178298097,0.3223727147911708,-1.6947038696264218,1.633567335306463,-1.0108561765401802,1.48380226340744,-1.036494624551128,0.2946299657655982,-0.2130854019161779,0.2167388339856685,-1.8072837832345887,-1.4322430284889236,0.0258584706346783,2.337127187921888,2.205267366470931,1.3605299714016006,-0.7994115891613659,-1.688363804157375,1.0682405765048697,-0.6864638810413872,-0.2565209108057842,18
6.479844466300568,4.309563274306497,-7.269985086382189,-9.499726473761047,-0.0399705228573143,-0.3555999997410272,-4.974592250877017,-1.745906239413275,2.05761495447847,-2.6260559059800253,-0.6965279866999914,4.236828554383854,2.6413707086163813,0.6378870833270305,-1.3066116539233137,0.2886056763680811,-1.005970610162626,1.4127402751439295,1.329192433934566,-2.049121614969407,1.2748345542273545,-2.019158637662314,-2.388936411255132,0.5034088989156403,0.0823340592555405,3.339678548269572,-0.1254108753339273,0.3195579865276011,-0.5729720613907534,0.7193986239927015,-0.7831238241892373,-1.0007066903964563,1.3561136463514725,-1.914213717055444,-0.7946280345510056,1.16132655611117,-1.1395545266734064,0.7534798373222323,-1.991606824651165,1.0939197776064016,-1.5202991301245978,0.5380863086697983,-0.3773487865634925,-0.1150158862151704,-1.5994326476768634,-1.4670387516036236,-0.1728358779891754,2.2798741327440046,1.6935513381061411,1.4651909220461552,-1.843846779660537,-1.101567663950428,0.0404151080289309,-0.5569966631652746,-0.9784523725401773,18
20.349799742241327,13.199428293831058,10.255401042857535,-3.0057887164298998,2.6284201009834374,1.1904413455751417,-0.0486635152870999,-0.7141549343034446,3.478058941430102,-8.448820289533819,-1.9228273267413063,1.0083093027059074,1.0256383540809328,3.554382343369894,0.4606308827289164,-0.5347697902741863,-1.766863300731186,2.734223444923489,2.4542149280534598,-1.331904779823569,-0.4719982123418817,0.2113260094868993,-2.0101743390535747,-0.8383610749539323,1.0300593328088905,3.5885097280101577,0.956558373089461,-2.6863093376228044,-0.5118195597044632,1.3337294835060372,-1.9372137658529505,0.4552601928176427,0.649583673936505,-2.809013310289059,1.3633700457024962,-1.8906608938153195,-2.428757815899377,0.6341323184547553,-0.4628799413288785,0.4262477621403299,-0.7680600986055343,0.2362583458110299,0.331243976259739,0.994173357226435,-1.593968861489098,-1.0925470562188864,-0.0694345360893766,0.6617482321429214,1.1906471694067562,0.5588387287631456,0.8744862168997909,-0.4620467118181373,1.7206386981896769,-0.8116572079299678,0.6218222425887365,18
20.97105239141261,14.36324572149296,1.1384682932150731,-5.463831456860857,1.6730843726259363,0.4399824470165219,-2.517746943142816,-1.2366018187675858,3.2295914402902794,-6.231271202212224,-1.2346997866133187,3.886576819327361,1.5124534238405332,2.5218624111798493,-0.1598264131674375,-0.5430385358112155,-2.2308605144802103,2.4907106858640766,1.625096504748701,-1.246914120218219,0.646784512688581,-0.3240295036004932,-2.7105866649897714,-0.5174842438579839,0.2878247783146416,3.4765001083058507,0.2897146372030066,-1.1642471508279753,-0.1817188355855127,1.0638933542387428,-1.562328117004979,-0.2249372292341168,0.7478967902276447,-2.702875252404649,0.5029950582917092,-0.1254934866832802,-1.9436097251020168,0.9416215246871156,-1.1332503315068228,0.7278634071220321,-1.1680113036858453,0.3098801514793144,-0.2131742916733461,0.3599145292293754,-2.069788015558614,-1.3024198953359063,0.3245365549241177,1.4927796222352774,1.455587425638278,1.0577221822332012,-0.2404242909947544,-0.8563278122360971,1.3977290266987512,-0.991359595514931,-0.0969864117019317,18
25.72428698429802,21.213603255916503,5.463379847821946,-3.2303617502178392,2.398765132504295,1.2668389224037928,-1.371579752361279,-1.2118391635052257,3.694862430755224,-7.604721424790186,-1.0685130191212195,3.0813608328140925,1.1494037775117838,3.3680757575216127,0.3085195368525248,-1.162729694501062,-2.7637401181505856,3.022695652524891,2.2932612217385397,-1.2090395340041615,0.0980196416074972,0.4003419052359305,-2.617090991561239,-1.0829158491010396,0.5062070416408002,3.815213896957072,0.5911354399954586,-2.4191193664937307,-0.1271660265238256,0.7138039714193939,-1.9404673943304571,-0.1324076595714723,0.6139469660100743,-2.916915430989071,1.0066537872208583,-0.9795642693051458,-2.236706031101766,0.6190315962901967,-0.6266817743090484,0.6280785829490525,-0.9164727400531092,0.3938770668271788,-0.0344027755322432,0.2127146369263542,-1.952001870298401,-1.175693789558805,0.2011488386341624,0.8571661565709295,1.2463239280299805,0.9693705302601696,0.2590988712304532,-0.6794441766183891,1.9856099607739357,-0.9788085299371354,0.1271165713902339,18
13.552163400690608,16.07323664720424,-2.6504270342684197,-7.132410107416042,0.141975690158231,-0.2202340119529184,-3.824084861804983,-1.7834484019147472,3.6060928870112474,-4.159143508874201,0.3173155736013701,3.3645511177941043,2.668504897596262,1.6109117473033256,-0.915870139394924,-0.0709832419131018,-1.575148926029771,2.479835196358156,1.1156240316086383,-1.8560543209068667,0.8346683208906126,-0.8041659628257799,-2.2497130841111743,-0.1866240307200821,-0.0313591402431818,2.878653976015485,0.5863905764191214,-1.2453903493701908,-0.1750857423072361,0.5270240594619139,-1.0224908074576782,-1.1015129072268737,0.295910058134053,-2.186040578899572,0.4497473323032854,0.3776727439355675,-1.7519915294822157,1.391489300065073,-0.3905328030096732,0.90651026743588,-0.4308850465145364,0.8283661560108709,-0.0711268651241932,-0.5577444924397031,-1.394357927522247,-1.437421136432575,-0.2150422174115815,1.8525168062172996,1.8152629023167173,1.610073194058713,-0.9418851258504743,-1.2522096831955551,1.36346268471925,-0.3901776799982698,-0.502658159272938,18
17.85666099171529,21.313276176027017,15.135803804262304,-0.4268200306051873,2.0010860878445498,1.815165415925238,0.2758589138810866,-0.924467263078124,4.520306393586012,-9.462517770590416,-0.5504037722930176,-1.209109378688089,2.036871384869238,3.668540805674441,0.6297571433264813,-1.0083536534263833,-1.789820262925194,2.86256681135415,3.490303651005937,-2.2365802578446288,-1.3896889799012362,0.4056464417752848,-1.1330799320080258,-1.61064959120803,1.0725467570888072,3.6956520223381015,0.7777892454658296,-4.28116900777952,-0.6058825461579391,0.4524397377301932,-1.9361492050239613,0.3376722367132095,0.1046722776469015,-2.2658852413150945,1.8107782066880804,-3.0117086451063835,-3.203223474739717,0.4749341616410288,-0.0063616187910411,0.140921632941883,-0.2658737675323597,0.3724162625927439,0.7256514234821247,0.9815885483397476,-0.6301735335053145,-0.8545321275118715,-0.3139151419100031,0.6306466939058429,1.0911021759145496,0.5540089851274148,0.8216918099703387,-0.4685970040169187,2.2968685403628704,-0.4971584533382346,0.3542809479948411,18
15.291702208893936,26.137419783785354,9.681533560656238,-2.135342689068332,1.2516315493804702,1.7330241764911078,-0.7230684889182503,-1.4951257251598675,4.4190155241532345,-8.15554123050906,-0.1115848224018043,0.5478919854170684,1.81768040786914,3.536421868577595,0.1428693214506006,-1.5017386388826537,-2.17133354925994,2.995545591263402,2.788361859377688,-1.7384919805062444,-1.1338755851767428,0.5202879421532928,-1.5999602616563031,-1.5262143441976364,0.6906077993889771,3.051076610693328,0.5789838641147189,-3.5608561338919564,0.1691217671284572,-0.0951937395082607,-1.8054281093114863,-0.0871435146454725,0.1115626737429363,-2.302131884573285,1.5404430652533767,-2.488782178804455,-2.595967432922909,0.779844291396338,0.2720088697531589,0.4423022781683953,0.1512011755582781,0.7844573791922019,0.2704109351165551,-0.1830367371772535,-0.6673885190263174,-1.0657981617647971,-0.3972059399096862,0.3293263687574726,1.0685850489315594,1.2010964150894414,0.3750540169921511,-0.8414755163736276,2.2752768482192667,-0.6363690995326158,0.3232433308912226,18
8.332030836358049,21.235397942846788,-0.2189362563988368,-6.414909672612337,0.3528895838422993,0.4220974924511345,-2.7790961400030785,-1.9002878988014604,3.554779700818564,-4.688482039316753,0.5750609901808346,2.7758802351988447,2.184065422905637,2.0270486266103944,-0.6446446825468942,-0.8018949772759723,-1.7384515072826052,2.36828736970665,1.562412986347955,-1.5666474323751338,0.5131721185005013,-0.2401381504420527,-1.9818260685086937,-0.5178943690886054,0.0217012648719601,2.421944029844433,0.3236551571310581,-1.883542843975915,0.0308109597834355,-0.2821921405159698,-0.7324013725228622,-0.9028306992497726,0.2713806877522967,-1.939884993921664,0.5047360832361096,-0.2702523244650341,-1.407729521236179,0.8486912894586089,-0.1495675201328056,0.6599383454056031,-0.1735526170842646,0.9634374300054668,-0.0908622179113275,-0.8360689394175956,-1.0186631732711864,-1.3069514783806222,-0.0791955780213425,1.0586282689733877,1.3719406170693036,1.518052784138355,-0.5082568124779351,-0.9563849202908188,1.7115849164293877,-0.2602912506014182,-0.3890638504577211,18
-4.821092796443842,14.677007722613078,-7.93391468514204,-9.462675209231662,0.4749905638966809,-0.5865738337150249,-4.535383818330027,-2.562416357345834,1.6580315747756993,-1.5508481853204097,1.5450749725063797,4.576357300919553,2.4007742723973697,0.3598626408607925,-1.3119023549733992,-0.4304070216923535,-0.7493044372340085,1.1314983129675829,1.6392794957592696,-2.490951515767629,1.127325633734004,-1.6879196740418068,-1.6747258062528585,0.1895873693322861,-0.23492912019645,3.099366985041464,-0.8480719389445123,0.0150066984971413,-1.0858995626461638,-1.1408786059863674,-0.0361881080860286,-1.1861993135933262,1.3455693034846503,-1.2962177001007111,-1.6859351358282588,1.805680264860219,-0.5064413625392277,0.0341956316427686,-1.9324789851519093,-0.0265245617282069,-1.6303795900236178,1.139336109677606,-0.6023489238671469,-0.6840069167322741,-1.2903815059552135,-1.4340511142063663,-0.3060178127034134,1.6127909111345036,1.4816697465529185,1.3363567965452814,-1.9756001357223092,-0.5606745955273982,0.2829038028111912,-0.3183715138898492,-1.3099725294275075,18
-0.1505977310890592,20.863266668510445,3.836922065986939,-6.224576627731079,0.4158595768067701,1.4270538740473848,-1.3309566648450677,-1.6898242009365216,3.280035836083358,-5.161751169208321,0.1331361372425965,1.5985142491361206,1.625411805665757,2.5587190960256625,-0.2168828704960365,-1.1361564065800678,-1.562853007170273,2.268498551399499,1.980919788569472,-1.472293731618609,-0.3554836933614529,0.0370627288419407,-1.5429523132395726,-0.7646997097256932,0.2981035379667954,1.9978847394326225,0.2197973680040176,-2.2582469738906106,0.2340107745536206,-0.6354747662780869,-0.5316821851300955,-0.5390705787780792,0.2963651735966562,-1.6047443382571895,0.6681622910087153,-1.3069267728408915,-1.368035122876975,0.4889947196438618,0.088503152339333,0.3470317609178986,0.2277123345135812,1.0241397603296112,-0.1042406052526507,-0.7563029461356127,-0.6207792105548979,-1.0485418146088137,-0.0582476951476794,0.3675486502775633,0.6807104678648944,1.2781745991299152,-0.1493827972003318,-0.7029632038859479,1.662480592126085,-0.2864238585176691,-0.0490092464028528,18
5.834789893072571,36.59886944325011,10.002762170136853,1.2802534110507624,1.7763202884817573,5.37179223107973,0.5647311610393569,-1.7885108816417248,3.851970919454229,-8.14509281432981,2.557080669254579,0.4786301668383782,2.026762042009879,3.357520915021883,0.7488946936188446,-2.382394249614209,-2.451224899948714,2.7710649547351074,4.374736908498747,-2.9239258457631183,-2.56873630477652,0.5852314287023599,-0.1237673496540623,-2.3956123229329447,0.3516164500628524,2.6727478481491045,-0.316900549914338,-3.331383157659298,-0.5493997666387884,-1.3242694181866166,-1.3734100821656814,0.1617628551105766,0.5992122907823108,-1.65752857399466,0.9775435228852994,-1.927792541759396,-3.3648140054785167,-0.6488097430010562,0.0107176914765388,-0.2761729072061301,0.0934769690787118,1.1717230715123186,0.2608184110765504,0.4068523055206266,-0.7832261797391373,-0.4664641810288044,-0.0200482098419364,-0.2358476787620567,-0.5611542717545601,0.5437305767919491,0.0903330855634292,0.2410473844931674,2.2364302273001955,-0.6215589366569336,-0.1100855860623122,18
-5.6844933228657535,29.25857219510824,17.50263565116049,2.5170027059041296,1.5895485610755624,7.844630299188652,1.1359417084934018,0.5482308559855321,1.6742723108432365,-6.820652970749509,3.184613005415784,-2.182490386961024,3.686794426051767,4.00913612080053,1.620676703025839,-2.7614725235540214,-1.4936457846238802,2.9330449785620667,3.986638820260794,-2.166896305241845,-2.340389862035795,0.375236893071931,1.650487944229084,-1.3223585130600293,-0.2619438039025527,1.2757778180283463,-0.9554832012161486,-2.425180933529933,-1.7285308862123343,-1.0402033578349543,-1.7282252977031842,1.1846219722014606,0.1467809713692996,-0.4898889221844103,2.327465159349417,-1.7208195764085787,-4.90682224419366,-1.007424891122514,1.2497424829950312,-0.2658790534287914,-0.2494854165562159,1.5169443037789256,2.062535746184724,2.518823674463885,-1.0714369163895898,0.4784236088573417,0.140871796685125,0.1302265255799117,0.2781313714211879,0.3524230301859715,0.9506849449631736,1.513220133530956,2.710436062358088,0.4221436247313065,-0.3579774171660335,18
-26.972773681703828,7.213434952399963,18.75124109664228,-2.7213426770737037,4.553642693020394,8.676219139741859,-1.0551372497009228,1.8534462518353665,-0.4379265689182184,0.7212788683593289,4.70144585041065,-1.5022719629946912,-0.136931379910644,1.991859859691322,1.9188515773680104,-1.4525300748541827,-4.382391425563686,-0.0478703696809139,1.707568434924944,-2.108905899368981,1.749173787687684,0.0201656714949939,-0.191444490803157,2.5625966839064,-0.0876056188901793,-1.2470085829189006,2.281483200835751,-0.5055617027722378,1.0769391941449935,0.9042199662239272,-2.444544906945232,0.8611745027867664,0.9041166295944766,-1.7936621744684351,4.313540061641665,-1.3835081511863148,-0.8117868897321604,-1.457101526038082,0.2590404017767242,-1.0145637583062446,-1.5624559269556395,0.3901256341394497,1.3433989868702056,2.780512871978192,0.6241442843187704,1.2346178356395614,-1.4997642742982067,-0.0574993623891168,0.0961397696720048,-1.7547216190890036,2.501429070923737,1.732983861606793,-0.1870278082864379,0.3683885998834618,0.4852785157132697,18
0.3845840300876051,30.114416765156985,-4.155422250151124,-5.278014441120933,1.7679933791405886,0.7365562778689508,-3.405940821918043,-3.1832764194879344,2.0477449671197494,-3.703161422067393,3.130758267433433,5.011544383475609,1.6441890999912545,1.2371035720440469,-0.3619020638527256,-1.05030253362964,-1.8529849571761832,1.935162234275276,2.26693082279256,-2.9044934963803475,1.009000581895083,-0.2791877685175984,-1.040890912647804,-0.9111636483959408,-0.5794113558865449,2.2429144035146518,-0.9404580275576252,-0.7648711394007071,-0.5813801455297931,-2.0450601723630704,0.0120795127190745,-0.7660402492681588,0.8219897036530943,-1.7319733174638667,-1.4131196112878863,0.9728879306712516,-0.693435757210998,-0.135449880612575,-1.5622524292318711,-0.6170956540366375,-0.9507797419464582,1.298978266314283,-1.2642781682264157,-0.7168083293475511,-1.7559097210349042,-1.265984781746701,0.1040892704853904,0.9368253224152452,0.8620282153105538,1.0086050004769092,-1.562959257665113,-0.4085653533834315,1.3089878914530286,-0.161208428567001,-1.3858035197791698,18
-5.859870406304799,36.93481029755692,0.9862912943999674,0.0395974568993144,1.7976465233415777,4.22072342227569,-1.4062232130451515,-2.8717304724809134,1.8430326310449856,-5.399217383432946,3.01426782382828,3.0179995745498065,0.4796564665303817,1.4535937026463548,1.327530226965018,-1.6100485817689438,-1.585263686315476,2.713606981214808,2.831972549538732,-3.19656337068151,-1.0013030102139884,0.1860626934440692,0.3104664941662082,-1.6595539390460874,-0.7843329184877543,1.4462631738349874,-1.0129872498980144,-1.3797927797052068,-0.3584530426812973,-1.8844212613201543,-0.3397201741191867,0.4283386177363231,-0.0491402127797114,-1.6709589978085717,-0.4328717470333956,0.0128752061650655,-1.8721562983135664,-0.1656435342482684,-1.1841130283767776,-0.9958924705418896,0.2238866399067883,1.7106193216789989,-0.8206128835796448,0.2411792365994877,-1.4981075247922435,-0.5815619923083803,-0.4928950512311763,0.1249691403541479,0.1908122755164423,0.625425170557033,-0.5611445769347839,0.8219617858384413,0.9128400999850308,0.6668178212441305,-0.6775575523307377,18
-17.523815115330006,23.510550812898877,-8.473052152842369,-7.185019410913029,1.5042703040951892,-2.8335185654143733,-3.52145589694278,-4.066409935160115,-0.049033711699705,-0.6141804257883882,2.520925427964356,3.135225287599799,0.7841235826901852,-0.4984518672282792,-0.4791642093558093,-0.0817797490381632,-0.0877121508189934,0.9463169523241176,2.9834517577658906,-2.2637155481877214,0.3257248922536887,-2.156012289025937,0.3943458992057436,-1.476960595762401,-1.3510796622987191,1.3060642151943445,-0.673624242941061,0.6174560738544755,-0.8205941351502872,-2.737308535529916,0.252327817919718,-0.6235354944769885,0.9687784702578988,-1.3694295695846022,-2.120320153397198,2.7909250262722582,0.269395380146121,0.8344513771486025,-1.3499343291453625,-0.5522065278424244,-0.5721010043340443,1.1286626876530723,-0.8460020157030522,-1.3981285846038185,-1.0249472233600674,-1.0718578761419977,-1.2084874150153186,0.8813869484176553,0.6275350371380543,0.8581915646833319,-2.286485895592078,0.5468076534784742,0.0755489149082313,0.7407293349036196,-1.8564343703323356,18
-9.902219362890827,41.36282731884472,6.99166980308432,7.702008917073046,1.4321322237052996,8.668190950521467,-0.1383488957527563,0.6997162320075536,1.6864205049538772,-5.991970775791926,3.692944526674136,1.067718933834426,1.077376446862781,1.748381390113663,2.5946159807582654,-1.6755682592935368,-1.4331994291650492,2.096499487914787,2.5798077835099806,-3.1653887079506067,-2.922245262079504,0.2668642804364768,1.853872680183883,-2.2360039070893625,-1.3529655259323354,0.0208712526656151,-2.0108540372334027,-2.0831157290600686,-0.3409764025067453,-1.182534017568525,-0.990488276062394,1.384208519088434,-0.3638565253939118,-2.1516650868474185,1.8862369264201249,-0.7872945625658093,-5.075918583285955,-0.3295844941826183,-0.1918941220313556,-0.7449579727512937,1.044525978269671,1.785318763357859,1.0248775763332174,1.49789948048023,-0.4689549886570734,-0.1119555795827711,0.1621953785122715,-0.3975339668673003,-1.0593999392439584,-0.5123672406169052,0.1924055131225064,1.62630880746892,2.733399197601329,1.5138314676440627,-1.052568493160078,18
-13.546487928310214,36.383771083509096,-6.437361212811984,0.635558110626879,1.8950388147993489,-0.9909516808985744,-2.1942296079159465,-3.3988151693246578,-0.0597251001511265,-2.047688906436433,2.8266420042277445,3.6792377176117337,-0.12464824174326,-0.5294209486966636,1.6838128566494044,-0.5803895766051064,-0.747794385382189,2.18256106070941,2.914143756351264,-1.9560224562795288,-1.0338111680839737,-1.9038525621028728,1.2700683450586832,-2.144316308014761,-1.6101906309263974,0.6887283872613001,-0.6043369404887959,0.2630206047607704,-0.208238381055589,-2.351747373617195,0.3543317941061646,1.0883196429256594,0.7516106555952602,-1.334029211290222,-1.8930706434539135,2.1858832493138958,-1.0751490650326885,0.9156138739894956,-0.8835573079651722,-1.0940903330162104,0.0728660936248424,1.7440278773723423,-0.7950821657214039,-0.0782007746737354,-0.4881470735158879,-0.9359265895740224,-0.9149061766335188,0.4143114404828161,-0.453583000501066,1.0634311287569385,-1.6121411097920475,0.7977545968751917,0.4158105670283107,0.9778656294644078,-1.295156722026973,18
-11.487310533777602,47.362293447934434,-2.8099177596758937,12.499199264868995,1.7315898928451134,1.757003708731529,-1.3177323591454042,1.4690388961056458,1.1064855694372986,-3.810233913863133,3.345880917348952,3.538488677233339,-1.3652769182941666,-0.887281517008736,3.1818109017828604,-0.4045610011529972,-0.3327634696531574,2.4614188248642206,1.9793716460711608,-1.441223215189022,-2.799813870137163,-1.255945973568029,1.8772607254102,-2.782553262337617,-1.5909632008546264,-0.825896027896542,-2.120572678130273,-1.403166990977751,1.29711420885124,-1.9534777873942504,0.0040359763729633,1.4218758867734442,-0.3716004834272038,-1.1414599927737898,-0.530387557484313,1.0639758739483862,-3.8197998260254806,0.7618553379837877,0.3744067409623431,-1.747659705294545,1.2788354657692935,2.1144321425400503,0.0170863195688782,0.569684034024232,0.3168753918567442,-0.9821751628643002,0.1166300109119563,-0.3933549164093877,-1.7198867813281755,0.3097614183420611,-0.993155542358688,2.019452688201154,1.6007676718474362,1.0379725100743211,-1.8082237255383704,18
-25.320145919010617,24.33067754399581,11.226693959062716,5.308094396617312,0.6218473736839689,9.197705711729718,-0.4787227317466841,5.8543481759245575,2.2285770224927712,-2.6622329905900117,4.475181515407863,0.4260177684828165,0.4479374924719604,2.02132100931339,3.0721226349740114,-0.6585315555141311,-2.374722608514269,-0.5684262750444596,0.7726796426167384,-0.6250100676019446,-1.2540831595779658,-0.6644892925131938,0.4029147372920948,-0.8676454120626343,-1.578851481278441,-2.425932906096858,-1.132929519214371,-2.1105658013919784,-0.4210525718096117,0.7595598213539445,-2.099869250763688,1.0042611250450149,-0.446854339950303,-1.985813109445314,4.169301875214328,-2.320332814126973,-4.658868117107319,-1.7833237208651278,0.0953366550425783,-0.3912000993063658,0.6763228432595033,1.1603956430027,1.7719966248432593,2.529763082111937,0.9388262569063398,1.25348328400973,-0.3710809071771612,-0.3392602354823122,-0.8824304392953018,-1.0642065111308043,0.5964736369307869,2.039623869784606,2.364932849055781,0.9424761412596628,-1.2565900275113842,18
-23.3647346255948,26.81544783857916,-10.03308202309532,-2.118273627685888,1.6017729653206123,-6.218026996426666,-1.552906796346128,-4.1364674326987,-0.0049694605925459,0.318624016212442,1.7938025582071275,2.9150387668638387,0.0972107525194252,-2.962283644007283,1.0662293956752025,-0.4070049718711604,0.7317565863669145,1.7204195868193084,2.664743344008777,-1.1628257346080788,-0.3268347779764994,-2.516519546021584,1.1508220025431586,-1.506141586179717,-0.4044064327480007,1.1478502362382326,0.1356010655647746,0.7910763793421851,-0.4039962589569607,-1.5458185312486596,0.4509792132828796,0.1962295641877151,0.7915287140263783,-0.9655216554153924,-2.0189446378075093,2.7638016016855262,0.3740829341886312,0.9237793503387616,-0.5902975427978132,-1.99635136440664,0.1618318892841429,1.997449682718983,-0.6064032730021914,-1.0841669256906392,0.552417826089217,-1.0313262951451865,-1.3626837447967397,0.6365750931423422,-0.6248246605214525,0.8446508331737556,-1.5012534370146842,0.9030665099724096,-0.863310999363242,1.0528907086911727,-1.670553783998088,18
-25.84827062193628,31.14886559002834,3.2195874063435967,11.644097694486309,-0.1238714237936916,3.5641617788285744,-0.5021428082395449,8.61632311470839,3.362299198746023,-3.8704079321603087,2.7120194258587027,1.710673415383457,-1.165096632832596,1.4434837389020756,2.703994078715172,-0.2867117670358662,0.0310021085594795,1.0432784971211768,-0.416670034353607,-0.2368849565533273,-1.6547566286121291,-1.0259393207065894,2.05102744164244,-1.841985907823627,-2.202016446488435,-3.194150799931724,-2.981950459325707,-2.992041105190592,0.3247407139223765,-0.0930205249625395,-0.0687870011485373,0.5653766229088095,-1.2310791216794668,-0.0285586528488955,0.8407819572898785,-0.3183834330581716,-4.991194800585014,0.1154677189983813,0.7727988966579638,-1.4703119596832146,1.400215712256489,1.0834496267729792,0.9543162013747932,1.5740875221073214,1.7512193610707498,-0.2283445713762229,1.283320702813859,0.3004163237232892,-1.8225034100570436,-0.1788843059456103,-0.2349438613197192,1.3953108226861808,1.8690450064254036,1.3980716953493486,-1.5785283124703056,18
-24.341873943643517,32.220317932371664,-9.887245312017871,5.850989396793707,1.539213463531349,-7.486658912841355,-0.817853612778433,-0.3755510399468575,0.5947834843498625,-0.2791835538955812,1.7429769172562009,2.5827472505979787,-0.5060601495635649,-3.031445941007265,2.120489041944431,-1.3696815981404016,1.4070840541660636,2.124010965058434,1.4728926154405888,-0.7730511836790904,-0.770587683741549,-2.457728629633022,1.6635386268330212,-1.3599990401775064,-0.6500145526180504,-0.2513736946364504,-0.6586996096862145,-0.2059712195628139,1.1540564434407237,-0.7194555616722872,1.0544555312054138,0.9665008203283416,-0.0108115158200667,-0.3109367428253222,-1.880790286736404,1.5149718185519945,-0.7635090478927421,1.2873300863423986,0.6087467755664014,-2.338285033784709,0.8359327977223198,2.402153280951025,-0.2263440556744846,-0.4165876095788647,1.0887428196338025,-1.2513533327262854,-0.2901108925206101,-0.4970413381754319,-1.3878995320976524,0.6654218898173082,-0.9453570368288462,1.4274441889450125,-0.4474155439094648,0.8306968598556214,-1.5845385514359018,18
-29.29584482342812,29.632880250425195,-6.009990978100835,11.529297321030253,1.875664163074616,-6.35537015333055,-0.9243030927174636,7.419852033348855,2.8860314680320323,-0.853180350009774,1.360894646781647,1.820463979279056,-0.7150996000442343,-1.0596866834564982,2.1565819483474846,-1.6738248081552345,1.7612209657131468,1.6770433720587126,-0.2185737725216177,-0.0776418744038852,-0.7874420684866323,-1.7161769754817473,1.9472018436875005,-1.4099170246527717,-1.5594983250960808,-2.22001862418221,-1.0050412715775063,-2.143293282180756,0.3594268840494014,0.2485531623869678,1.2192912994404488,1.312708984576676,-2.140647896295251,0.6870042043573076,-1.6259580507795384,0.7795626465485102,-2.470075913147389,1.9704827510829024,2.0638368056237453,-1.8133286776237303,0.6041443045003481,1.5472417312719986,0.0902967905783077,0.5194270181504603,2.0053085914806,-1.2777744315614166,1.189508384254577,-0.8722266100954738,-2.152055724703321,0.1953653217195634,-0.5680612468772146,0.7484082726267656,0.6072434967524266,0.3186563405882796,-1.7941417721770283,18
-37.62340086513659,16.18758821576526,-0.5255198369821039,7.4045868794807905,2.753851749796541,-2.9042424911974853,-1.1554068860961453,13.281822078300312,5.838619744944242,0.9880399612740812,-0.239389820872434,1.5691275359262504,-0.6803950672766009,2.0340708820168087,2.378642941141775,-0.8455197531195078,-0.8205265380282021,-1.4258931510172372,-1.228307625150167,1.6210604552885963,-0.1021493078976962,-2.4940097830884063,0.2487290282677643,-1.834934594113698,-1.4489685956287706,-4.308103303684809,0.1873859688530903,-2.710432513576684,-3.2074038460722125,-0.5871309582917413,-1.7235186271793657,1.854927706088614,-3.139812221065493,0.5136955162055328,-1.226383390050975,-0.3219548844286095,-2.078028148104959,-0.6905316467683699,1.2379848298953375,-2.1267788155513365,-0.1814407977748414,-0.427354879271813,-0.3878804738128019,0.5262964028619692,1.155110806857663,0.146701728017757,0.1317050789323179,0.0075813711646075,-1.7856633686967625,1.1170363437773307,-0.3854165337142028,-0.1978481919421157,0.8156204758060643,-1.0483181644195114,-0.9875629062024944,18
-41.79135514408526,3.2024197177231604,3.4028797158885142,-3.586170421442594,1.777996799668356,1.7203852613527293,-0.1670101384422911,7.599902188521876,4.308004261266215,0.7427101645287658,-1.5106843534901984,0.0863896080183916,-0.296244392324905,2.488979285249439,2.4146865851903723,1.6977523475202707,-1.479209831635903,-3.21509095738051,0.0394374318438505,0.7738052030320782,-1.5281236959448152,-1.9249357066483852,-1.10190743685152,0.330243583471417,-0.8351204487445127,-3.082149884447352,-0.4918738718393263,-1.8909878143508647,-3.0735770437593284,-0.5935227356173567,-2.574340313060438,1.695279925918466,-0.4325381611669689,0.989246047533687,0.4349762072733598,-1.6356051007840755,-0.2681730849854272,-3.121162882980799,-0.6301255873839008,-1.555509513221018,1.5110142289310522,0.2648631629691076,0.6981454918255556,0.7240072955359307,0.0833257449313259,0.8769701834103295,0.7750221593212414,0.3200833412630453,-2.306960097233988,0.3043656734055361,0.1828928541393587,1.717317866623332,-0.2626113746676042,0.399607845195134,0.5211487874847631,18
-44.28067129554776,-6.013190187140433,4.349441311536283,-10.838944874765774,0.6544585816701555,2.2973818314431065,0.8134001265039473,3.153954609403428,1.8192182524660967,0.4456323176042908,-2.009044484266938,-0.6049603767723726,-0.0046627884530186,1.5825612535981866,1.2696468612341565,1.848497910658864,-0.7820736757392416,-2.8588008563225515,1.5089387676925503,0.057851826323402,-1.1503727514353064,-1.277268420223977,-0.8638859833512528,2.659333378691826,0.2734131167951932,-1.6257244606521182,-0.2917288648595439,-0.7273778546129529,-0.9009281110700088,-0.2231794467712206,-0.3611672074828525,1.1898523056479295,0.3118835512066982,1.2197582975046974,-0.0294742905454314,0.3094755323363731,0.7127322521447801,-2.251188887249678,0.0282179490953884,-0.8628746783713487,0.5489556589605754,0.1026319258786457,0.3775689398704357,-0.1745701081873992,-0.3085691282437947,-0.4498342598372893,1.052065169261824,0.1772215051127935,-1.5348613443977357,1.017318170242391,-0.6335060301730081,0.6345202666869724,0.0299927049151192,0.8182589247218177,0.5950976213293888,18
-37.20410367657557,15.754789274908124,-10.285168465637009,2.211593403138651,4.039506369792706,-13.196270759170517,-0.3688400448488265,2.9564262787273834,1.8118750664741836,3.1943907798115343,-0.5675747629324143,-0.7280995241714082,2.028531023941984,-1.657598161216587,1.6019528715557716,-5.232471140631233,1.000504625676905,0.8603350993585396,0.4176808948166068,-0.2868839263819939,-0.946887411779271,-2.326210521382256,0.958466820849314,-0.4503739382966008,-0.6084890294815064,0.7377765001508348,0.5168060409156132,-0.1454635454092565,0.1186262628122058,1.54416858605814,1.1880790202575366,1.5117736161233704,-0.8104316057105599,-1.967530467601474,-0.3835611574980879,0.3836315597464803,-0.2559381513100546,1.4357070418281546,0.2622245626687225,-1.5980239367225244,-0.0062233064910258,1.7213061941501953,-1.031820266785009,-0.724345894555696,0.7730052278953817,-0.6366988254408009,0.4274291063772258,-1.942956542238863,-1.3651108320002692,0.1326428321370416,-0.5087356654989792,0.9357458527046786,-0.3981451985835109,0.755931762568617,-1.396767141547551,18
-42.81057216629843,6.0916668989766105,-5.3780841338358405,-0.7269432905971968,4.142677652989374,-9.705352099485474,-0.4182977148489492,6.5723787222017815,3.602713949441077,3.0511472666806214,-3.654613576688772,-2.1492659728240606,3.029659549680913,1.6673294018238214,0.3194874385295999,-4.969469821828846,-0.3675361928089744,-2.1087852226837103,-0.4091189924883159,-0.4685091107501656,-1.3544359075454016,-2.2450253857253326,0.0363143150896898,-0.4083004103103462,-0.9221115866446048,-0.4675022810879391,1.1060925813576457,-1.478265626677583,-2.860371431753862,0.8403367862143156,-1.023708832216482,2.027104276840945,-2.6656595128404623,-0.0748393826709284,0.0011381468138751,-0.4575515652741832,0.0205889995212779,-1.0693450396184534,0.3173122143820759,-1.5286949144652644,-0.5399512230473283,0.5753895422231758,-1.1661597171077436,-0.2611296691119203,0.059007508544323,-0.2595807604291609,0.750727677062806,-0.8712113655577374,-1.728933588206479,0.5006895673821198,-0.2733395260856358,0.9004308685245659,-0.586370797635973,0.680067732475487,-1.0746425114813347,18
-42.27560238204296,-3.999449968412567,1.489943058073103,-7.32864678057576,2.32929223792726,-0.6319572930698849,0.3176318948377123,5.92346182408703,3.4095210899008395,0.6701194863273843,-4.2621543076657264,-0.7319887560796708,0.7571524807465295,4.313353766979554,1.1858730181774315,0.4795562264538591,-1.7779723486146295,-3.827238940708488,1.407892320301111,-0.2941468034568311,-1.6262117109834793,-0.0524808588071446,-0.7412417719799655,1.9671551605729805,0.0970356452546697,-1.9102438854342008,0.5066380588664413,-0.686190912218346,-2.638117116308656,-1.6943121423489786,-1.4350787645123635,1.4201444554466225,-1.3267982994729992,1.092757481703347,0.4416764357478503,1.8427404633739428,0.4681421245508237,-1.992525423660288,0.6296865275894282,-1.295635636072613,-0.8621670575970506,0.0152830249563083,-0.1341924789363952,-0.8706001910883772,0.3936477530782011,-1.2701840032482854,1.5304301707635315,1.820403160922176,-3.1783314222044075,2.3326441998360754,-0.9475081086038164,1.624674947344443,-0.429513442715421,2.047023253855213,0.8235351034686421,18
8.187315074183111,1.9861326082212236,9.070018757014411,-5.568537096391632,1.8331879212746915,0.8917494555969265,0.2592583312587477,-0.5938969641112944,2.810371425537776,-7.077499138828466,-2.870756215077505,0.2612314288244234,1.0573332047303687,2.8818818616347976,0.229380877534315,0.2568660975203004,-0.8600855271607545,2.1412577161229414,2.074776923633869,-1.1791636912651846,-0.1525546589201899,-0.3226137686369416,-1.747051204715772,-0.1167276891633155,0.9769067295838656,2.648912484366217,1.080394266173757,-1.805691060267512,-0.4909053947386222,1.5655917096817238,-1.077569800565534,0.7111304307007769,0.9591921526546188,-2.35567387920769,1.1987850998221097,-1.571580476995138,-1.7302650574052696,0.6558202754619803,-0.4903602176035142,0.2780022189999383,-0.6142151523479382,0.1374347033436195,0.312126070944786,1.01851676745709,-1.3278247990454024,-0.7804119834536019,-0.0598179222759614,0.7882774950477464,1.1239472634673378,0.4410702610653793,0.7439351722423468,-0.4308258334072909,1.1435274130647788,-0.5928054789864398,0.6579549059023816,18
26.01209976628039,3.177251533414624,1.4221266433733477,-5.22107627830265,1.7283309801354176,0.3059165724382039,-2.3992075207136025,-1.1480739725381426,3.21785321204358,-6.441750373549923,-2.6133623272433746,3.3511526596059595,1.7452409453257085,2.519620371544895,-0.6280671864145021,0.5302343230758582,-1.993242320182277,3.0154153586840247,1.3867086315107178,-1.3914735052985254,0.8163840277614922,-0.6149095616550545,-2.938518521945884,-0.2039875171659025,0.421771168072922,3.255153679502277,1.1353247152834829,-0.7176153754142347,-0.3197779925239686,2.0713935318248304,-1.7980724724706427,-0.1551778493735023,0.9886130700381366,-3.016725413859036,0.986850468013564,-0.3338364070443201,-1.7900552667261551,1.4419532034416411,-1.0602588183051014,0.9999165338767269,-1.0124893227531508,0.1827195774400743,-0.0229652398411665,0.742979674928745,-2.0443921349657943,-1.1349766775117909,0.1753620837217809,1.9626739818767396,2.1809433337249478,1.132574386433531,-0.2292861535603213,-1.4796960108436048,1.1748678420112657,-0.8580590705612272,0.2266836707084179,18
25.4270043321641,-0.9704214197394012,5.981121543675641,-4.297999755953296,2.043882932840607,0.5907810745341403,-0.767666992063329,-0.8608149222615691,3.2976528040677744,-7.497516039975535,-3.4289023430606256,1.81885837179563,1.3413495258547108,3.0321407440787804,-0.1700967413734951,0.7792507961705276,-1.6315366789861194,3.0945350712523423,1.7564898826959716,-1.189001032099082,0.601450173662097,-0.2982296657937332,-2.512209504161357,-0.0237276281501651,0.7424146229904821,3.004944003921543,1.4424110138166433,-1.2015152558751028,-0.3052661967651562,2.3532925904653217,-1.6568815387220133,0.6436627739095132,1.0601544347485805,-3.0696522607797307,1.4152051645478514,-0.98350788152067,-1.7281656270809125,1.177844423433519,-0.7055427357360742,0.7849053503797548,-0.7767413165379521,0.0130844193362025,0.3834014515371868,0.9810240020866738,-1.8181556277892643,-0.7871614188665764,0.2860891757257293,1.6364024926675207,2.1081771279633705,0.7573219801871403,0.4467984248094026,-1.0845868461828372,1.3337263225811893,-0.7231181662418382,0.7276298192569839,18
19.25059330238205,-1.8719455912574727,-2.3860063028364227,-7.146702754546261,0.8778851246618198,-0.2083624694558363,-4.056862363511497,-1.4321524977832838,2.3358499747416124,-4.744838167421681,-2.3171032860463696,3.1798926183476017,2.0009815840173437,1.8461938221386485,-0.8832989719324945,0.9725664180825891,-1.3023370776045018,2.42091014961446,1.1823267538395943,-1.775723250365848,0.7406659024835865,-1.1956832026664346,-2.720020415721731,0.2715416495543739,-0.0260911747973684,3.009827727656117,0.6500316924785432,0.3240893685302888,-0.4096670466209682,1.9345942095316424,-1.6231618499835017,-0.2407527536583085,1.048123362038534,-2.696866231086488,0.6678768142281536,0.1760683361046964,-1.462974659239522,1.631516931930402,-1.1006755544042466,1.5200876256084097,-0.849649802244765,0.4136326982612789,-0.1336124827931337,0.4044682000493395,-1.5902027548211009,-1.1413253902227158,0.1990793958161691,2.5233997363592877,2.319487378586609,1.1117253049577955,-1.0151916194375292,-1.726722704296097,0.8344376763861737,-0.2021530007130526,-0.1265507447619362,18
23.473411303779248,-3.217812709571936,16.145766636596488,-0.8042704302255468,2.5710837112923297,0.1208194694723402,1.2096548318529237,-0.3379831047496208,4.004247113013276,-9.611160533860286,-3.3380693211358694,-2.0319060906919337,2.04085060202244,3.516107650729814,0.7435141520023683,0.7103683335579043,-0.61497136440211,2.2531638855260985,2.743560928197516,-2.095871239575221,-0.7201267500783447,-0.435351277674636,-1.2563383506191723,-0.3622601391627779,1.971339952853843,3.6263826716772662,2.00510590595798,-2.779647984493115,-1.4775461997094852,3.012671690791757,-1.340864207859462,0.6815672748006834,0.948433827442366,-3.2252473558166512,2.331243707367258,-2.632992637998787,-2.0213121412025545,0.8369920421835466,-0.3165324940361047,0.2266885714187811,-0.5892868809791889,0.3124558952755889,0.4274989555568704,1.4432372119171182,-0.7767319469900578,-0.8773937850295039,-0.6306961909106884,1.584049009909742,1.4444000620526494,0.6742922811502063,1.339531606221675,-0.0241007270301468,1.830669181041352,-0.3312531519479318,0.6380790298667007,18
29.67229848030918,-9.223450118156112,11.17993062237182,-2.033073784279544,2.331849353066954,-0.4443781702953049,0.1849345082072074,-0.3993855889530764,3.689674588150309,-9.015214443912027,-4.25610800567203,-0.2023251865743778,1.7661367413183335,3.371394393113411,0.133250779352204,1.1756735026253928,-0.8087824256493075,2.745773956654061,1.814636916049392,-1.4727298042644228,-0.2414727290893647,-0.3831396340949962,-1.9657830665409524,0.3327502768449428,1.3479886352049992,2.818914850919456,1.9749422363844733,-1.3293186966388182,-0.8318512583331169,3.727866268334978,-1.8111242737226336,1.2628220438910744,0.9893903075193932,-3.8954069511798894,2.3802798790140023,-1.5774671235047464,-2.0604427216523677,1.6502593414604274,-0.2520278575709911,0.752806004944344,-0.0915026987690201,0.3692352278538956,0.4705772968015791,0.9763272886768544,-1.1041202512916064,-0.7065256250090749,-0.2053052943218395,2.304702915168987,1.9863446197599748,0.6734874330493695,0.797577468257778,-0.3229268106079163,1.671048364088136,-0.1778912093446334,1.060430333361703,18
22.477321720084195,-5.656530351445562,1.6554844583298638,-6.22707896874299,1.262268088171642,-0.1095596206168544,-2.544693390470924,-1.1980198813347585,2.5849737721525408,-5.842609674362354,-3.174495653405698,2.425670776778047,1.6330391060663996,2.398236582530858,-0.5290469143298373,1.364573713451502,-1.1675054136651133,2.78955834399554,1.148357788244193,-1.6101091050737306,0.4097746291811243,-0.902831750639278,-2.751895893524714,0.4368589401395265,0.2455376354940567,2.563008973815811,1.1764857739177557,0.0924414580382526,-0.2970937175878265,2.612047462382036,-1.6712261002525768,0.4940148175855798,0.9382829081600116,-2.850795704853235,1.4776370113296569,-0.3760194173336371,-1.5518583123797378,1.8289055015679585,-0.6884736959841952,1.318416202864228,-0.5124085571364895,0.330201635925002,0.2341043207688976,0.6803221001159209,-1.5832504021441185,-0.7700527637136219,0.345107513643896,2.393175750650135,2.455322169500193,0.7638933968308738,-0.5999434897791153,-1.5971615335611489,1.227839006278768,-0.1225505738569633,0.3206189435887311,18
4.891717285193025,-10.420823561916286,-8.263890518816622,-10.446495296428576,-0.6362460917582246,-0.1151181143909263,-4.841180168631315,-1.1737581357187363,2.106709173487087,-1.5992466746905445,-1.43067146333689,3.706287251388025,2.8185315814252503,-0.0647771544941221,-0.9820322205494646,2.043780683525589,-0.5123523486185088,0.7627232594922068,0.528799753521237,-2.5746787835204907,1.1142770763299576,-2.8678565785752324,-2.2041909946937888,1.4034850598758006,0.1053371842305496,2.929980362047329,0.3040300707387637,1.4470567358979969,-0.4043844284381097,1.7205668191202037,-1.1279839374644955,-0.5077512497633719,1.6371611263542498,-1.805036076197008,-0.4946175560566739,0.8613886372237026,-0.8237125899959965,0.5508933712455337,-2.317473898293771,1.1332417751598165,-1.4771109413177208,0.5267349056189241,-0.2449485577563816,-0.2618972425526475,-1.802723673513807,-1.14761020406103,-0.0696148639271348,2.5307231399849464,1.6635823119539397,1.3343101602992289,-1.9093855932659023,-1.2302800083577092,-0.2227324226559522,0.0134701865288697,-0.9364835172206746,18
21.82064111185818,-13.031118255625076,5.5125893876211824,-5.158686345834633,1.571711993004143,-0.5276171561852979,-0.935340228342885,-0.6348220622313072,2.82229137597213,-6.657502554792123,-4.166484661458723,1.099445912334934,1.4803025193080852,2.775232018419549,-0.1544364763776744,1.5293852708910616,-0.5927961542227833,2.5804404316943947,1.0452079726474064,-1.4161679903312037,-0.0971085838276242,-0.7802584263287631,-2.2396610001271133,0.7809756080941317,0.6316757834758431,2.1687166083351586,1.3790919874109515,0.1086135332132459,-0.3034975370536749,3.22573890131023,-1.5047402976410649,1.2701282759036614,1.126870239533134,-3.328245924663807,1.7715961685402697,-0.8775721245279524,-1.687205121982289,1.5898563116445352,-0.3999219939430893,0.9964033322750686,0.0098932883442506,0.5954055029436731,0.4496154265380524,0.7153824533217185,-1.187961526242873,-0.412085925806253,0.3794077669750814,2.358081412444843,2.078446809624422,0.6448033275481508,-0.1110189199703613,-0.766380125293973,1.2074711154577231,0.0767911501902488,0.7715500019913624,18
17.054711271673504,-24.40774532202664,12.073191025921885,-1.6865392643029258,2.151267803887773,-2.675144952356985,2.698969180487216,0.6937372628266343,3.696562077491563,-7.948373006973821,-5.484065006868491,-2.576852195569331,1.87704049538768,2.7935983049877984,0.4881445481477908,1.6317606955121078,0.6307415921833401,1.7670258648989507,1.3069814784632952,-1.4014449391649575,-1.3349006094567175,-1.8950177320794503,-0.6071775526017114,0.4723395698772065,2.276789261202215,2.346019213306328,2.0252084578687364,0.0269513854740028,-0.6601558506650647,3.795003288030785,-0.2005745812882204,1.2395357579072364,1.516962021938271,-3.6892711061114714,1.544354905160358,-1.7369792964680626,-1.1655465398109337,0.0928756301686499,0.1031704358830819,0.1147412004347335,0.2296170942684256,1.3142658692992353,0.0093293968075514,1.154483896938292,-0.8366149314075537,0.1209843594666444,-0.1391909705627768,1.431225829603512,1.2144719590158637,1.2263596401692582,0.4194540116184537,1.609462708097672,0.5717300066892703,0.2020120051205217,0.5883382655613197,18
3.211328908078213,-21.28928610708588,19.22983504056399,-0.3272467097672678,3.6849601217751,-3.968751295563229,3.963361543723964,-0.2182815963170452,-0.0201630553060951,-5.792485150681373,-3.97702550852462,-4.411569242133788,2.2028510413816944,2.8940336788353664,1.720814589391856,0.8864470129242115,0.82279130018655,0.9463047529355432,1.7830911991810383,-2.0242216538849678,-2.8134948530807744,-1.8920843739406772,-0.5058135484031345,-0.0531371832838373,3.724606802228275,3.8908549688961056,3.3844012362306786,-0.3611597690195611,0.0004451951584075,2.3227200067369225,0.3157665217246491,-0.4017696008129373,0.7857734070653336,-2.4245338020622187,1.7889344516415064,-1.1509950859859033,-0.0671215130890898,-1.2968730846478345,0.0690616497373558,-0.0039416363880545,-0.7996831485290202,1.6535160269296787,0.2949934948917452,0.536634140230324,-2.2871199697356293,-0.9774681784668864,-0.4415749600845919,-0.0088434331288056,-0.0843914429104202,0.9498537850850182,1.833898189488136,1.2560028297903385,1.1885678018092576,0.3943914464559308,1.084427129372604,18
-27.883833141377828,-15.93986295507894,17.61635944832242,-4.392350631074302,6.7461524533160215,-4.258509945932367,4.147845179116676,-3.8305145957286704,-2.5550582835270563,1.8249146087406256,1.4638854068910334,-2.1219941551575814,-0.8627331484165927,2.5354221826046897,-0.4399319860294884,-0.3937332336616707,-2.83701695795302,0.7279189096945241,-0.0235055891503003,-1.3004158031681752,3.1072259843882084,-0.0845980555453213,1.1033183377681148,2.158015403862711,2.8197841259503917,-0.2672119025614247,1.526390468412145,-0.2736917569760985,2.5404297172987427,-0.0909570579382526,-1.341968394862053,-0.8498333813063235,1.503779490585912,-0.8811205003018856,1.3598053967982553,-1.3675922644916267,-0.8877162318159538,0.1911777972849069,-1.1678076881373796,-1.0633238464040171,-1.204860555289801,-0.5233858515161688,0.7958191992551508,2.0137207123747816,-0.3262721067799444,0.2332652833016201,-0.8552521084845222,0.2680902319779581,-0.666506461955766,-1.0967968012547775,1.2665394685864515,-0.4564361208109702,0.4253194134233056,-0.3349890809775812,0.6742460341544504,18
16.735228760543162,-23.52094736952434,-3.543207267866576,-7.204626972259859,0.3854552726667146,-0.7068102419862492,-3.1710193751968423,0.1824441962720089,2.922442597368472,-3.852964486953333,-3.5895406405779755,3.0237846555217254,1.6219106948479705,1.4101361662546694,-0.2036947673051972,2.9906701127054065,-0.3257761048145305,1.61583627065541,-0.1242056987076838,-1.9263857129359572,0.6099037255634094,-2.6327301479493865,-2.670120238672161,1.3377822959872567,0.5145717425571489,1.8330215762414208,1.4743694463159105,1.7602189904919243,-0.1949069855473688,2.965796794458245,-1.5027345374545176,0.5421646492897775,2.1288699696057662,-2.583999802387738,0.2975458003117711,0.0330445937831437,-1.2798759258596746,1.3525384067636272,-1.417817477507652,1.1098628344898058,-0.8431684612172418,0.1417047813188293,0.0619790585663802,0.0578756631473621,-1.836684943068517,-0.7008207906625242,0.2565478451200629,2.7843818758594803,2.200038796497336,1.4904250986171244,-1.279941971550057,-0.9823506092838302,0.2493391455305559,-0.2670867291639507,-0.0946581604760655,18
14.239572621172442,-34.08443424014656,2.805167635072185,-2.3241286866557256,2.0293338976793045,-4.04051266804048,0.7650564047779923,2.5554129690870275,3.362037153173471,-5.475772445731087,-5.521317318229512,0.3065309140204022,0.834191528355161,2.4304652155086064,0.5650115946271257,2.753340317686385,0.6435773620417948,1.936953347120876,-0.0443272828623215,-1.056996153298457,-0.4471145426735083,-2.3097109304754926,-1.4998363682077973,1.1965396454893504,1.577283585644475,1.1413023650887166,2.049200095637002,1.4962138645048897,-0.186763167563598,3.907797199485733,-0.2558479959917682,1.3259609383326294,2.6292835330053,-3.3728340126178225,0.65315184556727,-0.7826825641055004,-1.6922546655814283,1.509717084344184,-0.0279230727552125,0.6222578474821899,0.2853470248356177,0.3171806634392088,0.4683840911973932,0.2920196884549644,-1.0163106601920184,-0.3579683840443035,0.1310126067160995,2.797144863677388,2.076738176269497,1.350243266994612,-0.2406398786372008,0.6988556021169212,0.1740894907973778,-0.4132644662923783,0.8561960212768758,18
-10.018118194826364,-24.70217175588,-6.705972399766205,-8.557452906486935,-0.4930664188435415,1.276807265102296,-4.877631548065506,2.064410043626687,0.3884394969400098,-0.6246343522284119,-1.447241550984935,2.791795855524306,1.9690775680242785,0.2888145624940114,-0.9796910892356754,3.1213681849478245,0.942798611197368,-0.6555893995929969,-0.1659843283878422,-2.61174383582507,0.2005877849182056,-3.097941699345849,-1.122533112717864,1.8407451474378151,0.4717153386198289,2.4439269825320857,0.4332558047449761,2.410714068821773,-0.1327665132654125,2.205713159828736,1.208164581967661,-1.2734946896144188,1.304300753519351,-0.1649134603180492,-0.4443233169674323,0.5052411204960019,-1.3400404940628403,-0.2428623843270139,-1.5285598469883104,1.6068051098901317,-0.5574225321731735,-0.6828874132346655,0.5728297047627033,-0.6570288216822603,-1.1011097121087827,-1.5251625550296022,-0.7799938670140585,2.0582972910241857,0.0591102927919847,1.2571208739523445,-0.9101661185408644,-0.7709327312893011,-0.2006171962869855,0.0461295542364683,0.2037702113965322,18
3.211341272676689,-37.97480277118804,8.681295438154104,3.191050717150609,3.3653232908450392,-8.637920114472507,4.717965860193835,2.438899567948422,1.914838962012811,-5.031434242179025,-5.61217874717385,-2.812752277519156,0.3488320232410013,1.7691568567276303,2.0739623113165644,2.913523893866585,1.9334636188060623,2.2713327632321456,0.6239254601416035,-0.502913865192568,-2.529820239917275,-4.059920229095184,-0.597236270828647,-0.2672941613473003,2.7417321582621783,1.9309995381596805,3.0439694898501,1.0888875828150562,0.0147260059558754,2.8657905816923543,0.761757400010928,1.2216413826834522,2.226424726876455,-2.5605704691565023,1.898582087842441,-1.7344557069740154,-0.540088265447694,-0.4559072915867024,1.59154341876743,0.3816772480159418,0.4183971750860061,0.755677568134082,0.8429886707826885,0.833796543056887,-1.1023174491158538,-0.539424417733277,-1.166281468676243,0.9638637363933908,0.4489956745430643,1.391797888016867,1.2887026383434352,1.9499057083922773,0.0955461068635724,-0.6237120401577636,1.7038095212327418,18
1.2012693536088446,-37.51965085583239,-5.315569367269704,-1.2192826281231006,1.084616714958041,-1.805375140806552,-3.003532431361952,4.290841761166663,0.6013437151343439,-2.390394569393455,-3.5280660494068377,2.3410078567501347,1.4523719662748649,1.0066758767485435,-0.4900358587393699,3.5753101018603988,1.4674464256269486,0.095884197033236,-1.5729197187709782,-2.351269528629781,-0.4778509727606115,-3.5223543446899384,-0.9242571078821616,1.7357528900707684,0.8703104495427534,2.112535180805562,1.7330092943488604,2.9044500438865737,0.4560888774650379,3.573228377085425,1.5942895849337415,-0.5855998410306869,1.4410832260681004,-0.3565365666919058,0.2898473138723244,-0.2367361657563145,-1.9372611314848664,-0.0228546029379061,-0.3030881196096002,1.561380159173199,0.1815959954185112,-1.0537933994186448,0.3859192411716198,0.056249502692031,-1.3579557031572764,-1.0523463571224023,-0.9558347152294434,1.9158026280624092,-0.0596208363750402,1.3343325240320911,-0.4605203092434757,0.1198110240870219,0.0991445393745074,-0.4637562839379086,0.8959142570469444,18
-1.9088482538772145,-42.15372073465221,-0.8382407297677127,6.200641938224254,1.3410329011675344,-5.2887324405682525,1.6719137696624171,3.4356003646487703,-0.0100457295072726,-4.409729789069387,-5.69284814276295,0.2079496439768927,0.4055101258426563,0.668173709348859,0.3071487338283195,4.638954988417476,2.5280109444558225,0.4893851075913399,-1.922152136867152,-0.7660897080162394,-1.7201983476348184,-3.92441997538585,-0.1242240589315579,0.7359257378202637,1.041076022987544,1.095456132521129,2.531695994435884,2.750704997672491,1.5898833915521675,3.9302131187949754,1.608978456186603,0.6234555499632033,2.445473952637303,-1.284093410918421,1.0821946523450503,-1.2195193610932062,-1.4246898373690902,-0.4998229927001698,0.9416013918186572,0.2729141019740669,1.3662556934114765,-0.5782238307790516,0.1600989873180206,0.2763132475777711,-0.6953709612549438,-0.666062982522154,-1.2678089180780774,1.554807618555699,-0.5117665444116648,1.08148845086629,0.7443050697142535,0.5825404525981936,-0.3124797349663646,-0.3327862352136079,1.2029539053981313,18
-15.492270484163654,-30.672061295201548,11.985462390844903,3.264415446593821,4.015228782804335,-9.902905465708692,6.891292755149601,-2.838954251499124,-1.675581307824718,-2.454762856640055,-3.065489304663135,-2.2545730863071505,-1.0419650962328866,1.5089490427793943,1.84064103193334,3.466292430852174,0.5270859155998702,0.921648793174262,-0.8091793561821998,-0.2326663862152728,-1.039801994480117,-2.482288779257288,-0.1312649970615838,-1.2605841894702292,3.2359042030216,0.5693078337456484,3.0320580501499106,0.1952077024123066,0.8028722277959509,0.8707833301259591,0.2995861740956448,0.6294304676250837,1.8009415418201302,-1.5463403364008996,1.9170206998500032,-1.1526230010071628,0.5890885597429086,-0.7770826154997218,1.302116610918589,-0.5191474197987379,-0.8896399360518625,1.6782428501124125,1.019499686890207,0.7034094127217658,-0.6224406999179578,-0.9524436267312576,-1.511774840791876,1.230052490308426,-1.053357609599148,-0.1277933393958415,1.931913839967783,0.2856427684457636,0.4327446234872217,-0.2527957747251589,1.8601050119848344,18
-13.101186660670324,-32.682895860947085,-8.788752832345399,-2.87182393846278,-1.3922011493703823,2.7737207881093005,-3.837500940856154,4.5596099162039225,0.4993161805671752,-1.0026217948141,-2.606160512903689,2.9086433786421444,2.0698321278065515,-0.6123602248854929,-1.4388220322476288,2.483849713840792,1.4882293981104804,-1.00844868738185,-1.692637225619148,-3.565108393598876,-0.7206303702457453,-3.3009585552668166,-0.0499272871242046,2.077864634872965,-0.4135193604351553,0.5688945838314563,-0.8506356109138516,2.914581684285429,0.6748427590437623,3.390720645764977,1.0185995092453832,-1.1113168815851826,0.100220612647544,0.016528164689099,-0.0425192631583625,-0.6285420639412909,-2.560505597008812,0.1489662414613712,-0.6225325604364705,1.6896833327851015,0.0222384401773462,-0.7646779560852704,0.5542714380241793,-0.0501600702899455,-0.4928556686002571,-0.6343115621872556,-1.0282870738809635,1.4220362556648387,0.2246083016802372,1.3978037757149626,-0.917007769977486,-0.5989136920995772,-0.4824980823428704,0.0356135877231538,0.1449891192333473,18
-11.85338883364042,-37.53754824370248,4.091773433659017,9.210834844373222,0.966355354067284,-7.532306845779141,6.000021293559844,-1.9111275245170576,-1.3269394853618242,-5.132421165283476,-5.814744069814872,-0.8320591275371897,-1.9387720111776725,0.5123037208226203,1.8421484872206415,5.613669238490358,1.7053574754119771,0.18853720384328,-1.7564017957757083,-0.2291263778645062,-2.985503749264532,-3.4432461188099155,0.0647778437124293,-1.5899471064083852,1.7284551625195037,0.0884869516693059,3.982121642286579,2.2633591864135894,1.4826341689680065,2.093859788167837,1.4725933499326305,0.8907378206814901,2.3754113374247265,-2.3724673531860474,2.1980468002783144,-1.3162987941433515,0.5309476421661621,-1.211010821436842,0.9623376416133482,-0.9250782249106908,0.7231195334192554,0.2589677310528394,-0.1538009945917603,-0.016791373815565,-0.54185545644514,-1.3941821257347873,-2.049300147403788,1.9120101800481408,-1.1175893034363165,0.2634162945087759,1.4040313008501948,-0.3959168446245251,-0.3264445595807508,0.0200282205409854,1.3303716094984497,18
-14.779483629143362,-35.25171893991793,-6.923103420460323,3.0823430172861785,-1.7714885893918206,1.5456202738013731,-1.2683807061006125,2.7266480541926805,-0.6450298637539383,-2.742923091508112,-4.492850575592113,2.112392137347644,1.178401410587352,-0.3439691772359372,-0.4394818766470107,3.3857921872447205,2.145718875672343,-0.8575606929088768,-2.3016949742252346,-2.584113421107145,-1.3920730924502418,-3.465244159410682,0.401439162430464,1.9141619395774807,0.0397532788785374,0.0220097523370871,0.7521757710373472,3.324342413441382,1.6823670477538002,3.659071480771922,0.8360834155456961,0.194392010665016,1.378302199990748,-0.64903414246376,0.8177470927092584,-1.202226551576644,-2.5087355060151264,0.3592533522655671,-0.2551013968977161,-0.0684976887860796,0.9640340831072788,-0.9036770098348992,-0.3060089211924196,-0.1537569625528773,-0.3562841339485884,-0.1704874662618422,-0.6908979655320255,1.2920618196307332,-0.0570271992868742,0.89385119849835,-0.1278859512258663,-0.3873969008177051,-0.2507912456811269,-0.003432626525368,0.2772617904331102,18
-17.93181978253515,-36.44582982095283,-3.884532556838748,9.275069466380977,-1.5805588089568348,-0.4729121484612662,2.3978683200998545,-1.9409891404731736,-1.5410306924570558,-4.323749071821614,-6.0287943605313385,0.862391989090649,-0.8524865536197536,-0.6527242115171034,1.283798944955372,5.248235891511125,2.053920266551707,-1.0766005523864497,-2.5504606403336103,-1.097692895892126,-3.1254668998164643,-3.577206096025921,0.8647280719585958,0.2657101278815295,0.1450150987450633,-0.8674962806203181,3.3864790774129814,4.080843244062412,1.7155347803989476,2.8482294296454427,1.1987323306702022,0.8382804489831815,1.7294927006061638,-1.8349841622204048,1.5205402366541028,-1.5241582907934357,-1.4214366129340703,0.4767942828785452,-0.2096276266292833,-1.382986532146195,1.548314423971649,-1.6816415258673594,-1.4899589033622869,-0.454708185530472,-0.2944262336731114,-0.3376560629109381,-1.441574499279049,1.4645108347775673,-1.1390815739626288,0.214850469392549,0.6680148923361191,-1.201848110591852,0.2621640974628063,0.5016023259310065,0.251252671824815,18
-29.46260273423788,-27.297967945259973,1.2734140710222832,5.298927941093673,-0.3301802337462348,-1.4929706981015052,6.076277891485044,-6.824602150302376,-1.173383704667034,-3.1996206016027924,-5.396249666407154,0.3299142596819882,-2.7711975520642467,0.8402737749715117,2.2662612782564304,4.968532708342984,1.3279571043313283,-1.0217090197783751,-2.1400376255043287,-0.0261054160488796,-2.8429805204876177,-2.7940187257317044,0.8014612968679791,-1.603485788983755,-0.2250922683709597,-1.1710290824728475,3.892442616074913,2.2060498166629365,-0.1214401547749437,0.9058967290139756,2.0247499577134733,0.1810149486105577,0.0082507581378109,-2.776961369777608,1.356218932976733,-1.0282062460933965,0.7132579100550954,0.4498018655902646,-0.0853295984327698,-0.74093245151126,-0.2117810159147671,-0.3921711259055322,-1.846852800636752,-0.3420616272855553,-0.6427698274199557,-1.7029215833650595,-1.3826383016622223,1.263379705565959,-2.081751735293248,-1.1111582022560396,0.3609364357545739,-1.84254578456256,0.0297534250225821,0.9875020968826184,0.1186043557457365,18
-34.17981343891488,-22.15632067722324,4.358578795641043,0.1878070840350013,1.7575246566326388,-2.325057068376416,6.554595065482172,-7.902412789253195,-0.3416113293303091,-1.1879786654881073,-3.1140648674675733,0.8788520500180894,-1.7877534561854993,2.70079476869245,0.4639400881016196,3.55066249848264,1.2242700155554815,-0.8909393665631827,-2.7824886842110086,1.6339156303470104,-0.5713702705822684,-1.5673966092891611,-0.440821360306186,-1.3644520188403784,1.0957864820744216,-1.72975276044837,1.9541603344452771,-1.679804940402612,-0.8979806296487909,0.3581897245233831,1.9116121504209285,-0.547173985913243,0.1273247111435421,-2.4677289393081425,0.265695077799399,-0.3184706402589374,0.7150113137461923,0.3563689069235202,-0.7476157784777453,0.9109304712043929,-0.4588904592338861,1.6973739743361604,-0.2578213929443935,1.1175442217664218,0.8233495692979921,-1.369185491915697,0.8005406318822277,-0.166484893809794,-1.976317308641598,-1.4884196888520635,-0.4635089185191005,-0.4644356203270422,-0.8615294342578074,0.0843035527152344,-0.1840566245606317,18
-43.64533373414943,-11.68005738694864,5.756629919215453,-9.405183093917213,1.832769019004845,-0.5190682205690192,4.27755784169328,-5.127153233601046,0.5613664230117296,-0.0167515031567551,-0.9318642144503309,0.9002636935185657,0.0497278754966963,3.074417914921699,-1.2774317027986886,0.1660992887635834,1.3991370709509017,-1.1197095688105083,0.6213123243339103,1.7456045297840663,1.062163989123408,-1.730057978814676,0.5856733834544894,0.6562918653740722,-0.2985409239589831,-1.4662064236176469,0.9021859366733916,-0.6401436512416461,0.334840269582619,-0.1806200897223406,0.893192347433629,-1.579967559302787,0.0519616720595059,0.0846811763867371,-0.1700134441829847,-0.9503047878435408,0.7809933723216205,0.0478650447039337,-0.8392911345834762,0.0280711747204006,1.0340419958948377,0.9881419524391242,-0.5482420826932377,1.240182680095982,0.6062493584317695,-0.0046644298354173,0.5406713534974047,-1.1271338273084246,0.0446449483217616,-1.8054984860235717,-1.4136783060830216,1.7807786173256008,-0.5225533554212771,-0.3666781955226376,-0.0489607088991081,18
-27.4485665654078,-29.573262984196816,-9.498640007222455,4.015983943235667,-3.36135443304758,8.114460053860359,-1.852040882804875,-1.7120389954000792,-1.06567543444201,-1.5749670454472702,-4.587834560685922,0.1516774302803731,1.7683755741919558,-1.367867182150612,1.4449962539531895,1.8011668465109547,1.5969347107180902,-0.8732560371094386,-1.6667291680281286,-2.75230481076986,-1.521520054550362,-3.2061959651769443,1.0268796521371475,1.981463792371278,0.841170794332224,-0.8603350755414638,0.4367561651730882,3.925305356409513,1.1341549484679954,2.9996507057303337,-0.0196937448913438,1.6646117347605751,0.0789883751586034,-1.068654590250016,1.281328777308726,-0.7480645416968464,-3.590020926613895,2.0568383061352127,-0.6536784664685548,-0.8166400954171253,0.0558750559380642,-1.973858483505198,-0.377555319150313,0.2736025324126032,-0.309231080190656,0.4952630226799992,-1.0584328707083792,1.1685471538987628,-0.7391528648047201,1.452454324179832,0.4659167278248909,-1.3685615276276766,-0.4139219064928591,-0.4891180005932868,0.5015481163853115,18
-33.67197600267748,-25.60231085303445,-4.213646665796891,5.228523176301588,-1.5146166239036083,5.807827524249718,2.756578076859278,-8.315960997146233,-0.3934378444532663,-1.8510255112948264,-5.404734441030918,-0.0024576580390031,-0.526915631048648,-0.2820180552054503,3.0843970596970096,3.061612338381443,1.3976776130811916,-0.8402766043533664,-1.4784647751210798,-0.360875178770834,-2.2478571296050545,-2.621949527649077,1.831664467075098,0.4860402320424929,-0.2396171985861722,-1.550551463997378,3.632363501716757,3.1501723131103,-1.551115632374509,1.2030615414934118,1.8135179154025247,0.5216224913530504,-1.807739616160632,-2.0773299704609016,1.0158124273130609,-1.2755765774581684,-1.6485988111818075,2.8811709295101577,-0.7401288369599297,-1.789377436352319,-1.3862898088914228,-2.607409656112208,-2.441479115401405,-0.3639270334876318,-0.2147503471776281,-0.1004453682214926,-0.6184822582587052,0.6611333878663535,-1.5991695361662095,0.0622650218491821,0.588654845538339,-1.6675608321189352,0.8339818502287302,0.6361961601731831,-0.0708819257099448,18
-42.14648382492166,-14.703178190530243,1.7113800884623942,-4.65764521482543,0.990240452477059,2.795265657469308,4.47367063353375,-8.186122880471256,1.614611060592244,0.1580917532594513,-4.2969448972706585,0.9521242880750804,-1.3226323504323263,3.106503907331198,1.397205632931496,1.497971324153961,3.619822853993396,-1.0460840301677103,0.3309279601449756,2.530926060127708,-0.3808796068564838,-2.2036647301334504,1.463811288566517,0.2316936041585574,-2.2529201278683195,-1.613643092002818,2.8518338100500977,0.0957639119818282,-1.5903196979315244,-0.0002299700424328,2.446449039660914,-2.3967828661996338,-1.7690436549012534,-1.2347287170398284,0.6395417381844055,-0.5407618564589346,0.842947263892651,1.588326646040875,-0.6281643435190358,-0.1097551565502368,-0.1660121923740256,0.0810305400501823,-1.9383207230268409,0.8791799206755119,-0.484794573640628,-1.9646524530391116,0.356447393772314,0.6387437826555264,-0.6367869104238253,-1.098087622778744,-1.724388529440701,0.6334342481092938,0.697811105339151,0.5900828067773205,-0.5457774165833724,18
33.85876228393758,7.610962830918312,-0.7643929521811534,0.3828533370382185,10.264188213270804,2.935425294528916,1.901885508879677,2.554496103775288,-7.748662032966082,5.835369013613179,-6.080837477691233,-6.01589605876682,-7.559269773745129,-1.87711257706322,2.9077075550079963,-0.660598261329238,-2.2416643043950604,2.543065025094381,-5.269531436865399,-0.9914410621831812,-5.790734198220973,-0.3169139463357313,0.4953177437380017,-2.732982700415269,1.963148976725777,-2.761652971098811,-0.2164601014937439,-1.5875861684745622,-2.842569643649555,3.2545557275420824,0.468733935665507,-2.6766546794500155,-0.2145040624138221,1.846574179720477,-1.0651874592790151,-1.088707862034853,1.494939619986096,0.2236937410233503,-2.2053729148719743,0.9469214082135112,-1.2336144188675693,1.2562633042653186,0.0792293318117449,1.9205718972716248,0.8771157252286786,2.5585685399214606,-0.7841965164891355,0.4723947258313821,0.2881884470029846,0.9832802515981404,-0.2322271613224318,-0.1172375515135766,1.9615310569353197,0.0605852198466804,-0.0624486657046942,19
33.894106144226335,6.717239996135375,11.729465582124664,4.020978372217191,13.299025985229749,4.731247617929591,1.578354320017064,2.328066201084445,-9.14945857514822,11.840618892414476,-7.202932239114117,-4.191854256678181,-8.08329123937187,-2.61049201745449,1.4153041857113655,2.984826426236625,-2.482780960765369,1.3886992966026963,-5.489403271624323,-2.26962922966949,-5.94891274531191,-1.1551249774636732,2.278325730941969,-3.873367006902658,3.308554919902956,0.0086725796662781,-1.8736855747388224,-2.1578057379452344,-4.784708297188486,4.354401887448905,2.24931363762533,-1.972366027535192,-0.3030877789180874,1.7188485072790485,-2.589885400860596,-0.079303925252984,1.4771256950325915,0.8911661410626645,-0.0249247543274457,1.4452381028244037,-2.68842885145741,2.5972136256126297,0.6633973677315294,0.94481849498593,-1.0066573646194594,2.1291259958751243,-1.981983370082226,-2.063829370433073,0.6815357119096906,2.748280741704089,-1.3526536008052352,-0.9556434169934488,1.5361031222756307,0.533899599006806,0.3307011166900265,19
19.784548160082917,2.7273716010102778,22.69084623673005,4.700617388028553,15.02019909250463,6.092823419682734,1.0575882512248973,1.957831622468188,-7.471051925515481,17.373164436725332,-5.218035235551688,-2.196425205959491,-7.666376116495326,-1.8865529290417968,-2.38192476900603,7.38128599118963,-3.520927540588541,1.3932899033761563,-6.708504437649066,-2.83067331250399,-4.688952095429364,-2.568982978421821,3.1730474819772287,-4.660256430312933,2.4623137364238787,3.6803180537766513,-3.195076950049172,-3.4385544164114226,-3.2618091471632837,4.409400661780145,2.546805536918117,-0.880061222584625,-0.2246113137372525,0.4314753931842247,-3.872327170658484,2.732164939973205,0.3456219116858058,2.334458700758825,2.576592904037925,1.6036009657411685,-2.3892114130581588,2.1334801247366397,1.74514665508253,-1.676136872043548,-2.9749459541752,-0.1707935724195638,-1.2776889240793663,-3.273537570984028,-0.3710283568744928,2.422875787322314,-1.7083346950237073,-1.8779570266986996,0.096065415935006,0.5884724313851858,0.4962688418197869,19
-44.095391126754414,-7.78944502100655,4.076501093498307,-12.995564225579528,0.2861632457227273,1.8154575112380988,0.4130352524115595,0.394087278254525,1.0788180609159774,1.1765113871993231,-0.8407818105816353,-0.836884482631153,-0.0266097950169276,0.0328775418723906,0.9467718014961513,-0.527763907154784,0.9692423762198574,-0.5539654164596118,0.1200550425962497,0.0640210746108019,-0.3897059319870151,-1.6463158370319824,-0.5941320118239957,0.2510846336593767,0.6832007791418755,0.0553003305075843,-0.7161380195230513,-0.0552167237029113,0.0666408925734074,0.5385235006124064,0.9059672529704084,-0.5671715979694952,0.8269597146644828,0.5502233571008996,-0.6810620095875579,-0.9746734485179992,0.1393073368625461,-0.8336975608343103,0.2760483094345581,-1.4322471301731676,1.847132770808349,-0.2642546748728298,-0.0006962042034257,0.12955755958753,-0.4076182295446684,-0.1850714293320145,-0.0414469854437114,-0.4997056901735603,-0.557141755084236,0.3562379676651822,0.0046859802191175,-0.6202052482685185,-0.5535941993393322,0.296054920251536,0.2019041541450192,19
30.52267726081739,8.296693420763631,-10.44132086517326,-2.177519722155944,8.39072563221161,1.5347085738212538,2.9319097680207515,2.4970647776017785,-7.689266746642157,1.7061445537354964,-5.095707142757531,-8.034551358629553,-7.756110446744557,-2.0310477691987807,4.594359666257639,-4.085010294090156,-2.247874390249702,2.755006870241364,-6.74282361756821,0.3895380271985449,-5.548922981712327,1.2350427123459826,-1.1379187489869782,-1.089893763717293,1.4059797979038702,-5.87090061762383,1.1002234069313044,0.2100913286705033,-1.803774199297206,1.8340295036225196,-0.6712167025702018,-4.027582717969133,0.4615190708993082,2.886750920329036,-0.7987860367639024,-0.8805500419189676,1.9307911010068337,-0.6729971110326713,-3.842861421451108,0.4784164491614098,-0.262194473590688,0.7515884462762388,0.5417669269361166,1.005664828001264,1.0457761684065427,1.930818740013243,-0.3891102645624009,0.63841376960532,1.5670776985479518,1.156303153625892,0.6046068940181726,0.2317531811237954,1.799075224653218,-0.121368352468632,0.1764503977547634,19
14.147302874233594,6.176227788366449,-15.596176912568543,-6.187015602845021,5.536137229017175,-0.2483477173970499,2.241060218441604,1.9706880312718065,-5.927727136661929,-1.4231173591788062,-3.748135008194906,-8.541346067157663,-5.50172416321045,-1.4090797606450458,5.554228914144429,-5.561282852355268,-1.5191957552384252,2.295771744151517,-5.841001495317077,0.5999223950780372,-4.745536045024904,0.9439344169854036,-2.4256708801459435,0.4842301414422976,0.6715818521670363,-6.205091148470573,2.1522651544274174,1.505288461631224,-0.4413705933434338,0.3346346586832707,-1.2139144332875962,-4.370231467457368,0.9497504885700208,3.083321908642568,-0.1958263531146719,-0.9343555630046608,1.7809901125615029,-0.5418907394232803,-4.193100099530629,-0.2595983810543601,0.2540377177110914,-0.1533755149729901,0.8020343612124229,0.1324769138308355,1.36662361713836,1.979123696430351,0.4050698118433322,1.3077380616673078,1.803667667358183,0.4734446324584968,1.241289193621372,0.2928106814797622,0.882305857608062,-0.4041276336222256,0.1723015674338055,19
33.81622114786711,12.49271487460275,4.9608956178093,2.9577784705344023,11.734405359364825,2.9147810876811744,3.4785133175454765,3.3958924473020247,-8.549587780747276,9.307393795165956,-7.918860047887067,-5.534679868692516,-8.220766565943844,-2.6469767786575504,2.9268499010700464,3.0715915986599085,-3.520705438207505,1.5634247724044568,-6.840411837987332,-2.6364654650566446,-6.470575997739905,-0.4448042072272058,0.24752634538218,-4.150347946003024,2.1577402432918054,-1.3917538477426823,-0.8616937923364583,-2.1656181393593807,-4.814033415819694,3.465811379915328,1.3154631416265508,-3.0001767067108167,0.0389682021051849,1.944992772331351,-1.0306716443700576,-0.4485095716105281,1.6687736379282194,0.9130677577127744,-1.3284127955043272,1.4526465845528873,-1.833942333542255,1.239425051887719,1.140464562227448,0.945334713859102,-1.102062909864603,3.0255753176449263,-1.316816773958417,-1.3209826573620571,0.8374488907491595,2.5665954248507217,-1.0170785427533413,-0.3048236892750741,1.197195967189661,-0.3470991442966933,0.0152616147135686,19
31.074867177785823,14.844001763535346,-6.181403774412262,-0.3162795393221119,9.091019017816611,0.8781821012772889,3.504632089683612,3.295395960671109,-7.757484642499502,3.997848042890362,-6.893512608222988,-7.312050316027537,-7.858889607675849,-2.567556674470976,4.343185819851695,-0.6685710645293161,-3.461790565015151,1.7077910434505863,-7.257968745051066,-1.0013017583324098,-5.7595745615587735,0.6835604391636361,-1.328469447372573,-2.3221156713440863,1.2065110372311365,-4.386178284613751,1.0243253327459925,-0.4631592044423414,-2.8195494077824854,2.2507284100560057,-0.2064728646341499,-3.791885683477893,0.4254932450261168,2.3631378465113304,-0.0744213612866078,-0.7426637567918072,1.8255040743105928,-0.2211743739512066,-3.4688313730559623,0.8686113385037837,-0.8356779751131618,0.5441117817711275,0.9774639091452536,1.0285288424767376,0.1379317713651234,2.7051704785726858,-0.6582560986801245,-0.0326047988056136,1.1417850011055388,1.6426820481994184,-0.059114607262983,0.3052967829988066,1.3378052227706585,-0.5913363633557126,0.0869802402875894,19
39.005004347625785,21.913533596557286,-1.1529353306447765,2.9179040791824136,11.35517005032774,1.4091717931925816,4.121179760677411,4.450800589836595,-9.42058480412867,7.195412664980637,-9.088639366732748,-7.387913406265434,-8.606653409461858,-2.6856816291908334,4.249865205464911,2.035086684860329,-4.451676058925777,0.9523127079934482,-7.598655727584242,-2.220237375648375,-7.004031630084915,0.4696870911159601,-0.7708863552735935,-3.4543811980568764,1.4155277551102858,-3.225983817215191,0.2889063794343516,-1.3406931885228617,-3.846429391744077,3.3261896517030936,0.4926555186396739,-3.784391785237216,0.1782439924723921,2.452571053695296,-0.0068756024116498,-0.7852156977698498,1.9044988182124225,0.3274353371874166,-3.036992507730364,1.213496755892138,-1.3493559016808363,0.6123090104482107,1.3147477085896309,0.851007454044709,-0.5520705774497214,3.088211710420952,-1.6013478598977078,-0.8686563333441464,0.7359182688902185,2.205816926258173,-0.9663854454101776,-0.0604365442524832,1.135034568804428,-0.8296985765518008,0.1081767786929621,19
23.03093756917604,17.992414633795658,-10.282725306074418,-3.5950297825633752,7.961935087345094,0.612096741825461,1.7389286459699316,2.9732460681773647,-7.747993225596339,1.5954869622816443,-6.101880305307757,-8.324355011502245,-6.234780731276697,-1.0733838911052216,3.9390003369671103,-3.0752935537957966,-2.3532828655787923,1.4808280219741674,-5.330823886754211,0.18283651299243,-5.655625965731044,0.4415805926750881,-1.3149870134312125,-0.7085502933223847,0.6943750829138063,-4.651449516904559,1.6019165187018225,0.2971027890450062,-0.5191948910127351,2.50440282625503,-0.0063188335502427,-3.5333374231189656,0.4759425057651609,2.7036977128539554,-0.5086806754564013,-1.434233242070727,1.139806478223665,-0.5626151074724722,-3.5939252414884737,0.0039691736865564,-0.0926195430594028,0.2511209348577407,0.2983666489992945,1.2312646503179143,1.471272761811118,2.0507702947296536,-0.957865569320174,1.5372130771337276,-0.0978084887986238,0.4300931649912052,0.1239897639342488,-0.1240014100423937,1.2079038688379864,-0.4219331342035802,-0.2932222454115166,19
30.004418644330997,19.929554656235496,11.663027361983538,3.9872067341566537,13.248370460238116,4.350829853193468,1.5103779602203753,3.5698677188741272,-9.426215740547615,11.59942586637723,-9.227133252954513,-4.881869137596838,-7.485814900075547,-2.4440088484446205,1.891012889517564,4.043407042543483,-3.4646824765308737,-0.4332083499612286,-4.848630223862445,-2.868088711339269,-6.656060993907229,-0.7618139648612142,1.5825326069887489,-3.612604897509658,2.248153372256902,0.0843424980779644,-1.5860009499428245,-1.695853686087562,-4.059420222125614,4.5543680096528165,2.577822612845568,-2.4281934935257588,-0.1757751455311419,2.069255881211429,-1.9481056795452891,-0.5134659543670945,0.5861695585217174,0.8276334128206592,-1.0066082963461058,1.432387978797026,-2.4426716619984696,1.990900188570788,1.2476679202528729,0.2183457347626545,-0.9442550641873092,1.9715228475504143,-2.648527310740453,-2.2549656049231723,0.2151918779941595,2.750813702460277,-2.027051054317518,-0.7748240287328075,1.0357865231218226,-0.3151039078578055,0.6970133726925282,19
23.93576892514431,25.21320428906345,5.644008642311193,1.4077232768045849,11.352311900627734,2.958142829319486,2.1157161998751173,3.992265079122773,-8.97789421603738,8.067766453576416,-9.46881996088794,-5.738048124007641,-6.912808271263559,-1.910506017692981,2.846229122876844,2.37364655269059,-3.5153841169110094,-1.039425905403799,-4.462921985474611,-1.867976873675731,-6.433752057010401,-0.053199713686342,0.31150025660957,-2.5477363737539043,1.407770938259993,-1.2019553941232863,-0.6804010970263886,-1.2703332203882975,-2.559973924594907,3.7950450166078857,2.272783397667097,-2.5135632451445247,0.2223609234040643,2.411284934963111,-0.9717906294857998,-1.4593101514308615,0.2449359472009802,0.1818924828847269,-2.118015733810032,1.0359593330188792,-1.5993320076622035,1.188290837044962,1.1471997033895065,0.2651344777734394,-0.2879687600742517,1.6275206932997432,-2.646647105220329,-1.6337477307925878,-0.1856290964129993,2.4481825116718454,-1.9582004888135205,-0.485656743763209,0.6300138868540994,-0.5901320401702842,0.7215793861976114,19
16.953334423790714,23.32565847676869,-6.225567030744829,-3.328983653085401,7.851172107169411,0.5415740551208242,1.957019998765236,3.371840960399399,-7.546219368173745,2.706618445013615,-7.134058785879912,-7.669237702100904,-5.591990154916076,-0.9109961822531022,3.200002266380405,-1.306284580068344,-2.4391871515216472,0.3056407370743139,-4.550915163437082,-0.3144760227076311,-5.70321089481266,0.1653907552399819,-1.0774955155093373,-0.7802837854028921,0.4406472049958864,-3.491900098002333,1.319780838188717,-0.2459544223022574,-0.4221284676996739,2.781527632142577,0.7049217451551798,-2.9690317766602528,0.4033210351323842,2.267285978871281,-0.1638848202802199,-1.601643966884713,0.7425352110456497,-0.685571340917478,-3.286646709978604,0.1654331187380552,-0.2389694128761944,0.2501009326885506,0.4071749692473074,0.9504466480682144,1.0373015630243074,1.7837262773918632,-1.6703497307026445,0.8627420766509476,-0.7192833510153274,1.0998644633637402,-0.5826563160922248,-0.1496519876213573,0.8428386442342082,-0.5719093514390179,-0.3147427671771304,19
-0.1901897368058545,18.67011579931868,-15.141994310324,-8.25853062203476,4.793885878233648,-2.0282309334297186,2.486672699090112,1.3264577939321245,-5.198512407229022,-1.687657368551985,-4.347974033149718,-8.167808108779923,-2.726976747426944,0.4567667865385033,4.30435708204095,-4.823880903010302,-1.6818387468339626,-0.0377400747091698,-4.519849038495626,0.9434356641926024,-4.033589182052667,1.6090104960907834,-3.639618885450404,1.3629579811972998,-0.301432212028085,-5.871453290761694,1.9687718118419903,1.3468319792469672,0.3097241758040929,0.5665990745258809,-0.8813448604340627,-4.304768453052126,1.2240379512781652,3.1247034156634923,0.1116635293071342,-0.1784903318688082,1.195929420188111,-0.5644295542328537,-4.126782775105284,-0.7746352209503213,0.5645600857114744,-0.2335091334319042,1.6529409106302777,0.253691780579874,1.4100534087747425,1.828476684569175,-0.022471370088474,0.7364012139769993,1.1023668337223596,0.2854340483800805,0.2266751942378513,0.0869839380375035,0.3720508937590512,-1.1765430202773774,-0.116713454279535,19
6.491195657396209,21.710990408769696,-0.0225978442992725,-3.797550814192563,7.610585823362254,1.489666898228928,2.206701295256152,3.307655097946625,-6.7845169317632825,4.06673307416731,-7.804693143521994,-5.8185051839338575,-5.088660025849244,-0.868942951332048,2.49798350424936,0.4057433207396505,-2.261548578970916,-0.9181923903540729,-3.2577064202390744,-0.5931375262353671,-5.075785010135888,0.0593533333939943,-0.67398855241362,-0.7953045214036727,0.8056820944773724,-1.9395849386376176,0.49084829108964,-0.6302933486955858,-0.5971223332246792,2.40705711048536,1.794572842882915,-2.2327868372039568,0.6184463502885331,2.1573659881137823,-0.2723875706758653,-1.6611279317462526,0.2460848390534821,-0.5353019862357447,-2.3237737437383204,0.2797781161238282,-0.501798100253796,0.7109930969120352,0.7637455105117135,0.2644651258958541,0.2545859395331744,1.2089819301474165,-2.113592016542197,-0.3944971637427057,-0.6746885445082454,1.7903804896653277,-1.308120811292358,-0.2739432820025668,0.2623785055564179,-0.5852540244634218,0.2647893239201809,19
15.58015884417425,39.77571098486437,7.402006054320322,3.587606918988928,10.715918763677095,5.081539757927392,1.8485184756379245,5.204223810244128,-8.216405612040829,10.92617037855825,-11.32310870437987,-6.338667734285158,-4.5298551057114125,-1.4301489353010837,1.318487000580689,6.23020126892325,-4.931431376532536,-3.1536549573092136,-2.6383744371500213,-2.350437859164131,-7.2197833385186305,0.1589695069678179,0.734572946394849,-1.9938633930022305,-0.2744987566726115,1.1535708666119102,0.3066116223471318,-1.2110488713656775,-2.613231478921782,3.363456086031469,2.6577678310817867,-3.468564163046056,0.1078188381562331,2.87982636294629,-0.5266414920773909,-1.6515846148127606,-0.3101289979350431,0.1976285133083034,-1.7843265442174154,0.727638788603703,-1.4608840151879945,1.069046329243346,1.7476616940478842,-1.288456577968969,-0.9847134206435691,2.4689453704925963,-2.9167928899845745,-1.8574329501455484,0.0748699165847462,2.587134395536156,-2.8749842091290896,0.6803972614820207,-0.5001037547484567,-1.1753035783426993,1.3521391279996955,19
5.53357490277005,32.06341467150345,17.420888231283605,4.4977681114038734,11.51733535742804,9.42450966725376,-1.0891591196731851,6.136743937211244,-7.082314584138049,14.810316339500782,-8.96255197136972,-5.114073048467564,-4.598392480378027,-2.1502761941599773,-1.4601394009805613,9.579780508474254,-5.923649757516767,-1.720463722172534,-4.183851457296062,-3.2583489344101344,-5.54295164691643,-0.9758426405058424,2.0120822333481363,-2.4155734469854453,-0.189339881958915,3.943699949317525,-0.7102424878013522,-0.5516426756539938,-3.4302884839209256,2.9753490145688897,3.395484045296864,-1.6792131073418433,0.4004563462369848,1.7410565654463686,-1.7386720354567229,2.0632230146490733,0.0779935365911466,0.8727304628296502,0.8109283081136164,-0.0894913678793498,-2.160583698544492,1.7079774791499516,2.558874054051276,-1.6522419843422074,-2.1747932923279496,0.3867362543541091,-1.959132893352916,-2.864930438994606,1.3884507836367803,1.971696881103824,-3.621154754448749,0.1757786835173912,0.1105800531591494,0.3438209799496717,0.8724093028412907,19
-21.64563985894416,8.786690771424658,15.673494523950277,-1.137574124399558,3.074666862878399,9.433483237481171,-0.206083809201918,6.398611081982672,-7.485588509989498,8.403890740654864,1.2821935243419769,-0.424071440472239,-4.779763515562526,-5.1167587138637805,-1.108342848842997,5.995807149101701,-4.889539867487385,-1.4941698459579795,-6.155691282548248,0.0311302734737282,0.9104470828104244,0.8357318447194618,-1.1457781924311183,-1.8374921495420735,0.9516730359083176,1.5248820415005533,-0.4266392268895252,-2.4787729105299934,2.105430762312753,2.99163797900341,3.321727477810544,-1.2470101418440798,-0.3816525053549869,-0.3103150365538306,-1.254110609367694,2.6919326345019514,-0.4607449657393678,0.3554756599258185,-0.008194959028996,1.0520104154738217,2.0494033039458333,-0.4039775039262266,-1.8819966470498584,-2.087981089320732,-2.01972572032755,-0.6940529450146738,2.6075539253468336,-1.3944624084082144,1.389854642295937,1.907575562667832,-3.112602899922682,0.1185277973247743,-1.10802055498347,-1.7871499759579672,-2.499594302983249,19
5.897610184333677,34.75997611737961,-10.616269012135636,-4.047472868835731,7.008029381627182,-0.8848291577006211,3.615263452589558,2.1019809821459527,-6.477647706101628,1.5920637022612298,-7.017713580159642,-7.565017963366179,-3.0658368206373505,1.0840727607706389,2.8557378695578284,-1.96291590021074,-3.142024606852553,-1.6899153918058996,-4.753751560672011,0.1869753820610813,-4.65471290709809,1.9890001234022885,-3.189503620368984,0.837298648938996,-0.27657117473973,-5.393767583442989,2.642040170804492,-0.4541087307294209,0.0090317909117114,1.603612024042823,0.3098138543950277,-4.41057679760959,0.934977168848084,3.1122036851932857,0.5200006977109447,-1.2367452469863938,1.7880086275302272,-1.0194201916013288,-4.327478111347341,0.1376801254814212,-0.1685057189087228,-0.1213623884836825,2.1802032868259897,0.5212633427129286,1.185898220280059,2.098240385691741,-1.1243286863785031,-0.6887981567976138,-0.3973710589114111,1.4409556077039445,-1.085972673790594,0.4476841962523397,0.3483767001445603,-1.6026898053984984,-0.4868613947346913,19
-3.094113821426417,39.15826615864494,-3.4452485486850883,0.3426239041093502,6.77593559037155,3.791296888477301,3.651355898221981,2.0027614202876047,-5.948336282661108,4.952553361679969,-8.154864459294105,-5.085732232379013,-1.8305231017231056,1.5104269694013466,1.1537536229924172,1.845934873336679,-4.2800755901857706,-3.873506703361192,-1.99260169705062,-1.157522498368403,-5.401610111401033,1.7202485944853891,-1.2370225128884844,0.2226406211270151,-0.3757809994868211,-2.225444150404352,2.4895871467945554,-0.7964280681014864,-1.1242394822723396,2.1615452117374563,1.4803435934668905,-3.5465269400434347,0.8013731379780042,2.8411697115813643,0.8057374037922115,-2.147996107147857,1.46274562992261,-0.6991368570731278,-2.79079309437964,1.1146678968749242,-0.6472386099002347,0.0782422657861238,2.0499201534214366,-0.5411091681623117,0.9663077276166014,2.401032393877664,-1.7217547671788087,-2.395924184124097,-1.59144754340952,2.079331541623169,-2.107773938766026,0.4453767321829779,-0.4364064712586227,-2.2470595645316767,0.7925896337908274,19
-17.274279214548848,26.53148479762478,-13.954696419860005,-6.035862466924681,4.366113141862583,-4.611745440905731,4.143852289939333,-1.584295783176997,-4.833330363449171,-2.6340218849958617,-2.015546530332631,-6.059816495356933,0.0013671615499394,3.116163142948395,3.076414385233912,-3.50427014512082,-1.5090920395386374,-2.1739340331611787,-1.9297377199804095,-0.4633115024857772,-2.7912603280129,2.506343009460348,-2.5798666485799084,1.0808683908549617,-2.3298427634167265,-4.999178480891207,1.348691330198761,1.7549028220396037,0.5087834620852981,0.4622916256329076,-0.6108485791192799,-3.3274883941305013,1.093973566812179,2.178431591435,0.524282903138049,0.2297223375404919,0.5150417187503493,-0.5488376487578099,-3.063623875831885,-1.0999938138653644,1.1807655333338776,-0.4498891343296657,1.5569039177794717,-0.3090839510862545,0.3211961839658275,1.4912082895308445,-0.9597946865647852,0.3288153267767158,0.2540973971158887,0.0012062116706722,-1.0899678081658564,-1.1867811507478925,-0.5896813215292949,-1.521902616288362,0.6834556713120234,19
-5.977021179059831,44.816717300444445,3.6917274661695982,7.859151515428498,7.425761838577099,10.518831627199503,0.8740475477899284,5.17949863214697,-5.16454783511102,9.281631093726055,-8.193608946504384,-3.828345042172482,-1.1988690921110596,1.7811878320408543,-0.962796331032013,7.153156835412917,-6.433323680598465,-5.065749813611014,-1.5246440310983638,-1.7649010943783352,-6.6015959136105895,1.3670684717615171,0.2974994679984843,-0.338536593111615,-0.2133386870635771,1.3212423254915244,2.279631204553072,0.0935211623193096,-2.7309570527836105,1.8978797346901797,2.9045127869440277,-2.3294701005199405,1.805533218858188,2.161199735217457,1.3905856133119006,0.005090703770482,1.0963652462098488,-0.8780926488909447,0.201135623788445,1.263564412600563,-0.8298419347008823,1.61312461605782,2.952608115670829,-1.5342730824019948,-1.1507636791121298,1.7864555906372288,-2.256486149483447,-3.221661340770382,-0.7610033235850011,2.2490698557976057,-3.932861301742383,1.370190325197027,-0.0739523605134502,-1.7372160323737915,0.733912256657513,19
-12.292646147006474,39.616966397456224,-12.52355089300062,1.9037490452565784,5.515698925222749,-2.394520648744072,4.617001400743864,-0.4258613000262679,-6.243476126733811,0.5387628816175796,-4.801857200236998,-4.756820933340883,-0.4567059504314354,2.8295699042167994,2.0773824195999544,-0.6984362106912995,-3.5891142766063275,-2.97941748745982,-2.0409936273709746,-0.6856692715506526,-2.891525092517836,3.7797249653844944,-1.967218041039112,1.4847086906963327,-2.346268163804125,-3.972243911814375,2.3005925633322994,0.3270983435291664,-0.6333947705141232,1.5348529815036955,0.2359100792742212,-3.1675106169680305,0.7214290939808763,2.661796965403327,1.8359605598090196,-0.5563837626795892,0.5347941054444763,-1.258362417993583,-2.9466033912860734,-0.7334359399389614,0.5254901721656381,-0.5197171412525944,2.2551996842281863,0.4268259625322206,0.2461573877627379,1.622062736385964,-1.223587498592085,-1.532907365844308,-1.0606817305419085,0.9416826660783112,-2.077643777109381,-0.751752820312053,-1.3570464031284966,-1.9232393348774253,1.0070075107554897,19
-11.152390804579404,48.93107741876202,-8.209051891185796,12.93465775910541,6.111117326418286,2.4797230653540656,3.2221629418954496,4.426768759332763,-5.957304057827908,4.380385008031489,-6.578438394391828,-3.0402339443242283,-0.0259073438053555,3.2684942329316278,-0.2720199268661059,5.538377729700019,-6.541661109815525,-5.600363845668679,-1.2471581757318115,-0.7435504390053523,-3.714462433862479,4.397064361837643,-1.0658871101580345,2.1231554377221986,-1.0473823668133166,-0.5232890819832667,2.4913750434032584,-0.3678658830417002,-1.724040205427906,1.4924033132010217,0.5964249347291106,-3.191461393826577,1.1898068980234402,1.7308300768044131,3.637786870529921,0.1912889830968311,0.8370813136348612,-2.196629464746154,-1.7828341376707166,0.0415424905649741,0.1112958653593965,0.44253011103344,3.359280442247308,0.4192209486302465,-0.4895055894634381,1.688831659624984,-1.273901823347124,-2.803305054116071,-1.338504819733301,1.640224514131277,-3.3463747700451685,1.047084793352945,-0.8015990038101468,-2.291684923505421,1.450637855525844,19
-23.35707942142964,28.659740599846685,9.223312518326155,6.665923074742474,3.2298861757554,14.530239768399412,-3.0513304650738013,9.148473524877597,-3.049947596099268,6.673495556613101,-4.237645707192111,-0.2283741589729777,-2.1616297162841662,0.937597984930985,-1.8756725268224557,8.859375669897016,-5.551970854609322,-5.187252690010202,-3.3719561799073223,0.2837481824580673,-3.4625989526349232,0.0985209907801909,-0.7347339550010559,-0.3768443983178629,0.8695526413874056,1.901579969240616,3.800372849430684,0.9256665352548276,-0.5058563264123247,0.9357775372610136,2.922226390387485,-0.2514569377311292,-0.3096935333082261,0.5706407581819485,1.9200397589033755,1.0245619689786445,1.60588612594627,-0.925346795974554,1.5744631091024148,1.858447054055555,-0.1790111766779671,1.0124761561147304,-0.0437791255101519,-2.799475071606973,-2.469011224257976,-0.338113322008833,0.2036572958131967,-1.74751106946645,1.344626887276799,1.471801835054639,-5.178252456052407,1.3019386617504454,-0.8747862225262132,-1.383971192174607,-1.0143046127024105,19
-22.598574230655,29.977363901408093,-15.194783574169286,-0.2458917615985797,4.292683641118079,-8.6579827660759,4.383869044085835,-2.228942530781647,-4.6511814264782965,-2.107570808879417,-2.20739075194177,-5.438765262907728,0.7181386577543888,3.545798737350644,2.335146388405528,-2.929014813515915,-1.7483035458775178,-1.655552713475219,-0.4775454755382264,0.3668321920840247,-2.182496556835324,2.817683099685111,-2.6430427947632094,1.6176464843443257,-3.3081973441730845,-2.8021679405912616,0.5941741417747305,0.0912105166307617,0.237623070583639,1.0344628062154095,-0.6395071926398495,-3.233522459256445,1.6341395553591491,1.1867185684215698,1.983588019641485,0.8303790500047084,-1.013403460459142,-0.9555298956010616,-2.634024855955494,-1.936716048365126,0.8273123853045574,-1.0564822866247388,1.9913558838234389,-0.1800189086298843,0.8406843511403534,1.8712999928002232,-0.5036608355215517,0.0789264735568928,0.4456453485951558,0.00093384444661,-0.5258817677578185,-1.351116539550519,-2.3570000625156315,-1.1932523365326886,1.2115289575814894,19
-23.033951175472037,35.14636619596334,2.040026585745229,13.389863982432445,3.647704307279612,8.095866732158782,-1.3911934680643272,11.232652961999609,-1.9713141459304304,3.868057918146648,-5.291044643757543,-0.0007584011209296,0.7038146422339114,3.4811323912368715,-2.4007950833302822,8.745552489551432,-6.1188237003883765,-6.536104768828798,-1.1791543350244411,1.70111031413026,-1.830858926236769,2.7871583716555257,-0.6825004723977613,0.7585649430769047,-0.061580989607611,2.0970297507976885,3.755591235213688,0.6297239308131665,-2.1242410166450743,-0.4079695975371491,0.8352642746746965,-1.7324844392683332,0.8145964994435185,-0.1913294807115588,3.692901236583915,0.5094558252084378,1.09968756462845,-1.6249989060071184,0.4496631223851396,1.1728664457554567,-0.723881675777061,2.4184465873436505,2.771437277495263,-0.7764358314840377,-1.3037661192333414,-0.3275524994569387,0.7392025526286012,-1.2534639511856056,-0.12383291511691,1.075219713451592,-3.084979977559734,1.932661527262371,-0.8547057914452177,-1.853409974787952,0.0961453231040339,19
-23.807670659165723,34.23650657446186,-13.820900902734158,7.741271199686348,4.300138789444675,-8.245983802921526,3.666333812406625,1.7428744135451115,-4.181081970235141,-0.6184262170427156,-3.887534209427013,-3.4232897987712887,1.7433606522454577,3.668952856199064,0.2329701998745049,-0.5314342974981405,-3.2249032140971097,-2.3915230943774617,-0.097722836730686,1.010459469489258,-1.388274748488117,3.1039882466751023,-1.3430831551213476,1.9943106845227936,-2.2872209546952877,-0.3946543258560065,0.692850128915483,-0.9082062946815658,0.0939207565111021,1.1439499385887513,-0.3746791214372441,-2.943218155243693,1.5417011131737648,1.3502263576455595,3.8696453157620696,0.570699690283518,-0.8079545733488187,-1.515378431412976,-2.130891171080273,-1.2476484105664087,0.5475759854626366,-0.6321780688834766,2.8827200611346293,0.6949542402300674,1.1078508757005867,1.2177632443042083,0.13733804971138,-1.033300664337252,-0.5434419638134403,0.5330288827602612,-0.7235415458245374,-0.5513597208118604,-2.1583633709066934,-1.418737928408514,1.3616659620779252,19
-28.646872390040848,30.851593758396348,-7.891355933944506,12.929024175662454,4.0287618088522095,-3.988079987367736,1.200627639790242,9.477565292848666,-1.563612410708724,0.5386226578361225,-4.78989015464804,-0.3328762191655094,2.402631724496635,4.770016218813767,-2.1569426242972263,3.607428762262482,-5.029578141667717,-4.208197462430523,0.6175225874608675,2.406542729855207,-0.172042426293257,3.306153938999032,-0.5981358602295439,1.9816997700640009,-0.3967944191119517,2.186002636000279,2.198348967491159,-1.0069989119902096,-1.5552909160168362,-0.7634582710477704,-0.6571116673260528,-2.7096620001815688,0.1615955347229681,1.131964787309842,4.348120830503199,1.570656248937311,0.0819880203664807,-2.1349672025899804,-0.7384411187644415,0.0880555060766855,-0.0706525605148237,0.4974356233333324,3.293354220239658,0.9789865452419538,0.2572896186242904,-0.3336420745393805,1.2769611086604302,-0.5152559383879168,-1.460375129045851,1.1738408696885485,-0.836508119911129,0.9162282146678902,-1.2256177112007185,-1.61746349242918,1.484705540547305,19
-35.449611957683885,18.70304758834728,0.2161379300425977,8.68888939326112,2.6387913763073865,1.95738634948714,-1.5139614501303578,14.041758796213836,1.485666260458874,1.06391450689618,-4.303288454504174,1.835183549708044,2.060102273459594,5.273963591867772,-2.7922786965315827,6.364244258338816,-4.97114214587975,-5.425364632430648,0.784857106314815,4.972952610684914,1.5257396371190917,3.327385313665058,-1.5779559651149426,0.7413830609476667,1.3231016114101446,1.7732537287427477,4.884788767374398,0.8285138932168973,-3.734569680482432,-2.431107567464356,-1.6052525939131583,-1.497813370446313,-1.881730104283536,0.027175546902912,2.826535392339932,1.849846647316379,1.0344385738183166,-2.622288176896145,0.771578945550159,0.2682096543854125,-1.82185661467166,0.7025935298688339,1.6358911030750714,0.1795053676742873,-0.7153481846945067,-1.2362843328478177,0.6296258070338048,1.7962344347175172,-0.0178199590464011,1.957392834181543,-1.400591890592967,1.2884387770749528,-1.3999354740215395,-1.8520665492988573,1.0325901076873367,19
-39.24928800784959,6.76925669646462,5.050498469820227,-1.1897660326799326,-0.3557527324265151,5.881910167280156,-1.075398843033838,9.51710239661852,1.3712815344873637,1.56208770562904,-1.8408235127109092,1.346187575436118,0.1526392070148613,1.0790615662626215,-1.1423581787719823,6.078638220977626,-1.6227940955058715,-3.657672447197332,-0.2127894467143539,4.437627214848814,1.6277180862441518,0.2627832609551227,-1.8125244378959,1.0501558897411796,1.178136148555301,-0.6318063500398073,3.544819812771227,1.1433891574272137,-3.262745278052849,-1.2022224061941171,0.030724126800357,0.711613656156632,-0.0561541881631227,-1.4542211047461124,0.5008320598910267,-0.5284827488966259,2.812569013586335,-2.136145929437072,0.4275450356662723,0.2173992739471886,-1.161686810446138,0.4893047140594003,-0.0594336362513465,-1.1665323969972468,-1.831956548282756,0.2597596828800659,-0.1376567317942675,1.4291865674992132,1.028529687497477,1.7406262405338977,-0.8244636283803881,0.0954287488361446,-0.9401941162941996,-2.530811487668267,1.3750985889088303,19
-42.684454594018014,-5.301917182234909,3.886693207108913,-10.7204377693886,0.0801433333419105,2.7245170484636594,-0.0132162832481065,2.255737779118957,0.798710857074831,1.0876193484117689,-1.1869228318972438,-0.458026465153164,-0.4983558286504409,-0.5725405155437449,0.5974263569110985,1.2880139789882374,0.6241899406489052,-0.648014567399392,-0.7531473289504772,0.8801956401628375,0.1530232921371285,-1.9159360337064253,-0.8299033629500474,0.0221607667236285,0.5048612018047737,-0.075817521227608,0.3903758097228408,-0.1618524482428729,-0.4267739042636426,-0.0290421289658709,1.2841007646692064,0.0695714206358202,1.015602495540099,0.4924976734206804,-1.7289754008874585,-1.786283517873755,0.8005301899838283,-0.264432040685031,0.6138061046204819,-0.7855676880081169,0.850778776526606,-0.2538337142583641,-0.5341415103348266,-0.5881174162588837,-1.297858182443528,-0.2006391380050488,-0.4701128130638974,-0.3563273326180322,0.5084139814230049,0.7658034579494262,0.4257600357707309,-0.4293326339364294,-0.9234551795246164,-1.6789505640415248,0.3261244024713045,19
-36.2485158560178,16.657251283560484,-10.88655077662963,2.8417867249543587,4.438044304094335,-11.59996887109344,1.985100718738706,3.540564472181423,0.0564244729650681,-0.5236784647282826,-3.0797242273290477,-2.8730387395270216,3.151228939560807,4.462422648051152,-0.464889338342231,-3.647596598361118,-2.1045319765593016,-0.967291535244692,0.9874377211707064,1.009095936413126,0.2863674279917322,2.339346265903995,-0.1697449938477394,1.4063089282512813,-0.471964668279162,2.824127366799568,-0.0840321347735746,-0.1561979655946297,-0.8929887994683856,0.7609481576279838,-0.2288497553573296,-2.6343003613305527,1.3852087906234043,-0.9923757681372912,3.406615992305134,1.3899650394442888,-1.9713180460333184,-0.3022355338174176,-1.6572901955003874,-0.2242745303226586,-0.3426150463913328,-1.332058325529787,1.889105839244016,0.4177676853850156,1.1861628533457924,0.0940970850475323,-0.1200653394988248,-0.1514074137038799,-0.3466210789193339,0.2505569231853578,0.67502790047531,0.0660877236572118,-1.311647216128693,0.2465628929896077,1.5735141116505436,19
-41.52311801902116,6.7623079818989495,-2.782354547985046,0.1668254499086417,3.361539144029157,-4.6336916360580656,-0.3400819942349837,9.192042516618534,2.897276205441476,0.5993286281720491,-4.328854971688225,0.3833405515765,2.305195253068225,5.251768673538908,-1.621348662540759,-0.2515204512703475,-2.959529608241012,-2.2658710574719536,1.3110643086042792,2.485380573475158,1.1680120686165236,1.5377294403987116,-0.7557554133506107,-0.4497521336196631,1.5076009883753685,2.6212470763055498,2.447681071406354,-0.05177159990396,-3.077522974710281,-2.4592878764761794,-1.4163042053226678,-1.6198008742028542,-2.2003115776445616,0.3382379624314528,1.528838680546582,2.092995381635287,-1.4606596269091658,-0.8602139936867625,-0.0128985394853752,-0.5019314754336108,-2.166242589311816,-1.438849851168201,0.6272415452777532,-0.3221662980160332,0.0514882876254204,-2.2478246259035184,-0.3800956964826177,1.349209015560442,-0.6367225248803478,1.245899217193182,0.4961315703878931,0.3928054000342129,-0.3597121671116266,-0.5858991270278149,0.8994991690352829,19
-40.292805796523474,-4.251519108637292,1.671893245014652,-8.143527739308793,1.27641163110478,1.284662724753599,1.2844496635080314,4.991023421438744,1.6834357499692685,0.9025267673870044,-2.814286341585991,0.1862330556275361,0.7790518453764096,1.8527146532125975,0.0668405595773303,2.0031456878913403,-1.3306093758876008,-1.988533732551442,0.8474513117852825,2.2691850427966767,0.8585035611987587,-0.0530333369777971,-1.4530940630670384,2.2000446070735737,1.1846108880177435,0.530536001030582,0.4895506337053469,-0.0719703919696452,-2.576843763990809,-1.2937453554440606,-0.9842693367129612,0.1056557135463304,-0.5394497856740881,0.9182867930826808,0.1858358839548063,-0.3957209382767125,2.089207591756714,-2.0085124386523683,0.486288321573444,-0.7225918436264656,-1.631390447348262,-0.524706473255158,0.011832561357775,-1.4804211094751278,-1.584637832704553,-1.1199552878892154,-0.7721788943681077,1.9046403661164828,-1.6443804886384117,1.4511003072504376,1.1158167301245996,0.7193709957929605,-0.2747126933928629,0.5717565030212334,1.643214073703666,19
20.608353375593147,0.8856890048681252,4.440127049400738,-0.4472781992340169,9.536475289808786,3.1036223185557867,2.8673201343537498,2.046155096472642,-6.3940102752681565,7.527481487817107,-5.413406441688709,-4.147493983917,-7.282331856951557,-2.306011142643521,2.1778795332283862,1.5916438710471148,-1.9731861945229996,2.521627966459544,-5.830226850906888,-1.7806233394436657,-4.882663203585754,-0.6308535817680219,0.4205043622603637,-3.23876600281014,2.3642028907103896,-1.2642277278941914,-0.9090411730519048,-2.2169960828249256,-4.076021996170105,2.498593314672451,1.1601729287622484,-2.1182380460283508,0.2506713929113514,1.4557088165690386,-1.374485438011836,-0.3033135793983298,1.60477934548311,0.7255622227153281,-0.7766462736114553,1.0800723937114298,-1.38480929942375,1.4942458460072852,0.6312997226551126,1.1372163507593125,-0.67156682198039,2.418395503385147,-0.4586985414232787,-0.9175926742254286,1.038538968363795,2.1984778408111407,-0.4619432788764435,-0.0696713264846521,1.408867104938011,0.0481201670239557,-0.1250081133011182,19
40.99151412382691,2.70082647396688,-6.747517273010122,1.060903527183697,10.26709269457169,2.43226448873882,3.520947532753255,2.7272117361782287,-7.698092563776108,4.700741241184297,-4.627526063760266,-6.7398444330348175,-9.48410982085561,-2.91493050034552,4.4574720756177255,-2.4276641879448007,-2.5934110431516424,3.9237319136207662,-8.308946265988496,-0.6021602327984082,-5.778720420747842,0.9743948096637828,-0.8739037799669923,-2.7179714801362045,2.113745799900512,-4.951100871543783,0.1922799877213493,-1.4386082799395532,-3.180070492515034,2.101041607608522,-0.6599876073677977,-4.019046750383066,0.1857022435099853,2.5312905036280773,-0.6728771817756046,-0.6343308867041938,2.308780476205621,0.2309530303257903,-3.2967139764144227,1.2039278068959327,-1.0140130313655178,0.9654086378082104,0.755403497052828,1.1766347881339931,0.4562210916287259,3.1356650186345423,0.201226348882323,0.3856150028994669,1.6893688550539776,1.5823003878964408,0.6913846793534376,0.4689513903036663,2.1683346190883017,-0.4462304076825399,-0.1472295152069181,19
41.1757230545696,-2.515363022897447,-1.0611718101788647,2.184006728018349,11.316390928981034,3.5319776583487936,3.75498185569755,2.5347022849832235,-7.587183827894319,7.318602985725984,-4.313696042587843,-5.12432838734639,-9.931293260856734,-3.030285599383403,3.616221108194817,-0.8608412405898794,-2.3900574947520536,4.712559641055296,-8.4578333192531,-0.9553620112745672,-5.479259656691767,0.2578233199074524,0.1977312092245711,-3.536778428484012,2.726162969176253,-3.4312782291159665,-0.8297052890372615,-2.4811722530503477,-4.209124698465101,2.5666823742429283,0.0103636853338006,-3.192200778741607,0.1450619136939135,2.082255786149877,-1.4385008512533586,-0.4339236963106953,2.3711844312393224,0.6266298575443456,-1.940011491613848,1.420250922812387,-1.5019062873914288,1.6643639352852693,0.6240574427783797,1.560502508630519,0.068611179456396,3.171164687079948,0.3258468999303319,-0.1271612560406464,1.7886015500252883,2.1061304447431244,0.4464391623783006,0.426024529414457,2.326374501504451,-0.0781379696557759,-0.2908828137121405,19
28.9151261220057,-2.398090987487091,-10.362177462319368,-2.756163810040292,8.0042888631951,2.504981449548966,2.5284199016611493,1.732348046430417,-6.877105775306223,1.5316484679291682,-3.3004111148632687,-7.058464051216336,-7.892313059161697,-1.9122484076684776,4.394454495575291,-5.055065307308713,-1.4443563383749765,3.898832167802886,-6.648659136777279,0.6643575372224221,-4.9942657313077135,0.8773486417953132,-0.8220540486469406,-0.9055695644410088,1.8119136913455585,-5.786017251976826,0.3907517315931475,-0.0301103153317111,-1.6454863026969766,1.3867746218295374,-0.9760487882257324,-3.6272147638864576,0.4920281313582296,2.7717784736089786,-1.3007858282490414,-1.1306169272657178,2.2459216485340647,-0.4573488519289438,-3.329697762602168,0.5697795538794135,-0.549081537506259,1.2044292177027476,0.255307828459864,1.0482605898979858,1.169170584038285,1.8721505769284608,0.3632438028474943,0.9656315798321012,1.838186825469717,0.6804062923283934,1.1179504773123974,0.4291116696518836,1.9873991107936044,0.1783206684727638,-0.0978850478960102,19
39.50902898428024,-7.119813439473905,11.396534984395718,4.608327595964861,13.960911502228273,5.184386031173589,2.1616570822256937,1.3612303715369027,-8.808478331758579,12.419628853168328,-5.227039447593323,-3.280945887749648,-9.279310593278849,-2.842782166011078,1.2760105516560734,1.546774719331959,-1.75473905846323,3.775986754262894,-6.5786976595774105,-1.4079044302864,-5.218356608927587,-1.2657361219571484,2.981746078930668,-4.1223035940700505,4.085741696031303,-0.1976210548960082,-2.423066186285012,-2.957904506150756,-5.3890922675166015,3.928223772727808,1.768260582873736,-1.34629321189663,-0.2014850182517739,1.56815843330512,-3.3120219172565584,0.0598384723238894,2.067964521080898,0.8746386799921284,0.6873008853964951,1.410274792638904,-2.679778651335897,3.326187682336119,0.0833538317758927,1.6138661620972377,-0.8391637538644543,2.0541927671546127,-0.9694380618901632,-1.8382271734619329,1.168079319775999,3.033343781416587,-0.5926790850240521,-0.5109207528133283,2.172763753580093,1.0332075167696242,-0.0555067035482437,19
44.3936261490467,-13.468553882426656,4.810302821110532,3.8498508429796408,13.05388181868908,5.137747903196405,2.838198828384268,1.6406117229500436,-8.617338412613485,9.692408872609176,-3.5213986641402677,-3.733549677906793,-10.297502555815436,-3.0890301293807174,2.3859785200220167,-1.030085373956195,-1.26599144852083,5.511331742439411,-7.715025420044115,-0.2624942380887873,-5.095065354589513,-0.4918766135924962,2.381939674104853,-3.637096756012668,3.963824466044784,-2.216942888422619,-2.1627214192566107,-3.031214721594487,-5.018654375958255,3.0943360825739123,0.5726365496414316,-1.8380578646136845,0.0673582900852026,1.7992544146343046,-3.142849946834995,-0.5006915158856563,2.69690071215384,0.6987177449653291,-0.291550094239262,1.352908443249649,-2.157563165626521,3.4993381005969777,-0.2689633212211882,2.093248450074999,0.230338735464864,2.427953405218652,-0.011700431546422,-0.8006491591420322,1.9807970841172424,2.5408574579996697,0.2947782544373153,0.4708856133504296,2.583038967484014,1.0558919642258346,-0.2138552870944012,19
33.87659192712728,-7.569692469323218,-5.900047275839524,-1.0592091480959152,9.407394321725294,3.623940261145423,2.852809820613714,1.7397136165161855,-7.15091299808045,3.8493207438206967,-3.0687339054309977,-5.81705214524294,-8.96774805345012,-2.288071500545789,3.780350804183761,-4.0022740483619925,-1.2881040209974488,4.877835772377586,-7.09378974959043,0.3256612787552534,-4.857539120086551,0.7246215741735001,0.0768350863782504,-1.6759551102327113,2.320460601982848,-5.058923961014004,-0.594675145382898,-1.2522596324032016,-2.486668572986109,1.8256773282175176,-0.7051256148497566,-2.97018320742758,0.4155467106973325,2.403573624380638,-1.7046688039323288,-0.9840209177210372,2.5753400113600744,-0.0636862271015766,-2.638251828140607,0.8280199936696487,-1.1384783543921686,1.8629553835140331,0.0829200729762708,1.4252897921279153,1.0177632682691171,2.0030977115070905,0.3975869392757244,0.6958787653041456,1.8244644221563608,0.9114398442902336,0.9665259162148084,0.5814467682203514,2.407096227655905,0.3056972203744605,-0.3610301224486831,19
12.98965215966025,-10.359323963322003,-17.459694358078,-6.6112345791752745,5.300848225401695,1.962697767809178,0.5413433613381946,1.539886789057262,-4.960295819736178,-2.246505843659797,0.513253587241789,-7.459989000102941,-5.878097822689024,-0.8201543655564016,5.307852506510002,-7.057309073018748,-0.5323948112788851,4.348895251498625,-5.188198895225114,1.9184357937714749,-4.096691316476769,0.4707253860624374,-2.012436970669917,0.4250031895166865,1.626445081547155,-5.246026275119665,2.3384001290826486,2.847478637434431,0.5946126189868383,-0.1429279080923283,-0.901082123118109,-4.57316842223691,0.9306720102466964,3.899879380853323,-1.2216453454150555,-1.3838590586895307,1.469164461189593,-0.3838280062181781,-3.1874995954071057,0.1844633042948917,-0.5373606089781474,0.985501576066368,0.3013030204857194,0.1388565108727103,1.1654160084539855,0.9828670891970128,1.6373613697294402,2.1744393958458827,2.1010250913678115,-0.6880983375236925,1.751317351244888,1.154038382063448,0.9201331501584206,0.0727932370495256,0.1885154997742297,19
37.187822072858246,-16.897306569332148,-1.45852300418939,0.8850341620387302,10.8887836878434,4.621126895524889,3.074997595902582,1.6768471721570877,-7.194322945914333,6.329379389244019,-2.012818640518833,-4.156254550702633,-9.924803311511182,-2.736316590321701,3.135499922119072,-3.0910382711603543,-0.7880071013458723,6.083129851188958,-7.564518540852972,0.3725335056850173,-4.29288202607171,0.2618237779680886,1.2052765394668945,-2.3573334387257976,3.446144407117401,-3.924853155383903,-1.590932934929968,-2.333939005564514,-3.5710031804227595,1.9829796133472903,-0.1832914431661806,-2.3154985290451737,0.5681659834701012,1.9431513633384183,-2.664171525293801,-0.930061461714866,2.8272110652191684,0.5677873903394071,-1.4008589789605004,1.0055503723622772,-1.7245996312581346,2.771109668973748,-0.3527127627326604,1.883824184962546,1.109512403590523,2.0195336369075814,0.6939819282850114,0.5934480456372685,2.295156181547707,1.5642282878671292,0.990733669039029,0.983127344995312,2.3856949161375,0.7331313012808871,-0.5586144088508534,19
33.57018176025456,-30.36681937786498,6.559084133573517,4.675624314325486,13.478570702518752,3.5558411143574875,3.192644215446791,1.1660737640563166,-5.020041262738338,10.843404754067894,1.040535688513036,-0.4526840290582892,-9.886591130626831,-2.034880960666749,1.5551546940718102,-0.7543526075826548,-0.3856115806751397,7.477939360317817,-7.120978590792745,0.245956959140522,-3.7000963264083695,-1.1901620331021237,2.988313611071838,-4.430721943730893,5.393476369289563,0.6882724744545093,-3.4677893373196453,-3.9684674305536793,-5.429025215321958,1.5257323734965722,0.8142032759579526,-1.2701937802639782,0.94387515986645,0.4629100871382514,-3.291348248353929,-0.4374329226490718,1.357839763657109,2.3491688080956865,1.6247492586984398,2.3170692006491107,-1.7953524485537862,3.180410063361846,-0.0858600849987381,1.6522366316719168,0.4776753065305387,2.2247549301517,1.1932065573761066,-0.1046787194028384,2.057592218822491,2.6190262627135588,0.8116558984573516,0.9771810680044511,1.5471600480450896,1.033164791345113,0.1064033565753389,19
22.75049868910857,-26.71288830251766,17.29368482172416,5.49854142333715,14.82992645145612,2.4775176147272355,3.185967748225728,-1.318832882886839,-5.201683688795057,15.045232527634337,0.247699059182107,0.2729690429021382,-7.820087342218968,-0.4640303792323524,-0.5095118222072359,1.4005112742936792,-0.6705629311701048,5.522474413548675,-6.883273680915804,0.1495301298932116,-3.117064830463649,-2.460979395740252,3.970268564000473,-5.327520652650183,3.277744211323688,4.319145506920908,-5.936851127703883,-3.8334768701467463,-5.260307667946593,3.1987384370187204,2.45770267839533,0.4591353550940595,0.5532956763601223,-1.1137780748947257,-2.4617664819470533,0.808847936735239,-0.1163684018598109,2.7207059137012517,3.423454122122444,2.2358141181136104,-1.6109644682976676,2.522860904100847,0.6559384329602435,-0.968080994480924,-0.9608213340468226,0.8786308263512925,0.0342157802639753,-1.865376216473985,0.404006812581141,2.218260271998021,0.1693270057948238,-1.3957028938442944,-0.2110612355920123,1.557959738267787,-0.0235948230130279,19
-17.07194232240181,-18.92621289048547,15.250144912773925,-1.434433156161312,3.8350171839957454,-2.5681861323264914,4.062440631955672,1.76784859564305,-4.735043243531369,8.511735512664217,6.416317130394615,2.065528129288752,-3.508992188886834,-2.522792728717747,-4.244058486614019,-1.3649981000584526,0.6771987731509032,1.933374168207823,-5.140774060981989,2.6337979254603088,2.3348187492396204,-0.2759783441603839,-1.5900443291133652,-5.207538873449266,1.980306650607564,2.268353697163268,-5.517156645245862,-6.437961397926513,-0.5523088733249644,2.931679345780215,2.9931405749231907,1.0964128399897566,0.6996027059407957,-2.137828573917808,-3.931217310343774,5.247280867652354,-4.386808922326363,2.354136368405524,1.499988247901195,-0.8289724243143177,2.651801296409824,-1.1075434481709103,-0.0205677058193306,0.0848457514098633,0.6845491306355764,-1.3726916485043963,1.6249585307375822,-2.1467992111775955,-2.483438914051383,1.0839899668352808,0.4990842188775614,-3.46428042072404,-2.975611145804835,0.1350213475692435,0.1674463755652462,19
27.207670469783803,-26.95665164843398,-12.463356793920472,-1.3716984533898495,8.619058026656514,4.514194260715041,0.6967489726199105,1.7440224962266069,-5.058442996540745,1.1453923628242346,3.1866705689576675,-4.144579409792744,-9.037717201310723,-1.3826165193122084,4.144123121057364,-5.731089274642226,-0.5029352359180363,6.426473226643348,-6.585534888663162,2.204114623881693,-3.240644409171876,0.9650203576401164,-0.9639168196718462,-0.3650980438672197,4.136053377998334,-3.914328377192872,1.2668104368783235,0.5284629722213715,-0.4543896122163079,-0.0529575906274464,-0.2855101370611673,-4.683485231079438,0.2332045518511793,4.338806631541874,-2.0740049001557543,-1.3717912127264302,1.6116343414246934,0.1511579728397234,-1.188553340986905,0.7750648117401524,-1.434349269357701,1.5138807103242553,-0.1713390051307961,1.2947959647751668,1.661857955895907,1.8153275837736444,1.8366831266790105,2.6671544364708795,1.9293533050625336,-0.4031197888855778,2.1318770016274797,1.7645293413129768,1.7848047014628132,0.2434500687356799,0.4766910437256806,19
28.86974936175212,-41.750515880435614,-4.347782347775176,3.798975901228881,11.577522836621505,3.9297849739585633,1.909207063942996,1.9291541128397216,-3.70918681155825,5.623779003827412,4.326238889806982,0.2263136402964241,-9.7941679163276,-0.2417028946724338,1.5468244661761583,-4.8839838698188975,-0.120881705416462,7.538426817264348,-6.4321673401348844,1.7894628295282011,-1.8889454987824492,1.2896191802171348,1.1450854730231108,-1.9501173652813824,7.067759841601461,-0.1773301171237384,-0.7824297354835634,-2.324770344367006,-2.8666636436022483,-0.0993359099191902,-0.0850951333787645,-4.277908134381941,-0.6903830215030307,2.0626609029897782,-2.531190680358192,-0.0340610753960895,0.2109886805527461,0.6790638936479709,1.4416903363381952,0.4724668883421541,-1.5270672294053138,1.5581485243952338,-0.3916582003037553,2.7067666703788897,2.220376711925842,1.8766689825446785,1.9247023020395808,2.220891335529985,1.3021097297326447,1.0017216696325315,2.4614423526756006,1.5238599841612386,2.511389127249303,1.533751625084826,1.3480836964089442,19
-3.674784445877192,-26.815645125802646,-13.228839269907914,-5.90786880406702,2.326546442645045,5.725196482791193,-1.215457133664034,2.7381375289626964,-2.260625409702653,-3.281677525794887,4.247432614631191,-4.500603026702506,-3.4832997515523405,0.5027613788496457,2.467429138301359,-5.589218907889901,1.552207479869666,3.66149592618575,-2.7769866655314197,2.1373197072492736,-2.6109127350226764,0.0217036421234389,-0.7964305278035374,1.2027029683642747,3.653073665267238,-1.6537248870351586,3.098292129096155,2.3625091963513283,-0.1422795000114856,-2.2416991212844986,-0.3392534668895338,-4.570564295648812,-0.5056071064318605,4.207938397930244,-0.7934854320268998,-1.5527510616220934,1.584068263056836,-0.6735701504064676,-0.3128818327850119,0.7970965054784823,0.2755635976653363,1.0056419940924473,0.3553549265606691,0.1537581561395224,1.2280377780320184,0.4281960140327014,3.0259680409422938,2.9269150105563697,1.9618988521802607,0.1565209255407138,3.377548322699212,1.0718758616207762,1.2640399350810043,1.043412591088268,0.5620234748705154,19
20.211770080162783,-44.25838605586008,4.981781495048743,9.023440925650013,13.64662553900079,1.1116351055676907,3.647002365111697,-1.1682616839558266,-3.162232825269528,9.632193239498369,5.428889786213326,4.133554563738884,-7.633639631173944,1.9183136296885697,-1.1994017342538383,-3.0911131527182425,1.526594356758029,6.835684347101513,-5.6091389102332805,2.619694763794508,0.1756138571989365,0.917463768845147,2.587047637925787,-3.8760804738286767,6.479030038246847,3.959792698794799,-3.776702754997076,-5.455098598168237,-4.665364968088667,1.9020671140885637,0.8408230801526132,-0.900984875281064,0.428540232441974,-0.4094250202079624,-1.9007393609521064,0.6516618333500186,-1.116008100605381,1.4959827531128014,3.9094079421228303,1.3369913480339144,-0.9095462438881028,2.0987024240497334,0.1898682043666102,1.5385341443301448,2.120239251176788,1.4284631887082948,1.7395085371354078,0.2876092977408884,0.3339309658187757,1.778788575173014,2.410324583346591,-0.8299238238276884,1.485603667260868,2.041487258947359,1.624933955683626,19
12.372439321129455,-41.50440806989716,-12.087853040603228,2.664193626993438,5.016745337192983,7.556654325763447,-0.3919026878526503,2.4169792529319154,-2.396948942379243,-0.4192038455349979,5.353947408705335,-0.5554355815784313,-6.172117009398709,1.1292172838759609,0.8341094895896758,-7.56305605782434,1.04539759463536,4.729378899043662,-4.9467432860140335,3.6126073931089366,-2.079440674678545,1.7762342417222416,0.1637218669801725,0.8796612798490062,6.213539210060661,-0.2724477084619679,1.5348528658258678,0.244774140220165,-0.7713024402639734,-2.3153718588254977,-1.0597357487626953,-4.823156717397833,-1.2831701331463092,3.856699765839764,-1.0842448186532656,-1.2580366878961209,1.254371672057072,-0.1937524716208077,1.2790696925376128,0.2392364462718756,-0.7521756294109263,1.3773087659924157,-0.7496738200414045,0.7543692204949889,1.4841449882784798,1.5854348886747636,3.518402404202262,2.087560677500913,1.964847394030912,0.5162120638141254,3.6608224128785953,1.9374129379171217,1.9803892342036609,1.5204844310875278,1.3473423675751992,19
9.876463615143155,-46.793481697643706,-6.586741457274409,10.487629221050833,6.216844108577138,6.188927580152118,1.7254592612055055,-1.10440035534046,-1.69229222172737,3.4487919851485302,6.141631230638977,4.213401348959782,-4.656405605236937,2.0338649544592884,-2.645408967070835,-6.820782618315559,2.013719226137681,5.02207802121297,-4.66374949264401,4.201938611516768,-0.7049807856569075,1.7219557035660196,1.189477355741404,0.5820686820514898,5.312280349535068,2.14994713875092,-0.8351774629846054,-3.6389166275203504,-1.8673517900246213,-0.0166192693854867,-1.090418124108267,-2.102650234460919,-0.3887220879787974,1.6990557641319213,-0.5356020693113521,-0.7951988271561362,0.2792216605970511,-0.6314643374965793,2.7627960405446417,-0.3420351965674892,-1.1023338239955816,1.674777222790651,-1.2345182403941248,0.904155796658916,2.03001278784117,1.2738635086245116,3.8357904614366953,0.9518715151060628,1.0578753632684568,1.2644851792594949,3.329613300473641,1.7069053782210009,2.016575642721116,1.6627267242966453,1.5549022759822175,19
0.9155930631039086,-37.2980660761452,11.76150862749533,9.129971610633312,11.57086387137987,-3.2793893421609925,6.440404885860836,-4.764081426639585,-2.144584026695968,10.19204837574984,6.8021032588585975,5.634327164712824,-4.461603219653346,4.106251730216382,-3.1349036870122,-1.758361168981871,3.610490513908956,4.421641975175384,-4.68532088871241,5.226425865305881,3.559681033855118,-0.1852527436041845,1.743168560892532,-4.767149423656093,3.035413071571634,3.677790355386469,-6.718974349799142,-6.36451803692293,-2.845411272415243,4.609508509349388,2.906573635560549,1.742917821021538,0.639520560132141,-2.5840784877524423,-2.1713619917936406,3.3185854526451366,-2.476955004029161,0.2310917509521219,4.524002181571801,0.4298358162383737,2.0916167109351185,1.6132450840442518,0.9101032535839536,0.6644021349062839,1.5326543536594377,1.4832115995768151,2.012334022365278,-1.22513708628216,-1.3948605363093023,1.728622177593364,0.4954311334953098,-4.1104012549215465,-1.9958905617783893,1.7627874120370155,1.276918888364304,19
-7.020218686118729,-34.96589076469784,-15.12159824073203,-0.1041401462806599,-0.2729419285262207,10.507103285709055,-2.296197660601953,3.2546841682864085,-0.240016849956012,-4.519584129276324,4.528353925777614,-3.544257804554661,-1.8127923625198328,1.3192964156785711,0.1486814652172816,-7.303159679019245,1.4625846025334772,3.375658203489857,-2.8336737863254853,2.519353018669072,-2.045024327540473,0.6222823548859777,-0.0816751670264514,2.0812629235819493,4.360600621777008,-0.6961675166313459,2.620167819945377,3.097064502750136,1.23951077913621,-2.949167188752289,-1.9275794936998576,-3.7492239618784193,-1.454299712967712,4.711906149753503,-0.803463313046549,-1.82399228036045,2.499604813077496,-1.090155389312362,0.055080395251601,0.489751932355738,0.2821811848547104,2.217716369333984,-0.6226456119597601,0.3147201677177451,0.9255566198383294,-0.1662770658781781,3.806326976546859,1.811745281781654,1.7931456719473975,0.728003226412209,3.717800448207573,1.888864658348995,2.072521019405324,1.0611843899292035,0.6033408806471664,19
0.7067282462585501,-44.98392739566881,1.76262809633914,15.958878193856494,8.16247409667233,2.0675753356644324,6.093800168881812,-8.23892628232358,-1.4059502534712771,6.297983468297121,6.841693378052192,8.283446109173543,-2.311873831892395,5.245053829490209,-3.962975449956149,-4.19703559618189,3.1853555626406567,3.408398917310877,-3.12388519367792,6.013225111614184,2.4736644637427907,1.2001022675024546,1.9813139764009453,-1.329353757031532,2.241704523102189,3.0524302386430184,-3.885050734213552,-6.127848788933236,-2.23850833223464,2.956900511855565,-1.0427607828451688,0.4049033003356073,0.4244275182647107,-1.1139184344393935,0.6502878616397689,0.5778770323115606,-0.3773988337657042,-1.3923650979326745,4.16031353325714,0.3829742703333358,0.3818607582052895,2.1119772013787173,0.0691696221199071,1.3819402813034665,1.874827862419996,0.998726242818506,3.262338960494317,0.2441775007041279,-0.1602248216996512,1.3913026246087328,0.4449764418115093,-0.1402945278475609,-0.6924293191896874,1.0506955551317765,0.8403827700010181,19
-9.422001260092047,-38.30611393033158,-12.741678646801054,6.2693189024449,-0.0377194457263844,10.911233744093368,-0.8408123922241707,-0.2354271071740005,-0.0113728377651643,-1.7395413662038692,3.887702822710038,0.3365205150661917,-1.3719778924716464,1.798834445882692,-1.3076928240752312,-7.306387155020213,1.2184993098477532,3.412925754216231,-2.5793410523552143,2.948942911214202,-1.4368279770254069,0.8950316598217603,0.1972437152241999,2.7266000022942154,3.9085972140089984,0.9242220980255575,1.0471332664619857,0.2240857191266968,0.5440182757084014,-1.2798316108999253,-1.936683920077044,-1.764590048401423,-0.8176949034647397,3.181498364737508,0.2633286592483288,-1.3642762767332135,1.714222734781222,-1.202786416727767,1.6421231544082793,-0.9754444011618204,-0.5361237391023006,2.3639292907604186,-1.0819812212200586,0.4214747085960719,1.2303712878760673,1.0410833034922196,3.839167102025728,1.0059162907509762,1.273121452275129,1.1784884272790377,2.900376941999339,2.037055432037646,1.8108744309893088,0.8312378867350311,0.9026168326329852,19
-11.089650658427532,-41.7655526545602,-10.02939649311526,14.53381369779647,0.9333935822012308,11.263016421843666,2.5640491521131272,-7.535069097552578,0.1358552084080827,2.049589146894479,4.594870011622961,6.06195505498226,-0.994558734897522,3.706654142453656,-2.4540471594076885,-6.49818369725189,2.537212731523219,2.7762952844366,-1.7870903577937391,4.74908685796501,-0.713262088722106,1.743477786553964,0.2459437954427863,2.1315447933735823,1.3143356456080677,2.9400401702961574,0.0824706213479767,-3.2784776515151437,-0.8561992947689189,0.9166748024077376,-2.1177669859915698,0.2217177374959795,-0.8573507957361641,1.2237080638648477,1.586627142309147,-0.978100712747164,0.485362159607013,-1.0805389740171307,3.2687107030919367,-1.3828436926538,-0.8403139698457001,0.8286669696138038,-1.1196962246671998,0.7770689512908274,1.4792027559048555,1.7705434161767508,3.6243008125663274,0.5152814475507902,1.3397788224171376,1.813735881729118,1.5965944462005788,2.637109276336398,1.3440782124120414,1.3187349802246395,0.8300232594717712,19
-23.952943285867256,-31.36242146089449,-0.770230963532147,9.494327097668096,3.497145767673317,6.172651529773354,7.682958314767006,-12.652190172345543,2.022474194531505,4.764866465373848,4.203405833650448,8.197515837515143,0.1332621331455619,6.87949172117104,-2.365178319119092,-3.577975834899957,5.289154155397481,-0.4515459867416971,0.266241643748668,6.869202422644624,0.6919505847515021,1.152700504425788,-0.0566762712536665,-0.5874564815090132,-2.4451129434293604,1.684948238217383,0.6267583300460473,-4.7209816543338405,-0.332638726572963,2.7830308406406004,0.0036338528722941,-0.6274127678095904,-1.0029896217159278,0.2178454208691644,0.4998402516387175,-0.3681440049876193,0.7813642135103538,-0.9087867219080836,2.267712678117822,0.475347332651762,3.0878659330416487,-0.2433279973030717,0.0172515046155154,1.30448914522173,-0.6809812130039486,1.0990595908753846,1.8637705212561977,0.1861516590744865,1.285206107878162,0.8249135568010669,-1.9378983149992988,2.3035650063708903,-0.0669826718415432,1.1365261276308227,-0.4103322051470698,19
-25.5308161416368,-27.252832628520167,5.294657946045652,4.473723629080497,4.294658700849651,0.5086896671950989,7.873411404105443,-9.144087963059844,1.3272449736735925,4.8627939810413645,5.210893016496608,6.523784551522575,1.473995590513665,5.336323425503668,-2.869545811538165,-2.075049757463713,4.577272219911496,-0.9251541961030226,-0.2642600727731717,6.8388221321369125,1.5610277813582047,0.0466536477140928,-1.068079892367819,-2.439700509202147,0.1966473757451923,1.4307947774049388,-3.399446657095264,-6.466701777500269,0.104707313404369,3.292890229203316,0.4261676137908973,1.6456979671910763,1.1689113087606795,-0.7812560820426793,-0.2724389268045205,2.017040956279382,-1.0651167508867976,-3.3008232056539795,1.949622910815819,2.4286313421514505,6.455867642436954,0.7089359664513776,1.3821808880418045,1.2782982655438448,-1.036746791863986,0.7350112729056496,0.6573623378973313,0.7122065366159686,-0.9173312701539428,0.4638324688087198,-2.940221353501796,0.090830586361734,-3.12078511299396,0.2641909765773157,0.7613424075146041,19
-39.56176723968696,-12.726407139225996,4.4046150621816444,-10.263609613437144,-0.1736008926733779,-1.3097053028791763,1.2714723990037855,-1.1857301626945502,-0.0941233924684347,1.7199221714318236,-0.1510299120677298,0.4200760889152489,1.813115878222584,0.3012886882989347,-2.013293883184219,0.7019563813909685,1.4775250281039765,-2.39535717519158,0.7867719595982169,1.8208893036275091,-1.341543819485112,-0.6031060882278142,-1.9865806986666317,0.3893521007185045,0.939682789715632,-0.1067005132108579,-2.829160722722399,-2.453642423391901,0.9629888306780074,0.1060749164197632,1.3969521458097027,0.4382842026455619,0.9135816826088676,0.0409287409487464,-2.369399814987002,-0.1208800193899105,-2.4243347335515786,-0.6909234542051789,0.2906012821977937,0.75507191286473,3.0315925345832646,0.0663051645365359,0.2620919588162894,-0.866941084955272,-0.2751554610829818,-0.6339024636234707,-0.1724060707819469,0.5672136078719592,-1.9286242608580584,0.6529664355129865,-1.1406140186058344,-1.1306346577199966,-1.0651716763470482,-1.1413825248434848,0.06789839265367,19
-26.263460927414304,-29.549996868686797,-13.313854554685063,4.361056516910313,-2.664647244974986,15.523490512176515,-1.952124339913544,-3.822363422093269,2.3231621740494783,-0.2957892231163326,0.7844249636288133,-1.1168757329774537,-0.1153248868621208,1.398260884428096,1.3136072870132114,-7.398879615870545,2.0077187960557,2.568271030805007,0.0633205550354546,3.468061243753354,-1.0148767613522454,1.6227758855833363,-0.4205894730236862,3.0274633046915795,1.7575741194817107,4.03070694786065,1.3252228640878418,-0.2967667497219929,0.7745931634048714,-0.3347712151316427,-1.1642066976648526,1.506977813126754,-0.5502483425768958,3.816932217735253,0.5501706892796778,-0.8904819885234893,0.4949164051872368,-1.4844120602660955,2.1197621767268227,-1.0167034711988254,0.3228881183700188,1.8706719628386592,-1.031133738875979,-0.5001607207104101,1.528260862135293,1.827395588321202,1.3783918733432494,0.5750062652343115,1.4026779182919316,3.1942401908282108,2.365634138938125,1.4683945285718214,1.9190009763551483,0.9021956689172193,1.431516865495932,19
-32.2673187283125,-26.36850494845639,-8.04357116065493,5.873979078814316,-0.9838036505493448,13.449631831834251,2.877102608476837,-10.238065237870002,2.949764774604456,4.2078994436995965,-0.7807059745562428,3.3515611612579472,-0.0600240654101219,3.870581526866424,1.5924611692441288,-4.672101862033994,6.02210207072993,1.101500643208649,1.580250256114034,5.441377836691552,-1.0250304192041064,2.310563706434946,-0.3206273597493819,1.7270066062592588,-3.802474740361307,4.3734587256203135,2.9471377583568983,-2.004202154957768,0.2781016396604716,1.0017945695708537,0.3514272179336918,1.6493084090581536,-1.820474039972558,1.989842114307975,1.0468525449683166,-0.3049248897137133,0.3284376576678941,0.0817218238664392,1.453989047171041,-1.356866491289937,0.4585817958244409,-1.368795508372047,-0.4381342951028787,0.6199393272285939,-0.3670474434981033,3.0884986319968624,0.7996590673483789,1.3669654721695383,1.0731309656190922,3.737010218896865,0.6578646114049347,2.0990265694539154,1.567407281425093,2.52252317764619,0.3136439071366983,19
-38.56149339431047,-17.228598255775765,0.1431495029831655,-2.827373270988241,1.811156680538704,5.4709011820102775,7.811546192115213,-8.017930018222753,2.325261660315389,4.318524227933285,0.0925955097001439,3.62598338382466,1.7488435902654258,4.460631211154642,-1.6899833759353762,-2.101346559637395,6.407636807411445,-2.4984167098899324,1.713533289162268,4.881155976724789,-0.3796017726508764,0.7448964984470565,-1.465219798071863,-0.5381996649532775,-4.55796597799658,2.217966966200968,2.116609466317566,-3.6580686940245632,1.6179635784540465,-0.8860518539677482,1.5616543124787945,0.0307754069563242,0.1540666293007725,1.4916533011343185,-0.3110936621044487,-0.1613800994434663,2.924503273004393,2.2002103848696737,-0.0436470035766048,-0.3477247845930651,2.087685027691986,-0.8920701376677874,3.2436061548267747,1.821170689188716,-4.1275660618578165,-1.0511919957353404,-1.1953787750464149,2.268810708703733,0.7728534314523485,1.659262711714558,-3.304972677546835,1.951045721919153,-0.6754861073226881,3.2406084542451663,-0.3183903700393659,19
23.59261958570837,8.893276315293251,4.551942909134827,-5.404183090162633,-3.933909011300912,-0.0040847231526686,-0.1739564114407361,1.1578451637772833,-6.273284585822748,5.972632855904117,-1.993658683180325,4.297289964482316,0.550485507606586,5.469686473659559,1.2133515163068722,1.3281115113678157,-0.5868340170687177,3.2047473520428493,-0.0337815259463038,-2.6336828753558605,1.8625663392637888,-0.5998153579368853,-1.7058359407757162,-1.382879404728948,-2.174979992322027,-1.132893448087854,3.312283848176265,0.8949725510183096,0.0990408836516206,-0.5420446728773289,1.021688933028171,-0.6816255149237491,-0.481902388024528,-0.5996331673143072,0.085186917621216,1.8526042867351544,-0.7321928952113379,-0.050542889878428,2.6499631342813115,1.2933517697512398,0.6309887203488439,-1.7012571373299017,1.897945031532594,0.5739783852361603,-1.4505438338671737,1.926616404955568,0.0024285558499509,0.8583995112780988,-1.9306265171571728,-1.4743270804286737,0.8222544841694417,1.1903328261277135,0.1940977842211932,1.4994530154393375,-0.0768767997084729,35
17.427007336942037,6.963718448265249,12.68510696111471,-3.4814631596929235,-5.124725588036704,-0.1540666630005248,-0.0297955167473164,1.6085591344510264,-6.389249735704134,7.022117219908144,-1.466406777431785,7.022336049806197,0.5113041953935884,4.285223198386291,3.1236214926460306,2.2730446020807715,-0.0491094352173507,2.128501008838495,0.0562923121895512,-3.1137154741393887,1.733646308781614,-0.2962406452288795,-2.169039115115904,-2.9543010193467474,-1.4209406340439834,-1.188183865455292,2.5688793265648218,0.5613207033533366,-0.4297306598498811,-0.3718705494837866,1.934025063970442,-0.5558727989649399,-0.7306507288180646,-0.061417303240893,0.1315833259683565,1.6103025287637396,-0.5770883844609654,-0.8355801386131689,1.9104996317633955,1.0302986257345166,0.5076069690613593,-1.3458819062639906,1.6078999937274472,1.670120215451859,-1.0491333840080788,2.1691546699321007,-0.3241550249422495,0.915029437772488,-1.2993153291194786,-2.535396011963438,0.9866962031532048,1.3347175611919448,0.3504294206666212,1.286334492575977,-0.3915932417854061,35
0.3442977531329952,1.3884645306010095,19.47268539438352,-1.6224785922536715,-1.7168465813626754,0.1335288660762982,-2.834767681286835,-0.3735595965588193,-5.294594330738963,8.842762081332625,-2.230046434039663,9.41912109129997,-0.3650932225325582,1.768533712486206,0.8280541554114866,1.0268218201212882,-2.239127352015684,0.6097649284546602,1.9959061253945152,-0.54482691942136,2.1348782163587674,0.9039721718373092,-1.503596065339688,-3.1170250468650287,-0.072145238413829,-1.9347911150053196,-0.1457865768754686,1.9147761141572817,1.3221646113821894,0.4759376889287466,1.395516064472623,-1.141957872044815,-1.1723360840049584,-0.2944198042864773,-0.1227651924142208,1.9590496823910248,0.5367911286295738,-1.6286356161481987,-0.1609420230181254,0.8123172138912026,0.6112873604361663,-0.1781913976821032,1.561419827999717,1.3594606878278404,-2.0665244277809287,0.4210696216351443,0.0886964149148616,0.0762010089143052,0.3445860405195404,-1.7138370697733971,1.5223189201460738,1.160225812823795,1.3428541545098256,1.5165117390937135,1.8808639589582228,35
-42.498438636674535,-8.977366900724716,7.230543736075287,-10.67543278670504,0.3740745736990779,1.1056930412878312,1.6869699394567474,-1.4891961220782666,1.2331214347318362,2.0778084587064707,2.47917780725274,1.3036082981390482,0.0200815080794609,0.8675009748511425,0.8577813543726028,-1.9042936878044037,-0.9658666738834608,-1.4921605298867242,0.2437104817612243,0.7470179722106964,1.4809771969155074,-2.382315041382907,-0.2739701505357253,-0.3739044089424105,-0.1317832147490182,-0.3742082491918231,-0.8479980046523091,-0.7663390607088775,0.1692850894138282,2.184370697783034,-1.3265630438844696,-1.367208399441674,0.1953650472759265,1.0313894203264116,-0.0114730145460073,0.2541521715964692,0.3064739670580728,-1.545913583110215,-0.7409127247361729,-0.8714489477458233,2.7991077718460105,-1.1245932360480335,0.7927985140172488,1.369926658534299,-0.5440547647724989,0.9142060616567268,0.1277273206155515,-1.592631589418181,0.9471939432259432,-0.9965294809431426,0.4548330187158443,0.961740389151576,-0.2014005252656583,-0.3243291342584277,0.3055838264514379,35
26.9041193202294,11.453119455455129,-3.916620670934825,-7.653547915322721,-2.600455636658695,-1.0629684312149676,-0.658029024494676,1.4301410886675368,-6.73835808167757,5.60405138370033,-2.423195859370866,1.682630350871803,-1.371972655171933,5.121281075453876,0.929101252186438,-0.0506294854057976,-0.2994790872369073,3.3879920029320685,-0.8546402515140591,-2.5676862671028715,0.4849367819907527,-2.026913933805598,-1.8654810576229464,-0.3340034812987987,-3.374028128545212,-1.1589589188029354,3.4403830699387647,1.8530587057976555,0.3315598288078979,0.1231981464055768,-0.3505810574376536,-0.740092177653642,-1.7730060021092606,-1.073123370791029,-0.1205673062084349,2.305012311970449,-0.2872336398234254,0.8857331185476648,3.2231953662872583,1.3334209718508383,1.1869222314932986,-1.1599959696000313,2.1363258487878585,-0.8749964681145012,-1.8138486480679052,2.7124274230577656,1.0170848742724306,1.0299313321550372,-1.1629737047582271,-1.8448851868978384,0.4249099926515771,0.7882063578825277,-0.513264031969547,1.4463164198015197,-0.204570371396687,35
11.47201862431032,8.38281382569877,-8.367226533354861,-9.645410523590908,-0.8722540969360627,-0.7629645518831826,-1.5319525874816813,0.7186218126858611,-7.27520680564674,-0.1919304908282538,-3.252946027189792,-0.527206381801888,-2.108015292535024,6.243225078968312,-0.4191086768262494,-3.60809625025658,0.1474731704460794,2.8834161258291178,-0.6991951425338342,-0.0266499237252525,1.2500081198820143,-1.1121442215212152,-1.4625818683142238,2.3634640385694694,-1.5750989943496048,-3.0955478853397502,3.504209541479969,2.176326260760149,1.2583322592675887,0.2038647545383293,0.4557126967733484,0.6365896722334401,-0.4597184668155519,0.2886570002785051,-0.6956217080070042,2.2578594820023032,-0.5491327584511964,1.1641916812560826,2.4018793135436467,1.7627752969588468,1.9954372351452263,-0.1797918649175457,0.8864150119991041,-1.742161794297602,-2.4159691577402844,1.0333725267547238,1.2010133804878582,1.3044278395111142,-0.5739479513061493,0.0209549138754737,1.3013885085398695,0.1660842162211556,-0.3021186473304998,0.3230763649684228,0.5809677891773186,35
21.56597687418463,12.456073147984297,8.990442786628936,-3.641287311479543,-1.0137538605722456,0.380224279897808,-2.708897169338339,0.5216212068636111,-7.905580429573704,5.636002184787889,-3.2873407155883267,7.312473207522891,-1.6255717231736944,5.681490255065069,1.2297306044964562,0.315899081417487,-2.078008071240626,2.7622975003021755,0.7802801722401833,-0.1684542412869307,2.9427599075750543,0.8653806697904608,-2.204295518570578,-1.6669533978744535,-0.4391997043631096,-2.9852356089355325,2.563856161519943,2.55231688878048,0.6159380324962382,0.0843280349799271,2.197104496367265,0.1890178904122471,-0.7076580644932614,0.2093992042266468,0.6228545145716619,1.588755806509925,-0.3076474244200261,0.2224828892487627,1.6233866551266507,1.966164335796668,1.05792012722256,-0.517665262080209,1.6541416075142674,1.153325616506576,-2.626362285271046,1.751497130099461,0.356634036750058,-0.4314596618163865,-0.4817391966235142,-1.2991626623304058,1.6629072175181443,0.8453941550847861,0.7697748476784598,1.3785304942093517,1.405043873015266,35
24.20160201317017,15.940207669283652,0.6770716682265376,-5.283724413217128,-0.5380548314233567,-0.2000888033820132,-2.166502520672056,0.7721841888657147,-8.134571696736174,3.2813268933363227,-3.452314600119108,4.105973848044737,-1.9953817840082708,6.657253876021036,0.6841701539594484,-1.733964623317799,-1.954589844258016,3.305595703102132,0.0029096780904817,0.0859209476291354,2.6349674294283942,0.4127883462569883,-1.9903548266822464,-0.1908707158160053,-0.9211147208234391,-2.924257284399201,3.5341217637941824,2.5690669953396497,0.8164398014750968,-0.0328602729459367,1.5869408482047644,0.4126007385790836,-0.4434017655152656,-0.0737188999057013,0.2074471623976873,1.9409278749962111,-0.4237696307263302,0.9088647417311008,1.9865270718064711,1.9596280342131451,1.8173739886403024,-0.551140697950709,1.0187922058404602,-0.4902793123977714,-2.5527479033387843,1.3161806370238431,0.7406012012909025,0.2366380873458466,-1.0008497213177294,-0.361660231849912,1.5418327638771323,0.7080440781029903,0.5571012204238026,1.2146895927479129,1.2777363928350134,35
27.71226555049299,21.340252818344016,4.871376561195134,-3.127982034723415,-0.6191775108123054,-0.0226417563265584,-2.6592564953301654,0.7495165338921383,-8.523046490996567,5.06548955487568,-3.0320114031549963,6.359794031152059,-2.17869893564256,6.712994832628269,1.405631378016998,-0.8351443029029564,-2.821389523776669,3.2796723477870846,0.5762145929798622,0.1463519398878757,2.699105393662108,0.8097728092754002,-2.1599993854367923,-1.5113553258578594,-0.3459635702576831,-2.8700308313337657,3.539842422121868,3.004623962435552,0.8296032084405784,-0.2446906970118915,1.9525414725685248,0.245004755456105,-0.3016958446035953,-0.1747672205400673,0.6386742039582554,1.9755694041004184,-0.6076738040122873,0.72201236092608,1.8172559276556195,2.114216756920416,1.7415597058711472,-0.5136819344590822,1.2492255128330914,-0.0611651245658819,-2.7427410102843592,1.62897335250953,0.3645753795481538,-0.4151923024107009,-1.0312841676294973,-0.8707245593193177,1.2225446849401052,1.2070474700615177,0.8224274270090489,1.447422765472449,1.2944826904472946,35
18.412237371466084,18.77013943052664,-3.51866134062423,-7.692503311949768,-2.5270375307849777,-0.5814649220540198,-0.5484623623199993,0.5908156976109876,-6.593692727712592,4.764016850423007,-1.7139159553838004,1.7688657406451642,-0.4113716787958954,5.1652040446007454,-0.0673473175199631,0.2126856100034287,-0.589001757586693,3.01219969132304,0.3463039228349052,-1.9194436342296988,0.4933404397899412,-2.0009256524235224,-1.738603002557538,-0.4084696323225606,-1.4996178237616309,-1.3391867002286215,3.657881566440463,1.560633169292729,1.0250528913780528,-0.5935348646505699,0.3857748575335721,-0.7461073896558107,-0.5198792433068398,-0.9561264778850062,-0.0951254160944316,2.692359481227658,-0.6147575280837418,0.5034266333247351,3.228571076422097,1.629868660724231,1.1688387165134908,-1.3866835997260256,1.6463812082527975,-1.17090441608702,-2.0521370267504637,1.902183770428312,0.4635419741142611,0.655895029244878,-1.724002164772046,-0.8243223734145253,0.0242292712419088,0.6525617850943575,0.0021881308199664,0.9271432767482064,-0.1574134404716486,35
16.101961653520863,17.656088928195338,12.512009163050331,-2.392389354439853,-5.174087902862551,0.7462041474217812,-0.6702339894908262,1.5170962361882645,-6.505316520517515,7.217465100643465,-1.4463394843210282,6.994056016943354,0.2595698186753057,4.178114383449837,3.784547594155041,2.5024193655384352,-0.8246495137419705,2.354096029654661,0.7212737267367639,-2.369554322177639,1.9400896322821963,-0.4129022222584873,-2.0479231514121703,-3.4151518550930127,-0.2595867956664808,-0.9030531860944192,2.736721022949189,0.7705872575530033,-0.3540210919728853,-1.1928099716413323,2.129828606081733,-0.9071120299946656,-0.6906430284683694,-0.0330427465191469,0.27973038808118,2.0330191861289486,-0.7634950353243918,-0.8560364263857517,1.9325518333542175,1.2384550229862292,1.2044512771074682,-1.1104905316223763,1.4652183651094028,1.1273345918432205,-1.0255382532152124,2.079076061754839,-0.3561481008307645,0.4685494558739498,-1.3359671007173126,-2.841471451843791,0.3692056595578658,1.1199707154719547,0.2137649141578597,1.481523291303085,-0.2347213495590605,35
12.495855224814417,22.27179553673337,7.879299925498043,-3.4674945323597086,-4.043307298876893,0.5637033844719732,-0.762216018868773,1.2476646589902078,-6.09844901267797,6.208233325385277,-1.723898020206864,5.308095377539767,-0.0263182708894548,4.414734386148283,3.205464040763036,1.6287135641078752,-1.3149137930770467,2.2123833892849176,0.7009775963502125,-1.8559198626680649,1.4132210658950513,-0.5487524426901138,-1.6302074794185015,-2.8416624198474274,-0.1028446278771643,-0.5918231498820352,2.7245993777680546,1.2603913933485351,-0.0191440043620426,-1.543375405620941,1.9207682410089133,-0.8171040524615113,-0.015922805239844,-0.5818042995379439,0.3007976511143791,1.970548847448354,-0.8667779794345168,-0.4191566317386507,1.9117198640471689,1.3065458909722123,1.656738958119907,-0.7398052352570362,1.2212936007199948,0.1261896628912657,-1.153612757053911,1.8293335804387405,-0.203074294462646,0.0668826428920814,-1.8003812642423689,-2.2697794999033527,-0.3204289456392683,1.279483161801333,0.0416399142453196,1.4451053711310835,-0.1789361988519166,35
11.932128205183185,22.7587689622504,-0.6468479720457502,-6.632409705389476,-2.60409833971702,-0.4115586827628144,-0.4165545197022217,0.4558162722769671,-5.846224351095028,4.579400809961309,-1.5324679323223072,2.2941950687395383,-0.3489954233920708,4.562541486390646,0.851561603524978,0.7964613693518736,-0.9782365687220068,2.5684295888120614,0.7695421406388064,-1.7166877190079062,0.4544482406654956,-1.689403997233636,-1.5168344060609058,-1.1644643911423105,-0.7525408317327784,-0.9153492610588824,3.2992227215879995,1.4374793766985567,1.0011202314559726,-1.210846279113535,1.0895772068771497,-0.5787667042028394,-0.045319446041913,-0.8452236919133884,0.1329371933855015,2.214585978521188,-0.4462738210889956,0.1231224311251446,2.6328899931069283,1.4325670351802129,1.4181013331255268,-0.9471261682928728,1.2888009031073178,-1.1491531921560183,-1.5592299385693829,1.6489380987396869,0.2962461665854937,0.0305026035350864,-1.8279302167750544,-1.1113751759853334,-0.3455079994991129,0.9319123390583118,0.0389548333268686,1.1024035936909706,-0.2807869608373968,35
-1.3767045896215468,18.43032816446603,-8.79429094053269,-9.848714806803176,-0.1332521280031945,-1.6183053515750685,-0.646436010484635,-0.0120206947006942,-5.695911503198823,-0.3316017450893516,-1.5677191012563128,-1.0797300950770807,-2.185035869696366,5.463130115305031,-0.2243851057067301,-3.001829314865616,-0.4559401017887413,2.229539694949501,0.2583798500393527,0.290106775302576,0.4829170299208078,-1.6045340147045073,-1.3392529892232148,1.806393548484719,-0.2555692325445678,-2.624142120066536,3.643946612317489,1.7987257055090582,1.367684791213589,-0.4822839390133981,0.8523405551057639,0.6273246985109279,0.7738421631510576,0.611266068348408,-0.7034883947838445,2.2183713611131304,-0.4409431127292517,0.8840436907111179,1.828938619190985,1.19534505282467,1.6179599997877552,-0.0084294923224679,0.8767483581106906,-2.261435105500781,-1.6876590490635122,0.3065292947792278,0.8491457283076785,0.3373575485685018,-0.4651111164185426,0.207291343942331,0.49019150141761,0.3146895237219496,-0.2892677947066719,0.2694606401000727,0.4023864661587707,35
0.3184196573055339,19.570126156980304,3.300642518458539,-6.535092537131869,-2.796648222577708,0.4511512696910683,-0.3653593841340186,0.5940681714785734,-4.744746736747985,4.20672398789073,-1.891552966185271,2.9529910861948605,-0.261950119632316,3.776192296797741,1.9280750730344176,0.9915876079378264,-0.9919414776133988,1.795655233502582,0.9341955102050596,-1.3440559412824202,0.6887664423982222,-1.0376588216892035,-1.2901932990142564,-1.5818276899824233,0.0111538615582996,-0.5695286324350687,2.4322528240976227,1.2164175140393765,0.5855180187506842,-1.5013265018672752,1.8371271791836623,-0.3951118352470454,0.4284496486737384,-0.4675133943972411,0.1306528558405766,1.5459022326308325,-0.572807111884134,-0.1282094840604898,1.7861263963043037,1.222932890908316,1.5140549351910635,-0.4369640884174814,0.9668182261820076,-0.637707707709755,-1.0066420289540048,1.277722601731165,-0.0417194841744405,-0.3282339358056733,-1.7024509446793652,-1.2943586319325169,-0.6043078292410395,0.9043284200746388,-0.0967844633521031,1.0171548039560965,-0.1476640512652175,35
4.113179297920453,31.411071052452677,8.476374473335232,0.3321676324505105,-1.3630921241048468,2.425682055091673,-3.5183873377782016,0.9721993917418922,-5.2324597771136965,6.372999725227827,-1.1405218053393444,6.783732124316396,-1.4923170923865778,2.9255313105028287,3.310453566495641,0.9933363013580202,-3.2891346329057805,2.2173967641064745,3.099951692188156,0.6774407001838367,1.3814990387343749,0.3041572983777069,-1.9342319731905249,-3.480167439094008,2.232818045846031,-1.239275663344138,2.121023408075396,3.050236554993642,0.9698576665207514,-1.831360711109279,2.0255168519493485,0.2211683487880416,0.4539736396554708,-0.6279960844411457,0.4742499207797072,2.703052245285194,-1.2242561460737549,-0.1246198467603183,0.8548070494726197,1.7879626073441686,1.9707043214495537,0.3770120733730746,1.2204957346636476,0.0791718503886535,-1.8620470960656816,1.9158978071627644,-0.1653730116322606,-0.9295828111531368,-0.4737477760741392,-1.0039553162012476,-1.0125699860804696,1.1738069537010656,0.3127978470259506,1.2836972976016607,1.298943554966392,35
-8.980345748384702,21.316893275462604,14.808867104629762,0.5643477597389877,-1.9602868802470843,4.147190309073856,-4.788489396580496,1.5987359711594618,-3.097609404264574,7.459516660384597,-0.6533737585880941,7.393986489027898,-1.1904487589216268,0.3624989999091137,2.4474267289696985,1.0602190500325042,-2.6566095478867813,1.584221054150792,3.393511954002932,1.304612973212351,1.598364350743248,-0.1659350600287693,-1.858078792189042,-3.295719993187221,2.77210880555948,-0.3933080851157347,0.0793008510024336,2.7265871361022245,1.3167536337876022,-1.428875996470044,0.9070277122910247,-0.6847720350308323,-0.2776988054469884,-0.5389973579221727,0.1899270467974749,2.975220832795449,-0.0234460177621145,-0.8239093256943623,0.271221082437466,-0.1927239598423805,1.3879580984588782,0.1721429701430609,1.2641194847897208,1.310402611740684,-1.173313297464559,1.2487720658131316,-0.5519289613351889,-0.511229195628781,0.4451731574008163,-1.6221912332307982,-0.4129184777443553,0.5940950493819689,0.9180010858542692,1.652876381908646,1.278514050741965,35
-28.52577904244465,1.8737284435989503,17.96142889442202,-1.8375365068990808,-2.727828881088012,4.007046446100602,-1.9496539630139744,2.4762405182313776,-1.379527000661532,4.802667221117995,1.2013694614127088,3.1967086886057987,-1.8944548127666132,-0.2720628256788948,-0.222283846031617,-0.519699377920651,-1.5074455974917156,0.5957924836632684,-1.0211918022308266,0.0113102129755559,2.937165725682071,-1.4356602920038464,-0.0242486155841758,-1.428827997623218,0.946447946321677,0.4411335985710088,-0.7743497703296699,0.6363354946536887,1.6613055584093186,-0.2087285815458908,-0.1945295039716203,-1.3173832309419649,-0.3511609905098953,0.1445442346736745,-0.099326384082617,2.2910015390510394,0.216164710581873,-0.9966110474363882,-0.4426174682825958,-1.4920706616036623,0.5745285153783901,-0.9689640614990112,-0.0163835873003087,0.7133265291036818,-0.68352997353053,-0.4488041805002023,-0.7070782496706599,0.2238711366689829,1.1466929847901852,-1.1585778601524122,0.1676897143047796,-0.4261940870166485,1.3385481158035937,0.5636056165284932,0.074640247895292,35
2.762820587962388,31.42678782922102,-4.395346591131489,-4.996298048499964,0.2544542947184425,-0.7053091895813648,-0.9109041806495334,-0.0561404876478878,-5.723710875586597,1.912858798648479,-0.8355597069004657,1.736143897229874,-2.6762575714038146,5.180022584702547,1.4608999888528482,-1.1187786282612826,-2.287533789343843,2.439724770666486,1.7668280405548211,0.4713343826171707,0.5988623097233243,-1.08686359110435,-1.3005678423036324,-0.3757632513715525,0.5017963688395075,-2.2585351820581154,4.073550737167992,2.317067570044177,1.54618208772484,-1.3379520979718709,1.890109241752984,1.1895861660411051,1.1808933239223556,0.1841693421688619,-0.3400426946060618,2.14487762882455,-0.3609078331362962,0.6237132456736865,1.2829022152623004,1.7257721132793868,1.891311926241672,0.0455492304871857,0.726493344293977,-1.987899193810716,-1.5407021336527609,0.3572878701820203,0.7446322933724724,-0.7254469648498937,-0.7700928724741518,-0.1961617796935726,-0.4472399283569225,0.708623417555382,0.379213204374041,0.6215875963521714,0.8468964733955701,35
-6.538740101465401,33.55478521565618,0.6186568452210947,-0.401392081159141,-0.2762075638070032,1.8149587064507005,-1.7351111090195226,0.33152868478874,-3.5753695801083296,3.584220756774242,-0.5318830617412076,4.013694251986106,-2.237536168547446,3.286199277041415,3.0446301226819616,0.7705011741425659,-2.7161784829987345,1.8979943481365469,2.806168201539286,0.7020187024420331,0.407350329485128,-0.6126604523429133,-1.4883218735126913,-1.9975235724934093,1.7428955623235405,-1.1947584390914976,2.900090863360878,2.665953602616516,1.253278240636113,-1.7604874104911996,1.782258508469398,1.4434977511462712,1.3362927361358674,-0.3996719361529964,0.2808456296147404,2.171936209327362,-0.7995069091179995,0.8316747420600059,0.3715628562915652,1.785283578339733,1.845807264065215,0.5425072057641838,0.9482828090878204,-0.5721395010464179,-1.178702976780948,0.7787491281628188,-0.1086649225547534,-0.8671854548174301,-0.2929063210056612,-0.2266999573554347,-1.2632964642862792,0.6859557017978944,0.2924467047025525,0.6588213101940802,1.073761440926092,35
-16.34188436044022,25.41772373102625,-10.652945139255923,-7.534520142079584,1.280648307659533,-2.6593917478301137,0.8407485004687376,-3.4562776264450616,-4.29109592825382,1.3038652022244044,0.2487502233840614,-1.769233273417233,-1.5669473478997489,2.5607741265997315,-0.97172873584539,1.5205245942478445,-0.598700804141689,1.3879416684202053,1.113089792015857,-0.7087964486486709,0.1204532789630654,-2.495312746069154,-0.1774945535203453,0.4872171241424068,-0.5478305257636961,-0.6157818088394067,2.875430837159587,1.6429489031740074,0.7836544902066058,-0.8099657170091698,0.3052849743253499,0.2112268681737666,0.2182176405573408,0.2578454247366266,0.1617550669388593,2.7633565089270964,0.672706283738556,0.7903834310588163,1.640414821908237,0.5640504907101765,0.7035891085109041,0.2884412505693571,1.3301126373764898,-1.5140041464786405,-1.3053604832441896,0.664441032083386,1.7211285142249175,-1.0301068147251755,0.5951605791543494,-1.7130246686545554,-0.3058423582698116,-1.3384551314928366,-0.6003270157545234,0.9772013505314576,-0.475869201013023,35
-14.950420303699858,33.32600595326445,5.332157346621634,5.584743633941642,-4.441392830010391,4.5200309487392,-1.9772734255860385,3.522402281983176,-1.587414310769313,2.685091828591729,-2.0980384827559293,4.648716287182021,0.9178772773456256,1.7986296630084504,3.1156609157441824,3.099558320780573,0.722770722237254,0.4767870270198828,1.746601134010716,-0.3003959478292939,1.486816253825344,-0.5777914591379892,-1.1108154538173158,-2.396950287429036,3.593251536735381,1.9721915277296655,0.7709521076816077,1.2923329746393704,0.0063213601119024,-2.25392006056419,1.637639557877487,-1.9228081759959657,-0.2870604544020411,-0.8325786981467609,0.0507474722054397,2.482074920034032,-0.2943751599776942,1.3389172070086084,1.0677371314707105,-0.801931335628021,2.990944141346442,0.9406766036446942,0.4709331218564033,1.2380505045089507,-0.3002346116669607,1.6694010789927554,-1.6041560418018352,-0.404497660147083,-0.8110295099425745,-1.1045721417285734,-0.5306318796833092,0.0716962300963827,0.5194783712073345,0.4136386460153658,-0.6767616380487824,35
-14.482242026018614,35.94865772936501,-9.02182646001996,0.9937311388194128,0.3937951580125618,-1.8689599144062088,0.6518142326624772,-1.913956787176304,-3.189036050352255,2.103298562180093,-1.0334807519368936,0.5335610206667651,-0.3454214427793581,2.555620605959178,1.1076498443809557,2.587050721501745,-1.0935780492712617,1.359501172163681,1.0686538193719437,-0.696539488447344,0.5977263446052692,-1.402959495992736,-0.05233333506077,0.066685649393723,0.5694043722587498,0.9992782178250322,2.810970196650085,1.3899835149861774,0.8913482493456633,-1.247617353052574,0.4836264241703316,0.0254943493135462,0.5792528123410219,-1.1638156434973124,0.339146778852449,2.4803834557026367,0.4240800298408909,1.7520625020802847,0.9216835434431982,0.7283002669478892,1.709597455433821,0.7870989257203105,0.6846476048019356,-0.9104323637784462,-0.3901320503670729,0.9636186668382144,0.8367935041515431,-1.0660944329420914,-0.6941001624750605,-1.6706089784660507,-0.4719160187556038,-0.4728614132262438,-0.7306354848669864,1.3589253365092857,-0.3055715592585535,35
-18.82410094034455,38.376434237253775,-4.566467717614076,10.004923715770907,-1.2612478279190609,-0.3935481320699712,-1.341755151802334,3.176919224427132,-1.283707324641588,1.0072733288482048,-1.466078969074032,3.838739378078021,0.7305834063860244,2.203494871934562,1.6755768450431394,4.513795422396866,0.0873912617708003,0.2108929223058656,1.2823928483654996,0.169401458871268,1.757364949078472,0.217570359142973,-0.8824701908596619,-0.5875150261342118,2.953930862467125,2.531736616207224,1.196386873502319,1.4493445459300307,0.8768346096972511,-2.146248158352936,0.4828294256586923,-1.3994898174684385,-0.1810464797444034,-0.9898834688573752,0.3018501260191721,2.624336436864834,0.1117898007867786,2.1949924340755973,0.4936600153350546,-0.6524561473981363,1.4567148888029613,1.093106326108178,0.3901930505365809,0.6783725513942438,0.0931281997394391,0.7110286009147051,-0.3631641729081973,-0.6808219331376493,-0.0179240774838818,-1.463199317447824,-0.4766722832093061,-0.0780210849183011,0.0717641663406625,0.7234432623706369,-0.7060414042494128,35
-32.1925735820358,14.917997278651324,10.088682436048227,2.113684900917003,-4.127753377665181,7.469466716210229,-3.3129760246130626,6.588346431144482,1.273307832635864,1.5111879467545035,0.784935196998715,5.159100857268853,-0.6492155488977749,-0.2439897488098771,0.1522227177129006,2.889052485860408,0.8491667301202034,0.022842873092175,0.0110355361970621,1.2186801293418414,3.043058917841935,-1.474768305974485,-1.3076285213980174,-1.8987139424090824,3.157214663392596,0.9838655590923648,-0.0836510706931156,0.4942783348619572,1.1120182934997929,-1.1634038755117269,0.4664298876490478,-1.6513398963995305,-0.4381080739857904,-0.3819985087594374,-0.9828186691140904,1.7108557876286334,-0.0089100408877131,0.1857418092451213,0.2037243642107692,-1.0913012995935731,1.0836859159016885,-0.2406299776491876,-1.224578166603061,1.6070177194180142,-0.4180907857116113,0.365479097800683,-1.653008115144342,-0.7665321120317377,1.2117995245623736,-1.7466209224443163,0.5768586099003699,-1.8730339579047808,1.3465989900571846,0.1465216431644105,-0.1812379407758862,35
-24.02045559382239,26.68228390334199,-12.18672561446622,-1.3591524992663315,2.434035631312282,-7.151612681431447,1.187273156056993,-2.938104487930961,-2.782405053617768,-0.2282598841759694,0.9848732558690718,-1.387073755979242,-1.6079281218103605,2.17864435587917,0.3088980333006148,0.6689058839070597,-0.6112174015035047,1.7256694235726502,2.2817105452329125,0.4666739777831523,0.1277370647518621,-1.860136468859519,-0.327116762647803,1.2751498968489792,-0.0927565632228241,0.258487957844983,2.3160898405407293,1.1226823870995004,0.6893398830196632,0.2121106688780978,0.595994555015896,2.1663301280864635,1.6466988117380097,0.4351644694625416,0.930022069064166,2.9342247183227514,-1.1180008617744903,1.117937467709064,-0.0861096877423805,0.3104532832618283,-0.282654585157719,0.7118436997565573,0.9290138658910858,-1.876100741638844,-0.9116850274593968,-0.4060515364205737,1.546542368968538,-1.1218078368708069,1.843299819144188,-0.7542194912744361,-0.3644236863449485,-0.8842768706288958,-0.7384057041589028,0.9116042586477632,0.3511403549133109,35
-32.47102219487621,20.03614717671069,2.1476354255289336,6.038688655958993,-1.0949073805680167,2.0473050271026985,-3.3054858179613653,8.703923511011016,2.724933365610621,1.371175034185923,0.4970304972096018,5.774161567933304,-0.6080344802278765,0.3373021719990406,1.5662863809891812,4.905597991066815,0.1138594365792017,-0.0509347344043151,1.5926566142248857,3.2007872123826084,2.4093827363168647,-1.382365686191125,-2.0268140425790078,-2.2008436706159835,3.257146182818058,0.6942999570542896,0.7852423967373419,1.483123638341747,0.7123685184161476,-2.1672306707773354,-0.4422024069136529,-0.6871407132267123,-0.4431178297164849,-1.451214307002388,-0.3220956412195014,1.0008246821381566,0.5713446248700689,0.4489495776317913,0.0066406504053781,-0.1871812917640191,-0.4632024282109603,-0.0272693251465768,-0.3264554722386066,2.2552784472344576,-0.5847765250528495,0.6094857249086755,-0.7949633135250016,-0.8746771327349278,2.5230189986675766,-1.3076274302373023,1.0211559044193128,-2.2435366648036936,0.8269182966460124,-0.2581744914787695,-0.7805459817489536,35
-28.55608053331697,26.897414943284744,-10.76470630145203,5.156533927579386,2.297767191558028,-8.77623134910253,-0.1219957403763641,1.0814225369327808,-0.3884184800372259,0.4064543447751095,0.2680487334296973,0.6058347580052166,-0.1378577311962835,1.5880028430066715,0.9670583915497692,1.3813351168150363,-0.5536158509821351,0.7426328813078223,2.5462962663831377,1.6022581351698446,0.6776118831206609,-0.9188626449453142,-0.3847618492809194,1.2112944040516307,1.0736533678389184,2.046045428575143,0.90719025495647,1.14170197543018,1.486760880206683,-0.1519196399541492,-0.1949325995270931,1.77860383405394,1.5643736775855424,-0.9603251217992752,1.2233065170393085,1.8733502270660156,-0.3800790523470934,1.76487310331398,-0.6564329425211194,0.0874467286771733,-0.3548277607603142,1.1185586107934975,-0.0643301208249385,-1.0846874506872537,0.2187937302498685,-0.1205793553402982,0.943857841808973,-1.2847790941920816,1.5128144292196828,-0.7509186400669893,-0.175580311403323,0.0809996815749364,-0.626569510901577,0.7591462855832941,0.2552578625218095,35
-48.15171319211033,-8.258183795567241,3.0901428089546013,-15.001870357342485,-1.0655583390015726,0.8772611700861863,0.9066434353610316,-0.3845716444554543,0.5035721115260061,-0.6378920796472548,-2.7335524622481686,-1.2249241717679995,0.6086293896602459,0.6400129513050146,-0.2690981367685248,0.3125668293487469,1.3832862854385757,-0.4641838651247052,1.1221192725198312,-0.7311974767141413,-0.3028310318217126,-0.9225543588081192,-0.5389241830864223,0.9844345885377436,0.3078755911814603,-0.140391524009441,-0.1895654183462006,-0.0217600147129215,0.2855948956924936,-0.4549126294326203,1.76281589539351,0.4067635211722783,0.9778830947212056,0.2246585506910815,-0.2441130111572839,-0.7522766419615486,-0.0318766198475725,-0.2526413495733171,-0.0395231401627722,-0.5309279937006334,0.5188544737807678,0.5790406929615072,-0.3644042360381961,-0.043732967421252,0.3040887877226395,-0.2731337685945132,-0.098649132039432,-0.1722606970349496,-0.5629482578829547,0.3925680683044533,-0.4885208024654417,0.0154658774696686,-0.4368937238444633,0.2580018538653236,0.1513118624902404,35
-41.12030049054263,4.207867024485368,-0.0647671789411205,-2.747500669708302,1.0688843879664096,-2.0588161266287024,-1.0302205683190808,7.599222372593634,4.24273958235872,2.4775949579206085,-2.0912664008059605,2.444224009241648,0.9247611741141024,1.35356072079077,1.4978303307853096,2.448925197170541,-0.4170043906599407,-1.426156739680268,1.0720142455857142,2.5059924681293566,0.674446539300917,-2.489140486780032,-2.120682521735835,-0.9132496893185456,1.853138638601718,0.1967348496426605,0.7183842195030533,0.1334271230883929,-2.775983360332852,-1.9486577272875705,-2.8048023920944303,0.6351447742022085,-1.5214412988198678,0.5369403124843058,-0.5474730579217022,-0.9680106086058444,1.5360410389958603,-1.860801725857357,-0.1926339875496854,-0.7196895035897104,-0.9966463414599864,-1.033074575447896,0.5138369462820966,0.671773142339587,-1.8533172039842456,0.3181637047295865,-0.4614512962479766,-0.0918983703314073,1.0224689896059966,-1.4290493007237963,3.217590038898776,-1.567894353695669,-0.1980955878447441,-0.070746714964268,-0.0556299507952555,35
-43.42081260948601,-3.4050521430650247,3.3400406999783177,-9.157388975030528,-0.3698501968713049,1.6854817697213598,-0.719681522657099,3.9099720703073135,2.8941172408602696,1.1476964751458825,-2.670917542544738,1.694526967073864,0.3990663073957189,1.0744062033254105,0.8856915928479702,2.880952356452399,0.1690835432329817,-1.2941214019236789,1.0809056266658112,1.1682863383212234,-0.1270609797417973,-1.466070503148673,-1.8735010684071696,-0.5619714275672704,1.281683482112962,0.0051697978780573,-0.2608881015151645,0.4767775995940306,-1.118995986693407,-1.96741165157459,-1.6746209291864875,-0.2961983637396526,0.0117412184275013,0.305639592714573,-0.7244204270227275,-1.5630996286242054,1.1971419320425405,-1.7801841746573448,-0.1630484653765113,-1.0353425359271349,0.6179291217639266,-0.1071963473678336,0.9833845047433049,1.0508954211167956,-1.1895947433602787,0.0579819744806923,0.0640561695863786,0.5138111308784985,-0.4993272902387516,-0.7857680130173226,1.4392033918768816,-0.7224471561359965,0.1632175451922297,0.7445819292527308,0.1943211739725427,35
-43.383077778709655,-6.773881627514989,4.61313360985327,-11.666999924700924,-0.3574465351013651,1.9778479870689332,-0.0260432123993735,1.9023391241135457,1.5956446980330323,1.148814916411991,-0.9230587549604266,0.3578295391035775,0.091952696191891,0.6887288960780769,1.217724260721713,0.6205975876636557,-0.1431292795304976,-1.8240511640758643,0.4846816686118502,0.4224273975242692,-0.6157460704529868,-2.112703424005273,-1.0459826451080925,0.5741464400222294,0.2249604638765471,-0.3687823246538321,-0.6857769876493577,-0.1066929880988444,-0.4378952215592095,0.2934772534615785,-0.6531508996544704,-0.083047744125233,0.3258043561635523,0.82477596676442,-0.5543865194760016,-0.747058898228594,0.372619684275034,-1.8907782433454912,-0.1701595567347978,-1.2046004530423406,1.8484543016947568,-0.396943962805538,0.6952675389143552,0.2852428140348267,-1.1115489079126852,0.1468349734089586,0.1207718547954789,-0.226405155634382,-0.6739685002459255,-0.2880169722949971,0.455291605874332,-0.1398218294096337,-0.3254945683295944,0.657362711130791,0.5802325068934803,35
-39.26452547536591,10.27844027726834,-9.90343166970747,-1.199799673621481,3.722694828951659,-12.59881736029347,0.6471824160980876,1.7643741316794546,1.385398916845929,1.4598076242963798,-1.2379638521326313,-1.8927145358012107,2.9663945360157284,1.3472632712457502,0.7567547156380349,-2.921725655599632,0.1707773045803744,0.0071228107023888,2.5794138803871856,0.7585166890328044,-0.3983317955734294,-1.797144689712191,0.3893396559395335,2.429680420161712,0.4304787798634289,2.051630131821581,-0.006583238496651,-0.1934434612676551,-0.1213380927982386,1.8974407568869271,0.1974981040861083,2.611419794941229,0.64300132647264,-1.0672740261709557,2.563449368017477,0.6558385529628284,0.4748239338154089,0.8121440300106713,-1.4910110512290968,1.0086906494319536,-2.1255228757732283,0.2791084534787334,-0.4717778624254277,-0.6424538120342694,0.2526408606704462,0.5652732991143044,1.059142981979434,-1.8025160303144112,1.9274569309384293,-2.015630595396216,1.5606392933485984,-1.0215734154090117,-0.7349785644778405,1.7146754861144746,-0.8108284040372228,35
-43.99079989576361,-3.420367343704233,-1.0278984604821653,-9.19876759814539,0.8417671161437505,-4.126781187157828,0.9277930174629196,1.893347660673465,0.7633270931340669,1.241020844038726,-2.9177379009091773,-1.5063926029908177,2.206644990216947,1.4635255491077,-0.2616327385948736,-1.3248678062278552,0.7205710401102726,-0.0776749207659532,1.174134920896698,-0.4170681474882174,-0.9762409912570302,-1.34682971806549,-0.8028000946369186,1.7443545975112265,0.3249398687676553,0.6591471241189727,-0.0485226281153394,0.0051903951005342,-0.7128427565261454,0.4567741549058074,1.2944637947204725,1.217471077087452,-0.4533471612531899,-0.0990096611503144,1.8056074685937769,-0.3734847656003703,0.5148643736461047,-0.4039440606181536,-0.5641774759254912,1.144684170468326,-1.1462821666894298,-0.0042773512453063,-0.1305394184264255,-0.2917957671565745,-0.2012124751405913,0.2943083535810379,0.7466593712131385,-0.7266644603579278,0.5756598780071461,-0.8497094987908527,0.551153479803546,-0.4624625776589379,-0.4369217409513672,0.980734023067715,-0.4263719603845016,35
-43.39132927513632,-9.099505243749066,2.8387785519474784,-13.62225340262946,-1.144882418675715,0.6012489558448042,0.7209588405339626,-0.373494415733997,0.0201892379582308,-0.2044269479735054,-2.5614146857636766,-0.6314312196368412,0.6235084024459484,0.9533776563099092,-0.313662235887379,0.3368835305797025,1.3850568107695451,-0.3195765640485609,0.873273457778068,-1.0147824007976378,-0.3511708980391202,-1.0348063437490107,-0.6898667917506622,1.0161455263208203,0.0165544850192542,-0.2229242758980318,-0.108353947298678,0.2038972867906985,0.2980830863055693,-0.2431608119353921,1.6092738707237917,0.4173721032556027,0.7326845986724402,0.0829056359417653,-0.1996645792929418,-0.611176644884829,-0.2028283323429712,-0.1140653741339917,0.0860374263475093,-0.3965083483015423,0.439077916280464,0.5242561093493817,-0.1642294253196707,-0.0194335412731209,0.0082739560328038,-0.0413860318522726,-0.044712366918148,-0.043367649129516,-0.4998183911600149,0.3144083938213677,-0.3481737971898084,0.1430941724601216,-0.4116211343579831,0.1882406179492371,0.201927416777706,35
9.93044310346389,1.9992712501696448,7.919640661719911,-6.03146960868385,-1.0306365573788776,0.2837928777592808,-2.007165600375098,0.3431118503306318,-6.493673979601049,4.374318983142963,-3.732582021536388,5.568683750601794,-0.9361846436809486,4.94084941778382,0.6557566466992587,0.1952508969857802,-1.0022998839766997,2.115378488863345,0.4605464356674628,-0.5622515872792061,2.623031944417802,0.7274583605756673,-1.7130421260129438,-0.8327469485790538,-0.9813427742635944,-2.5604174933753714,1.7000705612210785,1.948874792762317,0.4252302355286775,0.2662134147174529,2.0396997151256246,0.4333641438621786,-0.5468200997593008,0.2103343651001487,0.0983783326902832,1.0461850821600824,-0.0888238711581515,0.1713304012346083,1.5621967513002022,1.3982814421986538,0.8387289662772024,-0.1999574849662627,1.388919026922142,1.1385225714287273,-2.1414330881626005,1.4080055349683598,0.4324384168856069,-0.0957452242576216,-0.4997585753439937,-0.9058924181180696,1.6597687292062195,0.722240210144471,0.4893954479912573,1.0986737649095943,1.4310316588597558,35
32.39363609856808,5.907251754347918,0.6596457465558621,-5.150013384931397,-0.583026551676998,-0.0367915019686727,-2.3816020128998336,1.1110146420580234,-8.935018114787825,3.502939164730269,-4.613889809819086,4.413657313538743,-1.854662504682163,7.33922808115157,0.4028982487228687,-2.100511775802702,-1.2024861662662432,3.764891454208688,-0.7262058705362562,-0.2712922164198563,3.25978110842914,0.597319449720035,-1.937334306867799,0.3721343125538783,-2.113928210104349,-3.413444383468649,3.242075191831011,2.570804977148775,0.6065697169523981,0.7093916160078693,1.5040996459640692,0.5804622828218284,-1.154006024208836,-0.0428403037960316,-0.2412546268586087,1.98043182965731,-0.2562735383461237,1.270247597291683,2.466069981534236,1.9752278878024796,1.880917961056104,-0.4905908923693968,1.424320511400374,0.1275529714526955,-2.7538509523455925,1.6491378726542112,0.9744384743334316,0.7917570615768625,-0.8801516787958437,-0.7607142484317663,2.207843098011783,0.6973687700303091,0.3298182612164758,1.2741301744312885,1.7046122732277296,35
28.800654969962704,0.4625097751582296,5.241355634896905,-4.743564185837915,-0.7495258182594966,0.1704391817180951,-2.2889733413469253,0.935779455532647,-8.52956248834671,4.494060880157434,-4.607728771022299,5.928861568427004,-1.3122051571234017,6.806368441227529,0.4261192269478637,-0.7682404810255766,-1.0240667593224535,3.381921398262376,-0.3818292004844142,-0.6110618153739409,3.432870177025747,0.8625875972828194,-1.8179064945356,-0.1892374374790375,-1.9934594173609013,-3.433024327326878,2.329292502475404,2.5590917771325907,0.5130068739461907,0.8499912133258933,1.910707955267184,0.730844192224204,-1.0653550270787957,0.2770127098445107,-0.193310191075471,1.5835964697691811,-0.1298185542413427,0.8435920739569176,2.433026377789545,1.8014891106266635,1.2876637470022312,-0.3113199967865703,1.684444054266627,1.1233670923248258,-2.744163717771674,1.790756915407561,0.8481139637994585,0.376334705854733,-0.6435430831058429,-0.9359073366067896,2.4515538761778566,0.7318812953133269,0.3933608459589934,1.0194462355712215,1.861479019957618,35
23.66920226126756,1.526887500308063,-3.5463692959047632,-8.597426057879538,-2.375550860169648,-0.7561622125841836,-0.451894484800295,1.73541514930465,-6.084456336871934,5.147301633963359,-2.1670303369233204,2.009763099952802,-1.2051401994223012,4.991978024967591,0.2852199333600228,-0.2285099153336915,0.4759112758185139,3.2453018511653307,-0.9340232441277072,-2.8543631465963006,0.2694508863089356,-1.911514222132032,-1.794331753754526,0.3620472223260346,-3.828390565989354,-1.6034366471007149,2.851473181762906,2.106418099839966,0.2831770978354407,0.704310366133333,-0.438919941327322,-0.4139223598900821,-1.7175993132145997,-0.9012671025217618,-0.4947361534913219,1.900362930969844,-0.4702649367867084,1.1633589967230746,3.0087100551668,1.1161758917875593,0.7425827805391076,-0.8389339149258596,2.1803631656743225,-0.423827180538468,-1.8410822423770208,2.617299807122994,1.1106561431452948,1.154946467917791,-1.0405234578685505,-1.7884188890674997,0.6033952256774769,1.068114855049168,-0.7366761930481134,1.0343559974210237,-0.0680030128795585,35
21.32540220346991,-3.596187974797108,12.7989729046328,-3.2438194480017644,-4.894561353775263,-0.935907200395501,0.6318842409523417,1.8688025766176195,-6.3177962589178,7.568269859227461,-1.6223183074755776,7.539582438559606,0.8009703049272029,4.807510545982657,2.8651616245525013,1.5535449550267542,0.3026331886861997,2.169793257294957,-0.4829534498777075,-3.741590363824777,1.5220035311207818,0.1316847893185717,-2.0573416993211526,-2.6945069920121787,-2.623312242230881,-1.224461615783145,2.211558146940964,0.8375169521146631,-0.4302337412184882,0.1763438130114533,1.5743438564640169,-0.1053346994732788,-0.7316156322130921,-0.2304914803703799,-0.2994590153019583,1.3487170882606123,-0.6402999407029143,-0.8463395924073561,2.215830074519088,0.8588695190970812,0.1622687738742679,-1.1845517743766705,1.663080377766548,1.8016584131491968,-1.1595385516048866,2.447039027967475,-0.1776486936263319,1.4535952117065671,-1.42725329138364,-2.0964855447817645,1.1534398746750365,1.864453423969632,0.0807871027260526,1.0244213943847629,-0.0776726629885825,35
30.686884746334897,-7.997528836900858,9.130722797471464,-3.557770912337487,-4.375972709230099,-1.215303906063025,0.7782313364790284,2.338766720901064,-6.54321672611177,7.660394403666887,-1.5098932035838026,6.990327874496747,0.6093403140622901,5.518619674681683,2.076436572612163,1.2653082948451022,0.7306448881391515,2.9471987496265983,-1.022113240382843,-4.176032006058285,1.1113708537387783,-0.1236529744041176,-1.9703050764495549,-1.852285295464737,-3.833031880979727,-1.5265805392292016,2.1074507766187427,1.3632150673949366,-0.4500698418943759,0.6689428980203911,0.852702982968336,0.2095574397941506,-0.7678683018156368,-0.2793990881190787,-0.3845847938229398,1.4076714441531564,-0.9436839856842948,-0.1296569684367,3.058558023663705,0.8513275733049812,0.1033085303096054,-0.9270070120294572,2.1760343751310582,1.6530960395303558,-1.5356844586906524,2.962799329873999,0.0521412665410889,1.876000229061144,-1.525076636649916,-1.9003373188312824,1.3741389221654567,1.9800539380317568,-0.3979165544831268,0.6543007010786437,0.0885983171714539,35
27.086773515045014,-2.9408439132651725,0.69931831162576,-7.326137286003025,-2.9457324095375754,-0.4832092914114449,0.0683044458637312,2.005779419752421,-6.052737134955361,5.990942568196911,-1.96100899656052,3.638908946670709,-0.5298551420378328,5.328066079837648,0.704660690513926,0.5795668943780969,0.7161895300102185,3.600916086544136,-0.880094877030663,-3.473305607681389,0.6618492351625582,-1.343344672125754,-1.8274238900117885,-0.1146669849227883,-4.05566604695224,-1.6426577931760944,2.5942778879109585,1.7746426612812856,-0.0193331243549253,0.7770030795138593,-0.0519273362530241,-0.077540337429977,-1.3800410993254677,-0.5196618908751625,-0.5505428267307545,1.6922738387668457,-0.6179868449642427,0.9582331789655482,3.248787522035099,0.9526844613452744,0.3524138957009874,-0.8411377717769076,2.3746609701714063,0.3329663266989802,-1.751923647453502,2.770646044613103,0.7261676355575261,1.2874349836194745,-1.222264764228709,-1.874203115354462,0.9465646432897176,1.3567180124575813,-0.6409178297504902,0.8473339073186347,0.0722227823493945,35
10.792568315194456,-6.093309684513773,-10.010715047398389,-11.561648842183075,-1.2150648614556911,-0.4300603537681745,-1.280273949359892,1.5941048534644489,-6.276404057058756,0.370367631354096,-2.6021501043801627,-0.4842872064848392,-2.040163363659816,5.626248135700948,-1.5175598192323674,-2.736396782073616,1.558111267808562,2.652558473379726,-1.590234824599296,-1.1704371123264754,-0.2453459111665905,-2.5476350656620754,-0.9158881150618884,3.285869530664476,-3.212994737122292,-3.502427801760006,2.2704769985151634,3.154924848512198,1.0406332646782703,1.5164888190014507,-0.7848481936282617,0.547342326732979,-1.2292522050532582,-0.3123638902779493,-0.8891276648051877,1.4737846615947363,-0.6322663070323838,1.8859371002871088,2.526710723784608,1.4899265763913343,1.6440929633420744,0.4932171443146451,1.7099810940030251,-1.1826821146827042,-2.8995042754599867,1.3917276614800895,1.8677537582990216,1.491432059236393,-0.7884825376387792,-0.6380803116228491,1.770505722138272,1.0957516370367677,-0.5944735392660424,0.07302645236121,-0.1038797416344373,35
25.09703457979638,-10.861178542442287,4.556642219666252,-6.082875009893167,-3.3285393829079,-0.9480402151260854,0.7524479830260943,2.3601035391851406,-5.537247133650571,6.3327550905477805,-1.671100873605135,5.160577831144352,0.285702196758728,5.326572659501859,0.8257351822440221,0.8440305825624036,1.1758456342568628,3.154339147690119,-1.0690291041436923,-3.930058840375791,0.5143391620217634,-0.7472166460560257,-1.67831337758995,-0.4665788082317244,-4.06079148488839,-1.6373246269149957,1.8272112416901751,1.736482922719565,-0.1863839138708664,0.859689831664013,0.4160058740236602,0.2059500924335646,-0.7647215314531726,-0.3107641369491771,-0.6200517436924271,1.1792909711073454,-0.8949600217770374,0.5924310876687114,3.116882561306092,0.6346010278275172,0.1457594299723581,-0.5981621729272562,2.2215042768275,1.0464104352042976,-1.6021722650798342,2.886959646485662,0.4173507412571385,1.6535804192725714,-1.2638656220205282,-1.5564994832246744,1.1624818110522075,1.8144767477001251,-0.8250369418998533,0.4096197547022159,0.1789723443989399,35
17.39778189761593,-21.62060842626375,10.095949715592653,-2.780429691496189,-1.1088954274157383,-2.921991435564492,-0.6021887022660487,1.041633511223551,-6.474893452977062,6.057868838932316,-3.53800471695854,8.314010755642272,1.0827280746306642,5.312753619903696,-0.1442751651121004,0.0609462337960685,0.7175614166956288,1.5817161007629474,-1.1926454092938548,-2.832905615734967,1.2908641673959835,0.8342705735691753,-0.996302748358048,-0.8429570339797305,-3.267371533062842,-2.583419923753798,-0.2926077762936548,3.2898428178236334,0.0773426355192288,1.758763640087709,1.7452310270342677,0.5839606666102427,-1.3874838130598597,-0.8704820617754608,-0.0349906816671371,0.7724000395668896,-0.9227143316445484,-0.1144356509746594,2.332205275343664,1.4720283847330315,0.7022247159708133,1.252517346082764,1.4126757618883443,1.8016009549497536,-2.6849593836414694,2.492090630817215,0.995307582363732,1.1129393873395417,-0.3834749764309507,-0.3881195562562943,1.9952034558833551,2.070609372809563,-0.5914541204028877,0.1412767496280645,1.630822365787468,35
1.5412792036832028,-19.83177657541456,15.426027444169527,-1.4533317370404548,-0.7351784483541585,-3.842814630632616,-0.358471384780852,-1.0351068566291768,-5.182210885854481,7.719130051830614,-2.8658497335931483,8.955879166117702,1.249456990284326,3.038099285423098,-0.4355654645406167,-0.5145183936886187,-0.9477949134073452,-0.0399661778752463,0.0722259060161808,-2.53226836622661,0.7508649337201533,1.40316948285246,-0.8904772782613126,-2.2175888717928145,-2.251516799831277,-1.6503767664898743,-1.0780728320573358,2.499637907998147,0.8676977051256743,2.380955586377043,1.342384487742588,-0.1709816208499751,-1.9059682627392984,-0.6216762192805456,0.5661078540579471,0.5882633548339359,-0.4798880531741193,-1.3682503734373483,0.0900153919542108,1.1873827251473985,-0.0030926584874884,0.5086080886379142,1.3119187496825897,0.93062056107003,-2.41903071179904,0.5262016316766567,0.779689172458861,0.2912399468612889,0.2813341576374201,-0.7355167581052993,1.7272701774709245,1.6595804145126458,0.0525988374749969,0.5310467888548489,1.65065079005765,35
-27.84596283943246,-14.824175570620314,16.64718839394986,-2.624010200031776,-0.7205642449660661,-3.9418882341214,3.150451509032121,-3.2695750749506947,-1.938105832494851,5.094310854350036,2.595839095303245,4.262975305326009,-1.211749302193696,1.2338033665843569,-0.5816313326924667,-1.285082332586292,-2.0824842820963947,-0.3235232100048276,-0.5917346922047106,-1.3002209787015009,1.3849216372129085,0.0721551249938568,-1.0839755240298037,-1.1808796039337364,-1.8592652810775256,0.2612381815104571,-0.8469402178955563,-0.8967035379215307,1.7373488967319264,2.590374672998919,0.4455493259107045,-1.2929333746725422,-0.3659253257227237,0.4295860510929469,1.3660670981479195,1.3252989447009431,-1.223962425102047,-1.8286755794434253,-1.0500162893790623,-0.8815334978854181,-0.1620440863732259,-0.8701315139406653,0.3757955871660975,0.0736524098157293,0.1546939179710266,-1.2741509320825832,-0.4286979043331339,0.5101264137311496,0.5422529313846013,-0.6088251763930139,1.7618573814411078,0.5638817330160251,-0.4717679587948534,0.7950183639799222,0.0056842571827547,35
22.67449191412843,-19.762842451792263,-4.222945908739247,-8.246264641985206,-1.0537883265114485,-0.2249023574739212,-0.9332886672776174,2.764529922130841,-6.74361542163417,2.0565770515051254,-3.1857860223958143,3.5960173082434848,-1.0988041210580803,6.651140863638566,-1.7253594668701555,-1.3610845686276285,2.0701112574453746,3.141881719813548,-2.2133804398615102,-2.301398905883444,0.3229078282761602,-1.52133830805212,-0.8706034284513577,2.8340039149620924,-4.121123309393697,-4.157363997887668,1.0136788842309763,3.4657700934437004,0.3448621262178475,2.0474738925135765,-0.0953531164788492,0.6870013528317619,-1.4841970414497383,-0.3518835713067181,-1.2482061768466106,0.7477467596940577,-0.6260353014252644,2.4244370623397207,3.004561767428888,1.0848440266692905,1.7006694405335443,0.8670971601987584,1.7617017696853643,0.2864987474808157,-3.011814604458032,2.3725905950996387,1.8368512783684896,2.1978122978897185,-0.759130820388031,-0.7609816659325838,2.42685685022493,1.899997203801771,-0.6274195191810122,-0.5558821697884855,0.6769393593333289,35
18.59341963904332,-31.35897927816041,2.595657324756155,-3.141687531228848,-0.1452536546024008,-2.9944618432840246,0.1620821937044081,2.8212305673737457,-5.804659894978762,3.7617632102066336,-3.422689937414312,7.130528398307178,0.7695609695949472,6.529827142283258,-1.5887528247171767,-0.2060677514013681,2.192086916157697,2.0224494070248915,-2.3904041921944867,-3.138412491379857,0.3115384472387741,0.0383732946606399,-0.4886951277116294,1.6972404088934372,-3.879664305470913,-3.0386997197824632,-1.074412237853269,3.743910401539881,-0.2701932730092704,2.222756482648144,0.9888788302667572,0.6945538071026216,-0.8991941461366099,-0.8422975834486613,-0.4063112270929546,0.0809241280484318,-1.1151776346272602,1.4893327933940266,2.682666510408361,1.0844651405198966,1.2928228736341765,1.0961564529174437,1.3120451187872435,1.2545632369088129,-2.957324219822883,2.990938301035277,1.4720262872115617,1.9907092046747548,-0.0919459018631234,-0.3663537952985944,2.62039188850898,2.065196873326065,-0.926842830292565,-0.8091669468247252,1.3725631484347176,35
0.5993842318330871,-24.11876568034811,-10.863388582826554,-10.701482706445434,-0.0073421201384773,1.5561773972330994,-2.0750101769882576,4.265430125333901,-3.277610224324499,0.7290031513269651,0.2121635063799174,1.1344493683526,-2.2286377251358047,4.525791502490931,-3.0975142201309644,-0.5815901301150731,2.03778202499923,1.3466777575550923,-2.2525064714953142,-1.8730014510096435,-1.4560650006612983,-2.4596026904577624,-1.3954814275915972,3.765234890226661,-3.36312917278601,-2.4072263990066185,1.7253814740652054,3.8508614354142954,1.7001098066038574,2.1982326998186976,-1.2208524292716811,-1.178969873878401,-0.799545012153468,0.2358263605201004,-1.163358681016448,0.6624675444700748,-1.7523044969374029,2.094489271986739,2.4929467442889988,0.5885093769878152,0.1791569286894452,-0.1587237988538352,1.7084581070884763,-0.3789713771918022,-3.4809345528854525,0.9899165273056464,0.8001507595807351,1.7918633531520154,-0.6263222472401688,0.229747007490519,1.2384222003292449,1.3160628928300555,-0.7197649443684379,-1.9683240946136067,0.5663863933467337,35
4.258954732745018,-35.45260366400651,8.145559162117648,1.8040291612154065,-1.077324084797786,-6.82546353416623,3.609150277214944,0.5221910663394231,-3.01068004897976,4.812877332506042,-0.3979406581654698,9.123919197724666,2.177038471934705,4.728066722901584,0.4626124680189035,0.3770936589607645,1.8600123504421893,0.1119859999637633,-1.0399404551612128,-5.084718275557174,-1.010268690713697,0.9527271335683208,-0.9384370980880046,-0.2293221539676177,-3.283175912442367,-0.4533702643098701,-0.8194424017497345,2.5988484705586807,-0.073105218968716,2.958727423695954,0.7673076934016145,0.821115671811735,-0.358020960773811,-1.0085255854390778,0.924197032870676,-0.5774185925686075,-1.41762914582357,-0.3693251215964176,0.8740224886987928,1.0918852612579066,-1.1983244195032328,0.3596261418593559,1.3561981278699922,0.7805501756255374,-1.5552114301861657,2.131746265551325,0.8179830611855179,1.8619718405101704,1.039165596107627,-0.4404446754030104,2.0144833978386885,0.866865762329327,-1.1575775264830386,-0.1800902791625303,0.7922982024250359,35
3.3866641545460654,-34.932105465544694,-6.234891518225298,-4.951912889503756,0.2088155600302367,-1.0150376917398425,-0.6096108347592398,4.799440175289523,-2.375577318203911,1.694842306757821,-0.6923602549546402,5.071792279275812,-0.1103301305273556,5.441593548272416,-2.698672463720523,-0.0649485449198852,2.4508233509395474,0.7762834279426246,-2.8822854609697663,-3.23265409756352,-1.7898297951991151,-0.9661849219497812,-1.5642564369841003,3.523294882773847,-2.9656620550804984,-1.7680901208129671,0.5222355443313537,3.5833160616466877,0.9175383251997604,2.121912131977492,-0.8820328917236021,-0.6153591130616937,-1.4158181728490409,-0.1119078386448249,-0.2573601570778061,-0.3161337623669222,-2.1070610972078474,2.294737248952732,2.092930676910568,-0.0030334972917409,-0.0550787877486998,-0.8499329920727853,0.7116588563590366,1.0529217891597134,-2.69335546404301,2.1714849755572803,0.5701809438495248,1.724655494289199,-0.0302165324730118,0.2073913612957575,1.6616222481754792,1.1534617957195776,-0.4022995100716814,-1.8810699588829505,0.8075934164089296,35
-0.8862736352939059,-40.80014305258747,-2.0255453588581283,3.7372367739557633,-0.005694421998668,-3.866452159612565,1.7523392792078964,1.7324458642982583,-1.9499261184252168,1.699887145187047,-0.3067044190894422,8.482110769740803,1.098296921379502,4.7795186577176665,-2.0781513282891884,1.6384868111877746,3.247258986565296,-0.9674643417893632,-3.018607271920565,-4.209335450190755,-1.9194048384647369,0.3835767248298453,-1.433610511018942,2.851655507679597,-3.0072077399848944,-0.5357382156896785,0.1951674870247994,3.4535731021188334,1.0984993511241952,3.0638469191590696,-0.0993931161764103,0.1081945330751811,-0.4156397341166978,-0.4606128403727773,0.3338694736092358,-1.047621391014388,-2.2575701377948683,1.2556865050180006,0.5816157397762326,-0.4979210612406631,-1.578798682342955,-0.2047626152045301,0.4969580852209467,1.0992386168923114,-2.1944046511509425,1.970154414842676,0.6036083040553599,1.1572064304128669,0.5828198861508797,0.0255245840551404,1.7841314136586253,0.1389429618857185,-0.5851074162324738,-1.4906545832531986,0.5704492038543185,35
-17.558960647963,-28.767474813527105,11.102524561279594,2.9656281482743374,-0.600868154661531,-7.709289217063604,5.529264890181286,-5.267121082583535,-2.18995212638179,3.9281238952187607,2.816165654657698,7.9318388757631,0.8637356257295332,2.144961433818308,-0.4166175322652714,0.9895965743183336,-0.7168927115619345,-1.3352763646803458,-0.1537755940032679,-3.5645695208801405,0.3881797460748917,1.4106780741520442,-2.144744201569813,-1.2269639629964255,-2.5854590204481385,-0.4980437320646273,-0.6302758875711644,0.7590838962286082,0.9632378072953424,3.7003110312740537,-0.1674770813865518,0.0067430375513697,-0.6258534971786217,0.0483515688344191,1.7552768808618426,-0.3441133231281784,-0.9725824802764358,-1.4016672045710132,-1.464788952488948,0.4993225995489799,-1.6704900154809772,0.358965308310571,1.4199980737980036,0.3166975024573549,0.4988807304532099,-0.132342525130186,0.1090138257190009,0.9441353605013856,1.078421003731186,-0.631844054457126,2.1891680125024893,0.784371786980933,-0.8698976433382986,0.1947275053370036,1.138248850376983,35
-10.216292113342435,-31.89242128959728,-10.81841728760669,-5.513226190890898,-0.8076156225480247,4.254887473926558,-2.674462437740589,5.852611499317908,-1.1538509242111374,-1.5009412921144842,-0.4420304320969422,2.0645442101664644,-1.3265489181028995,4.113941174904015,-3.764816183631353,-0.7947339556539309,3.11268211821998,-0.293921730330532,-3.4521742596386464,-2.2762646939098907,-2.4570660539554163,-2.3099897676676724,-1.024513811179891,4.713020514782625,-1.5132411452026286,-0.5345075810204543,-0.1619237084387441,3.949873269426893,1.9809586047892016,1.9851678804708783,-1.5580802816913046,-1.275314775520359,-1.6725638415955455,-0.0848142285480396,0.135815897567655,-0.642298709034152,-1.7798870142493155,3.065150540793924,1.9259077856350992,0.2142732129769677,0.3584003094579704,0.508028265990856,0.3994633379636604,0.6852064894608028,-3.567281130299686,1.1721520348661625,0.5479963264281549,0.8720080107969196,0.0862713364138239,0.4244327670059695,1.8832884507165133,0.953341435742018,0.3752480730964182,-1.9502381785090264,0.627860363849475,35
-15.515169601345036,-35.4795906896281,2.2252812999578446,7.612460196017136,0.1578178682496052,-4.518013544721842,4.579838669880443,-5.87173343155122,-2.2651982919161147,1.317395240694196,-0.0094613795600724,9.378100925514616,0.3942180438327938,3.326588440758107,-1.3427020036602568,3.679558565905991,1.758729179784394,-2.522350326851936,-2.4024148814448982,-3.971315229244743,-0.8067154585341777,1.504402159728727,-2.26337075457206,-0.2431828719458608,-3.364976899114038,-0.8424990938168734,-0.7079778553230633,2.6672885350079736,0.4198476476505771,3.9620864313089377,-0.4705036340507974,-0.4050993180037751,-1.2842778445012333,-1.0973688862339277,1.416898915019754,-0.4327598024306137,-1.299499233614243,0.4968808593128218,-1.0831428079575542,-0.1859217214155957,-2.172720323227308,0.8114174759320661,1.3246123004197403,0.6206153190939745,-0.8856611166796738,0.0315036652907115,1.2057794740059538,0.1428225497255005,0.9758142486657948,-0.2261939637269695,1.427630796525127,-0.5028677498756349,-0.9431233467135844,-1.4454207884704862,0.2680705365733655,35
-14.942287746145144,-34.39156718583428,-8.410072774070189,1.1574637402274597,-1.361953207450379,3.467427626964051,-1.4157395925270364,2.238815215388763,-0.9105154834749276,-1.5315884733711924,-1.083376709068321,4.675536331715024,-0.0858499133654921,3.23929631054456,-3.221238741828075,0.6345761939411956,3.980518703528576,-1.7126303288745923,-3.800487947762565,-2.8065464647054563,-2.9175818103365074,-1.5212579078222963,-1.2594254464397834,4.793195596260392,-1.1054376664851109,-0.1306437554088777,-0.5638105258815138,3.4494047561915515,1.7864585655286624,2.69160010579793,-1.1322459547377417,0.1090274610129026,-0.8291261180105994,-0.5002483514093811,0.6447676781279091,-1.3676874983652,-2.5494157395262955,2.881560524680247,0.6349827935878143,-1.3516352530191575,-0.7168141380762998,0.4484751733964529,0.1074658942115405,0.922358165328124,-2.650693524854089,1.673853674954891,0.6885020180451987,0.1526059929504715,0.4016306036352576,0.4512325969432674,1.6641805936532497,0.4234205435621175,0.480016419090559,-1.7916811112523348,0.3537102555201979,35
-20.419479774961328,-34.76389917863876,-6.1661847160913466,7.58063470930497,-1.5125676220348945,3.086520891420183,1.9092805417378231,-4.635341565523865,-0.8148094634923204,-0.7812598333839188,-1.4228353600311805,7.316022128693406,-0.1878751221675537,2.6989465364678957,-1.779938906953208,2.6023510231616744,4.373728710643997,-3.5874698758033743,-4.848039511160203,-3.2256134234163683,-3.24677731575803,-0.3640262736983621,-2.1654774896626017,2.991907175358578,-1.7034424157721355,0.0360636510578699,-0.1172741898419231,2.825839058876295,1.2369126243281534,3.315289495542016,-0.8801820278006124,0.2960639469536513,-1.6721880837172989,-1.154119789423598,1.3303457199294082,-1.0461375172791214,-2.6522929881885293,3.373196921247916,-0.8745326081416506,-1.8339805726352207,-2.15268131379668,0.1847271982391027,0.3865040412185321,0.3692983697386323,-1.9591681236131848,1.407758331065553,0.8667021604049994,-0.2879756063831332,0.7475099641671071,0.3731522507097636,0.5988084649336756,-0.5853536543834512,0.2824887243645851,-1.6967530966769984,-0.3060587879162239,35
-33.24503342593768,-24.25072741763865,-0.7799920105388102,1.7808846502929787,-0.5004851441094402,2.2464403106088198,4.776272732109847,-8.514229413239534,0.1685645266353581,0.5558942733807982,-1.9298052284569331,5.564049796045348,-0.0542878368474055,2.6201910752458915,0.0418263076837705,2.8722155299848757,2.8494617481579576,-3.0384551715896038,-2.75956661656787,-1.6913567927296864,-1.1382806966614067,-0.1295214860350245,-2.401347485709154,-0.3622564407558249,-2.527507855851279,-0.8933251574335371,1.246480919814251,-0.2535281231928505,-0.5777536372651496,3.10929593470472,0.4568302463077242,-0.7706412489529679,-1.685798344308195,-1.6578772691848045,0.3095925185269589,-0.0133832865755302,-1.0178231591018356,2.7802931198679226,-2.168226484339888,0.4167154731775679,-1.6504026592621428,-0.2804734588085715,1.049953616025556,0.8535926100033773,0.0502024278188454,-0.7286275667504895,0.7960644088567725,-1.2276196515642392,0.3887841652266901,-0.3531042191917264,0.1179048162720516,0.7651735165582241,-0.1311640960440072,-0.4990471797335342,-0.9698615176584526,35
-36.65875061987374,-19.888926521339386,3.1822891727935403,-2.4769762747014665,0.3536788481284901,-0.5279428195675617,5.529888444060463,-8.639168722560623,0.6750673427406276,1.5709571878318105,-0.619909184155411,5.237927199771176,0.7222519511986564,2.9505605147329383,-0.7315586680593865,2.485519505946964,1.703828546325402,-2.696085872114665,-0.969633815967138,-0.0971603929860859,-0.2841198957419125,0.3155573010366331,-3.0931027129015485,-1.55558674646419,-2.659683114895297,-1.019727178472043,0.1333140689831903,-2.5666148342798447,-0.7330262494487473,3.7556534931866175,0.56153422247485,-1.8893989780759797,-0.620890454257575,-1.1717880069606028,-0.7248101299705889,0.9763841844550984,-0.4012158422213476,0.6092425584369855,-1.8326430442957031,1.4867019592247002,0.4559187390812534,-0.2072546053059842,1.6087228717992543,1.280363555398062,0.5996419126237803,-1.769218951983052,1.2195631398005744,-1.1559779835652737,0.817031013112398,-0.9492916057398924,0.3639978053034917,3.0108931001807626,0.1575310334396249,-1.1034418152192882,-0.2724450482126371,35
-42.12937201240471,-12.441744687774085,5.549303412109925,-9.704740652681595,0.4154961939123737,-0.937092670232341,3.578218520245408,-4.537374357771647,0.7438129537925501,1.3108079843156717,0.002305216291501,2.0865262572196994,0.594997876470901,2.018904654887346,-0.4917635536478899,0.3604428630433794,1.413535684657344,-2.078199833094583,0.4800919191277097,0.7197436170528604,0.6253945886060696,-0.9023399680023778,-1.042944310791028,-0.4107401893845013,-1.396629676977981,-0.6092325781575337,-0.4969399450574142,-1.8772385899826145,0.3668131419409501,2.1062798844864936,0.1683624856206085,-1.777356490858533,0.1994405235083533,0.3470414390896717,-0.6584955140325122,0.2949660245948036,0.3107694691755951,-0.6923428323109355,-1.1330152406413292,0.9522128337869696,2.2281942467648785,-0.0168257538665492,0.985776364304448,0.7334170382942019,-0.2963523956778692,-0.898355835879511,0.2983503681617809,-0.588117237995363,0.7754990715760594,-0.5447932262571059,-0.4153579395048766,1.932226957714822,0.4529923874269118,-0.377829380239359,0.0143989138771884,35
-29.8449154078464,-27.67996317136313,-11.65324962270216,1.959399208183248,-3.301008301541451,11.20665708173426,-3.0886232613695346,-2.4830555943736154,0.3642807535846449,-1.6447380611795397,-2.53076562321348,1.3146075575841576,0.9689940537237208,0.7798907324156221,-0.8271336693488934,-1.3616352133748604,4.308626449585913,-2.666297496862158,-4.161825487003402,-1.4177800844186548,-3.807490039166095,-3.462324209701609,-1.888418791657494,5.457761679190534,2.886182999565433,0.651497545728862,-1.3422783407938292,1.9624448219489468,1.7478330967998144,2.4943415611940245,-1.5586876566247554,1.944511488392484,-1.6503452279736663,-0.8364483865772708,1.649109694105608,-0.2743824026059909,-3.9138216419067375,4.971345861416935,0.0463606642187607,-1.612028542852879,-1.7411361799480325,-0.3018595926565604,1.2397607576874266,1.6844290097355077,-1.9651269268493103,1.946179794935708,-0.8134101137221429,0.3143351358844905,0.066378560654179,2.0033935180918063,0.9548456792550012,0.2698167080902521,0.6200867491944998,-2.468325835711316,0.1899489356741836,35
-37.28501044796739,-21.115964870963676,-5.403101170129252,-0.7622536554618772,-1.9001538150224448,8.370848735890785,1.1912777364124905,-6.441975868075437,1.157839587162886,0.9714185994393209,-3.736632387668084,1.8179023606501965,0.7915214734987432,1.719277896389772,0.913716757376122,-0.2831790186436786,5.164228332806537,-1.842510238089348,-1.896921783839916,0.7280241417992344,-2.7273262776104463,-2.347180402451847,-1.1995043131957956,3.079647366986362,-0.8966150376696765,0.2030794738985375,1.3725213717447216,0.1567437945537247,0.4691664604577273,1.6817558166472035,0.5131652698844812,1.1234269228211011,-1.3593645880095373,-0.9199137453377754,1.1564345022102505,0.4423905666290074,-2.479250789841331,4.023032177176902,-1.0684133945148353,-0.4217749673447828,-1.2094147528961063,-1.4671105739028765,1.2707367353616663,1.8470132372565533,-1.6365152878710216,0.72739069885433,-1.430154606526134,1.2301504426002394,0.3555414202344815,2.3644973477661697,-0.0471930406837301,1.0423659506353369,0.944919946863386,-0.3858635079375257,-0.6165774877989895,35
-43.80642026602609,-11.807668195335529,1.3366205512332252,-9.833528963085476,-1.2955219056227616,2.740994482944868,2.572808573809138,-3.2217662518346835,0.9051839036396854,0.4908867930820478,-3.16327027470792,0.1464486557132076,0.1972558583541689,1.7178559869424723,0.0926912801234129,0.1811597862241951,2.8486016788259785,-0.7572954413032541,0.5476733394612902,0.5342691830121498,-1.683086854144871,-1.5586602886816316,-1.2158937105246257,0.9212217889122224,-0.7810577649826125,0.3815138548200585,1.100362508135573,-0.6494008047135332,0.3954402680236981,-0.084489282744406,1.9307734754732,0.9847925254333862,0.2625700055213527,-0.2641773153215142,0.2277573059635039,0.1360413669996053,-0.2163244409630148,0.9633664522863438,-0.2876530624951217,-0.0464579792511979,0.1995748443946239,0.2776558382138183,0.1420902294509586,0.7618764092520175,-0.8548848635779104,-0.3094596869635227,-1.0766368241798392,0.9340748211141462,-1.058125397186593,0.4536322488002889,-0.1881662717563329,0.3349146030157202,-0.2987049768553322,0.4048712525749684,-0.0323436006458001,35
