PC_1,PC_2,PC_3,PC_4,PC_5,PC_6,PC_7,PC_8,PC_9,PC_10,PC_11,PC_12,PC_13,PC_14,PC_15,PC_16,PC_17,PC_18,PC_19,PC_20,PC_21,PC_22,PC_23,PC_24,PC_25,PC_26,PC_27,PC_28,PC_29,PC_30,PC_31,PC_32,PC_33,PC_34,PC_35,PC_36,PC_37,PC_38,PC_39,PC_40,PC_41,PC_42,PC_43,PC_44,PC_45,PC_46,PC_47,PC_48,PC_49,PC_50,PC_51,PC_52,PC_53,PC_54,PC_55,id
35.7224241051531,7.122092488746842,1.4556974664723492,-1.7568853470283363,3.622408043943644,1.860577876020579,0.9182661495585938,0.7949352387821006,1.1887189564501714,1.32069089810094,-2.4889166642654525,4.819319077297765,0.9782908562335756,4.257289640425293,2.6281605328219078,2.3925886727041963,0.2816423549257588,1.7993416780840998,0.6944998953652837,0.5918542908400932,-1.7851397269461695,-3.153883510975035,0.1024021081437174,1.817866834273666,0.09602342647138,2.6879114652752354,-0.8921981912041018,-2.225919927657433,1.863326438598938,-0.116834905568791,-0.6843209288829437,2.295546067960955,-1.422662118230301,-0.7469908999820536,1.620354966361135,1.2725466419031517,-0.5605478522090005,-2.5253344734267555,-2.922735150020997,-2.3024304017660704,0.6593323265086021,-0.9317297547599236,0.8699815518653323,0.4138540173781473,-1.246169450776271,-1.4206998818415686,1.5139387502761712,-0.4328010322370177,1.5301555792880464,-1.028816571370477,1.0540962140464123,0.1268125529562524,1.646396198176481,-2.036435317375343,1.548977004958875,0
36.62580512230255,6.70970379100324,12.87820778336368,2.595567918655675,3.816778444553474,1.465874942926089,1.3500590809538626,1.6436163875898664,-0.7422763824400274,-2.566529154948304,-4.550161764012926,4.085379351100781,0.1308411227653189,4.239492853055245,4.709655540444182,1.1339460259191083,2.6514564264987146,0.6074851267435387,-0.7892746030587051,1.1882874991867822,-1.906449448806424,-1.6834216520988974,0.7449393556877473,4.100573655755345,0.5876692841342047,2.307203551575008,-0.8929507124502336,-2.903728104133481,0.3760626941139772,-0.0502354460738673,-0.1042697491951554,4.566276274979794,-0.1676851130572166,-0.1142371476723766,1.9493809264921045,0.4903323413652686,-1.9470200453950133,-2.806291398108016,-3.497325185761929,-1.595730494732951,0.4765644742650068,1.155509741969329,0.303363092202761,0.2611059338195531,-1.6668114881619704,-2.3541924198400377,1.205649193464646,-1.8426319346264497,1.4987454490711554,-1.0925205946149403,2.542924116757393,0.3364604314715374,2.729927538656737,-1.2948076840125573,2.2509710215404906,0
28.18366582576573,3.581946337806463,26.412843421228786,8.37956726253048,3.8919614833449407,1.067438792938511,3.086569470456319,2.59403283180861,-1.1683836747753595,-4.217166949291961,-3.224156362846084,-0.90642372150729,1.409994429862408,1.2199297958214292,5.012117126746089,2.613724084631213,6.150728519530543,0.0201094586798358,-2.836029169578226,-0.9523355636777776,-3.8484110515026417,-0.6258146030447244,1.9323614430139195,3.347466416762383,1.957814513781987,1.1261931483859702,-0.3507809555956402,-3.56541762272995,-1.3167862506656818,0.8232405520826089,0.8141379239318337,3.76477439313917,0.4535148388802963,-1.44547193189203,2.058054768100295,1.040913011448915,-2.4080538761300025,-3.637649060476317,-1.805570442845876,-0.7056984956370047,-1.3753454878960325,3.28598346480656,-0.7465171687853546,0.1313991592447285,-1.2895410537528058,-2.115728902016829,0.7237786268712996,-1.1248522935083742,0.7370625699472453,0.819540972917338,1.8505316162775955,0.3445004443660324,4.032635486126597,-0.4962834449713432,0.3112349478608579,0
-38.62180765890729,-7.748907517541445,11.14297869929461,-7.660463928854292,-1.3080129104172669,1.8737859214447825,0.9823339634590308,1.360497514696874,-0.0984504190308829,2.439918112845513,5.409957956698663,1.3876999458364023,-4.057676996635309,0.9732706378646252,0.1168268661424346,-3.3587263016112074,-1.1972830970667312,0.4893344201126365,0.4014287007752652,-1.6284267137014063,2.947173054429012,-1.6712979690524497,-0.043047907065682,0.1844191506137415,2.9374334893319047,-1.7686843059989503,0.1204402479787568,-1.5506324129330538,2.377251165081123,1.9808558410256505,-0.7886632948124297,0.5548012686896536,-0.8025469719317235,-1.1568472984724487,1.2567898247250826,1.2553442667236714,-2.7456321664164123,0.5718711177110555,-0.6685430481309176,0.5164696929370487,0.3302341956918735,-1.9812626821170696,-1.984191809814838,-1.0444928439370824,2.2552039401826174,2.639292241822882,-0.98382543647344,-2.03399338249132,0.9363230722731426,0.7648227604347696,-0.1184374702606166,-1.0899055757777565,0.1055155634417198,-0.5441205849822247,-0.3965445806358329,0
29.979411922883063,7.233107861511552,-8.026376427938587,-6.569933645294698,3.8238200580886734,1.737747403885,-0.0716121390374381,0.8831634565921452,0.7359078454321362,4.408850866733604,-1.544569809279806,6.768745642404356,-0.6292051094283542,4.131322683371358,2.958540903453832,2.391449027143374,-1.1419677672327633,0.9836829831836794,0.9782989155938148,0.1498004424922801,-1.2680450058965522,-4.852716245723807,-0.3566939594029497,0.7875519139366466,-0.5579361910771989,4.125934888224683,-1.9481508901552045,-0.2583368181805424,1.902574877247187,-0.1217652821759617,-0.9270609613809616,0.7195471703696205,-1.978547980621577,0.8101598688583841,0.2163958571364454,1.955908860536398,0.1296533514147268,-2.6089460107742584,-3.643261746721884,-2.812292261542213,0.0639601723632949,-0.6565758293037057,0.8632783037817664,0.4769135332711386,-1.0447191744890871,-1.73364386517245,2.0783977778399216,0.2801888926357653,1.7718359492473557,-1.4878514451649745,1.242188102818809,-0.1500761412135903,0.4126644361973131,-1.8206704760701045,1.1163308971346435,0
14.917610768708675,5.209549467614944,-12.347739952511374,-10.646009761032648,3.4523812082763645,1.8310874187892128,-0.346387088407593,0.0888808656637138,1.751736628881754,6.097723458750689,-0.659608125639229,6.305703160516326,-0.266925622489791,2.8566124710891017,1.7248549750179245,2.5072990516180576,-1.7202081811733136,0.1586084495860688,2.197054692094742,-0.7208039852194322,-0.7428743218824987,-5.565303205005653,-0.3972522899339409,0.2508380940280305,-0.5288006811856297,4.843326795013385,-2.1496449080529727,0.2576574360635709,1.9552197802119355,-0.1873458437174437,-1.0945713402811976,-0.6982340010170777,-1.7081103497030523,1.4327858654084535,-0.5222477229898308,2.1482352448259654,0.3427801299722821,-2.226832665153471,-3.3024358265462395,-3.08430829088109,-0.2106862803898401,-0.8613117142252871,0.6657956002882941,0.1383106074489479,-0.4906379974429602,-1.4938211339154324,1.4182110599511248,0.6833167766391094,1.5566079688654595,-1.2654981694253469,0.3151139850082087,-0.309787487039564,-0.5000599402582598,-1.658523939612269,0.2754877755696647,0
39.75513449078319,12.319630152299007,7.025093439374773,0.6829390212757891,4.036169848487224,1.793170799805499,2.033233599086181,2.357237371603128,0.0007485390580473,-1.0382503663569704,-4.577951853057728,5.39012084717614,-1.3990985316677098,4.279575406932057,5.304540966677904,1.8812904464916764,0.9475047377681316,0.8552140561896102,-1.1940389514105392,1.4028674681819195,-1.9009501101060504,-2.3925781811253635,-0.3679421145447141,3.123712051762649,0.0725071987949795,2.71097824830098,-1.5016412569181297,-2.0576799543709954,1.337138550867684,-0.1152438865823176,-0.1145405862497646,3.917033270079913,-1.1472174768459629,0.0019238697653307,1.725729017708283,1.617032316591151,-1.668985080863751,-3.177769602500094,-3.643950416628544,-2.126942498628968,0.5795477820215055,0.1609435759418124,0.8769612624708332,0.0517923697791235,-2.019178784665016,-2.4228954981628217,2.081425857623945,-1.6325272092497944,1.8673391604284744,-1.3270215012864934,2.8738453444419467,0.4913673477100675,2.0649767272417425,-1.948426493373728,2.338611658502312,0
35.51659374426778,14.078505559276053,-3.743904135076614,-3.71569406269064,4.0568367024139205,1.5176850540174254,1.0934098328542534,1.8044316101176407,1.2200736841901594,2.5120624908672755,-2.715436148850799,6.632801141651089,-0.9967337852486194,3.866575119788189,4.073627387258237,2.685327372973344,-0.9298475281638152,0.6669917815740899,0.1659471979307059,0.5519935414097383,-1.4015616242661992,-4.047196641079402,-0.7097168617748155,1.371209201489208,-0.2673489563749712,3.6840351715694544,-1.9986106670773376,-1.0594504736738843,2.081170216489758,-0.2356459440307425,-0.5161962677894033,1.6278017449075135,-1.889555841607881,0.5093626995147972,0.932137053564632,2.190211474864019,-0.7082373717841293,-2.9244800147601957,-3.3248931397236934,-2.867623034589698,0.4131729617776803,-0.6558629534860803,1.0572296508664034,0.302697235918841,-1.3186711800052324,-1.8123233844614564,2.3901707727438017,-0.1367798904254003,1.7213937883823829,-1.362252146413517,2.062025832213304,0.2959818726015643,0.8778098635770941,-2.2136170990355537,1.3086314188016188,0
42.15205683243221,20.132616734442813,1.3457374468561372,-0.7129345136673166,4.306509960088715,1.947505768898808,1.9297138515090344,2.636707735240203,0.5398833871056917,0.8467326885454994,-4.227658856704217,6.413158305539164,-1.4900950181917791,4.418767819161753,5.240889645400101,2.901657628596733,-0.4611208838487708,0.7325120581002668,-0.4831350320581157,1.3083946350594964,-1.5886944916407837,-3.379230104835816,-1.0518568921120997,2.4542330997755863,0.4787653116253313,3.231730040404281,-2.0131887316530603,-1.8612954549438296,2.237013757069208,-0.5365446308751352,-0.1783256121512264,2.628024027559876,-1.7848763288625562,0.5533945254243503,1.677465730691046,2.2681663170416417,-1.2951679362070203,-3.229777639728409,-3.4039078141925803,-2.5243247618049742,0.8280496042510084,-0.3410521204202334,1.2186158721769167,0.0693839608025824,-1.9709625195851013,-2.111613599039988,2.5039791028530565,-0.9372418579949792,1.71133216469247,-1.3000658629414794,2.83123725195279,0.6350946128713946,1.5581597326738692,-2.387397783644009,1.7199607480928238,0
28.25441017952136,16.45413283747859,-7.842334875489251,-6.220078759547032,3.943350855834448,1.901369586150202,-0.103056336107691,0.5013334944584271,0.7757966869087567,4.363851879208557,-1.416229916490091,6.000338278096731,0.4752227334633582,4.382122100501293,2.216879825574624,2.961611041767324,-1.463469086889268,1.3966996170210435,1.9450854776577864,0.2241916656433051,-1.517102799033944,-4.935123514143548,-0.7204173526786578,0.8295472957572733,0.7275200106501751,3.570223180488105,-2.0917268134127074,-1.5889189464315727,2.614837328878188,-0.8254306979095384,-0.6522827395020427,-0.0449293614052453,-1.7627390825224296,0.5477896932358942,0.6310950147426007,2.448619377490659,-0.1664784848639448,-2.479718677915876,-2.3714237582682607,-2.5054025781913065,0.5778369211043772,-1.373515728793931,1.083678248176158,0.0677825213951926,-0.8959845489698408,-1.868985503620403,1.6629215411790372,0.3227324405305836,1.388731358313788,-0.6261570912279184,0.6221120920675243,0.2306073256481113,1.003800753847765,-2.3247927881160786,0.811987571335352,0
33.59145574182482,18.153067177204,12.739552219991428,2.7892396615689803,3.651014222872417,2.446887884901408,1.384234063345122,2.093579480872509,-1.0306405428391583,-2.9382649362172857,-5.403721293363004,4.127791408057598,-0.4397372108944524,4.409374887925959,5.275825732607875,1.242320206973022,1.8570478500328336,0.0451311105816517,-0.2505312920713189,1.6051008329864316,-1.8319676248834755,-1.6268639121947943,-0.0490906352617664,4.236757777207852,1.832816510496708,2.511505950041672,-1.3191673250025833,-3.3841706722591582,1.193421043709876,-1.199710935722413,0.1176699690628901,3.6753926369722136,-0.1975974657209984,0.6778420749736255,2.212255190654991,0.1964329364947605,-2.2671089529172104,-2.5902511986355914,-3.236970170415902,-1.2508054114934837,0.736850309017799,1.01214152858031,0.7880147097306754,-0.3436442655633858,-1.691553588136486,-2.339166107812875,1.4901413823546887,-2.016503661397721,1.0765721959275556,-1.0269874822417435,2.6163174160394487,0.3309992097695241,2.4680607336726075,-1.6496300318918318,2.134365510345939,0
28.185987885883304,22.590774538585343,6.753119954053344,-0.1428569538430383,3.362761997710881,2.60162762918198,1.2954542538658558,1.987286113363874,-0.9320565152782816,-1.5201824159307518,-4.911619804538812,5.444210962046582,-1.1338985517472535,4.813698036706179,5.165850865795219,1.1029466878157828,0.2606872035305195,0.0396926664598326,0.2108316752427198,1.906756220110359,-1.2842273783851976,-2.0632116234051354,-1.1531485450779086,3.5915310226987893,2.1969681390024447,2.35397974843445,-1.6585559744565448,-2.5786302954672635,2.2076123882821626,-1.8531977678399223,0.7216200549440084,2.512254422570816,-0.3559813581908279,1.3387426816829762,1.692379394566232,0.9035427295989972,-1.700457626847517,-2.6671441014609747,-2.978484976022112,-1.3531365075408066,0.7071586378966642,0.4479489935597763,0.9768593729276972,-0.4615182935640862,-2.032696492021726,-2.0364559816011454,1.5132962964645418,-1.916919597162468,0.7553696190294478,-1.0139189845106409,2.099336132404414,0.5560256825272758,1.929379721988773,-2.105475112501721,2.0257337941365345,0
24.49995515897002,20.924870632683174,-4.011825840949284,-4.936334491835013,3.565945454985844,2.0004404251378163,0.492461748548812,0.9690456259716363,0.2655109616420137,2.746846246349258,-2.163665399524745,5.6672192734580165,0.2238634414421641,4.617842585008964,2.8774674313889856,2.7671023073170105,-1.1622942536118002,1.1138654737460654,1.682311037512639,0.6504278717369758,-1.620765559832212,-4.227773314834748,-0.971013562373847,1.4484184821048909,1.4835033221689955,2.91974841979657,-2.086783923354101,-2.111492839791329,2.6835481897026305,-1.3262425393152453,-0.1244797834844344,0.5677536485933415,-1.2414047574126,0.6554032294972312,0.8107452776961253,2.017019076627921,-0.5898397548937683,-2.408018439441294,-2.10670301396703,-2.073087459980961,0.6068850869154123,-0.8697518747129616,1.062843753123133,0.0270594762824457,-1.150863129211001,-1.708262070547521,1.799888417547094,-0.0081879735095942,0.8474652571157355,-0.617943000856632,1.229539418445178,0.6826896563290988,1.4341619251432602,-2.4420038639654247,0.9949867966930572,0
0.5601029593208287,15.00192809449571,-11.457035870367996,-10.790831116288926,3.8717609906646975,1.0633125476905478,0.4446503928908512,-1.3979849114733105,0.694085392473031,5.3434617295137,-0.2026869711811221,5.478241133909514,-0.3223815632501992,2.848991695298431,1.0306981391720285,3.268272223156289,-2.431770317313356,-0.0947525185281203,1.881417791298194,-1.4451866079742834,-0.7089533709835083,-4.445358162717096,-1.3071533233640285,0.4887329533392398,1.0533401210180933,4.331409509210066,-2.8589929971109638,0.046592750786386,1.0562264809966058,-2.025818591029811,-0.3342608041730455,-1.5502557759715876,-1.420742652337195,1.959894711172903,-0.7930616393223936,2.391503418677841,0.1688562456552499,-1.712527261589283,-1.882804089016454,-3.5526760519270626,-0.6173273272349604,-0.0654784575403099,0.2407809291784523,-0.4654516834749955,-0.7415397333684096,-1.3427911426326002,1.3975891136662577,0.9765058299714628,1.1369945443645617,-0.8938526586579629,0.4496991045387858,-1.112671206045963,0.0474535659584736,-1.5266964821733655,-0.0609096859329901,0
11.404248035996252,19.26217684662797,1.083739861322097,-5.05826244841098,2.8473365696029886,2.276893658998737,1.1993010761008158,1.3349724023704646,-0.5193208954883982,0.2519332329311344,-3.656423102177438,5.317898896281613,-1.1652430051537928,4.4168468114233415,3.943402491056528,1.0494987596511798,-0.6173598985221045,-0.1657405575766319,0.8408553271226916,1.4284787657276377,-0.7260982418590587,-2.281696788286829,-1.5512413174180248,2.613010977529356,2.095888670230772,1.7921025582358336,-1.763883814440884,-1.5039142628657147,2.344759284418259,-1.8871093237732837,1.3843188167557072,1.3210983319507346,-0.2782613625577594,1.5918601714781393,0.7225930494661018,1.3217917766525944,-0.8057968351132843,-2.1868432473991284,-2.1316963278832004,-1.5340742914311571,0.504272451068514,-0.0247581780699526,0.8855284556372752,-0.3269441889645087,-1.535390182060287,-1.5135021391683636,1.2569972936687124,-1.306466450378295,0.3375785567049169,-0.8169070837358727,1.2631888155847948,0.6971094708034787,1.183811147847293,-2.1139367623761074,1.3640631651178396,0
21.690553340495978,35.91624234258635,9.5939894600978,3.3063212153404025,3.1828898054464108,4.286819161478553,2.3480579346382764,2.505583152602449,0.2473744445706678,-3.311987304639394,-5.333694292066411,2.2319037461745443,-0.0090292864962627,3.1285816578744186,4.736906729912035,3.3469628828466598,0.9990011011846998,-0.2976409844667538,1.557945637694225,0.9230664144281434,-3.1620806426454755,-2.1252630623250486,-1.13046415464304,2.9210069747231397,2.9146260949440093,2.0579603588252047,-1.978003780687697,-4.552531473015141,2.8445398968664835,-2.756815014664195,-0.0768767872156248,1.4270282519266844,-0.3376039884785903,1.0842176037032372,2.086064508169256,0.224841148592083,-2.5425815262231426,-1.9544668803037248,-1.1214400201551868,-0.6433251152627476,1.2261667365897146,1.0190129630907805,0.7424439028502561,-1.8341416174521183,-0.8284296682154627,-1.4306111113074116,2.2274075680753778,-1.3745215769285704,-0.1736121673922755,0.1348365164895711,2.390542894400695,0.5877943320355781,2.130031908683855,-2.5232668820181883,1.5266141793107513,0
13.097935952734645,30.43924801213644,21.07988965197683,7.431833123012893,2.0767076594663543,6.501671629966665,1.888456201727796,3.690535743630286,-0.2664877044908111,-4.580202874022322,-4.44640404595712,-1.9998454038288045,2.5525400961058384,1.2518834832522825,3.851899404494031,3.903638821432625,3.783145535225097,-0.0524600699841127,1.0964438800477203,-0.245301383339456,-3.803402085664104,-0.2501589293101469,1.2533789514108968,3.666823024738342,1.5699833268711063,1.1070938532731875,-1.8035351944014075,-4.857557414768182,1.1066607589859794,-2.2682983609898817,0.1263309291858556,1.1171837354789405,0.2726921986513796,0.2872710086744175,2.219743393188484,0.9681468470321074,-4.521631606863956,-1.8466130003848724,-0.6312965608872582,-0.5763725938521349,0.1252091401007665,2.2245597273267697,0.898337452087616,-1.8941627419804723,-0.788540611491709,-1.1800163886567252,2.009532745397072,-0.3722488588806918,0.2047893478148297,-0.7007930454590867,2.031029805999815,1.143194042809907,3.4690852333216804,-1.3157056916878929,1.0532532224913544,0
-7.844004679552496,9.730098756707047,25.63504521122145,3.914107703040101,2.3628129568781997,5.487777976550979,-1.047950318584683,3.058946214442693,-3.942146838921541,1.3473078501383773,2.8297613457851387,-2.457218442468371,1.3625863976509531,-3.356219993541503,-0.2865586515666333,1.6430863161447615,2.949224869511891,1.0489177338872822,-4.794578109428581,1.2194108452389605,2.774149029929808,1.69711106424496,4.07681678205516,5.086909164258786,1.2392693771370402,-0.4365820850385925,0.843571243085663,-1.9981878915043685,2.5151556188019493,0.6382185457449354,1.6545752270885832,1.3450600482187438,2.8853527519699687,-3.090055555406392,1.5822153888451211,2.016887210602277,-2.4518927944332582,-0.1378913606695277,-1.2674225521905187,-0.4572212076434437,-3.6718163549216976,2.1045497765322683,-0.9710306466732144,-1.6747141658828324,-0.7963137873323447,-0.121027813003572,-0.1195177213986208,0.5610119843097098,0.2703650427689241,-0.0779620440068062,1.6376095676105715,-0.8624314180862084,1.0698209154924283,0.4845553995871061,0.125220400764702,0
8.848948957140324,29.41134749529444,-7.914245964528279,-5.9113394088956825,4.672420936972263,2.1053718872539298,1.245253430924515,-0.6588985265119203,0.3448619700920634,3.019434819674626,-0.8880105544362822,5.800437685775763,-0.4566484549272435,3.939256651095194,2.031824741798875,4.17575949026716,-2.885782390767452,0.1019134980687999,1.1370966940820926,-1.4384945946523002,-0.5194009625494344,-3.680909543242544,-1.6427560749094172,1.1416566107917463,2.098226718848825,2.2153314544008174,-3.0469821521400484,-1.4188761246202737,2.1521360307716355,-2.978467486898332,0.5431228680504023,-0.8852784273548973,-1.333328716299616,1.4730454965481898,-0.1815807432934649,2.0905858536744755,-0.423177423862503,-1.8740761256608245,-1.2220205778871869,-3.084318056164832,0.0813952295120902,-0.2275018600416521,0.0970436175708301,-0.603557989080975,-1.346549532659841,-1.809965964780633,2.661447290217437,0.5066690902674659,0.4342526347716561,-1.241702874665828,1.528727935540317,-0.7613183835624326,0.9244120500580691,-1.6631133711145398,-0.0022417246172629,0
2.237901681421096,35.19008513299372,-0.9672507196860984,-0.7846311888964091,3.752977914911865,4.517253784300577,2.152193243572218,0.0361299656129783,0.5042495404480946,-1.047010357882964,-2.6585134054711177,4.080158084520886,-0.7863302809063127,3.862686438049875,3.290609953599831,3.716490699198833,-1.7876574455863454,-0.145387836359949,1.515048738186977,-1.4361206678002814,-1.4369879553477032,-2.2368337423178635,-1.6451379135038455,2.0979032469706764,3.012642027277317,0.701337892711792,-1.8183467273632052,-2.825442991774337,2.1692013615087107,-3.207447128770926,0.7060742742671627,-0.2809434177841312,-0.8949374212672728,1.1638447737697648,0.5819385207585565,0.288534812071509,-0.6885195156107125,-1.2854086604200723,-0.8917663645873889,-1.5134223090916532,0.8981682988990367,0.4829748670054626,-0.126126842456429,-0.814237908813862,-1.0552203747969644,-1.8882002158758608,2.4802517270952182,-1.07025469085636,-0.3962537764436852,-0.727774034165018,1.928432404487873,-0.670826913612471,1.113075623582763,-1.547864494241977,0.8720529420306129,0
-13.26832822229618,23.8445369196311,-11.378562144925862,-7.904916737957156,5.10378524831912,-1.3158922944558946,1.8193723719925532,-3.70540898909256,-1.7718670835857493,4.236100362777727,0.2461114897752157,3.389562549772741,-1.6612743731213375,2.2329599627518144,1.136780345851121,4.991906597872412,-2.766689249754554,-0.4139792774275148,3.6763183081258064,-2.546076747840599,-1.0993994066568828,-4.119288046487586,-0.3772956467628052,-0.8137010679676028,1.646662991734701,2.725590826979193,-2.5932031910042777,0.709393871872706,0.8538343654556332,-3.859145955954736,-0.8707854767730716,-1.6766928957569749,-1.2596851825003583,1.9771059915879503,-0.6018865560396521,3.000079411845257,0.6787355990600019,-0.0867196619389436,-0.4804998080921741,-3.125654487290396,0.8250765023330713,-0.8269794846402025,-0.4588434169773128,-1.2392445901881544,-0.9971018305146566,-0.2509409444323265,-0.4964653257328432,0.8480866585245296,0.7132365597455304,-0.3745078324944275,-0.1384522531829565,-0.4829213986878293,-0.2849780735054575,-0.8863112235492927,-0.716177940303106,0
0.0933931981755528,44.31587645017699,7.38824704310474,8.701973333847802,2.263131893770833,9.783034942399295,2.6715109161443924,1.968181867774834,0.620178557788636,-4.545420366255929,-3.1408762405690265,2.859936911734974,1.335984999348038,3.6447164280933513,3.9869296444552056,3.848694379564546,0.3601326069016153,0.152312403644923,1.995515035677047,-2.3163743400816386,-3.174666614501471,0.3086816288535821,0.0171327364037962,2.20600387062251,1.0564801120267493,-0.0152046987470775,-1.6594078160696342,-3.4671615717632998,1.0182674444411906,-3.242660019611061,0.0172783844371472,0.9090386162129372,1.0725910635083138,1.5797008261210697,0.6599103731540005,2.068959407643306,-1.987743141988023,-0.3984977089922221,0.2833990405531996,0.2656012997355617,2.0917578098804617,1.667295752356251,1.244987402062809,-1.107648620094269,-0.5788681268067613,-1.0032917722892225,1.3431393865188246,-1.359715466953484,-0.5447659742418357,-1.179694580329435,2.287564995335756,-0.5332701522653811,2.2783730123336072,-1.968732167960492,1.524509506236956,0
-9.233611464957283,35.36766714951401,-8.997815267796694,-1.0010530962769215,4.67464965752274,0.9457604602456156,2.591669638368015,-2.176059221971974,-2.254762022869352,1.9100323583244452,-1.3812957528704,4.997134734624272,-1.6347327331555703,3.5257370996654567,3.45855738522322,4.9518351004951695,-3.3560471730564654,0.1291311855543029,2.3237017083920533,-2.69933072418981,-0.7171879411712244,-2.982852973606117,-0.4149233557489439,0.2869278181727652,1.5808802773000574,1.3656877921033188,-2.3807867649946526,-0.355434363569204,1.2224916688459413,-3.8806975073344856,0.4325135630401697,-0.301540532564698,-1.0759412674602624,2.496936917485299,-0.2149655157374975,2.579059305735516,0.1417999215249576,-0.0153630163374687,-0.2751385250548083,-1.971628244325719,1.2687753966612192,-0.1386036291169867,-0.3729486375360379,-0.0887237667365517,-1.6359586257522691,-0.9823372689662646,0.7143232595924679,0.3037879241277058,0.412634174521383,-0.5293154329337524,1.55129030056078,-0.5859318767822078,0.6591964441718273,-0.7606297214980899,0.6088103199665251,0
-6.617199721571,48.22725716943865,-4.603577678960727,11.893977243556712,4.370186497963943,4.668903349363088,2.809430892639237,1.8445932778022849,-1.3737899503166489,-2.482257800736124,-3.0744662431982,4.676198163006452,-1.5587931899122958,3.4157640477864013,4.7270392279803,6.460892474850745,-2.134055441016811,0.7085155882099663,2.129977191706706,-3.2685793609808016,-1.7466792945781038,-0.1311601710760225,-0.7560883927724416,1.2580708285701905,1.4592689554305158,0.4190253713709308,-2.2915078683242225,-2.8457721097599697,2.3345071758220346,-3.970252902414408,-0.5340761163018013,-0.3545121220967035,-0.3137424498996886,2.8882962240208405,0.1593335958004309,2.697813229241465,-0.8273909631376803,0.8571088605184305,1.2175013678926494,-1.0532065411376406,2.195131514918963,0.4493034360245989,0.6358226056812712,0.6668301361683768,-1.1331538624514506,-1.0964291388475984,1.1760353167827555,-0.3210175541909244,0.5227014398721435,-0.7101697847613497,2.055901065496073,0.2396998650466377,1.234849313246146,-0.9764970704049928,0.7436619793797377,0
-15.039057719012042,32.607681167708535,14.756151427709552,10.184331930647636,-1.012768557957163,14.530810925876624,-0.8406439259889692,7.274966353340717,-0.0184377862074448,-4.141757855860516,0.0109606710904056,1.0415729451700546,1.8101592781966984,2.0857791672215127,1.266551653272916,3.56209816757983,1.6900797136064287,0.010694555470968,-0.982574753253826,-0.4847817398807709,-1.112360048305225,2.404891287593747,2.089983202695395,2.3886350852752893,-1.057838998731044,-2.7614845065538063,-1.3645569421236992,-2.982466317293427,0.9512063341570204,-1.1383347234704526,1.1946376748002756,0.4154929035152702,2.664056532371393,-1.525050293963213,2.6153855725713324,0.9695622804688172,-1.8702355421019357,0.1131752893810671,0.0637593754309307,1.0564579087798232,-0.9057546850303684,3.652805233087201,0.1668310610673527,-0.2284614394088124,0.8145821414008657,-0.590510160468061,1.4426316412293905,1.2062336379122474,0.4093844151974597,-1.0980223746159183,0.6351954150594901,-0.0478003424126356,2.628190806452904,-0.3348392147010133,-0.955870360460048,0
-18.79288702164704,28.45453646857341,-12.557867031140644,-2.486903703669629,4.888493064307578,-4.448146933703731,3.2508708826114754,-3.733747643657791,-2.108208373385803,3.345391679865178,-1.4423423816399386,3.833036440825023,-3.0210029231378472,1.5318459993254712,2.5094737482402385,5.204954997254348,-3.406666077646377,0.5895974832155576,3.701209227934642,-1.9587175036645856,-1.2199953949287818,-3.4723190594214266,-0.867526639497669,-0.8947378084352636,2.7488777400227606,3.277892260658477,-1.6713734516743453,0.4324734182089682,1.051911691304772,-3.2479712574136363,-1.144295502424885,-1.700377702100727,-0.0912862508679256,2.735107846875439,-0.2601532638042084,3.1226529772938187,0.2900082866935051,0.795874185622524,0.0904846642260213,-2.369822001438404,1.3687614505320698,-0.8569692084723636,-0.2030425572537638,-0.9306284433769512,-0.551031828303965,-0.1553472159942551,-0.4611083752052892,0.7948929487562205,0.9296194737161873,0.8319903894995283,0.4342488656178206,-0.2690786316778453,-1.1298227317349063,0.2158600898614905,-0.5154318412052987,0
-18.775035133153825,36.43271253213037,4.082165358697749,14.259065732145404,0.4836396309325646,8.794906163115806,0.680862566050274,8.753297966416717,0.8832149355458038,-4.8582324709153335,-2.1948537126643863,3.1350515321643857,0.4149082280549752,3.594996219708195,2.1563231779642225,6.565732433597808,0.3365516843514077,0.6168241664138391,0.8079676766233438,-1.4479335242425542,-1.30459255829234,2.563156550840188,0.3524497616347796,2.0425945918024877,-1.011262539423673,-1.889532677251531,-2.008180389030355,-3.890678082237374,1.969813314206839,-2.4038343879115285,0.5336851397669337,-1.3532490236262709,0.8384162892322427,0.6501025139769258,0.7630227771292227,1.682133079254498,-1.557054676783545,1.6676812780410206,1.492366473897072,1.2253723532037797,0.6674934776290515,2.1264462778055946,1.0781041698283078,1.0982024903700058,0.5403462976068796,-1.688240661365986,2.0481980961539623,1.022671405986879,-0.5762154237729376,-1.1385241925773772,1.3129933679667465,0.2439736071157297,2.17763945052988,-0.4905596780085922,0.4441993352128933,0
-21.18582487512063,30.86394384873754,-10.17140850803889,4.922993116676046,4.055779865516208,-4.038120855668965,3.4662995698884043,0.5343922266686449,-1.2816879489835324,0.8312158622985666,-2.683651245304066,3.700270805189657,-2.0854974937369266,1.9955083048483315,2.9256819810252046,5.028181491222695,-2.5513609970563063,0.8234522972218239,2.6150501329574225,-1.949074551178675,-1.0873200411060395,-1.7322974237761877,-0.8554872092059027,0.2761625727049177,2.474300972157353,2.3599997052946224,-1.8154449546946012,-1.1738390890920816,2.3951597987171573,-2.96541797712986,-0.0613001837234008,-1.54211723510838,0.2094185517666696,2.951775921512904,0.1324947230493617,2.222534179026818,-0.2749123157288916,0.994241996282312,1.3483929633668177,-1.1149709616747518,1.6986504554878352,-0.4073813840936258,0.2240240450171317,0.4499037768990327,-0.6231050349632303,-0.3214593198049189,0.8026545311715577,0.4174056745169486,0.932981919281832,0.5132734746316042,1.0947631469907866,0.2026784181573642,-0.4594986600688382,-0.1785060012939609,0.3683139614878637,0
-26.996166143809837,27.25609824707648,-5.055124595564142,10.19109855030004,2.8825561383819323,-1.7535712191485155,2.1669054450944154,7.256614148608656,0.7213239770523997,-1.748004609554422,-3.0675922906319686,3.565096749012378,-0.3723271830208722,2.633249532234814,1.917754026451392,4.967786297013882,-1.166923449589232,1.1510073191691537,1.470479039516357,-0.8467002275614484,-0.20756907327259,0.939818778223412,-0.5376384883307177,1.3592592861630624,0.6986237595428605,0.4616585129100606,-1.6500112078742502,-2.752203399518745,2.3425347977710542,-2.1904737474290936,0.7199043081718688,-1.6444303121605224,-0.2188278485675652,2.775562559684411,-0.055055087756861,1.347289892460548,-0.4650126359531372,2.0301795610257303,2.4953070270933377,1.0621047650509976,0.724126353114436,0.2367789971258264,0.5485521778261634,1.7046737403079428,0.3466191356945695,-1.0819801462407046,1.8568214205221656,0.6648336066295824,0.1593282704315964,-0.1644206324996327,1.2753183104162993,0.1412744542299481,0.5028260048608665,-0.6379971051982188,0.7751392542053948,0
-32.81094844174222,18.401567957586376,1.368380646058256,9.41807588093176,1.3245926088345232,2.1863825718538163,-0.4205202868087852,13.176912814240085,3.4444508934901577,-2.7416430803726395,-2.315099139430914,3.5085246548676925,0.5881891112365596,4.365527037623425,0.4713471681627512,4.962122169315324,-0.8932333245569879,-0.0601448377865925,0.2883365937025525,2.0270994808407585,1.0219091845935335,2.1660368257807576,-0.2638837402546604,0.6009377873083195,-1.1762995786037234,-2.0489272522242885,-0.1953094079011576,-3.336888143410147,-0.6364287592341275,-1.9794616853156264,0.1583018971125488,-1.5326199391991189,-1.0876417390927715,0.7370738816781267,-0.1847325259279526,0.4953520385535584,-0.4258715019163177,2.609405838838385,2.3716817834342354,1.8118204175881776,-1.8343654980663249,0.6500691639575548,-0.4078087112108775,2.2331712023180303,1.7648866045985083,-0.6443835765512301,0.2060046786186248,2.397530333522013,-0.1182586554969941,0.7170177481285253,0.1217583377514951,-0.720004767871945,0.9063528913623136,-1.616463821202859,0.816952864640906,0
-35.21312445946593,10.308681526775032,6.666156998762432,2.866648825587177,-2.053485473902416,6.830114588205706,-1.0090185111961931,10.804891065679376,2.1404325861624907,-1.7395128057669298,-0.7347594457307524,2.441902145901519,-0.8246570806669122,2.8265518484948915,-0.7985492595035898,4.683537114445464,1.054889108160899,-0.8080926573528874,-0.0774365389876803,3.2354028975913462,1.5008966141582818,0.2299905568557965,-0.874297151502249,0.7239196918390585,-1.2105367104624736,-3.90541627107246,1.125610048500785,-1.7217971868465831,-2.7407241808495364,-1.0587885520722793,-0.1565045524305298,0.5578431807764497,0.5931219263845259,-2.633128360852054,0.3330792031796413,-0.689412899166044,1.3326374604929667,-0.0644924127394111,-0.5485920669888525,1.8063320561707097,-2.132918885786248,0.7186321044593017,0.3311043414873686,-0.6899243173161858,1.0857586214969877,1.884904836755228,-1.1030530209088203,2.6744183061955606,0.4571552348949275,0.2207797559172115,-0.7915613043811931,-1.3765512373708828,1.387969669311829,-1.8362474593996287,1.4757337142733684,0
-38.83677385008527,-2.9239524632890848,6.210121913477693,-7.322126215885904,-0.5007082205123432,3.309151385649069,-0.180263089525441,3.0514322569693104,1.0848320253011663,1.258644203201016,0.4352900295975658,0.2940547224718188,-1.102914190572815,0.4923786390314559,-0.0548027489136695,1.2172890051449945,0.89878092796013,-0.8918532725038805,-0.0367875196871722,0.3900713241232716,0.7961506446361896,-1.8884087667588807,-0.2013370018728561,2.006507303992813,0.2730702718914084,-1.4889191683622354,0.970728243295295,-1.200584631047282,0.0959410802630031,1.1534568979222872,0.5296180158551698,1.985595046698705,0.6172446382677308,-0.1142651259547619,-0.6957585804687819,-0.4464292445945413,1.3625642468625634,-0.8487698446454138,-0.2728205905331367,0.2396919046850803,0.1681035124296351,0.0011293158437103,-1.4969622207915556,-0.1814079726466263,0.1386210461360678,1.2579370495391031,-1.0483219111382225,-0.585843214913503,0.5739105762726473,0.217777560046699,-0.555558943446422,-0.5741707708322912,0.0559663241749087,-1.0082301078300793,0.4382859641845192,0
-34.54126814764217,13.38989462632067,-8.005286957145755,1.3394385702588916,3.683708740899241,-8.483860155358922,2.4224661069887894,3.7673204869719497,1.32552899887846,2.0273592907790583,-2.8500561519573018,1.5978476993021862,0.0672550172864212,2.1840117637648206,1.7059985178034844,0.4288398970311255,-1.560299542588862,0.9957055723711034,0.9863901516349358,-0.4089086226193468,-0.0070525708740163,-0.2067424674605381,-0.3886853425939535,0.1492389193951699,2.2457283606344864,3.0410761441946854,-0.6996315267023137,-0.2497633680047166,1.1098478631699,-1.183562299940996,0.5628996646307949,-1.3820897412383093,0.1310891434188346,1.3948148304290378,0.4649317135101457,1.043393463486075,-0.5180519672684787,2.1593412543125754,0.8371787094521387,0.3325787274977904,0.5032671737403791,-1.3247225016306357,-0.7249960857551044,0.2081865271590256,-0.5712071734054587,-0.5115264814017934,0.6040975423742063,-0.2277932035833257,0.6286782054706855,0.4257945466835956,1.386762708832873,0.3361453056443153,-0.5608531000443245,0.1670663079175085,0.4697930680073387,0
-40.25325040929036,4.2838974661337055,-1.4931361273902002,-0.6973771255333306,2.18289949236785,-4.467461950126543,0.7321886299783793,7.915763142243106,3.30832193787025,0.8497289784307273,-3.516314694353495,0.979102719827884,1.8062576170801417,2.6695175000740705,-0.079042620618768,-0.4372666618037412,-0.8234852756910225,0.022882192544374,-0.2409591005538524,1.1974195476296627,0.4231105317886763,0.1820709186083933,-0.2150846154820395,0.1268700179683643,0.4718762695998552,1.4305108146161745,0.0160626307615988,-1.0509017032360677,-1.4028912998023737,-0.985195768710762,0.9175902785945288,-0.424199673571645,-2.001179637967124,1.072994189158757,-0.0586377190582237,-0.4138394931848192,0.1282937560107639,1.843517139363242,0.841744576384249,1.0993783288640304,-1.9287416496491223,-1.440681930995948,-1.994330556014479,0.1773907274274728,0.0329163593359796,-0.9135250448009756,-0.2704338496623671,0.289557776773074,0.8866402477069727,0.6582653352624444,0.6339087865974687,-0.3565990382958683,-0.0982616839198103,-1.3095578259491376,0.3901765095464927,0
-40.41143230237273,-2.7291169715390886,2.438659010733851,-4.866323247396203,1.4406294818133092,0.1164422180272418,-0.1339311810668647,7.337661584374515,2.8711495605245063,1.0295284951735613,-3.615597832490143,0.9343713103754048,0.8005282125759245,3.855512753325744,-0.1855948156504345,1.35933500155915,-0.4701249736368408,-1.9532445682694304,0.3880194864755064,1.381792293283618,0.0027714414338844,-0.4461424224246426,-1.1135651741436374,0.7316565879209886,0.3171245309042712,-0.894820835678849,1.65994466782743,-0.96243678780282,-2.906640412081209,-1.5687383961181955,-0.4363856854547951,0.918407528908724,-2.424505411119505,2.041716048340738,-0.6544916630826345,0.8143320402454183,1.0142751469685929,-0.9066040381600768,0.5717345314205874,-0.4415223283239635,-2.1191435098016864,-1.0531459777622734,-0.8987202306311822,-1.6146921756352677,-0.2925142737227699,-1.5453754089570106,-0.7042005698503331,1.2480401841883006,0.0635417001186111,1.1237374140127092,-0.019200225152519,-0.482930000664226,-0.2462905681378927,-1.1729668261035984,0.9801579396534336,0
29.702963526837426,2.0011656189793325,6.3209338643338135,-1.4914290889051471,3.4767059706289563,1.330247768073242,1.935516014396958,1.568205562681413,0.2533789059629607,-0.6252992623743547,-3.52098215424588,5.088953873448225,-0.9782825616225594,3.9379790939721135,4.342537995602118,1.1025805299090272,1.4141750051898607,1.0841875867333426,-1.0297573045086696,0.9675591959528892,-1.7436021415053058,-2.176839753658897,0.0717719615187964,2.797434148355975,-0.6108095965662544,2.1697828377683184,-1.005391060102983,-1.3211124775922105,0.8184811608619309,0.3425261694171502,0.0113912470510086,3.9438863041423113,-0.8364591654459989,-0.241331040386821,1.0995607134885317,1.113031018531848,-1.148830008271234,-2.9394877471802547,-3.441831709112104,-2.122621845675081,0.2821650417198326,0.4652447860856811,0.4425727328335319,0.1006076077499367,-1.4599097155275895,-1.977819230806095,1.7031294275946316,-1.4949548469444711,1.7058458489474446,-1.2949868253795291,2.09303738586882,0.3006074737364029,1.694522369012734,-1.5350156241758417,2.194572836119092,0
45.18097034510288,3.28520794196683,-4.237472468117432,-2.6979421695441235,4.2291551771086136,1.920475187971032,1.1066205682653705,1.1995097374489063,2.155057140326485,3.3011039843168186,-1.4762669390834,7.468705172611827,-0.4855664204940954,4.073667417714571,3.4871379740382,2.4896743316671173,-0.3228449216181553,1.6596526516123131,0.1827291742663019,0.0759777880801686,-1.9654505737562395,-4.393602130485702,-0.059195216051102,1.1815119435598138,-1.0473558915668475,4.054167988650659,-1.442651643623186,-0.9863758764277748,1.86442127533519,0.4873207474107872,-1.5274423920874165,2.002695465277669,-2.1267892139679034,-0.084237092321578,0.9517344392636276,1.7467483352051856,-0.2191009495615367,-3.229560005435993,-4.068312572349329,-3.283640196593023,0.1026735732839417,-0.7902533812120472,0.7765497414058415,0.4054917605315971,-1.1871183319261105,-1.7658834861570023,2.299044958362072,-0.0158058699667494,2.3235133639852745,-1.74223698814013,1.4170761654209532,-0.0284510794379857,0.8645261992002978,-2.271343300533585,1.6706905571718396,0
40.34041588014855,-1.796995053652395,1.361914691708365,-1.6091325388966389,4.000146721313241,1.4961671452715033,1.978736391897652,1.3635702818359865,1.8287738458851932,1.5786084049481892,-1.8997723266008637,6.488276288713981,-0.4809622932621016,3.993625879295859,3.6081317255624894,1.7985422358437737,1.022597763856833,1.9061271720020556,-0.4906098153433676,0.246809261253048,-2.167096525776788,-3.3731939172595427,0.3631759485233275,1.7892552524400869,-1.2911260737958152,2.9140986503995783,-0.9852652232679288,-1.1824547166127604,1.2805950307387848,0.753117044502538,-1.0348453306261696,3.4042914933174067,-1.4278518387709358,-0.6490568608679839,1.003435560585963,1.1342431535838955,-0.4752408428631255,-3.204560480032678,-3.873708632583056,-2.9454210793266014,0.0147008271248175,-0.193132229987503,0.5087483494962396,0.3969503684755752,-1.0498619685591566,-1.6340187474510472,2.242885870453697,-0.5104217824954542,2.0441775802028017,-1.6791780499078477,1.656304508745461,0.2042868026451356,1.1912564453117902,-1.9562215313585043,1.9254079587852508,0
28.941425652923456,-2.373507587915388,-8.000135363837716,-7.031364723701968,3.878913388654215,1.945561785016739,-0.0474024781449207,0.704761378577241,1.192617720652222,4.966021305106275,-0.7336261269880376,7.051753125409246,-0.7000233963372413,4.101631884328639,2.81711731082336,1.892613519397326,-0.4911656184988465,1.3741922131859832,0.8391015208351748,-0.2632877012731658,-1.400121169006766,-4.921444183092521,0.0682309062537323,0.7139496896832878,-1.2258981270374087,3.824895294624792,-1.414039348456699,0.1887857525028345,1.5295138509235755,0.3331002847461677,-1.326769988362566,1.1895302580146163,-1.7693302951125878,0.4011484045497342,-0.1099113677333558,1.1786029074584103,0.5703812941138825,-2.481468430095835,-4.051873097708548,-2.9630851034613466,-0.2302873408370276,-0.6382013105519132,0.5636595678686592,0.3911431116582669,-0.8216974120353229,-1.5814312277103384,1.923545662129642,0.2364960679294207,1.9666777448719983,-1.693562885542769,0.9975354247503682,-0.4195747116881622,0.254634006654603,-1.7956235288055342,1.185859385940981,0
46.89626325150406,-5.317915769679989,13.39203593590181,4.356578787263699,4.536243751581863,0.5637218706442506,2.1238539835504717,1.6185409518298155,-0.3604574248250602,-1.7968200068225275,-3.820147358773319,5.41069331632801,-0.0240502232498102,4.4947692320816905,4.923606886159471,0.4979414348071515,3.700300454554156,1.4136500483299417,-1.3934597413002436,1.018917766047291,-2.423130604829573,-1.9693645947287668,1.6731700098084803,4.163540101548567,-0.8414268510279143,1.9402330081179384,-0.6566159466727366,-2.204718985211742,-0.1001334058456622,1.0167627415602978,-0.2431708513377396,5.855772850690099,-0.1187284833162339,-0.8434960148378693,1.2970291019991622,0.4909058900924818,-1.5754819396820217,-3.499229386462579,-3.9078552468415615,-2.1445476513313864,0.3672751757516035,2.009847378907189,-0.312449387903607,0.3702262887378905,-1.4583677050613235,-2.199643726710118,1.2481950021079982,-1.6323856591956116,2.0557438610627328,-1.2968945876114744,2.1284184739102243,0.5659348091368569,2.661904440101777,-1.262535174993498,2.591763685237454,0
48.94090517407691,-11.283472341026952,6.350275733991247,1.9862323582272825,4.647448447838278,0.712161942089392,1.873271952726588,1.3392212744821956,0.4664445195581875,0.5624977155629663,-2.085438356981658,7.182316394018132,-0.5032607702078806,4.911150230995663,4.453913186428046,0.5921424451158847,2.975363377385284,2.263746227703697,-1.0914072804814017,0.5725235160990791,-2.3966329627619958,-2.8877260013050177,1.6269520458963975,3.179146322048031,-1.8405701459887345,2.0275629622592515,-0.9248760515218984,-1.3587471898514778,0.3054376761716854,1.2312721844010268,-0.7087778013634819,5.38536031654925,-0.5236726578825268,-0.8948672292084798,0.6190105896190802,0.3652269739214373,-0.7364486181116446,-3.426324474330046,-4.411884687988558,-2.6966269018398177,0.0684933155300278,1.4857547536549005,-0.1029102608653074,0.3095071103263862,-1.0242882241289333,-1.8404080854236569,2.0065200678818638,-0.9344057339658662,2.298795276587684,-1.7925680327542062,1.935855243288736,0.2483657293993885,1.813536985428956,-1.4875248233851397,2.496579935549389,0
36.28912614857754,-6.303528404058575,-4.192358841069957,-4.531168300261702,4.2922257322024,1.7103101394691462,0.7262430184696346,0.9226404846914936,1.2476207753765474,4.034864114982047,-0.820112072717759,7.44257223276096,-0.8825167217345619,4.406920639764109,3.3618066723381,1.6370212096918917,0.4236441435420886,2.0062621494648405,0.1783342875195644,-0.101802794296483,-1.7553496010984155,-4.349856842850283,0.4021227963508728,1.2286031842079417,-1.4601080874627483,3.0546557342573104,-1.0514692758932611,-0.1333663269538008,1.1760640213969695,0.6930665254431086,-1.303772633818876,2.53034692062144,-1.5747414930160035,-0.1388137543777567,0.2076288322074866,0.7366826237763892,0.4909084895748079,-2.623339300161814,-4.402514678515852,-3.0170389015321963,-0.1605284529052564,-0.335866135100505,0.502745969629965,0.3772448132111732,-0.9097164233460994,-1.5978367393753727,1.9685424040253248,-0.2353990474910526,2.263093435034016,-1.8699515638448887,1.231625739902308,-0.2957714771705666,0.6627338819445118,-1.855623161407438,1.5830708171069503,0
12.998400555173484,-9.113859858588595,-14.531402639745334,-10.89277646966476,3.7697750999663393,2.803124991610904,-1.5234171195472852,0.8792097585908616,2.003967927737858,7.248465910554875,2.217387232319366,6.7052357153566335,-1.005941949864151,2.779641888733868,0.7574690575687131,2.092064328476729,-1.0273015744927885,0.8716524036901846,2.6792510909619924,-1.2236321991750734,-0.6705926716556666,-5.523764779974471,0.4422007275029945,-0.190665153363176,-1.6885966715958027,5.878321844524335,-1.2680432480250998,2.639785975603956,1.8314222070472843,0.7548278954531245,-0.0957644770711156,-1.141875194071722,-1.423050341471546,1.500852085075827,-1.2669341989023135,1.0510871465513305,0.3294957692570124,-1.8013890905534475,-4.368591261963456,-2.610780253686072,-1.7633394226441648,-0.2026146586448444,0.3932473154491579,0.4738440020751561,-0.3357123478906458,-2.777492849292581,0.9330543986761336,0.8278313194570761,1.1558427579077457,-1.7224119938423084,-0.8338380329908334,0.019790049840131,-0.5381493299308454,-1.5228246412808932,0.4245675116294891,0
40.16227012398019,-14.792582240176902,-0.186123748819785,-1.9770337474633208,4.712040544446314,1.1487938724879443,1.5403205068450827,1.1712294954047378,1.2957484171173472,2.783566873189995,-0.5615237009526112,7.828393209097582,-1.080847079775188,4.681831814247371,3.752552730400922,0.767571131889132,2.0015949235145527,2.508663931224163,-0.3638413635190504,0.0553385584556219,-1.889908233761028,-3.5999171686018507,1.073935641233727,1.9928597891165256,-1.916420486002665,2.029437904620524,-0.7776923619101426,-0.373886041966835,0.6620214873576961,1.1216283929394486,-0.9194495598737,4.165867612920951,-0.8197585813851304,-0.7581910167704826,-0.1308606014912091,0.0932621502332829,0.2486298426648592,-2.68561489916048,-4.636926697406361,-2.986976889279305,-0.1967134385665865,0.2332307537600864,0.1486178553978568,0.3439347110975201,-0.6535397326213124,-1.67439338969804,1.9435558644381008,-0.3255267314481818,2.552211453219417,-1.8135549320962747,1.3220187620076895,-0.1505782572437123,0.962122022345526,-1.7981085733160722,2.027638623508967,0
36.85995805526133,-28.143920035560672,8.26680424183338,3.4433762970596558,5.055421917042595,-1.919579584074689,3.7524205066675433,1.918105276702264,2.8464385736354174,-0.0046714998427691,0.9309802948574338,6.087466946970382,-0.6574548709204072,3.255829101535864,3.959006711966456,0.2872441934915254,4.769765837038236,3.199581388927934,-1.278009948429771,-0.7754524467479268,-3.332993271980667,-2.2638092519645867,2.4267768338507083,2.792306481698161,-1.7884443376479433,1.1878262396292742,0.1792022141603376,-0.6077151523300928,-0.3773467961043987,1.6791545226748446,0.0983235692791554,5.555840019975966,0.9383860535557476,-2.0504285240780344,-0.843541771754544,-0.961300490724203,-0.6540167064680795,-2.533926675114099,-3.136716071948306,-1.8899283357180416,0.059578983125059,1.4447431898103047,-0.8461894126464072,-0.0437974666340808,-0.5223219952948631,-1.4163352456247114,1.5168194596247255,0.1098247488457447,2.591687700050827,-0.3316157778892652,0.865619087860821,0.8527792448130438,1.451418283868508,-1.306421593399412,2.613001700879779,0
28.28277757026565,-26.135177820890977,20.423541518156128,7.4997523579891965,4.753093871783792,-4.813274197632563,4.946339731920636,1.0052083208823712,0.4252527033714949,-1.495425996975039,0.3360938203556703,1.8734677118375944,0.3254809136921697,1.4828141689005618,4.474380048439959,0.6470112526750208,6.297018210817236,2.5685731413840247,-4.238398255321304,-0.3519332930166579,-5.188539841147411,-1.892963946593536,3.4339423117047283,2.3485012130306027,-0.4680502465471978,1.620770094413369,1.193891234351097,-1.299510010918066,-1.4036358428593163,0.9412440691316244,0.3246645641899209,5.309836932557901,1.6679031563336837,-1.6655200399605734,2.0255313152653227,-0.7075184752624037,-1.52887341453041,-4.090280806940279,-0.9873173601589272,0.0578638031247208,-0.3884680531747544,3.773165510701232,-1.505260939989842,-0.4935058261609789,-2.0947603874641527,-1.713785974076383,0.428151454568037,-1.4897745749845706,1.895793563424484,2.168579696899539,2.0959705432484235,1.5195077873713068,2.7104301898400824,-0.4955869251504679,1.8743852660881253,0
-5.644533072462544,-21.13676872666917,24.84211455594838,4.116397846954954,6.564996528927748,-7.029299998044133,4.043980518895186,-3.480620400992888,-2.8653479272576914,3.225465677486819,3.286572058682527,-0.144540789318735,-1.6694677781705036,-0.0292800196030407,-0.0144682520280092,-0.4125755786324026,2.5344049945662848,1.2214039922774302,-7.425290659723127,0.3138290139940804,1.715695664218853,0.9070356041399684,1.9573831343117172,0.8508644090513114,3.640815492637962,-0.1872338443276251,2.1427158829724404,-3.639214035671992,1.645090462303664,0.5984650283501514,1.2336312203030704,3.2686935670646964,2.506636390577868,-0.5149888732833607,3.1219179406267754,1.677712228646597,-3.185257226465287,-0.3221835726386453,-0.4465374663727119,0.6006061956377668,-2.0232869580852766,0.8214125498028244,-2.654809412026435,-3.154519208061573,-2.175821700219553,-1.8033580122433448,-2.117632947608858,-0.9032813895720492,-2.219755297523404,1.077149643753338,0.425066521439463,-1.721819195385404,1.2092591048845378,-0.9324617655901364,-2.313215394580523,0
28.4760718521397,-24.4031165948813,-10.988981374761533,-5.17986915732517,5.241227622030396,2.348770790712372,-1.3348631977981684,1.676068074670351,1.9986853281413677,6.128174721824782,4.134867042094224,8.859221106991807,-1.7065130436179206,3.558226695932351,1.4539165412882868,1.8563365838704304,0.5220803584876992,2.0513844267445207,0.8303878779225119,-1.4742664515681865,-0.9651637767092645,-3.990657250910339,0.7221053497685419,0.884484661547169,-2.622283822893918,4.944860284810485,0.9135428091614328,2.446222849031653,2.035451905137689,1.5926069483158305,0.9054956036971374,0.0356407778756913,-0.9795694509649931,1.4079933660984183,-0.8378575274520257,-0.0044386433237873,0.0214701966206586,-2.3111757252119176,-4.372406983450175,-2.928822292679216,-1.3887943734913295,-0.4976899463839968,0.4498786397029735,0.6433772441786711,-0.1290914038006026,-2.5014023362060347,0.5424218583755303,1.4568957334511192,1.2565153515512275,-2.42130548149797,-1.0410839618669532,0.1144636593704592,-0.1338798167505308,-2.345187201774067,2.003462197504573,0
31.83703493549643,-39.87247628799936,-3.8023998089636186,1.6642443020926148,6.699993963675873,-1.2827742558208737,1.3875500548913329,2.311215322765308,2.93552782999565,2.965681136807976,4.404310532211396,9.370215491523274,-1.59765686408204,4.687893388801881,2.2175482961028594,0.1696730632181394,3.0118847939068814,3.232091953336016,-0.5893050788207257,-2.166696119981035,-1.336693804129015,-1.37513938315705,1.609885777274519,2.398345664196408,-1.9666387814447015,3.364686647503748,2.2808502792627183,1.7722371049838914,0.8819081295437654,2.527672327233631,1.579776902626442,2.3704830532897527,-0.5871794020004433,0.5224444753774758,-1.1307272891658888,-0.8087744737241802,-1.1200101614677866,-2.275052200054033,-3.2336593211968303,-2.987054725406784,-0.7346861607878095,-0.4608362226222219,-0.6303445736065322,1.3661093020514965,0.2547662982480917,-1.8270884098746007,0.5159055065224339,1.587590528904122,1.2494671389436904,-1.5822521664420337,-0.628527634560206,0.1496622824107965,0.5426449189082658,-2.024164332349942,3.401087946212985,0
6.504830678491373,-29.030366710027412,-16.13763406423329,-7.317620944942047,3.779089734373725,6.361823563085882,-2.748319783868785,4.353705929315797,3.109002394113539,6.530032465276419,4.771248182902499,6.52840189804388,-1.3646078330064642,2.509464121432714,-3.734016387792321,0.1784614935769564,1.159962838843591,-0.3488069631840833,3.2489558374757395,-3.072648553713897,-0.6837991546305036,-3.60846506612111,2.829294357630836,0.4134836180172238,-4.190221059573291,6.364238831599137,-0.6454807863326126,3.9028162145320273,0.7897907795958448,2.54799202030863,1.1209981327352427,-2.192066201996103,-3.0133283930405126,2.371534252086063,-2.943701644771472,-1.1305812293825024,0.6026254397265047,-2.3566294293262766,-2.3565093748322243,-0.1267366066919277,-1.095706793078494,0.200375319688751,1.6869209239510787,1.4036569726495989,1.635399996562572,-1.9710935649913448,0.8952936500085819,1.4979451139799786,1.075181872919892,-1.7765849521593724,0.6415354902391422,-1.9879812431292827,-0.5511425365006255,-0.1082902382502748,1.5751957358375204,0
23.84790062147612,-48.01548791109235,6.514715431710718,10.523855080772002,7.197452455946365,-6.624433402741492,4.870371964929691,1.582724856561986,1.283128780684695,-0.2908291199123051,3.733312637369788,8.0692397742736,-0.9774415273201688,4.118200982162679,2.955989695565587,-0.0532878402476333,4.9912995785896745,4.154365834873882,-2.4746954098744363,-0.9849030464080072,-2.618836021328247,0.4029528686280135,3.205274107814302,2.7159059800523555,-0.3459010538613991,2.710414088026789,3.1469730559554296,1.1273726032380105,-1.69311792930096,1.5705795617083014,0.2968224014882281,2.5115719751733163,1.743338350627259,-0.0627211104924955,1.297196339951323,-2.240781601014508,-1.2860223750697208,-2.963098614158407,-1.633954440955312,0.3251971733474791,1.0886754630968791,0.8281058691853542,-1.0651121847800658,0.4050170894513485,-0.6973944480146286,-1.0876232117315514,-0.9410717530526342,0.4186849815120463,1.8669364622017155,1.3131690173056965,2.0354600431286083,-0.9582987643474168,2.0370046097421954,-0.0629788456216617,4.001664278884518,0
10.27186320742695,-40.10082353799195,-11.291458876473143,-0.444323299002088,3.177120139935921,4.090571538183405,-1.2691957404312302,3.4908075063306194,1.3645068749738414,4.838781650886648,4.130165993346813,8.906259397859765,-0.2443836801371353,5.2656905874613305,-1.3501040901047967,-0.1190597755679761,2.165717298378444,1.3800966785919802,1.2362519216753014,-3.187156023347774,-1.246799673721417,-2.0261380491277543,2.5388267141116585,1.5470505515317137,-3.217692068727364,4.990626545086878,0.7753046861028017,3.0802040896344844,-0.1741611509242374,1.9087148103052007,1.5796935470532243,-1.5539733873655026,-1.9202339848934464,1.6558570263435828,-0.8743334451176681,-1.4796324416276436,1.3348661185273007,-1.6451923815882867,-2.4286933359514022,-1.2929055532336466,-0.5589321449155655,-0.6394276754135794,0.45981971842621,1.2938461917941555,0.7332050379685942,-0.8083675366063148,0.1400898948715354,1.1713294285818592,1.1381266890155135,-0.8685617607123597,-0.0101953379299912,-1.3252248853936095,0.5510240624887496,-0.9401314931994847,3.5725535310458234,0
9.084801961277938,-47.82834785352752,-5.742022581919889,10.121366679001792,3.9895475482921663,1.021167536480248,2.244343889365377,0.5820023517981471,0.8801787014862195,0.7696213850001936,2.8892175266952678,9.332248100624492,0.1718373372136406,4.741574241121175,-1.065659424937485,-0.4383035369718961,3.470488029794617,2.1940693285514064,-0.9741348289946624,-2.7296994269170787,-1.815030049004272,0.5898697763976929,2.9490921347418486,2.4831767859375,-2.968404781253005,3.1803678545401013,2.9195755624139217,2.4926844207918704,-0.5586807192474894,2.995985503152746,0.0918037480502582,0.2884744128283473,-0.2625900091615643,1.0159861781159962,0.3082664768757973,-2.813838709840594,0.7083865011180948,-2.294434830913408,-1.710105551297138,-1.0476189409721224,0.0771505026909149,-0.226720266885277,-0.8694548011103997,0.5759266829209829,0.2565405916841925,-0.1904073426190683,-0.1150175923647913,0.6945950788639857,1.0672428166144734,-0.3896739826672277,0.8691123983406618,-1.682648119018378,1.414533737615247,-0.0876988718912787,3.115086758849186,0
4.209172831050696,-40.66348624609044,15.872398911047624,11.834237454354426,7.1029209393854655,-11.721793613316605,7.60446468154267,-4.348616344279616,-1.9586693864732887,-0.3781581333846536,3.371416360197156,5.50657663012642,-3.1166679402362605,3.336098540922586,3.2510229129898294,0.8550527879932003,3.846562560531,1.6592347962619758,-6.102389067350886,1.417729356054788,-0.4975056390123319,1.2610216266840188,2.3425384176130737,0.3448258110356731,3.598677584739741,1.0415593466737985,2.570669883560745,-1.9689920461316093,-1.729918781108793,0.6728306608968373,0.1080289741802405,3.1751008865617085,3.3958340803736884,0.5037441800717971,4.04562150524476,-0.7918309124550218,-1.3531889016818883,-1.7307614055002836,0.3473525761220556,1.5404524230014602,-0.2856598155586939,1.8451601512661344,-1.725385032049198,-1.5473557746681958,-0.7545097667231587,-0.3984511230176981,-1.603071308695835,0.3929331245735006,-0.3551111570823857,1.7512061753401946,1.4719571288448985,-3.1017768948269238,2.664637046209178,0.6004916961655581,0.3797914472039278,0
-8.38764192327532,-32.893965602321295,-13.41847987708497,-3.5837872241029127,0.6804100777093073,9.16312199541537,-2.0087839919026997,3.872375782157065,2.6693409569437447,4.402006529901007,2.7437567555497253,6.665149406444716,0.3742784999365331,2.83322208912404,-3.77380788272092,-1.9120712596495903,1.817496048046858,-0.3834958312038619,2.748402415176712,-4.146905717043783,-0.786725137249005,-0.9706996795517095,2.841589176370935,0.8540299717351283,-5.1975102276274665,4.7308416708612215,-1.233125874275499,3.030241050389127,0.98998524718764,2.813802310345006,0.2579687608610561,-1.9280796947126275,-2.4408515230815584,1.892981551158651,-2.694738157469532,-1.889796743298258,1.6823320839743945,-0.9985925962870852,-1.5926636592645935,-0.7582794673623622,-0.9926861161493356,0.3018152042744143,0.4312244965082723,1.1174093473921007,1.4881209873814136,-0.4020312199221843,0.0852525061265292,1.0946064553494497,0.5614934359864855,-0.977167781856231,-0.1547978913172915,-2.536810331490335,-0.0837720858352449,-0.4720964736871383,1.8466444649942635,0
0.8433717815762685,-46.12363630826004,2.3338485296222995,17.033916259458195,3.5011120384995573,-4.124242348493283,7.375126983912263,-6.167909925900534,-1.193109154879842,-2.0983995669538253,2.852379094105157,8.990008020127904,-1.424336803383062,4.6505700083859765,0.9699450635580696,1.0049925264784516,2.4890792020963954,1.1416334520864406,-3.962077257314767,-0.9464853221406064,-2.3608088281282025,1.888315050550709,2.026450918526823,1.058640953384711,-0.4297895262615479,1.451876698611339,5.339628850770479,0.7526982233515704,-0.8324195908623617,1.502973795254862,-1.3286911718342045,1.6834551186164204,1.7931069758167997,0.410180264496448,2.24487674285366,-2.981504933530214,1.092653066921965,-1.9234135597148443,-0.966461650299623,-0.1318408570179039,-0.3794878749181342,0.4216899182884072,-2.1798734230501355,-1.0513555398150884,0.0871840010885166,0.2887304857378558,-0.2768287699666439,0.5244252970959649,-0.0722852537975244,0.702112584688897,1.0681195786788982,-2.768860028856174,2.5786156049587947,0.671170467684678,1.4691231981846025,0
-9.66173723765816,-37.504913189761496,-11.542267992022932,4.687812525036662,-0.0455586218219668,8.406095314508695,0.3557960123163292,0.3291279153351924,1.6788002562145885,2.2323620570036127,2.016309631418471,7.494085376351356,0.9989498247429912,3.468532941866433,-2.2046079527244045,-1.8467887278894055,1.9830030070251372,0.6924219076401062,1.278307585232133,-4.208963528346496,-1.2788292255016271,0.5879030135415203,2.247618574396805,1.9340283735042207,-4.484581096791055,3.5421833540685737,0.9958453894797208,3.072559298575807,0.6552428497869401,3.0797994462479283,-0.4458588506964554,-0.3286573712044499,-1.454057455508569,1.6761046063371936,-1.037702042668452,-2.2644318127741503,1.8915860495900916,-1.018826207638281,-1.4648471585176706,-1.651912256661849,-0.7715328534524521,0.2944826268529584,-0.1735296476035605,0.3843186372806335,0.902096100428694,0.5656046859137662,0.3253855152158127,0.8544521083145854,0.7389903155339306,-0.3801895728113601,0.0226001345153737,-2.2475429099072226,0.7038463975089496,-0.7230439965190261,2.1238670331722065,0
-12.62080208044241,-40.906843996161406,-8.745499863108215,14.347039301547484,-0.2089784408120814,7.546511244133843,4.270264881212957,-7.154434077645103,0.3774066265967993,-0.2068656265771082,1.3298667206859087,8.294632467092189,0.8412678612075127,3.2842368750324686,0.5047933129171779,-0.7400839161401812,1.4406853862927151,0.6128833592749916,-1.3196924904172789,-2.31168786782578,-1.777469974032612,1.7151237712569978,1.722613232588685,0.9249456619985076,-3.388842550976909,2.366133865557672,4.429362343903158,2.219270522549853,-0.8003332869488313,2.698776276488869,-1.523871215022756,1.0625531924284957,-0.891718899660308,0.916045245291268,0.94526818399407,-2.615946902390233,1.6143864714765512,0.697505849532713,-0.829187279206623,-1.599873640005778,-1.518006735256247,-0.8169156876098774,-1.6556301128730868,-0.4602537731520831,1.3109380997604847,1.3337794333648874,0.5465811783904884,0.2522000197420855,0.2613799778890923,-0.2703043254698982,0.4806513253889541,-1.7927732593630523,2.8418300915019543,0.2295670142664106,1.5885181741678576,0
-26.27366294367081,-30.694849585520917,-0.662456420417431,10.400074243163724,0.7957068279211025,3.0775716059032003,7.836100278449269,-12.957038526261377,-0.0349393732444693,-1.1774293688157278,-0.7303870247511508,6.370937481062416,-1.2842540148479649,3.604487558134822,2.3062292612964104,2.006393569403986,0.1941175282986829,-1.0731869900002062,-2.3060369601062622,0.7756535698080025,-0.4448707447220007,1.049766390807319,1.064921137411633,-1.5816672804020495,-2.62854010264575,-0.0348205994280524,5.274512154611837,-0.2314417902312643,-3.686599258741203,1.7960810993775629,0.078681792285335,0.0400263630121802,-1.038453383177787,-0.2308351458089932,1.165720143818924,-1.6841065560878328,1.5275185318240134,2.30025236845094,-0.730988388031848,0.8857873303951276,-1.5439861228356997,-0.9121473444511377,-3.003462331361233,-0.3357338752680928,1.5803271463997062,0.3122799480226967,1.1274988105101846,-1.7511933122040535,-1.0479216769313344,-1.7515404138134691,-0.5332165371541653,-1.4227265078869284,2.584919219339083,2.0001314376900847,-0.5253703700791607,0
-25.733042747413386,-28.52989607610843,7.194632361093597,7.619223386028791,2.4953021526721946,-4.377887900481633,10.180883717020698,-12.55395968175954,-0.2239350035917738,-0.3008303527938024,1.2952777115925136,6.012025055199105,-3.370327738107048,5.606043656229766,0.0115423642192547,2.2779254480870814,0.6742074735809274,-1.3941011895725497,-3.10219250796843,3.3680087897710527,-0.3192848598416991,-0.0565373541294436,-0.1746499117998852,-2.0227183656876764,0.0051679557752231,-2.0840995632202133,3.658357939038156,-4.495191097234087,-1.779524194028509,0.8003215128553078,0.8832121507776802,-0.5237644300729286,0.488397671805944,-2.182445811267593,1.4287441418797824,-0.5997962832744546,1.544278109004302,-0.668325631308735,-0.134984200090669,4.574358425529775,0.9734852729414032,1.1213700093596406,-2.017483910234899,-0.3214046533486855,1.8390495089058632,0.5065706675636604,-0.0691915243977843,-0.8559694233649895,-2.2812113250199744,-1.4787673141865108,-2.129397251595774,-0.9902534908292348,1.0141054963995446,0.9428465167086948,-1.9389289357568065,0
-33.72274595936068,-17.20946516000659,10.016554954095303,-2.8118455816025354,1.045200871511193,-3.8561411736500393,6.258992967909043,-5.508017728982649,-1.209411719446414,1.9142929469033747,3.2227613519088827,2.7138555655253644,-2.6600506071060344,2.7298045625407634,-1.66087915986282,-0.1764036826948213,0.9403634807675452,-2.503023996548675,-1.3193465842412568,3.300499090622468,0.7182016968652885,-1.322889006390254,-1.3197683796369324,-0.4062190388259265,2.0647092983754094,-2.5478211797593957,-0.0770633874722296,-5.451918921018456,1.8793583371541007,-0.3581867588265468,0.3524366263675451,0.1884155616927303,-0.1279310329861473,-1.2370507820582364,0.5085151877905056,-0.3547994673180416,-0.9541683707344034,0.0498129127114794,-2.074525976094525,2.8586944982360967,2.126512018749532,0.1119371650266671,-1.1153921187125204,0.21793543597565,1.389212260171648,0.9435200327159556,-0.7880768254945895,-0.3169116430761641,-1.2988120984380898,-0.0536296849095704,-1.8382744887099636,0.3237052097698921,0.1358367113286147,0.6036149327548965,-0.8964214513719393,0
-28.398409431403223,-26.943882635276797,-10.2824292496906,2.9445129665346017,-2.296870828482196,13.149095159089503,0.3468192548174648,-5.1047785255015325,1.771092390284336,2.8262164948328863,-0.2121299530347568,2.6223025458133806,2.276785940440341,1.5768278595115024,1.7697613060356283,-3.7753246436278527,1.1885118866156503,1.2360541255439732,1.9536251457682932,-1.008381783632189,0.3220312409160346,2.00732739749622,0.6003597505869546,0.2848602142568721,-3.456913493177345,3.9999275486260415,0.4558526996534919,1.4331246358690355,-0.1573004221950534,2.222905909306048,-1.1649034699011778,1.606043343766136,-1.625815155274914,2.1513724598785986,-0.5234364334413729,-0.4394285630032268,1.958061104263222,0.3421023589978658,0.41526135027771,-0.9068594010095444,-1.6440778150186783,-0.1745926038284776,0.9091443768739276,0.6039862241108747,2.5707418746548325,0.2426146895228657,0.5853493747647199,0.5888907384564083,1.1086562258955526,2.0510574394275656,0.4100098599687751,-0.4822858323931746,1.6364786558583586,-0.9323607725143604,1.8967794376729976,0
-36.65195662465702,-21.34549494916388,-3.833571169716967,2.1622346911854877,-1.5807099725820726,9.44175431200141,3.258360634735465,-10.28967454965013,1.3001881457856217,1.7293042582679716,-2.8866138729475974,0.830511446438246,1.2986845855789355,1.340274304190167,3.965234272041,-1.564052232595399,0.3240592435614103,0.7685150386663793,1.4457528849627934,2.72039280923037,0.3928070518092897,0.3802994600273954,0.7428483407252678,-0.3526197798015295,-2.609991098162456,1.9127300152773408,2.91940503223523,-0.2666596253823498,-2.7442685727610487,0.8691851605704755,1.1616541015031527,0.905595989878165,-1.8157303694754692,2.0336753575621813,-0.3985198458813632,0.026901931795727,0.7104849407811632,2.570493006367125,-0.3742957405927808,-0.6833832145745835,-1.708880225733925,-1.2975452027667644,-0.9511243859300516,0.9496274265806705,2.8897821917777,0.6717720986653373,1.2729227831832424,0.1160755399394885,0.0309551826225686,0.8353896574835471,0.5988913219294791,1.399619336009653,3.166291053194361,0.2879060432690951,0.9224296040156522,0
-39.85325313681621,-14.861160919690205,2.1943012923101857,-3.720566144955281,1.5621763233010453,3.1136213558586308,5.356397176117317,-9.389227572195043,1.7410986743069277,1.2195477370586485,-3.0359635558055764,1.517633556761216,-0.9397568670977524,4.232183798912413,1.9932354641083008,0.9012754935258084,3.515566636917533,-1.414796279289016,1.465401028650868,3.066854993691269,1.3150877669106142,-1.1517716363313926,2.4612671313362475,-0.3486125100298466,-3.762838773084578,-1.413105586072834,3.744983690856951,-0.8237782983136221,-1.243636974992966,-1.0988828193363385,2.473120343365526,-3.3228392870986623,-2.400660436412527,0.1990476209918106,0.1472286284525525,-1.4685069522631264,2.360785105362068,2.132698722392929,-1.0440792208113066,-0.1144761162358449,-0.536548091690683,-0.4344781256657512,-2.1349781958112817,0.103979987323967,-0.1965017959644318,-0.9461879010698588,1.5287419124564203,-0.5249179190876206,0.7279516601414716,-0.961224577587719,-1.8079788563845496,2.176732940209914,3.1052975256426536,0.6476712299653334,-0.4676328192513757,0
26.91596845367833,5.530982824953055,7.092650821232925,0.0821069403014683,3.126918361765714,-1.7336444606387065,-7.873520521395376,-4.379335052436367,3.3033762495164254,-6.203093770384644,1.300522805766204,-1.33289453016388,5.468344472542005,1.2262619304781837,-0.2970769790516078,1.1210876552411884,-2.323926700457656,0.0261538328712229,-1.166422601220899,3.916395865280258,-0.9501294319461848,3.1701909910674675,0.8476107620840971,-2.491874309673553,1.0592359308468873,-1.002033094000056,1.4226875359122255,0.5510064522126057,1.186486186233771,1.6549691372978828,0.1143322051230723,1.7897657462980232,-2.396326306031272,2.100422356552705,0.9147767311565692,-1.3621104016978225,1.0807343420111586,2.2662320992501424,4.105870404452372,-2.3159490309640782,1.700454984471606,-1.938206506718695,-0.3158069668756078,-2.4355395849648405,1.1818383267791892,-1.0867218776007646,0.1342026349655121,-2.5299676550905823,-0.036205269687867,2.157005280478306,0.660147940142164,-0.6851360243214092,0.987093991030204,1.0103590784243583,-1.7929401143082078,10
26.177646172877157,5.936817830720822,16.96207345962215,3.425716841549283,3.852931535523629,-1.0972322901218174,-6.5300717073259404,-4.215958676112764,1.6933050781891374,-8.31578080037269,2.226600391180755,-5.907318747180688,7.099573247587034,3.930739439210472,-1.7566295958959832,0.5310662866630017,-2.5632629460591554,-1.5379001159322117,1.580913649991079,4.397325892316551,-1.9443099626339588,0.2799708716525185,0.371503076544185,-2.0142896791083054,0.2244234177934645,0.5344294358597554,0.9642541519041276,3.020396752923807,1.1607584882757147,1.4050933340908698,0.2862277784060215,0.5855647713867069,-1.6759968999810764,3.651354728924455,-0.9079239319229828,-1.6559931600404143,0.6011371629459628,2.9242843719406806,3.667222776675443,-2.40557712914928,-0.437073669800097,-2.693281262047994,0.7029044144446368,-2.26316450659249,0.4929163497063193,-1.3095833307444122,0.4324278175522544,-1.9553618110353452,-0.373372669107948,1.332466910964764,1.349417435874673,-0.3198830996451988,-0.373794901773555,-0.3609413690847678,-1.342703367172036,10
19.00708677504139,4.955948074863173,26.533619186710517,7.132617510592219,11.707527889517172,3.334640533162154,-2.019403349354288,-1.6461951868522704,-2.8839185034633505,-5.940189757075907,3.89365331273009,-6.980221351189308,12.649893343716538,0.3324963109216999,-2.3713095379676443,0.2158102889521305,-2.585881451868812,0.470758677321241,1.0700438061551525,4.554347029272914,-1.3966096510783743,-1.8604661826284103,0.4915036106272212,1.3640718454042406,-4.268836768388194,0.4900514666867944,2.04492131764664,8.329598237529511,1.4799753980984054,-1.0497335339302438,-2.647784127040667,-5.157637896225666,0.6662935987255726,4.203759085032182,-2.270928731083147,1.1939039889816372,0.6616087348554636,1.4424554105079317,2.291602835179747,-2.9896376640053424,-4.129275739690251,-2.9823005356562,1.487897301916147,-0.14666519581128,-0.8110292833553686,-1.271478348098242,-0.0979298759474326,0.1850366916136646,1.6618092517375036,0.446028790909845,0.431498482699276,0.6518484857935003,0.0876675476645777,0.5771410304474082,-0.0737973890173929,10
-31.39167288324777,-5.297665441805779,20.108417897958752,-3.105259463511995,5.730227719392174,3.551280111800948,0.5793641079894035,-1.833120208163513,1.1177748242682766,5.444888130441631,7.0756623087240085,-0.28704321194101,-1.5293187424673544,3.062306163348019,2.470851418582823,-5.536203757008822,-6.202951985253074,1.065590848897955,0.2728589814021442,-3.0812102056680133,4.344181882588102,-1.7363467786043294,1.1450961560847863,2.1129172380422823,0.6194420065331422,-1.6667608468315798,0.8412561474306398,1.0159099668458116,1.0716426745914645,2.91869344139996,-4.36191073564156,-0.2184113949824508,1.162246476821083,1.716436733772317,2.110056187247122,-0.3445769781106157,0.905562600550434,0.72979878666272,1.220656716315418,-2.33170406634249,-1.412621233838586,-3.012167598532975,0.4205076772447311,1.3145460500070736,-0.3611558029415342,-0.420185608746741,-1.632093190775022,-1.1549490748704518,0.2930200092994085,-1.7190645189339506,2.181130371414126,0.7024110528344123,-0.7223784991522838,-0.0044921325556513,-0.2077232976596486,10
18.66049231405607,2.640416587906097,-0.9491159971232233,-2.429403718212392,3.150937387539537,-1.8553859398718309,-9.54038311619394,-4.794444578120142,3.5607926699799446,-5.517091455466403,1.650005786304522,1.3827158518140257,6.764199584773079,-1.0902261756251053,-1.0295179719872425,2.916383754548712,-1.8310395282445775,1.2180448515312892,-1.197487794527577,2.801402901387088,-0.3285068663453279,4.151899594442246,1.6122728070725356,-3.509374561580177,2.251602871559239,-1.5500645052053612,1.931275010324058,-1.180572904064633,1.1973293688528703,0.5088586028133356,0.3778627456006482,1.064942448304104,-0.9858455741494186,-0.2846659279429698,1.3355493151028102,0.3090929374688459,0.5959853840414705,-0.2278124679008679,2.261914516636528,-2.4364547150100355,1.2942094404971496,-1.4596462614187755,-0.5539588322448178,-1.592746627363094,0.6153593903149835,-0.5458837350649488,-0.9220626323067648,-3.4608640858062003,-0.9239180400672964,4.070280999280683,0.8709144789726074,0.7159391585973379,0.9616575005128526,1.2822554602992629,-1.1834346670000957,10
2.737534277535152,-0.4248704647522994,-6.444347518164936,-6.943520278813824,5.051112120789476,-0.5391425651526869,-9.53390579528773,-4.44120649482216,2.325017326789676,-4.232999972576066,-0.9917951737196404,2.6562987300018377,2.02747313864783,-1.2350663171676268,-4.6935933129693845,2.359058039911305,-1.1985674782951998,1.606700033346704,1.0058468693423055,1.3163604550432706,-0.049342475910934,2.8842889782833803,2.1427654263791824,-2.975683053869734,1.8425700547415365,-2.1945454802877133,0.2636361508163645,-2.406358499248447,-0.0136711498448933,-1.1233917278591472,1.5775164676711284,2.5864519781350266,0.5766261811635486,-2.293902210110242,1.6481534770397803,1.5973496714368087,0.4939173549858162,-1.6162440271558909,0.8538338003130664,-1.085467498944892,0.4151015398174505,-1.8058801525490684,-2.14456708072907,0.1430258992284308,0.1994519528001345,0.8794261284516952,-1.8768073607408329,-3.4378646258442047,-2.6106420865478563,3.087704370121095,1.3981717573067165,1.995975415632991,1.0731860700868403,0.0531483909427472,-0.7302488914758077,10
31.500022349515994,10.523462102448192,11.022146926372296,3.6014549373404967,12.778215063242316,2.712854957148592,-6.502808225626359,-3.720196063286468,0.7580063973340134,-6.098948005304214,0.7244263700064857,-1.2151742271377062,8.404903715699175,-0.4178710446313606,-4.481140044122807,0.9951684279760308,-3.2970639028562454,0.8191842356513548,2.4792325277722944,4.491132166491034,-1.606201681958166,2.475228162675307,0.2389248854418972,-2.0983584815164678,-1.207421076889942,-1.6033821207019057,1.4426252823132686,2.1661200372469938,1.7271269426896216,-0.683882525459017,-0.2821274776103037,-0.0173262451405395,-0.1663707242896901,0.6626115214644387,0.2237930986713053,0.4251173986565557,0.8380240056658905,1.1278232295292163,2.005856521718733,-2.905387417099184,-2.186061042113493,-5.408060994540334,-1.1635324482289864,-0.7611702784199055,1.0360813302181473,0.3401979534536745,-0.705073713002232,-2.24686567572654,-2.682937184961164,1.4044194262188026,1.8761659307481249,-0.2577979726810535,0.6913441827669717,-1.1822385814213197,0.1292044319505581,10
26.59211508395676,10.18880165242874,1.095868195083286,0.1173119780508767,10.385033244280375,1.4469686010597398,-8.469212118053008,-3.964350644758975,1.7103875785886804,-5.774839615762192,0.3365529675174405,1.6389052086672464,4.68360241903868,-0.6396588686431111,-5.145454430861612,1.1896853995142225,-3.42130463556174,1.4620750388180028,1.8583416989281567,3.645787770678708,-1.2983881383588107,3.304757811163565,1.0685694582038716,-3.1824801355070944,0.2266253845499002,-2.5999603560521414,0.764228648853244,-0.6295563837199835,1.2299943669309652,-0.9111779692973976,0.7092412419480111,1.874904858351694,0.1188554774032328,-1.2078224531283608,1.239347010837009,0.7358750531394386,1.0310590159421622,-0.2422473170362755,1.6578774923701487,-2.098522607212216,-1.0252218375356872,-4.5148971373879325,-2.566267665546102,-0.22135554676901,0.9093849896093432,0.5894849759986269,-1.1127503273227113,-2.869094805772541,-3.026140054575849,2.221087528882493,1.8526117766537944,0.600940941880374,1.1926233721318655,-1.2717599834480402,-0.5472829830220088,10
31.7981872311959,16.773791684155896,6.065227580361899,2.5771612385582543,12.087741310998918,2.6347327853899385,-7.899466683676061,-3.895340493048153,1.377357706568325,-5.896971562678913,1.3202042967669985,0.9668272208540508,6.316491920189765,-0.2350574689991286,-4.788122135602026,0.4965260828592677,-4.161381766824965,1.1917767373945043,2.139838194506153,4.098647689991678,-2.102671469315647,3.2788575648012808,0.2447050714340276,-2.8596537143599123,-0.4226698681717993,-2.041364347421574,1.2378065186615643,0.3926076752383154,1.8421359091563756,-0.6795383481242895,0.1882815975430254,0.9944296349192988,-0.1748948678405903,-0.1996307573544415,1.0126176018155972,0.1299503120817509,1.0020362439063193,0.4573976358430254,1.7788944812670358,-2.384980355402041,-1.734763869021784,-5.22772691693,-2.370529196842435,-0.6793523015326753,0.983318799914038,0.2652842631715598,-0.993905991778918,-2.866350356027268,-3.2568313048715214,2.0062452769575847,1.9272359918195436,-0.0664722585206226,0.9107418280803616,-1.4699224240178432,-0.4004535972008899,10
17.793838946902124,13.12973375687464,-0.9379951618161664,-2.62339595093889,2.7429554361415067,-1.723822178830043,-9.82091349675194,-4.797151622043604,3.895487782087579,-4.540209889995328,2.754583302716133,2.2119865729939523,5.8516842929744985,-1.01440878584368,-0.2746818591558821,1.550643419074653,-1.452673355049817,0.8647301763393087,-2.2212097929390566,2.103006384465247,-1.0041053925923868,4.859529274997104,1.3943285725844587,-3.165820497045508,1.9582614006456605,-1.4622089147939208,1.5679495242401464,-2.1979700082525486,1.7860134726996113,0.7587205847281564,0.2837927599134237,1.253149641656514,-2.2477206873565847,0.8547029363432955,1.5297072395077136,-0.9086495110271986,0.6690354956921329,0.9616922119288328,3.1911065031269548,-2.058037251402974,2.1272154846102245,-1.2527008120183902,-0.97538606390297,-2.373619665039755,1.104878819529729,-1.3577880498351809,-1.189215581912184,-3.219654280915313,-0.6338870975810234,3.379571361566556,0.4761718079117094,-0.2086646097174706,0.9146805737249484,1.627005319328803,-1.4995499744402154,10
24.21054220485497,17.644566127227097,16.837229077701476,3.8123643747947513,3.858118132019442,0.4601180785102648,-6.924848990258153,-4.461990958571558,2.0327459712197617,-7.60001627814097,3.439503573323763,-4.909844726876616,6.976503452098941,4.056107086539457,-1.9364770091992625,-0.5443977732271268,-2.834403472371684,-1.2100294825130662,1.165919832270249,3.5774782967882204,-3.205749681991339,0.7431573198099989,-0.2347450692773717,-2.232160362813866,-0.2483356554110185,1.0000584624335656,0.59464133486091,2.068430645390005,2.027288716509187,1.301766681154151,0.1020731093430052,0.2222108379412663,-2.09391712148368,4.079979229218748,-0.2450943060552494,-2.170565996926165,0.3885351618496188,3.0023537517804817,3.4838061022789995,-2.101637546280858,-0.6026249649175345,-3.238040333107246,0.3055898816727176,-2.964647484726308,0.1838078731653878,-1.8773712249467256,0.4226585302350159,-1.9491856880863505,-0.4304513641591088,1.1852203194905844,1.1851089659572591,-0.6572620705490372,-0.7198876162018027,-0.346318157678302,-0.8918521204703735,10
19.49664638846933,21.731010021070272,11.74665020355171,1.7861840257664685,3.5322394291724777,0.6906819251583847,-7.464833160460062,-4.462652114519503,2.377489340635445,-6.4621977720332415,3.287756598604532,-2.383138761296536,6.241286608049955,3.109135653446272,-1.5213156673236463,-0.6245271713628515,-2.5523966971675303,-0.5302928345033929,0.0564839185224461,2.9270477430390227,-3.1506902120583016,1.6867520996705492,-0.3661375748085069,-2.6010525390960466,0.2740699134253285,0.3751889998325744,0.6840931749421009,0.2994963474798991,2.2473449238000245,1.244604382881177,0.2897525836169505,0.4873976131270887,-2.102664986608486,3.054473795211527,0.6763775805540778,-2.329669411487345,0.8738757118538191,2.511887016254521,3.316200996815397,-1.7758838766977696,0.2046234024296614,-2.918028374324539,-0.6558492367741992,-3.102194474392338,0.4589255768197345,-2.073917353447313,0.1192922038793134,-2.276507441847819,-0.9404630343245942,1.9691239107829588,0.8995914284718879,-0.8395789706704334,-0.5698296712050935,0.1931674914862696,-1.0116779146812285,10
16.1483865424801,18.87180404963565,2.0650475466783984,-1.73741418119762,3.0199224082987626,-0.8175810743448602,-8.841777447923066,-4.675013034237158,3.5252551228283635,-4.822461938132841,3.067780993900617,1.6048665843360566,5.586784366529581,0.3250378683619436,-0.8270665195974902,0.5930178416923382,-1.8275847755236168,0.6482365638840617,-1.859788223591718,1.9511477743143844,-1.6532377078250755,3.951792154471364,0.6516325475285951,-2.9739671157105803,1.541007124162528,-1.2963043722389946,1.1042164420855751,-1.967024857263713,2.0231900132746525,0.810993137882984,0.4748950726069983,0.9704423070529056,-2.2294399611208195,1.3747674905661482,1.4053091091222845,-1.4320515375085614,1.050353516118699,1.488383607681759,3.19710781415835,-1.7815700665679737,1.748947663496178,-1.731665265918363,-1.193966673377843,-2.53923223598986,0.8812708621421466,-1.7688345311050029,-0.7244615979741346,-2.9197249073055818,-0.7710611148452846,2.9807371696468983,0.5992493583870314,-0.6068342815505042,0.6319047650568751,1.148093238007863,-1.4551291339704937,10
-4.546689661100092,11.316178299480022,-7.095727187554401,-6.5764337479624535,5.022747035201206,-0.939566554739511,-9.882448655768044,-4.313143220985484,1.5617315535403664,-3.1291877863664044,1.9735222300837167,4.158948791196766,0.8269634163444113,-0.8925775075356628,-4.210621172042519,1.6058033687323152,-1.5894198573717884,2.1343731763511062,0.210248126804303,-0.8295878860332648,-1.237535572085578,3.021847961440872,2.1521003169201403,-3.2922734813843704,1.6578583557790032,-1.7906004971955092,-0.5988279859529306,-2.8895306942002663,-0.3078354058643464,-1.9865727002318188,1.3182289956139503,2.9163687381716428,0.5108383760926658,-2.02124134834398,1.3801893955327982,1.7487280411689885,0.785658281873915,-1.6214545441908597,0.3081450729635008,-1.2970723957643862,0.241080991386552,-0.7697711528717646,-2.691579641189858,0.6467291521863829,-1.3029851417605225,0.2724953500296443,-2.955530497350943,-3.124984162424136,-1.9563481518626,2.812061713953332,0.5979970399837118,2.1182801187655245,0.6200504880090619,0.8782045227756029,-0.4165768939086527,10
4.916359444344626,18.46624863682505,6.006869961113279,-2.559313424938177,2.405313061113908,0.433953217218606,-6.538596366518847,-3.899824792536743,2.629764461850338,-4.599339839378753,2.373642228239928,-0.101724913850817,4.772749380008492,1.70200424278894,-1.1034688843784917,-0.2977045580911082,-1.670499525310892,0.0906141749629092,-0.7245915872953027,1.7005269559789011,-2.1934700000939533,2.136568162631842,-0.1595610723383962,-2.0961937733330047,0.9140149600164772,-0.5666961584422486,0.6588887207365893,-1.1360404575648468,1.9807123039654329,0.7864274980972279,0.762858912830504,0.620145930838664,-1.765949211342809,1.9146310305340837,0.9702681874439668,-2.178239988856895,1.1290845276174546,1.7322055479070748,2.629845997047108,-1.4261998193001766,1.1033626701303436,-1.897174282317901,-1.1517742425344577,-2.537832610948852,0.7887344546382463,-1.922722783000111,-0.1775231738834783,-2.170206105027543,-1.0516099173185496,2.206213205214837,0.5760001166693893,-0.7298869562680955,-0.1695212000024455,0.708621133152908,-1.0944121003896516,10
18.009462401932087,36.2655891303646,12.631838045472726,6.46374185748178,10.164473724018642,7.190592524419884,-6.774566180245431,-3.427739401223784,1.0399168048319103,-5.627228886360384,6.648777037625412,-0.1889924676192018,8.173487535667599,1.3433626997877983,-2.6875453981807387,-1.6943778534402545,-6.009472450120788,1.2035680698053732,2.1071047069277187,1.2333825320246263,-5.187790269823742,2.074754188850947,-0.8252915697199097,-2.08738204020315,-2.6472595542716864,-0.3199950576888844,0.6361385063537918,2.002218855221053,2.7441216180580734,-0.6877787119205706,-0.5914071039252229,-0.911556570715703,0.5299894587275382,2.040995162130072,1.0356216453120597,-0.6725988142172967,0.874027481412767,0.261697474388547,1.5680701107580413,-1.4262772103006878,-2.6526483002374177,-4.408355937298982,-1.3821513299234958,-1.4532962514830263,-0.4130044817542936,-1.2066992634005884,-1.1584263020682497,-1.6763301311479355,-2.5188555173773133,0.7661934189758046,0.7960972595000586,-0.5275391202341184,-0.611972857364818,-0.6412857995580721,0.5235795057371667,10
10.86769797582219,32.205268378005734,22.389355332625293,8.255769197906723,9.416930912042025,9.427428791979365,-4.397321300825264,-1.3380151636128703,-1.345023714841639,-4.589060151264283,7.352067992665377,-4.558658208054786,10.40999757686637,1.8948461818038824,-0.8045108666818593,-3.1004288355499914,-5.3374617094757655,1.8467234849001035,0.8529122227439484,3.050210752315871,-4.904476918722968,0.5569250909809876,-0.4567211854189922,0.3736950524212165,-5.625085472524397,0.7239470289451445,0.1452257387396856,5.576721569995142,1.430474008585245,-1.0530487912953914,-1.5480059048321584,-2.0587199972568304,1.390064324048036,4.0809817661110985,0.9128459631586292,0.0860066696141378,0.3382656094578001,1.127470115007135,1.9258902374002151,-0.360518434066864,-3.599495329486042,-2.5711354123599808,0.6992179703619684,-0.3444822515438893,-0.4687199033305615,-1.7104567751657194,-1.2272498862241314,-0.3309066578174854,0.3560484199855166,0.0057543343486138,0.5123480687013897,-0.6408681819678292,-0.6785667127758483,1.011981184702577,0.121899206400198,10
-5.920352533728887,15.678460615938802,29.925885097196257,6.107345529152627,2.801702662466075,8.179371295998964,-1.8602833872785556,-0.6918382843547706,-3.7341742057875154,-2.6542543810820125,7.493739963633224,-8.420368941089551,5.766110153206218,4.064163766686512,-1.0244105725374295,-3.806288023629517,-4.712682551589715,1.0114012738827536,-0.7089959107270729,2.9807137864594964,-0.8953793530172626,-1.9605917395145116,0.2635226318113877,3.0646719190703413,-6.791646002272675,1.353077552975815,-0.912313698560928,6.458634019760538,-0.5309860524753243,0.086311615617666,-0.9353041308598604,-2.239005279966849,0.9944014005102648,5.087060576696032,1.4473467776506903,-0.2019105948727337,-1.1057841995798472,1.398996780965709,2.1921327205330625,-0.7017247416961815,-3.836621270044542,-1.8183888937648485,0.0954064608881749,-1.740011700222189,-0.9870966691359968,-0.7804542304206892,0.7354773836644679,2.2100523753594965,3.4055929619272534,-1.1623829002477577,0.667203898912587,0.8491967346875897,-2.0130611086377663,2.2434747948069345,-1.1002920623665682,10
4.105233137931259,26.957375451508817,-2.6764609249721136,-1.2040841860888667,7.796006933532123,1.266977574442854,-9.53906991909734,-4.300964350644994,1.2610227067147113,-4.062946645287028,4.732119917344453,4.693250827795649,1.7720460615274671,-0.0143625836290244,-3.3535539617235277,0.2760084347756071,-3.567828240346978,2.087870727413296,0.4192772565695434,-1.442970242450247,-2.496118476468321,3.0168606990980007,1.1356546778090058,-3.5148987488748373,0.3848483795251469,-2.3374387050555754,-0.5410712490267371,-1.796729328942749,1.3909750802847265,-1.5963790898943937,0.8762942442795103,2.457213759985696,0.0249845881896155,-1.1089312833540772,1.3764284965181102,0.2064072433092863,1.516912146108369,-0.7835746238835177,0.3342525687405692,-1.775654411806199,-0.3581062127053956,-2.309434966968903,-3.3356733778784498,0.3247482476513041,-1.6968596775297276,-0.4722922935797194,-2.452944810720172,-2.7321177403056645,-2.053836383836385,2.377699893716126,0.8702236464647463,1.669995645329139,0.2795653723731817,0.8326494306458727,-0.630925307710009,10
-1.9839716566429115,33.54473192950935,3.264122461354029,2.173079681170814,7.605334196855435,5.429002911548027,-6.958940068176511,-3.500100993622024,0.7480286324932466,-3.8260248125237215,5.363858194259403,2.3266592384099134,2.2570988053473067,0.861575973337323,-0.4438025760461411,-1.0765245262393357,-4.263650778376409,1.860376841796501,1.4261060937506775,-2.0960883944435125,-3.612219359264872,2.1981522060906395,0.1238495293549933,-3.0949291949828432,-1.9736345803341968,-1.097960309734432,-0.2510391333491337,-0.3065906679423333,2.522144538868992,-0.4482230368807355,-0.2364406412002783,1.316588321235223,-0.8260097416783981,0.2084109597908845,1.872042074846186,-0.6418409298069725,1.7066942606932176,0.1360364153906283,0.290259054060111,-0.8918721939989604,-1.2201074257961824,-2.3544837359614195,-2.2872719288341923,-0.2433115033790172,-1.4768202819330578,-1.3378172633042853,-1.9673783780275556,-1.4535686311891465,-1.646212193568012,1.2560681107102334,0.4870427268884037,0.7709267393778518,-1.0099266229636876,0.7057698810990308,0.2645894641735956,10
-47.1247479899942,-8.580321862539728,3.785091411722159,-14.249202750487571,-0.8260849394875622,0.6587342660684873,0.8947225807420625,-0.5458912555728672,0.4077949182286137,-0.5389671897697282,-2.68021322749758,-1.3369470718283307,0.6981416307513433,0.670279621560675,-0.1861595627450751,0.380175629072511,1.1333695213362724,-0.4061589102460873,0.9987186139116568,-0.5223615139256317,-0.2576700392623225,-1.0422363075384984,-0.3680122344513543,1.0382557038319156,0.1415977571875775,-0.1987136078782441,-0.1170051452018685,0.2164917647905964,0.2291628733723107,-0.5116964252833203,1.6678952433042196,0.3907904113315467,0.9703441249438556,0.3714838715166089,-0.3283470663219039,-0.7835275946773307,-0.0322534312949054,-0.1646729936510041,0.0213480074909058,-0.6227559742331061,0.5087549017644264,0.5296593120458724,-0.4201812546395608,-0.0833899802619822,0.2854871703577707,-0.2771039914047546,-0.0546074257037194,-0.1421631321261705,-0.51870330557084,0.2782438955762925,-0.4615016328948643,0.0265599743525326,-0.3867696141947375,0.2403159612763672,0.0916667512699037,10
0.4618508628692497,46.12200444270485,11.376440072027831,11.05066374260698,2.6125226085454334,9.865308985632735,-6.837034451682242,-2.5209446089341627,-0.3017293298476096,-5.238590550224177,7.003881058318388,-2.6882049931889664,3.213027868630081,4.67721341626378,0.2609527838685201,-2.0428430020005663,-3.417430128121929,1.810782704605262,-0.8891667827773468,-1.3458423545506315,-5.901642019877117,1.2421448875322172,0.0542027613107235,-2.8668704796251943,-4.5323644320895164,0.4202565405168142,-2.176400967101196,0.7473519924567277,2.4684716859075526,1.4514999812039546,-0.2350559715801314,0.3993567301895815,-0.5101384371301193,3.89043916143414,1.7675428561155893,-0.5337554632485699,0.6401590296823092,2.459621594578127,0.2478526669808592,0.2489986289112415,-0.5535598966018268,-2.4158016784626053,-0.5710893009562081,-3.2479482457385416,-1.308742609566439,-3.2914042897356914,0.4471134819848351,-0.0263760952061256,0.3221381602386243,-0.7370301965652019,0.9658863741370792,-0.4526728808848049,-2.3652055995275205,2.0890895177391884,0.525668100660804,10
-10.64836665061992,34.53454769682122,-3.4638401592415096,3.2184227866088837,2.30406736773645,-1.3590173628668616,-6.5319990082766015,-4.519279775462541,1.3196721308907209,-1.6065851386199432,4.606015976076272,2.923896303153336,2.43880486620686,-0.7758831479733649,1.8572600574494635,0.8101975859490574,-0.4703141729338233,3.897746978624038,-0.5102367120587091,-1.6579612450285013,-3.3257308026847983,1.8780423290928512,2.420266423365125,-3.8287517173379104,-0.5128553720162033,-0.7208047630680641,-0.1721489776051907,-2.4384512841548043,2.0437356656171883,-0.5489673155216952,0.2391199011999489,0.9951224303998476,-1.079384559984039,0.7750799113594102,1.3913786460896642,0.1461861948113935,1.2978185215934392,1.6994935304488,0.5001192477369033,-2.0312223770480373,1.8200608604080664,-0.6906698254378189,-2.9228839528893897,-0.6289758010065201,-0.7641784644715469,-2.8745823208556662,-2.940158542588085,-1.2243551656637248,-0.6882786520002706,1.775953546384975,0.3716114907704549,1.1035536063505993,-1.6051291861381545,1.839356036748187,0.0295256403898685,10
-4.275095519984177,50.319248455070586,0.9640016962844484,15.288168521882875,2.8191285272713307,2.847556825070777,-7.176602562329969,-1.1914641544164255,0.4588499925610913,-2.649873677829062,5.2314290229031855,0.8564671883759915,0.5122033790679833,1.8581613195136104,2.7443946384746867,-0.3026375295600377,-1.9299417068078464,4.569347141972976,-1.8130224694718975,-1.2286228245629345,-5.532514743626719,1.2740874890314,1.2917795849690807,-3.71010129231588,-2.976227113629664,-0.8560004626800183,-2.3404107412130024,-2.392806139645473,4.025198824352822,0.8175329646617585,-0.0875570433680846,0.5472230962247353,-0.3012711972780114,3.537442647092264,1.6715894745038913,-0.0506656280305033,1.0135244355295172,3.153831604063902,0.31907663538748,-1.15366027671052,1.5187890204312735,-2.431614028814545,-2.3152196765987023,-1.756204361632473,-0.0952235001502499,-3.6987780882725767,-0.7148989181914956,0.075293035286136,0.0914088346670153,0.3367190437586346,1.0002850532097256,0.3030732131230648,-2.19023819601975,1.6019429296685068,-0.1356856852335641,10
-8.996982651509606,37.642421732471945,19.57669321519473,12.49266142916855,0.2734648873309633,14.057284094045505,-5.422435395242014,2.831852857226623,-1.011029181709164,-4.523233467028756,8.258212523389558,-5.222482039008503,2.573571368626812,5.349719076741226,0.0551041920102081,-3.931197744535367,-3.918931877940737,0.3912917703802633,-1.9105753480558256,0.3830807150752006,-5.0586896453649945,-0.1678937152211771,-0.1431236605055656,0.0798117401181583,-6.633764280953515,-0.8743889934708186,-3.674045487975163,2.370417146226092,1.487865267238308,2.1239525305740514,-1.1423963010386669,-1.1513622523655755,1.045888508177803,4.059844559776479,3.8424883414877296,-1.0340097637275112,-0.9456813028840492,1.4188131579555563,-0.8883991017946362,1.5716431553999026,-3.235023019722876,-2.9868523092906174,-0.1411234175826284,-4.296713245625449,-0.3004607824670112,-2.1767384236883824,1.993886363432054,1.029421280498721,2.3914998697276526,-2.1506510135552843,0.4051081970905134,0.0793113958072024,-2.2931502435132023,2.4646620906807986,-0.509251745915593,10
-20.49729276768557,26.39127256990696,-8.732169349566894,-0.0286654624589058,2.8293677284287138,-6.130116177616427,-5.69408805803973,-4.383361550963135,1.3034710034902712,0.6641467845525182,1.7225505861006545,4.041647798047921,-1.9393277137894656,-1.107052364691871,0.5547277424707118,0.5177592915481274,-0.9927810134166082,3.886580762212054,0.1187316995619163,-0.5659401845172773,-3.412755609724292,1.041592937120674,2.8773948697032226,-5.241897833974421,0.5442888038162821,-0.0525284007814919,-0.0073178304540398,-2.470621808188657,2.3717603841461274,-2.647951101658409,0.805212562915651,2.2973109685325586,0.978225026789416,-0.7767836983261946,1.8217949805347429,0.7524888196878853,1.3070869593664636,1.500932600480476,-0.2469879895214776,-1.084424998323139,1.9345606713017935,-0.2822661870039806,-3.3595781488707224,1.881721095913039,-0.2722049732365629,-0.9331929842108206,-3.290471506713087,-1.26483382374751,-1.2404319257143908,1.342098528465786,0.8602006605172132,1.1624177076550908,-0.4061570187089288,0.7985430470117698,-0.2477069556429502,10
-13.408327458667625,43.51896769153765,8.931772745624766,18.737377205647466,3.344929636264365,9.435523301059344,-5.405723754143369,6.864672851864681,-0.1519643723337582,-2.685459356669885,4.10829531856858,-0.832250998392196,-0.2007739496024262,2.0681874498182933,2.90609818649281,-0.0870609533797766,-3.040531862716079,1.2658525694466212,-3.748977510989487,0.5060607869038826,-6.091844217252134,1.3821024560076405,0.2424967274824861,-0.8675744847869515,-5.917291306797413,-1.452612091983658,-4.595050755865122,-2.15042739251783,4.879287540162139,1.975624603868189,0.9217880849490404,-2.2203817408780027,2.226338802016689,2.824536233320315,2.8982955668089643,-0.8771603354552322,0.5426155181609587,2.418852572189198,0.434700948923457,1.3071127105690137,-0.3529969167784685,-3.8038636629374,-1.5981731962565544,-2.6188981107463447,0.1498305214052663,-2.669698716152615,2.376211168288895,1.5943711801550908,0.96656365220744,-0.9928701193399678,0.6165866714255853,-1.038153071097761,-2.674912966590741,0.8577925795533247,-0.6733644736997944,10
-19.979223167970225,33.68973291866646,-7.810402760540358,8.82048457474438,3.8224964002230566,-6.409901245979403,-4.8554368970587705,-0.4020389210286661,0.9522207236082302,0.8608865525762815,1.498135137750905,2.872637255716408,-1.4426268491152077,-0.4535231586091245,2.0732452334886577,-0.8975525863069471,-1.2628624580416872,4.578729291360948,-1.5287110216128106,-0.3492498319158077,-4.394520076042656,0.4852353701952976,2.2388287533035696,-4.46877546007597,-0.5574785615992597,0.5439117427484206,-1.244511514525048,-3.0377636328644884,4.295341737782969,-1.1942042446261114,0.6661263570163205,1.058968428645477,1.159771074948105,0.3385525616437559,2.220140069096077,-0.3096276843256278,1.306868265623377,2.820789189625638,-0.1558639203517299,-0.432274168671601,2.0058681312241693,-1.6839743631141957,-3.4398077562678786,1.3398109733238477,0.3644648553585831,-0.8667022846675964,-0.9323970858882432,-1.0708195976411954,-0.6059137396899094,0.2012127678133512,1.5427645682564708,0.4717883931707921,-1.4571551469314208,0.620518336923608,-0.7717473363194202,10
-47.07711694087421,-8.593908689395132,3.764759322455181,-14.236268351535102,-0.6488721506601681,0.7337110371424093,0.8991949423243483,-0.592803598273367,0.4194314658701901,-0.4813863536519143,-2.6822620583304717,-1.2827026808771804,0.7547772511202396,0.6398989989799424,-0.2104617015617535,0.3790825674888158,1.155438875256063,-0.3639840848696847,0.9600472688594164,-0.5326341394999196,-0.2099209870151823,-1.0050490978807074,-0.3979378950801098,1.013088811506425,0.1682954096692556,-0.2232587144351921,-0.1410488362396181,0.1670692363138269,0.2108111832184079,-0.4930972440043562,1.6487355348194987,0.3708229841040044,1.0012833932408869,0.369509354974294,-0.2910986086615466,-0.7494058113462985,-0.0031460189049193,-0.1462065719707003,0.0101521403547513,-0.6375877077358401,0.4919315605976349,0.4741454336093135,-0.3996934559873256,-0.0437957140010664,0.2963574536274877,-0.2736903851159547,-0.033419971312504,-0.1574603371751676,-0.5407840801160677,0.3095488653319152,-0.4949369330263846,0.0612263689966072,-0.3607018154074513,0.2705053382609618,0.1103223795619665,10
-26.884824942019566,30.71030680242437,3.723917497921452,18.157617288112217,3.9726445921019504,2.547802830064561,-4.285953639783845,14.341640614101545,2.5974821085413367,0.439336859828628,1.9625382299412215,0.563021689228212,-1.079258031978069,2.421088388683154,3.304918251199657,0.637031017429424,-2.7719899988598904,1.552449424866997,-4.926329468068904,3.207344499364397,-4.221332253495835,0.1197759210127472,0.1128854721727123,-1.0356421044172726,-5.536110463219608,-3.459229257125903,-4.512391077467985,-4.130512413684433,2.577164165583309,1.943829672839131,0.6537790241880648,-1.7501462297900257,2.1184654849797138,2.314978821696164,1.5752506810639582,-1.368719658981335,1.880653868986924,3.478559325522085,-0.0649233871399704,2.149117644073967,-1.2287663014601018,-3.061409766034508,-2.509644392621818,-2.964395115941929,0.552739478010371,-1.1028152780184113,1.7677645002431748,1.3584629063963964,2.2811690034660246,-0.511429669779013,1.0139342892858991,-1.9734908873562675,-2.631066716922914,-1.79088811033136,-0.1814528835309295,10
-28.524640637679124,21.46384601825156,13.363391262087529,11.34021715466423,1.7273937143040443,10.90802526253204,-4.051240820945464,12.97081562754252,2.729214531423114,1.218488691242808,3.8133230757637135,0.0436328788604328,-0.4401562178958754,1.940268517850974,3.461412392100653,0.9756885902088815,-3.869456074291562,-2.227106848151239,-4.197459983512549,3.908543211186649,-3.272679039508482,-2.750937436223333,-1.4200145131724848,0.4923771753532525,-5.502808118757498,-4.44480684551207,-4.261671505037868,-0.9896152016372244,0.116139245368331,1.334924255541497,-1.8109617375173532,-0.3957360866361977,2.570292106274919,0.1141185978885521,2.84506301136904,-1.7106613726740187,2.402542328584373,-1.1329153464161532,-1.4099748006431712,1.734102682838755,-0.5065062475784851,-2.2012125322542486,-1.8750706159041008,-5.074867163998622,-0.5788768722854778,0.8927161775634954,0.4372874322989841,2.2815093081585127,3.340771925887836,-0.9925438511790438,-0.2949809865422768,-1.076602100004509,-2.3586204152189607,-1.020959291106326,-1.0159545739376026,10
-30.260346397013663,7.015071933971536,17.743112844585916,0.205928020146872,1.7401865006683812,9.430650973076917,-2.956624509798461,4.181055144238331,1.4246001344726376,3.622394737323532,6.877024589216213,-1.2229230942418112,-0.9709771092046868,0.6388301535925377,3.213398595509225,-3.041145543655023,-4.42067970208841,-1.790401897101668,-1.8499873612049105,0.2503393789796495,-0.2382789289571213,-3.619531942629173,-1.806908446775084,3.088852717224315,-2.254794653665161,-2.566217442622796,-1.5509192206143465,0.1172249835303883,0.9154764021119388,2.0992441057768905,-3.482609017027398,1.562455509238444,2.676357159750406,0.8567281681208246,2.768142533901705,-0.6524387876012867,2.1542717110339678,-1.8950313919742776,-0.302533337231493,0.7177735714328167,-0.6773707331373495,-2.881386856819044,-2.1559033090237274,-3.537408589107885,-0.2537174707738252,1.1149012116300174,-1.2139124443505882,0.5566756741039359,1.4010621203902769,-1.2786562144881592,1.098597496084271,0.38617092259118,-1.7232725787260863,-0.1459349372246868,-1.1656516112967823,10
-33.393469516388045,18.766140710241373,-9.749848753222746,6.548501506865961,4.5141921308100015,-13.434663120406496,-1.6950067348935285,4.395996536559986,2.6582140713285125,3.3054793724250944,-1.011131372113964,-0.1714800049108725,1.0988597426229163,0.33715023037915,1.5725413231148009,-4.781231261457268,-0.2168378081007806,3.959967999409919,-2.781923589357019,0.1772119446221393,-2.7723784296751264,0.9787264706940124,2.0383671213871675,-2.825192106592322,0.1118632377396608,2.649608662331148,-1.0831837517107945,-1.3241014086019622,2.2287681611085377,-0.1797979140519145,0.5934911668169923,-1.3394062774901834,0.6760347617102892,-1.6909608760110078,1.8806927725433205,-0.4245819960274672,0.6453183927637843,4.024892248841644,-1.344395892844355,1.3079995486499234,1.1738842459662475,-1.898391457843968,-3.1277086751727845,1.127761456684354,0.5700053119149725,-0.0631881725192159,0.2787244704865737,-1.9953548959102727,0.3840133556169428,-0.647257425922651,2.4752331057385915,0.0956093869008866,-1.4813686681715936,0.0671206456426539,-0.1609836339573623,10
-37.17332701616677,14.91996292536581,-5.599502978959184,8.620448596609632,5.213874489754312,-11.280581114374764,-1.4506386755913674,11.08477829108896,4.1402387140078405,4.470756399536533,-1.3584083042379151,-1.145268094983568,1.869302096088009,0.8366642592769714,1.7785111619557534,-6.0031884481296585,-1.308387122856835,2.7461194787158534,-4.546254317957538,1.8879062472858128,-2.707536877882338,-1.0290466956259774,0.788729875119555,-2.383457700132984,-2.1298262317604206,0.3913843072827868,-1.9509795132138663,-2.334138465645638,0.0244740637457657,1.259234195081055,1.247729092098399,-0.4697960316220368,-1.4500743043423103,-0.3317896599255789,1.8477105370350768,-1.945039067525757,0.9259060140833512,3.549558113326058,-0.7744514909959267,2.691044892361812,-1.6543406912646088,-3.324157451440477,-4.026306833773927,-0.6627001036884671,0.1024945201154724,0.7742467087244854,0.4307322812731762,-2.3993387798421497,2.280199021081601,-0.7062776233509309,1.628935894323417,-1.8446919594672564,-1.1526382279397445,-2.779995068473005,-0.2354650303755933,10
-36.8071890745309,7.083626717645958,3.906931655364042,4.606055176759918,4.721788949202471,1.109837606576801,-1.8210583312462516,13.793038669985348,5.856740769504488,4.489393772294051,-1.691196491425411,0.747601210412471,0.2126464156171107,1.760463521269489,3.7247336025522886,2.7027475787189643,-3.759965491727112,-4.716810706475553,-2.418379702686632,4.300792391518762,-3.1439611650107198,-2.762608102917841,-1.0292251975603046,0.842862060106545,-2.0918517712792863,-4.066095292061987,-1.445168142347986,-1.8548034496193495,-3.9249356758199663,-0.4949596170158155,-3.470561479706965,1.910616037248248,-0.7598162647814195,2.1758638751632224,-1.170002187001029,-1.3464145208376712,5.0682044414017255,-2.91650842178916,-0.1040525587685462,0.0313487985923388,-0.8270244817706975,-1.9547037972220287,-0.6918613437505655,-3.198687287670056,-2.79890242170006,0.5015703116104985,1.998630766019898,0.9913242108032316,-0.1624930322946444,0.5629695603035187,1.531935501079466,-0.2514859263583178,-1.2287432697170042,-1.0147906368753157,1.641213215132469,10
19.00103968154285,-0.2483310500305946,9.733585394265898,0.2736870681689929,10.486895092258218,1.6466760403355916,-4.864902813539727,-3.1598493911010137,0.5061781944595262,-5.425757925234668,-1.1580349902915683,-1.8809750599664583,7.488799855635509,-0.469468884498224,-3.974710757576847,1.7268964696362663,-1.7498404881587977,0.7316338607587786,2.2665906959924444,4.161833704059134,-0.2308523293570724,1.8155303599850956,0.5778852279459884,-1.618268533717156,-0.8035595225160802,-1.8117231685543465,1.173027229379485,2.275718796500241,0.8971029251183827,-0.6968500342918925,0.0683163007784335,0.266632782622984,0.1918406584703604,0.3347185038560207,-0.1858824117957482,0.7954364789379806,1.1178062041785115,1.0894746065002276,1.9087762414042733,-2.904122228524183,-1.444847192573438,-4.147511026472742,-0.8011439909354905,-0.5127680937115666,1.2194597325224423,0.5260182351289723,-0.4103214453216813,-1.802461016504912,-2.126517513407969,1.3098833259521854,1.3323338877477695,0.06978106538145,0.4899412682033689,-0.846071154400761,-0.0736670806326349,10
33.12012108365162,-1.0496773804273565,1.1342222832751918,0.682499305665767,10.47736970809833,0.7131179151360015,-8.284623977867328,-4.481722517337928,1.6871329043269063,-6.7913078802365545,-1.7379847276800593,0.8936535926153338,5.732296594675205,-0.9352302765770018,-5.532611865487881,2.718901585369801,-2.473117199142798,1.552305418443665,1.8363741433267309,4.685747968863048,0.489312694152598,3.357972021078249,1.692494981644426,-3.560777053814117,0.6303746851584144,-3.011299141508531,1.2576484173142246,0.0025739017074946,0.4908121553356233,-0.8010668837942497,0.5734169557337314,1.776336593485417,0.3170570338892788,-1.265448082090148,1.3950712902347668,1.5149645530618032,1.212343916249938,0.1266447954749067,1.905542031606616,-2.9142323771263934,-0.566324109416969,-4.680765645416418,-2.2183687131345646,-0.4472672474480391,1.5607483819379877,1.1272442919521473,-0.6576654928370556,-3.238780090502014,-2.7310245063597893,2.653536760420355,2.279832337935564,0.8854625146558103,1.4012237817764357,-1.0182155457890902,-0.584640674015127,10
31.877731931522224,-4.955098026020058,5.874080657761516,1.394436086144388,11.258667364659752,1.0270061770290997,-6.376177259007452,-3.880558457215451,0.8459499614260207,-6.6925197241467,-2.3788059543818507,-0.7794283947037842,7.083487713261348,-0.6962122854056509,-5.078943446513412,2.765419311649796,-1.815660741392964,1.1358354055006643,2.2169001945941598,5.158227203187718,0.7959801347871303,2.674811409249421,1.4673330996667744,-2.640472985890227,-0.1257366967127475,-2.8696181397047225,1.4200926048636553,1.49974000839164,0.5678034647352228,-0.8318690300241338,0.3150002559039466,1.29146726187768,0.2812980980714837,-0.4953165540209227,0.45808917991544,1.3961654763268152,1.354677780366759,0.7126526360987614,2.1224967506037955,-3.318980248441582,-0.8940845311171697,-4.820221727646604,-1.501130257012955,-0.5983104906540008,1.7959972641855877,1.1468927240540594,-0.2295449093929391,-2.621101322783844,-2.5850766516795125,1.9199893713840663,1.978390513171776,0.5554713279619355,1.2121542045191795,-0.9134377944662276,-0.4826878842808016,10
18.70275280761153,-6.933913692062731,-1.0709084298361518,-3.043127209530371,3.0145530848484925,-2.128687677737414,-9.055797442909112,-4.684673167906772,3.2662375157560817,-5.479520138713502,0.3099222152775366,0.6820777659769182,6.728143511269229,-1.3433310897180242,-0.6679084234925645,3.9264687044668007,-1.5349163698768942,1.0368653834116848,-1.1389810769741644,3.1357705036620382,0.286640769304357,3.839521861400667,1.9924862339747476,-3.102864065522249,2.282562805581574,-1.7794053515007076,2.3546829331590624,-0.4163710543902504,0.9418402346494268,0.5963921327340883,0.2630057898122179,1.4048404831370274,-0.7632653391316311,-0.4637800147764938,1.1504846666805737,0.2920305939872709,0.419479474696674,-0.4235621521864657,2.350561086014703,-2.720532046045669,1.6821771550666096,-1.1602286046143455,-0.1382940785292264,-1.4388956974001843,0.9658667646836178,0.1625774033132691,-0.5730655476184431,-3.536578376095096,-0.9351766286653016,3.9449967335677663,1.072541475533506,1.0294312014439846,1.3043862041370855,1.5248946490319406,-1.4842391786682771,10
34.01271367779199,-6.224658130143395,18.004907327215548,4.895309020841341,4.259891573881246,-2.6561575531846717,-6.348064915616089,-4.0485858637470535,1.3428613733880237,-9.340572962668302,0.7156015962959326,-7.180598030548355,7.4381073810770815,4.183028398390048,-1.8683898580635023,1.8746178520108416,-2.3522053150252398,-1.7232564311904048,2.027018320877338,5.699659302839704,-0.8815287349077718,-0.2626870048794196,1.1161056723219616,-1.843799029195704,0.5346255079310356,-0.0197809348640718,1.2922429583595365,4.411225413422184,0.4022156115449954,1.6773107557878115,0.4146629341915545,0.8961585394472168,-1.1339752810073995,3.083902001135034,-1.857900436230472,-0.8229872363084805,0.9208947142067738,2.7151772110750274,4.034028210984116,-3.1707814321249868,-0.2287314943800645,-1.5581915889507465,0.7293138782254909,-1.9517427438434505,0.900625902474445,-0.6050835256168858,0.572682191226755,-1.680326401855726,-0.2945501181325349,1.3886499627532043,1.035549451402931,0.3380340080341728,0.1446223902677755,-0.3201172150205947,-2.073824372402089,10
36.433397673530486,-13.399163783261113,12.491028930915816,3.3482649116871364,4.081517717787721,-3.2434659646243653,-7.062673479408455,-4.271236000035573,1.884939692569405,-8.894969261072672,-0.6169671642272528,-5.344513096449929,7.4899931023283965,2.895368840535953,-1.3482663851409982,3.1597340202369897,-2.4439395064199605,-0.7828284133879728,1.1059695240362102,6.18080764093055,0.4864654911707403,0.892635011855795,1.7355894546941075,-2.303783495009776,1.069570773393365,-1.3058390564125075,1.8337044700538652,3.3364861346052703,0.2737449788002148,1.290998976508258,0.5301855758887511,1.4707465517189615,-0.6239580313438247,1.7321699518904892,-0.9233086217114423,-0.3597723744488753,1.0314914932466237,2.050920496213603,4.155108063785205,-3.656641116266624,0.6630490064199069,-1.5067793332324453,0.6558892571797347,-1.9441780964236768,1.4645320798239356,0.3156398901482949,0.8430417657549834,-2.1803056908352576,-0.7370315514364453,2.2213980794931287,1.0996037855738965,0.7267865699506878,1.2153706720455153,0.3082616789142757,-2.3947905277851387,10
24.80356255989248,-10.391200108975177,2.6323400658281675,-1.4968203759298968,3.3946570459359124,-2.320550586350091,-8.168658124326932,-4.547179748847421,2.7794483458129795,-6.4265538940409,-0.354113190156699,-0.915648896799222,6.818873828314228,-0.1044453327061616,-0.8661059309862187,4.020492238869771,-2.002038934239255,0.6537671167676189,-0.6189266857717615,4.354160728836891,0.5831513093104648,3.0749890472467354,1.873175389312545,-2.9590731512387243,1.9688994673471505,-2.025566844262196,2.4630901154993183,0.7486971926964969,0.7770473487971489,0.8665435354271698,0.2687397414367899,1.6393115083403622,-0.7721855565706982,0.2735696369915076,0.8631725887445483,-0.1050309913174641,0.7496119664253414,0.4289072787524018,2.9613613114968365,-3.049046870581718,1.7714126534158814,-1.420001985268159,0.1673397543469103,-1.571776262495255,1.276260611775844,0.4723442007818249,0.2156709766279644,-3.368524090435694,-0.7087486457558492,3.5028277002366006,1.2969388516391924,0.7479120120329842,1.6234777066009662,1.236033423760842,-1.7460851208941364,10
3.8204603693970287,-14.553275483022182,-8.374563142871411,-7.517424534472294,4.498948115291364,-1.1292505100014398,-10.779245781527914,-3.728289651160624,2.800279898404342,-3.507864043743401,-0.7026742042235906,2.7933839832980247,1.44794248737717,-3.1194132463530777,-3.031407027684932,4.812973275697165,-0.2836532643286111,1.9165989182472316,0.4713689633905494,1.7807993205567456,0.6753104363586668,2.5200980218823927,3.0767699699380744,-2.4619356588189074,1.7517363866440736,-2.0710491394676174,0.7870654301067399,-1.2784104897540278,-0.5307336215913421,-0.3518025283704001,1.5556811011022458,2.860025288090108,0.4418958519163384,-3.050714771020211,1.9370422096587845,1.5736023788099018,-1.0174402671561735,-2.2519949841799245,0.7019042379720241,-1.171192261959258,0.4984390898740781,-1.2365371257897633,-1.63107827320792,-0.1677274285944151,0.2396738052754169,0.8275648762182127,-2.036446413153275,-3.7073529431075847,-2.042908008500238,3.464758908181116,1.0609501527820584,2.7352603178934958,1.5987501370112676,0.5558670731186125,-0.8868819385639094,10
28.17240616937152,-17.85938086582033,6.610291578000816,0.0573745403438088,3.5220179617828204,-2.998405926055801,-7.142505229677437,-4.185075854207836,2.172341506625543,-7.353538705129995,-1.3722228355068746,-3.0932838569892334,6.941568592036121,1.242547548718151,-0.7895918766080644,4.046824345902399,-1.946841319899549,-0.1203817779276243,0.2535245101291186,5.3504992016557615,1.0042898070487083,1.5014242012775072,2.0685234036341305,-2.2772169313911754,1.4507146380087814,-2.1859977657643994,2.11880860951573,1.9786185505917224,0.4002420281459075,0.873583379872932,0.4645290240936706,1.8069150574515225,-0.2462073782928946,0.585116717068192,-0.1675793669963864,-0.0661079491515372,0.7858146937843182,1.0465660865330313,3.421464463964208,-3.775899801440788,1.5056736272611302,-1.1382857889673457,0.3838729866721423,-1.849292928514187,1.8809095165174967,0.8648934268149016,0.8402315710035594,-2.636519794303648,-0.8296663288988904,2.8860231196147685,1.2313238177181935,0.9878359352678048,1.738666749410318,0.9498480345049504,-2.196014077956879,10
28.21906876285941,-28.586298134242284,13.503532272009,4.337001281182168,11.71198117950937,-4.013708707006816,-2.7339126203545634,-2.9598825092338665,-0.3368771332986419,-6.229493782302953,-4.083029822326451,-6.472661685542221,9.894791166332132,-1.6364304162064938,-3.1170094847987637,4.134931675118748,1.5050722866639528,0.2734219027488306,1.9649715783810893,6.621017719669087,1.492212453379574,-1.248945060795071,3.0691225265486977,-1.2247075875106108,-0.1076169104150345,-2.301014374747796,1.0822414274549912,6.041234129816485,0.1827959425929918,-0.632414748266123,-0.4100031596171123,0.0334523914810877,0.7090018670667816,0.9943977236008028,-2.383350388737337,1.9609818855822545,1.2883681941968992,1.2269122144254694,2.5070383628562234,-4.519507300518344,-0.7354324519244277,-1.833620164436364,-0.5670491613258256,-1.2692347174002747,1.9753840916285408,0.3117111663383721,1.474936954141684,-1.4213392608141868,-1.1513108531743927,1.7316466092568603,0.6467515389850462,2.0285772648392246,1.2484496012746606,0.4912620671439936,-0.7412465173365281,10
20.111848236394373,-23.995885917416103,22.75335195787842,6.621773665701848,12.799901232622016,-4.616751764477492,0.8768752296595137,-2.497790568827573,-3.617948075199393,-5.179388313480896,-1.1946498938579542,-8.732415701713922,12.380001408378742,-0.6657563608986768,-2.541063599525885,2.6388979623411988,-0.2072305684150759,0.51858362548975,0.6905465746865106,5.715819973969532,0.745466816481627,-3.494750325771109,2.163319665574244,0.944314579979212,-3.372394493449778,0.8659187389970127,2.0747432026525505,8.87960954616696,1.5284289416333765,-2.636274584182384,-2.3560870962230136,-4.228637179199366,0.9144726630709034,4.706510920903888,-2.807712229264354,2.614207444535778,0.2097531339457453,1.607799406657161,2.0514755675939678,-3.601692265754852,-1.9752652040893468,-1.945833885521741,1.2415533086395034,-1.4309867898652715,-1.1253493362067335,-1.7482695597125957,1.432960626528194,0.2714125979182179,-0.2976368343840235,1.2543713068798694,0.6010324563113917,1.0894965945604596,1.0815679499914457,-0.6787034910022473,0.4356006475664751,10
-8.320582726454495,-16.82427375914583,28.605518479544617,4.690473512846489,7.205182171115003,-5.633937552258939,2.2392044478268804,-2.0873845936355635,-5.370241700646624,1.5284712938720086,1.5247016821237,-6.401227203788104,4.522878645394974,2.099284973837267,-2.407816190676782,-2.3602601580789537,-5.660989182752943,-0.4988746127501461,-1.609613083930051,2.73482763265365,1.9736675923787,-4.770865583789877,1.014485988735644,2.9611026297788885,-2.762123065090772,2.5986227671713413,2.283438059720969,7.451475171540221,2.6969578210411624,-2.7116954208098014,-2.495081525579858,-2.229089851086646,3.2945240764796213,5.473688318218943,-0.4214205468544204,-1.2247726858471029,0.5586299732724292,2.0953516663427085,2.3112171833761286,-2.129949623033798,-1.0507530507946845,-0.1495030612874027,0.6499423638648966,0.8774324776310004,-1.336675101861056,-2.706509555773433,-1.9270387340064992,1.8690731648896488,0.6486267436628239,-0.8730139350094378,0.1308912600595651,0.2222710997519068,2.397338156986931,-1.4259360020881269,-1.7564261878480896,10
19.983381300209192,-29.384117205906332,-4.041155294485235,-2.119420341921724,7.7646626725192815,-1.8339274096970812,-9.255444544226323,-2.8722705462281666,1.9311078127765129,-5.183851800361561,-2.3464405900359293,0.7380408103186848,2.963153179777764,-3.057714591252858,-2.5765612620794336,6.4971263970628,0.530533228993673,2.006319752674749,0.8231974842831743,4.223046455827791,2.3982120901472546,1.3291570479029562,3.361293057201357,-2.350289320808272,1.8080224625610104,-3.961445644209209,1.8192611017412608,0.6929593424442309,-1.1332647198043864,0.1475708652525694,1.234920997704813,2.5386096054327822,1.1367433397188789,-2.361758367522876,1.1567897631411952,1.995948853210124,-0.7382274017657985,-0.4785454960455377,1.7583656557718537,-3.3145265566651982,0.5475761526766099,-2.6990685071419844,-1.3986328584916914,-1.1267659709212785,2.366329268845401,1.1466537845775555,-0.5918303023694671,-2.8161189832416293,-2.305881880296281,3.2554312352543007,1.309634463875214,3.018817359773997,1.9878603558338583,0.0271704741628161,-1.4532057392959978,10
23.826129665751672,-41.81582213680777,2.2185827341170734,4.397218754933763,11.183771291556708,-6.402215125731298,-4.271130700901496,-0.4576977537556385,0.9469573796020868,-5.419610014671585,-4.113413698554711,-3.307112368086944,4.974742863056911,-2.252584727944709,-0.9974078022962348,6.272031211747498,2.3855773387518204,1.9127324085455208,1.768543013002088,6.540478796028815,3.288573674901482,-1.2267625541461873,4.228077961323657,-1.8775171557013903,2.0657430954072016,-3.856852142999202,1.0445308252257643,3.858761953490713,-1.3794679634419995,-0.300815313997066,1.014520073752497,0.5821842177006072,2.169962051124521,-1.589954290043642,-1.3249310589990406,2.113573510599918,-0.1093666316476882,1.8341065942950807,2.535918199598531,-3.783950881090778,0.7493076775082778,-3.369506268558553,0.0353595363096595,-0.9903423926051228,3.147303649768824,1.640574962859913,1.3526251188799978,-1.1316119061299637,-1.3260367857419753,2.251310178234498,1.4603234426526532,2.836404738116295,1.7223780385155525,-0.328359885873779,-0.7204199663351518,10
-47.08547172733675,-8.590257889628848,3.795970520024053,-14.210370671728445,-0.7432447836139545,0.7000105425160253,0.9017686845773806,-0.5764688836598447,0.4291579294616712,-0.5078164914937112,-2.6652844064718866,-1.3147613134635605,0.7108724210175134,0.677411584729605,-0.1779690921586806,0.3717613811749526,1.1398888139248593,-0.3967516507090693,0.9671810671342516,-0.5235111402853009,-0.2420844664749543,-1.0407439753605323,-0.3834824333675322,1.0263013830257304,0.1589801329020215,-0.2108385369248408,-0.1357287624893731,0.1867714084528511,0.2298409758496396,-0.501090884119879,1.6585715470918356,0.3846166117656123,0.9858468864556968,0.3630325110453113,-0.3139105983473356,-0.7769563049757371,-0.0066974971726842,-0.1654807924235621,0.0323636722016775,-0.6145650472700755,0.5043396597380542,0.5172178588289387,-0.400635691613339,-0.0791543931737974,0.2862869954706064,-0.2796665585910147,-0.0551191519320108,-0.1379616568593127,-0.5338387619673299,0.2991364907045169,-0.4757892550145439,0.0407446191651152,-0.3550009589469715,0.2435514898102101,0.1069244281127479,10
17.780658321888776,-45.5631150730286,11.82628335145039,9.510553665459982,9.481354651438204,-12.092402498021928,0.7318112862849723,-0.4015700159790075,-1.2488024016446064,-5.3142265873068535,-2.462510690581356,-8.574460276604503,4.789859321178624,0.564071635648641,1.4684827828555085,4.538980454328433,1.1313129414323533,2.031395228908613,0.3424492688568722,7.391920197669144,-0.2027477362210942,-4.043673496893878,3.205605407454656,-0.6496105384291672,0.5973007523610011,0.0013432559623893,0.5866415181098089,7.715153050508007,-0.2948269296850024,-1.5594489251119474,0.2058192174187023,-1.6130856214044058,1.5667719144748815,2.5358903072755163,-2.017326122337507,0.2931408584157622,1.0709166338642184,2.0782368434381446,2.569058216852388,-2.869599089695465,1.4267597599008908,-1.1435187155355335,1.2760258256435355,-0.0921505279618412,0.8434248919679586,-0.5494038479531178,1.3748466024323036,0.6849141485755826,0.4199210015707589,0.9044718145133984,1.332154536240653,1.7907457236358282,2.622766386486225,-0.7980165726495931,0.1768880498193512,10
5.386827896656478,-41.76820306511285,-4.561256084791134,4.778389716565403,3.945450009743355,-2.905237085617784,-7.162175330740285,1.1558401611060756,0.8671706498841762,-4.069537540209599,-3.373239410983097,-0.489715564594669,3.457215126282664,-2.272210636383897,0.3214524227875671,6.527590324149383,0.7501323134474843,2.196768613687669,-1.3707791734122745,2.464332866332797,1.0395847713086772,0.272964917550037,4.813870124728094,-0.6926177268474025,1.4137037654486089,-2.239464631215639,0.9677162908358448,1.7437660226651566,-0.509936965402406,0.9154103451244646,2.7043848730988023,0.3374571118952104,1.0658001029729942,-0.942622051512232,0.5698580506292182,1.6671249324572792,-1.463083847965589,-1.988160751141724,1.0294646939631027,-1.9914416554645515,1.1904481268517564,-2.918996253627091,0.0310015122384704,-1.24557117817503,2.018635030658032,1.1999232119805945,0.2177479423798166,-2.524760722095977,-1.163152391857825,3.300612317456295,1.122251275468473,2.5105182801373997,1.862565076651768,0.6326793675188366,-0.395870522827473,10
6.11715363032424,-47.53683662349637,0.7658452329084329,11.876903163734251,5.737250909198045,-6.765181272758266,-2.2255362545689734,0.3728060609290533,-1.3820227598024977,-4.992140000355051,-6.222978201611808,-4.37550228488857,2.673778032289883,-1.006514124340785,1.3425233875391314,6.899896797239481,1.315053379017624,2.4271970192296486,-2.099037361255747,5.320343013766827,1.2922191809669117,-2.1577629462478445,5.114168763467556,-0.5971564812680136,0.5622059256718801,-2.015149201891575,0.7851989846180301,5.001500252991704,1.0449795689450825,0.5746910716001361,1.4541189410860391,-0.8486159721302913,2.0412154274757466,0.0430055175193337,-0.0978886922515878,0.9860917098552552,0.1549309163044872,-0.5188840318818685,0.9712588490679808,-2.7112097302383305,2.6145998603449216,-3.128165417783488,-0.0137672412616574,-0.0133908276761977,2.143364613296552,0.7436040017238259,1.5979571558306414,-0.0166606209070629,-0.5073404928075161,1.1955128395665968,1.599903221718794,1.5841093400149169,2.358003849038503,-0.5562928020882505,-0.6418100017182817,10
1.972545953915752,-37.982706707052365,19.380559255372063,9.129286117059635,8.085103852079625,-14.909352468935628,5.99263025523398,-4.078719709770136,-3.95783184450592,-3.344582616356907,-0.4709852698659802,-8.76719134651032,4.289197196704328,1.3108558061589497,1.40523485357174,2.617174601628534,-1.161655394798763,0.271399817052606,-0.7728434928342667,7.072147829801402,0.2542240291831866,-5.34433156288384,1.920203188731039,0.3069623470824118,-1.0997529442993994,0.8671243588446035,2.410457686719471,9.204639680782494,1.2110643053557648,-4.501445846301816,-1.8125068684375447,-2.4829222242592244,1.3473190767551158,4.854315793138608,-2.2755717207991064,0.3572418186835436,0.99613974294777,2.2774437301709063,2.3740070547214147,-2.9908232531582835,0.6263104801718479,0.8192799859796694,1.3531224793928631,2.2848142564706944,0.0058447353153,-2.520619972467116,0.3760031785961537,2.966072289863631,0.288941607325505,-0.8029626454434475,1.9534642087217435,0.0509744528577804,2.9555268019230465,-2.48596520552914,0.0455053172270457,10
-10.478944992592965,-35.41462945268814,-8.75287378991923,1.8207568044367333,-0.1825765090846755,2.41020293995627,-8.13014423537052,0.9614520586740272,1.7096429187388202,-2.721619263419364,-3.2260942859959307,1.8272652551849784,1.4025025957686066,-2.486318167274485,-0.1846525266535516,4.830729603554798,-0.0105138397111872,2.548103822016564,-1.6958159371872843,-0.5198084724168249,-0.182184320978639,2.731376037480883,4.881395547021104,0.6986169425956418,-0.1730757785834891,-2.6301386996721026,-1.705857165950026,-0.0065273464081513,-0.9980563079583988,1.312179591432609,2.0694896893352115,1.4524992084442314,0.8266804313481905,-1.6277941847313016,2.240625442768388,1.91661964292402,-2.2422432250657214,-3.067896260213719,-0.3173812058414199,-0.246808266025934,0.9048635230791896,-2.733115075667092,-1.042354130595821,-1.1859465492325898,1.110123267279006,1.927046290144235,-0.3204526548970662,-2.81717729592972,-0.4822202243396447,2.4888996249717046,1.3023814781699337,1.3039372493252803,0.2520947153073572,0.7669648475814121,-0.6861539554946823,10
2.446708522172496,-46.15291884978272,9.1523182256357,16.478785762731988,6.819257239284663,-12.05076663456851,5.021362092437193,-4.097959597473275,-4.370343050952712,-5.510957847003245,-4.220916316128212,-5.228727925130274,1.3706835224748086,-0.8147676607657177,1.7129957483786515,6.208946203901867,-0.313568126736985,1.7800537246565096,-2.9365312820863463,6.222913745633966,0.0787017522858221,-3.0128516354047443,3.9068283752695767,-1.557300744369304,-0.4830718683983887,-1.3411160583810238,2.0971693653929075,7.509574004672105,0.8792823801227668,-2.880156115826379,-0.6415345120813264,-1.0387826277562058,2.7109423471839453,2.37062076053455,-0.2366312710822434,1.0810001657723305,2.7342058469497705,1.1357302113682095,1.1597327493937644,-4.266006322793995,2.0709454382194687,-0.2457332517442741,0.1164763940481675,1.6816275407672927,1.2235657749670883,-1.6797667161185037,1.6222940494621052,3.791670433404971,0.4438704024535772,-0.7792247764577807,0.416359563095199,-1.0025136176035565,3.7833375103828266,-1.7222296373735857,0.2058279556647431,10
-9.901790074176567,-39.786101236304816,-7.051468445368213,9.326940867065774,0.1898576431150205,1.8352550165385688,-4.860668307578278,-0.9948145320731612,-0.4985783963487895,-3.602942727231492,-5.528544976751086,-0.842565906954738,1.5014602970001256,-2.508803004446156,1.4148969885601754,5.43183527894159,-0.3810570792708968,3.0054141340522107,-2.320384439541189,0.7010314838485487,0.5455968057934437,0.1119026882812733,5.066763722183493,0.6316726482525798,0.067619115164117,-2.7924501209104404,-0.4338561498399588,2.2546019524548297,-0.3174426825452329,1.2376800522761318,1.263907719141083,1.4940494902325565,1.6004159114751442,-1.587175313450378,1.828891033114574,1.9126016652097344,-1.4021995370530995,-2.136887963425792,-0.185487145768921,-1.898499155166801,1.7139134846185826,-3.747587370361996,-0.852645115360234,-0.2722978616405828,1.4596315275362943,2.111376396957288,1.0634810052148456,-1.0271086133831608,-0.7637319356232787,1.2842415227774435,1.3367282373349616,0.9799958793311406,0.4585585906812148,-0.3738471391210696,-0.6636189260960677,10
-8.576304707142468,-44.35821500493774,-3.494860034149419,17.962137428689466,1.672258215959249,-1.0248250263003569,0.3157582605044571,-5.330123674231697,-3.1334435318264378,-5.061424731233919,-7.151928978230231,-3.0685515482307246,-0.4051462209025149,-2.56463905128575,3.592200131869027,7.03379319585136,-0.8784874387014061,2.9856075973445058,-3.6650714872956978,2.565688169726971,0.6392750082764901,-1.7940927787544665,5.85126770807711,-0.8156680248670313,-0.6262233655531193,-3.1667348765174537,1.851117352004194,5.834516305242213,-0.1261055891234293,-0.1619651343783906,0.2873457998295839,0.8875659902409575,1.9200782677655377,-1.2755933243260726,1.3671685517706222,1.501549059596928,0.6631909850155774,-0.8458281492323608,-0.3869261874117713,-3.588885035966008,2.419917023464183,-3.4694792888579515,-1.55171399130832,0.944813515491701,1.2532420547070735,0.5585524941939921,1.9471850571642624,1.971290460632657,-0.4415712079256813,-0.6054863506002705,1.427722493747258,-0.9067535220321497,1.973580822895,-1.0118307371297857,-0.3598034252040607,10
-47.088003833972266,-8.605073375020723,3.804604520493563,-14.219330477848178,-0.7127505276897399,0.7078239933294082,0.9199535367210282,-0.5899681914326115,0.4296595926272996,-0.5019229611152345,-2.656352192075577,-1.3074960232964463,0.7195833335116949,0.681835520522519,-0.1825271694252489,0.3700303602573511,1.1444980005008851,-0.3976897815698521,0.9550340989239048,-0.5217431953957579,-0.23712460415594,-1.0401037563567854,-0.3866964648634809,1.03092475204827,0.1741524629977535,-0.2085451268350122,-0.1394668936212018,0.1744275824749873,0.2168007996240819,-0.4980243874795706,1.652419310428091,0.390228416281335,1.003110968813162,0.3675558197928154,-0.3128835452315431,-0.7484386595030413,-0.014517544383585,-0.1480687025334844,0.019576123842769,-0.6139802972572195,0.501624257016815,0.4955838765550271,-0.3942460035741245,-0.0572464541266593,0.3016062056357738,-0.275037165018471,-0.0407677876910472,-0.1511253569099224,-0.5293030188006881,0.2998652600254733,-0.4886219092722036,0.038281753145109,-0.3501529608116725,0.2601327254412399,0.1021133015489513,10
-22.774530181793185,-29.83113382026624,12.25060532441972,8.790353404257647,5.420622229728698,-9.06994646932048,9.963606124410951,-11.768474797540946,-4.014112499242926,0.4030732414413128,-1.817112110881911,-0.3494204296868329,0.2120064947603123,2.7553442227862366,-0.3603657267395939,3.859584861401159,-1.5161234826915944,-1.0533467359585136,-3.1379631769833045,6.777591857008483,1.8275381233644257,-3.325468254799317,0.2382839420199205,-1.178330560434243,-2.7663883309798503,-1.9624160608067005,-0.039682845921246,2.922922735902373,-1.3834801652643691,-3.668020611695374,0.208827435223987,-1.939983136257721,1.0963593573261066,1.013087192040358,-2.789966365477915,0.998761283693025,0.7308364865373468,2.680788114120781,-0.9034774678126728,0.3691499085367346,0.5297962475310631,2.685020951038714,0.7268944964430957,4.072275613080719,1.6716899899550686,-4.244768245829559,1.6568850787077136,3.543393365221834,0.8222999923245436,-1.9814150375975732,-2.4286667628841347,-2.8995351942102623,0.9522417808628368,-1.7089990654771732,-1.4266654492141622,10
-33.34294564748667,-15.774019644350282,15.042317299947609,-3.431841572074417,4.998381949809045,-4.119976989331476,5.371782427006044,-7.415919452148106,-1.1058194788339362,2.6593776434798007,4.412430446551833,0.6146677294588453,1.1442832766355189,3.314839880972809,-1.2434671974398392,-2.89366299877528,-3.2085872822437023,0.3421971636627322,-0.0306285703789674,1.2197897727724625,4.247922598652795,-1.3238554854947024,1.443188495222414,1.6177664527955935,0.4895763773372272,-2.3037192492948457,1.124457715887294,1.8233201465071935,0.4672107123847117,-0.545804067158033,-2.427736824312533,-1.5003027978408496,0.8955261687353465,1.8727087107373384,-0.6334998725098865,-1.6365958654952577,1.243796555998796,1.769115844612191,-0.3875599894689043,-0.7778510804897742,-0.5525800551857128,0.1928132431705101,0.8256379770281514,2.6228888688139067,1.2529506139299156,0.1989618766670069,0.1834437290329955,-0.0885755873722849,0.5188486558800359,-2.787787795382017,0.2400163356225803,1.3460016431428714,0.1768315847847308,-0.1459732864596852,0.0360250074693269,10
-24.187491628129003,-32.88689018434732,-10.910702213782823,10.470146202437938,-3.334188647269811,10.801395012598183,-3.863111730751256,-6.028035701581666,-0.2969378989931086,-1.3330861712185174,-5.941248586199458,-4.87769657290661,-0.0374137477291972,-3.830933575792685,6.034518738319617,2.55046859086443,-2.2511520388777635,4.312039520871768,-1.0919328661419418,-0.4690193656392256,1.968213803469939,0.8537224260854834,4.662058449382141,-0.103740047158205,-0.9721040329954296,-0.7181905843891376,-0.1125938488762347,1.9945989645763755,-2.6944450279569256,-0.2340301275287318,0.25690863286835,3.661370220096373,-0.1019295889636805,-1.5021303852603396,1.782741507595636,4.106665021900359,-1.9386340651746503,-2.139265641535547,-0.952406936524215,-1.1773033517597369,0.761309957386852,-3.701373807056773,-1.484505897237443,0.6500025810267531,1.2726101701793748,2.534399235137089,1.3855525553634565,-0.0612632308298708,-1.4474187089963446,0.8226522443828523,1.6784776919351083,-1.5000076966552758,-0.1538312850886618,-0.8981276181884671,1.5680115233639482,10
-31.90203643302491,-27.03229537715902,-4.580431879592871,9.212818189299174,-0.7032553502436898,8.536059804133368,1.9623910158068951,-11.670826000781185,-1.2626039651971803,-0.1913220919831255,-5.8760838885585205,-3.397044478013816,-0.6598509762045428,-1.7468647436093456,5.896059522228724,2.2357492379131214,-2.7047589773234524,3.2477418575606363,-1.5023993088104162,2.088990799733812,1.4342598083179383,-0.8244754640366215,3.106456348188586,-0.910699591223202,-2.090514502056322,-1.0883228190100482,1.487657724410565,2.954460154881079,-5.664401167868223,-1.248365471332756,1.3851694649618365,1.6847618162985571,-1.7756134720776782,-1.2685262966394997,-0.068755190909672,2.990218818437288,-0.8600852224229287,2.379054326892249,-0.9509993731962229,-2.223386147192034,-1.4274621454179173,-1.9210504659180785,-2.7599654300269623,1.7211803083110675,1.3430228838290903,0.0569048926541161,2.502165385946512,0.6258020864495365,-0.7158665025697601,-1.2540466825493453,1.6777534208548173,-2.2044643337983136,1.6664365072892624,-0.0567947902878451,0.7403565257218077,10
-37.69600755835667,-16.622051922102287,3.824057244856079,-0.946111456417144,3.201804724203537,1.2224240363122036,6.0437749709586095,-10.85157474656857,0.8034666908793462,1.08951567328929,-3.5929553844726483,1.323877904563283,-0.7976674240138903,3.1651042032342875,1.450547475755549,2.429337501489899,3.2261557052417547,-1.8599961845380024,-0.5240047664457707,4.628231174110828,1.280844272218196,-1.6747623284502529,2.4067739742095786,-0.7119588604948692,-4.153330219558766,-2.320963932998604,2.6453620490430727,-0.4186237869857226,-2.4283240222161457,-0.7147883116978204,1.99623516475287,-3.364330804383404,-2.270575858755243,-0.4060192417179951,-1.1420979289847295,-0.2060458346161898,1.4180445430507291,3.5142271559723914,-2.287637856983365,-0.1799938427311347,0.7622930602426974,-0.548475165893787,-1.8278206561034125,1.6184864969063009,-0.3433719107438495,-3.241871278773638,2.082274340293228,0.6547866169548413,0.6461213274898614,-2.1194959956137915,-3.407246416736798,1.259001387422963,1.6296792667220588,0.6471018087056429,-0.8873431838810812,10
18.979762702582917,2.8988703584791957,5.218803862125511,-9.161473006437486,-6.826744155308804,-1.4668175988193342,1.1624541218754985,-1.9228136028984963,8.410726190952582,6.261866764803759,-4.440201686807386,-1.3521192105731226,-2.1078981105153014,2.071133416320288,-2.705605751504945,1.0857235930990925,-3.1690087238801983,1.718814885561028,-2.7580694701217965,2.569286279444053,-1.197468918297568,5.578455782760243,2.049938618182425,0.5022217940665877,0.3605910347320171,-2.1157104131482085,0.1803009008427599,1.7154850323315929,3.2131093938268043,2.131117967542852,-1.6344490974813288,0.817245929746344,0.5082068995888633,-1.5469246002599082,0.901387224523376,-1.7113303150904993,-0.7801191797723916,3.173718307818637,2.015133000449844,-1.1353630624447362,1.3482667960180166,2.1650511416042693,-1.5805350360068258,-2.5732474222056227,1.3054475864793398,-1.1792367744851575,0.2806165548927146,0.3648302545324292,-0.7593340552403788,0.8923629504998288,-0.87574323063566,-1.6676846672968368,0.9109979741143964,0.4601974678572868,3.699362357849706,11
14.051368517670708,2.273673407613505,13.19580520020437,-6.701577002000103,-8.303497237088857,-3.20378945556231,-2.348844820286297,-3.404837219087018,7.676910241113285,9.127749635582209,-5.801878006566223,0.4382732538231892,-3.690320459013586,0.349848456132019,-6.139726456812097,0.4656352897037861,-4.281092127092315,0.9079172978907932,-1.143244103917999,2.7154544245826027,-1.9021331006083104,3.96042394575444,3.9991258667383143,-0.1293366464326804,0.0544644946495577,-0.8824079208690642,-1.400967610632921,2.0397221555033447,3.891796135444018,2.262000234685556,-2.4246732009204304,-0.6023060191246252,-0.1178824751970996,-2.0011194197376727,-0.7513085369165552,0.3217050223557084,0.934426868846386,2.694841275969829,1.6297258131861327,-2.3124091154364117,1.10872205563611,1.2972507347177633,0.2445604108209277,-2.7703345880260155,-0.7755843610815568,-1.845176863795716,0.480627042695488,0.4464842474311895,-1.2758643690908205,1.0183589168066316,0.218621080701286,-0.9128087932381684,1.1847992873072133,0.4218088811030166,4.084658173061181,11
1.0442757865290606,0.5162385823064934,20.273328866556557,-4.113074629610591,-8.725139879693772,-4.17556153892478,-3.076910320993976,-2.8358270913232904,6.21544455647907,8.071707751658197,-5.611452174779793,1.6088312359410633,-8.67122786597036,-2.5483057719938804,-7.1392140509723445,-1.33324928529074,-3.7487546866152575,1.285022544750709,-0.8616665018142959,2.6561030771822334,-1.6647252795486125,1.2443408852787767,4.75995540698037,-1.3331490928986265,-1.6633977431860536,1.082419719394188,-3.073824062417149,0.8769772704242996,3.181991541252449,2.328839345275933,-2.8386638469082786,0.0696170890746713,-1.146726073068275,-1.5980595685094905,-1.725180946733778,2.142921511870104,1.8461182021244344,1.680086799033759,1.4333956797635536,-2.486856281162458,0.8834740608436691,-1.7233413462934613,1.2483598659886397,-2.7012966608987337,-2.834018905276076,-2.250046324681246,1.9669292959588616,0.7162990042504385,-1.827880983893416,0.8597172426989,-0.042638469139998,-0.1652840010044286,0.6070930425036297,-0.2289939020385219,1.7071431429479351,11
-37.955042366953634,-6.415824412490648,11.64739058697385,-7.576504364431561,-1.3784845082707609,0.9438467546246208,-1.7206003554936795,0.5296922337105999,1.3618364617077907,4.795292155843585,7.441205180621813,2.866703889925619,-4.163144784625456,-1.2518822113086594,0.5475225885951217,-7.746207942674886,-2.050284141068027,2.0386026381696825,0.2758421781790922,-1.7010053936075211,1.8511249441756508,-0.0290273640283804,0.7225751854977589,-1.721652629510599,1.978860776236764,0.3630978789696846,-0.7204364223770896,0.8722173206116776,1.5980591608027448,2.0879956380859777,-2.19531639580177,-3.231463836531327,-0.3829052561713853,-0.5617709775109108,0.7621590109938386,2.6286164040830844,-0.3765339494692308,0.2785525072434399,1.7790328982413026,-1.929042313034043,2.8449885344397803,-3.1382797970809566,0.1153956890275122,-0.3301233426245979,-0.4464497201726315,0.4564862649769326,1.5404336999712585,0.4110231410006492,-2.3283357806891143,1.2900166250940284,1.6635230185652887,-0.4382766588061619,0.2243437758703089,0.0794394804575101,-1.1704205203927818,11
14.294791772443054,1.9906423783061045,-2.4968146418477524,-11.648605214163808,-5.2908373439222265,-0.0122887883865668,4.300928734444213,-0.1316188242980349,7.577994103990199,3.6381960791623182,-1.819262865103637,-3.06212689447725,-0.277706173458809,2.3222552727351142,0.0518724131514367,1.3682630981257342,-1.6588233004356068,2.176662735586324,-4.1372894423332784,1.8429239015223693,-1.4678174370759831,5.429294654801029,0.7381225092749182,1.651651393510263,-0.001653573310086,-2.4438260061134778,0.9489204933500884,1.561615106221551,3.1467288209523243,1.046141298343903,-1.2015230131650572,0.7211930610563879,0.5772854465897944,-1.215069458287567,1.4914189483651803,-2.171357110936509,-2.1993228581344093,2.241406959938899,0.9369377718982772,-0.5585068124983374,0.9261351575972436,3.058166890725649,-2.646700197013959,-2.873850465639013,3.0475148678823345,-1.5502256164545811,0.0440661189345087,1.2334924118412744,-0.2097338019352968,1.0231500393088482,-1.8641298088553169,-1.387429812844044,0.5757478580238008,0.2509312045269774,2.646802934942805,11
3.377886220049912,0.939569652241615,-7.098075286991454,-13.644856817207993,-2.928006336081153,1.2799351508858732,6.979794314615543,1.816812177022384,6.437975559622022,1.938158754596408,-0.3252031649323326,-4.947915220908324,-0.9397249010695264,2.154386579112663,1.565086665753511,1.3743203418061376,-0.2237344181065285,1.7607110498885972,-4.264267078493265,1.5003195653503556,-1.2748852019796657,4.740768833243925,-1.391477729935074,2.437243116878125,-0.7336262968686509,-1.6531688370320328,1.2384874999352526,2.3538915004392136,3.145937652466187,0.8544529442946558,-1.0540993258467088,0.936922371939264,0.970851374084951,0.0266128678122871,1.4667359901713777,-2.555027710652489,-3.245341992018372,1.7720423292479173,0.925746641021856,-0.1044534089959363,-0.0874919636825024,2.5317303447416752,-2.7393671132776967,-2.7974866373501133,3.563247414853759,-1.017846913997428,1.1106385328678956,1.3779771899016966,0.0627042168351863,-0.1076965124497852,-2.539348836503352,-0.4078763520052553,-0.028403331034376,0.4041966669016047,1.538241060463367,11
17.602936210525996,8.17971889504847,9.4298763905958,-8.358906265410813,-8.228872217846098,-1.885856688881696,1.1207209007162475,-1.6701320210727364,8.739270101249915,8.52762136308726,-6.480792740546254,0.1962154542038386,-5.206799076783456,-1.0022425993578732,-3.0332942188371432,1.4116120231260731,-2.2348373214238118,0.0539619757891149,-2.767209762353961,2.146835452435452,-0.6514837222638722,5.314830775322122,2.306660026808148,-0.142774259064765,-0.1802264745421777,-1.3876483307311671,-0.5533354795737999,3.20014242153486,3.415505765790713,2.7325949396051765,-2.0411262318333527,1.6389355627048732,-0.0708568019341632,-0.6779636834813313,0.0602862714499335,-0.7642311691614276,-0.6258610595830048,3.2605789551498323,3.334863382527791,-0.3586012445151471,0.4014976787568091,0.7327821044343948,0.0609476435009253,-2.55539072558053,0.3171556724164682,-1.6136393682781316,1.2131454689028014,0.1103943324066964,-0.6807004741711105,-0.4949315370886514,-0.8641704479659877,-0.1764409785653166,0.4412856386256252,1.007320895195191,3.605550919889638,11
17.41805443582747,9.428266880059557,0.928432808260126,-10.933574708157444,-5.73602952118431,-0.1641225365225938,4.612457048183166,-0.0592445382493797,8.374439881527717,5.31366230034381,-3.8891555106309776,-1.5657986778731696,-3.2145444418159945,0.1207001696589054,0.1054326478036595,1.7912616973827853,-1.254223310512824,0.9418202431817012,-4.064441566065426,2.390688230471471,-0.9709887777961828,6.5245171635515735,1.2236354633220148,0.9467175710980088,-0.2113996799953391,-1.9755235682704964,0.7547858908508026,2.8318844875006706,3.2058835769062832,1.5585917296923433,-1.55590767496575,1.9786060202504605,0.4295763061771468,-0.0405692088901721,1.4670236698943733,-2.157794118515258,-2.3475075975552016,2.5347785875665365,2.19161864972308,0.3947581006600906,0.1617304235096373,1.65907981798193,-1.0486186083023556,-2.629360779506466,2.2214315932536173,-1.7426363079407303,0.7412860737606985,0.7200308617937051,-0.5191121629918848,-0.4522779324169316,-1.7552717104889712,-0.3976124445543522,-0.1049438318914227,1.1253439115861386,2.596289771499187,11
21.40181017825127,15.561683780341795,5.382712538158587,-9.30902952084699,-7.342813977314003,-0.47047256086474,3.4161842618887484,-1.3274594215030753,8.784452684625583,7.412548647802283,-5.756826580474487,-0.5710934992205802,-4.161627419051115,-0.3921510888160185,-1.5949360191479836,1.9867721821542303,-1.693916906601326,0.2454446991576458,-3.831529229050812,2.365005169388866,-0.805884129408218,6.268792486489323,2.240192375984184,0.2165252331456823,0.1308385227157413,-1.6892293065673267,0.3532601810602916,3.526822923723536,3.318103669274118,2.21019431970161,-1.9774823913490875,2.03566093843216,0.3713600649818675,-0.1011872875796222,1.1167092663442315,-2.32921760467168,-2.023118749145526,2.8706393714622647,3.062914384212773,0.7382836200151057,0.2891442576832805,0.7726894752553657,-0.2688966767358426,-2.5912102833507102,1.3615987948643675,-1.7491663160613808,0.7894344056066371,0.2167589117707544,-0.8202200000774356,-0.4968462490669078,-1.4759150839777944,-0.1633098848998488,0.27507479868908,1.2978394440337746,3.167335953036197,11
14.204003466379852,11.583196614675268,-2.532322788841161,-11.774746704751983,-5.572791531536996,0.5336048907391626,4.996507338612791,-1.2975415510035826,8.135986628699484,3.851805100136744,-2.5439990732099247,-3.131543162363125,-0.3122701024323226,2.693557037873446,-0.6622937121760128,1.3743914466608411,-1.791702318227535,2.045332770016601,-4.176982509819654,2.2960507684622646,-1.143412341522111,5.165126454762496,0.7864629867543833,1.2213257809640468,1.0504904379996556,-2.304820473359568,1.4201565618046703,2.0364677079262385,3.58445304760871,1.2590511302052152,-1.2833114615275556,0.8455043017185502,0.9418707075119146,-0.5121894350486147,1.7500946101872146,-3.3407940332344745,-2.665565546852876,2.410964578321876,1.232620866956028,0.1297844598446463,0.7498762113939613,2.09066107672806,-2.7536875182963363,-3.386196689342319,2.7887191415062054,-1.907988325903033,0.1299484274498987,0.943831303667608,-0.943428620347508,1.2675721879387238,-2.075435086649599,-1.6855594585405935,0.6051251117152301,0.1731070946045342,2.835382001830055,11
11.836050100067157,13.362574140534138,13.167015015964642,-6.605327915360782,-8.760149502640239,-1.425802349639572,-1.8932497014835188,-4.2496941378811215,7.708718169602707,9.139784898545503,-6.255031663680985,0.3993585456948356,-3.563099771849486,0.3798019249237114,-6.54235436314265,0.6262453813504594,-3.73578389127904,1.0722121957291164,-1.424665306455561,2.845836286147412,-1.5474947608477887,3.392941435225187,4.403853829688142,-0.3325049289704699,0.8456952291423887,-0.406333012799434,-0.7901528985046639,2.91643446252044,3.747606649731661,2.1292637514787223,-2.2505832588428,-0.3285749653856141,0.0463568936319568,-1.3269698137890598,-0.6227588204111418,-0.6611548389975412,0.6322305876647942,2.361241484946964,1.3252122911476991,-1.6443249034687517,0.9514932395277232,0.2879598009081285,0.4475535633301978,-2.4932524182105693,-0.5883188234924631,-2.22693726241164,0.5547353923298807,-0.0791111620011024,-1.369922799098021,0.8861338876029732,-0.2480868228661472,-0.8408344276187059,1.439258477380343,0.8385537689882981,4.157177298070011,11
10.184765458817951,18.347930679918026,9.281521227637812,-8.002999996286473,-7.911511436453888,-0.0567403205442119,-0.0471700258782107,-4.039674775622978,7.417549411330381,7.869163443080492,-5.516747666607359,-0.3916564158410463,-2.309881582523244,1.330147243568086,-5.110944050691371,1.102479872248863,-2.903768635012368,0.965561888410124,-2.151948279101655,2.453398530645773,-1.120885061083451,3.624647353350372,3.5313943887240336,-0.2560464998036453,1.4160258681237916,-0.7232567537678067,0.0241745488770973,3.23912500313533,3.333004523130487,1.816680587840149,-1.6196402799772327,0.2882770110971129,0.2853036875022752,-0.75579095497584,0.0154108194100227,-2.326003995734625,-0.6063608499130038,2.3688981895087324,1.323210235668567,-0.3996694071391529,1.0573625509232696,0.43489052664704,-0.0855129216255116,-2.776696499448657,0.3239671519508099,-2.2265506289854624,0.2419159307766199,-0.3575127796204868,-1.4574892049593051,1.0526186528914034,-0.5751779536039493,-0.6170721041933955,1.332068874267125,0.5788563526524759,4.18687842909566,11
11.382735440718712,16.982783082513436,0.5583786095946339,-10.859606731193145,-5.914746581164716,0.5862442888964677,3.9300507910212255,-2.3863790079869545,7.794714699388862,4.800712355449546,-3.4515755254602034,-2.1926291058847696,-0.7291006073186551,2.50893965343063,-1.9330027712473687,1.4371430649678072,-2.0060306705904973,1.4312766318666197,-3.690598606777757,2.1972067613025024,-1.0984303965004811,4.739249433965195,1.390829390714232,0.5770680050851352,1.570440693405492,-2.097370499417834,1.118612534265145,2.566705370832301,3.4827832746975065,1.408115535330402,-1.238145861808967,0.9056463575002986,1.0269750216419844,-0.3070677437187511,1.4088402894673138,-3.635037512972397,-2.3951619353092903,2.4342379370091582,1.407909466118506,0.4434241743179774,0.8697392673594037,1.3715542666620253,-1.9889384216712775,-3.3710250878913453,1.9615352160492927,-2.061514791898833,0.1176257976530433,0.3562293792834789,-1.4097147644897097,1.3778079448479494,-1.874791900573896,-1.376639222201331,0.7560625544954519,0.2550150391611678,3.207313288916292,11
-7.353851474916314,11.72314198825588,-7.407280071919382,-13.107294293602934,-1.3127482927494585,1.7052814549010131,7.867194016586708,-0.721042310972927,4.190186250553557,1.0025589272371036,0.5301229638469749,-4.738714014044289,0.2598322783295942,2.3336021915036635,0.5093865902101148,1.9788704234366823,0.1833222577998463,1.345737988052994,-4.549937296264917,0.4097557054515306,-1.0589425342604046,3.821043975932557,-1.517315292469107,2.2327353833609718,0.8725811038671585,-1.0817299609382216,0.915745238016197,2.81671783200189,1.926845755915307,-0.2984551555324122,-0.8456355575747259,0.8078243972826731,1.2177666003562209,0.8361109315500926,1.1013248169694447,-3.238969190857756,-2.980061672837318,0.317800038761625,0.8798257833802732,0.2000236796218487,-0.5852428330318875,1.684199943354265,-2.4550376590228837,-3.089957105193233,2.8428439294157384,-1.3746608452378175,0.4772603862147418,1.5244407841406178,-0.0170802972147055,0.4210145887471663,-1.8329553557228369,-0.6432154808405142,0.8041186357698629,0.0260953982983006,1.4751106873796864,11
-0.7034673096706249,16.47218804460084,4.273194837424021,-10.164988729669735,-5.798481833299262,0.7619152102165377,2.023305032451689,-3.1047421276257894,6.233452226529472,5.306978220620168,-3.9344185415758814,-1.1559313805297171,-0.7831590104612114,1.9839681322917264,-3.047150769473695,1.1309386538621264,-1.8786913524370128,0.7461784586737858,-2.494372804971085,1.56734555118666,-0.9533275326590648,3.315039419868087,2.089695894983447,0.1395182794839586,1.5739946910439917,-1.0261131275829227,0.5401366497628872,2.7324301839020078,2.6832909163661225,0.9331355635955052,-0.7743495658462979,0.5009546707780052,0.6515915063046405,-0.2554710586789186,0.4537991932594986,-3.0473422746879364,-1.4701070292756904,1.865611106993345,0.9747893728568444,0.2814836432806264,1.097609977159703,0.8172993869981263,-0.8306572218699487,-2.84750375094062,1.0855794185004484,-2.0050336957405364,0.0497785091757187,-0.0890261755749578,-1.5823723611464926,1.285996992647832,-1.1146968007992069,-0.5909664347307445,0.8806485991389702,0.1988329790015742,3.28281099487576,11
4.150723531322182,31.538858160488804,8.873534627813587,-4.439342570154832,-9.56751138550332,3.736563123399351,0.2426867166341827,-5.148208988320237,6.691044716500879,7.917588299039673,-7.796275875453259,0.2959122220165762,-3.565455764899497,-0.9749982005297668,-5.879892740952471,1.1601136870402011,-1.6111750302990355,0.0106227513031396,-2.405399667371916,3.0121679063783624,-0.1856000008906344,2.206022704928646,3.644183999378164,-1.6528669342094426,2.508475318764969,-0.1376256367367994,-0.2189162354495116,4.250654900040406,2.503055311711806,1.312774786143159,-1.443495886401658,2.2962811508196954,0.6381428796872918,1.1783220449642582,-0.2950285836002398,-2.233038520455207,-0.3325107988251782,0.9249816391673472,3.060221121500881,1.380966691905291,0.6712323879826786,-1.1092636823607782,1.2180356805211396,-2.495331581492428,-0.6412559767575376,-1.949262971824182,1.4140036178249864,-0.5948718029154374,-1.4138311626857691,0.0115478080760102,-1.8589169639719032,-0.3751141234339287,0.9904496482126388,1.0015210036983762,2.594898301894533,11
-6.00360458391875,24.89289182512428,15.528091612810062,-1.0580764669524343,-9.98104025126739,3.4864928913355224,-3.1585317923276857,-3.922215979689845,4.741677808379948,6.632236066805363,-7.540220724065704,0.6557202593207451,-6.208913222591615,-3.0296030320644998,-7.435902766609383,-1.0772749866373228,-0.7945134016903831,1.4553677602098298,-1.958321479133811,2.6750702469405354,-0.9345680446745748,-0.3069216159032122,4.696936632624751,-2.8457584216421736,2.34608251668617,2.88652899642992,-0.7139385587978174,2.229364708752576,2.169814221732683,-0.0939706229573278,-2.3008672835706934,1.8137053258583893,0.2904465596863976,-0.2300612463806353,-3.024591308400093,0.3185777026617299,2.181691068713202,0.2463542141538076,1.4062607397055114,-1.0544608599104963,1.0750241857581504,-1.6090800129759737,2.0352136893601585,-0.7150799535885575,-2.294981263439344,-0.745275586446266,1.2250657950722552,-0.32828026581532,-0.0714568442421835,1.7023124678670372,-1.7665745747984871,-1.5582749106337643,2.18564892330914,1.685313009176456,1.7041886690393346,11
-22.29205830974387,6.629149941549208,20.04110576705802,-1.030965971317222,-5.539013035784046,3.719221551756085,-4.85471758309145,0.2441749796957848,0.3780798736481361,5.831536100340659,1.5786950815479583,1.013195753611814,-5.731930963879285,-3.713764777655241,-4.12040878598062,-5.115926324284184,0.1299974017942467,3.0979564677335123,-3.622596521390285,0.227242469459113,1.8991832475011927,-0.0218553204746711,3.167528614738065,-2.5650278048391457,0.2234692465436981,2.666814704589226,-0.515068804601639,1.6436175068789456,2.221830464654789,0.5426671024874107,-3.144135852614321,-1.6920878626994038,0.435068783647055,-1.751479091966499,-1.6244458823829124,1.6202009360069831,-0.1149856277632193,-1.5243320027559988,0.108098258707167,-2.000938708784368,2.01472068848093,-1.9466875935705863,1.9134827783714508,-1.5175512372071354,-3.5152803546705926,-1.4396477568886754,2.359112571963545,1.8508166097510144,-1.6448418012934394,1.4144677901247622,-0.2246996249766496,-1.287661405074402,2.5060775510588456,1.4190916268638631,-0.8335739900434491,11
-2.538544758555668,25.91541841085099,-3.8922586337880327,-9.897878846722543,-3.0684879958369566,2.748455541413683,7.019063993942148,-3.680169967214421,4.668789072047463,2.752088381079558,-1.0225501319852577,-2.2846104225814656,-0.5895407788972997,1.7799051795196907,-1.4199102601309783,3.06334657099952,-0.6597637772692941,0.7835197203553764,-4.9266321885060185,-0.2737514070445762,-0.3149261398431762,4.672615166622257,0.661292517973529,0.6446348203852492,2.0513933096622843,-2.083633709720341,1.2298089331823896,4.1572457223007,1.907313162088216,0.1917880510126068,-1.0395802765826356,1.8076881225511456,1.075109256823464,1.269674720444281,0.7056561555680221,-4.34237821773935,-2.3622712694596832,0.0367460465818301,1.2010316653822024,1.246491310918482,-0.3291275766662478,0.4650694865094837,-1.8063923212560624,-3.48320377648969,1.5109151424537504,-2.112288833606382,0.7930708375634274,0.5689612330943573,-0.666360308866117,-0.325120465662084,-1.7926400407746732,-1.1644801474567676,1.0571450850289676,0.7606792554908078,1.925431483195755,11
-9.316726222019591,30.38935480355829,0.5328444422055957,-5.128177972927005,-5.296638873541353,4.877789436064962,3.065875393351229,-5.528033765654209,3.818979277200389,3.962377264288187,-3.842857410164274,-0.4723958816348757,-1.6236299467133133,0.1546341375878739,-3.6871307286716566,2.6044355269796173,-0.8507194508276805,-0.0122836520121127,-3.543696613358543,-0.673222289052198,0.6649368105813731,3.325022655047422,2.0964600025732234,-0.792680984248462,2.4422943818663008,-1.1984837901086314,0.7868279661206922,4.480259995196286,1.0893219932698024,0.5494030539111528,-1.2712621680292095,2.510536957233912,0.5554887738987808,1.170086797168367,0.356969083749205,-3.5865582916873917,-1.0939530540659863,-0.0478609143990338,1.3306250222222658,1.793963794485429,0.336181520187461,-0.394587728128892,0.2107845971812359,-2.6368294859373,-0.5550112524545556,-2.3372926856467267,0.8987356383614159,0.274824079539163,-0.9277821168857416,-0.4272556168802153,-1.4494010232318435,-0.7338277443809168,0.799841083225197,0.7326160833137598,2.0003783432562985,11
-47.34850553229078,-8.150883025637752,2.7814191098999013,-13.825550695351774,-0.7206795412317318,-0.07209244886074,0.6709913720494339,-0.1393362875158411,1.0553455219129697,-0.0953598018961542,-2.915679241756944,-1.354875057049348,0.682082843248039,1.0675827692885047,-0.3926717232556136,-0.7873506776648389,0.6320498622009926,-0.7543003150501477,0.5177665998373916,-0.8242191949643173,-0.3806363271929353,-0.0702386634257359,-0.281218825822037,0.5746877995492138,0.0552282652947803,0.2393006168886621,-0.3730062440210215,0.3284707114350399,0.030913249343955,-0.684761646934638,1.069027641239918,-0.3364711367157219,0.9119150698793064,-0.9929832119577476,-0.6744313890966516,-0.6709169841603895,-0.3154983552050081,0.2129465053612659,-0.2182204136590726,-1.095902453548146,1.5967956830812096,0.8878863606801874,-0.9173979926230976,-0.7209343684366425,0.5502325730531166,-0.5501597489720559,-0.2812640004904175,0.5590112524294113,-1.575929788665811,0.9815649399111052,-0.7690177406227807,1.1440199718234283,-0.6902975093774697,0.4814081287999254,0.6702604317477162,11
-9.27901594403411,37.8298738776826,5.770517006653963,3.619285394821768,-7.94931920732842,7.205327096861772,-2.92878731755775,-5.462867224185569,3.059368323777424,3.894765577756793,-4.668520107696705,1.2896116347497428,-3.9906340203775126,-1.107763764575943,-8.148673544502,2.570014914352482,-0.0258971843564548,0.931379686525437,-2.5391939481400283,-1.0082307051446775,-0.1021353580866381,1.9958319979197632,3.097371861984241,-3.4661056262336025,4.270275394529322,1.5352317712256265,0.5857943911622319,4.630523408589849,0.7515506453120636,-0.3070014798815612,-1.777520261099663,2.315409872815278,0.770728406942402,0.5194022670230217,-1.7501673856041438,-2.1488360961944317,1.083872892268066,-0.930835598717779,-0.4330419747307045,0.1349737453549276,1.673500540129111,-0.227964137520383,1.941971839510084,-1.1240174889808894,-2.2901446118790973,-1.5654099446476066,0.8659257640168466,-1.166561022470068,-0.1328531089691819,0.3662255542785205,-1.737959746569154,-0.9035529962144212,2.014162977786646,0.8982628752338777,1.230667494640132,11
-13.098823042331816,32.51421266376491,-5.693233686037249,-2.6306369677253265,-2.1314487501996844,1.6649912599421772,5.197796727120587,-5.692193188240797,-0.0524681068111905,0.9164993849535878,-0.1961580681462547,-3.2936943756288097,-0.3514450302386137,0.5846918507927416,-1.2143326813885855,5.153768744856042,0.7009418927128993,2.3365101832425137,-2.8339912277267083,-1.949669192621964,0.1378865606494396,3.0172064781974486,1.3413600637508023,0.4380193912911463,1.7796122652761477,-0.8098903828897156,0.2889655122259632,4.334219924656706,0.2180355152941747,0.0474342759587137,-1.1652569161371968,2.444600826375829,0.4483157001561751,1.637549411440219,-0.3664435175774334,-3.539364451889143,-1.6659011751278443,-0.4805208897588215,-0.608283858167453,0.4639444602789455,0.8365246648662394,-0.0547341288664144,-0.4375192876684326,-2.006133070113415,-0.1167140312295671,-1.832469469149908,-0.764606656625609,0.9757232057975808,1.069776232939458,0.8271271771612627,-1.7271118399594867,1.9328038031000836,0.9380603238638772,-0.1072053686284275,1.1633468453903348,11
-9.033193966864792,45.592384166387085,-3.188744432739061,8.689653495819899,-5.266462040056293,3.309593743208122,-0.0976844705975611,-5.0365896049975545,-0.3014860280455986,1.2475102721619848,-3.270714700953976,-0.4612724166947691,-3.405556231638686,-1.3398520659501885,-6.460829113678876,6.794299484033731,1.0321486999021885,1.983402553745955,-2.563971493438652,-1.1716526261929745,1.2839109613812034,3.2389187021345345,1.8656473075816693,-1.7841079741371897,3.635832286890903,1.1085982980026077,1.3859025221631038,4.826261646436127,0.6009978780846,0.5097304471502936,-2.084570175909981,3.490849189522779,1.0319602095199196,2.594815500909378,-1.6396372534060266,-3.76793218475476,-0.6173219749772475,-1.4260784161980815,-0.367029439718471,0.8301045671954458,1.467559986186791,-0.264741615194885,2.2807567150935144,-1.0710305718569444,-1.9394152290764095,-1.9346223432557883,0.4755684226806596,-0.0681684113253496,1.2571628442701923,0.1245200787302916,-2.623241522068322,2.426891787118536,2.114633665879212,0.0440661749138822,0.0643652337768978,11
-21.925545525238487,26.78304272128109,10.894987141589612,5.576710327374025,-8.780952352707418,8.400466385473218,-6.079666746389849,0.8152477500264597,1.9370518474089864,3.206254697310714,-1.6222531421833124,3.426094737918331,-4.819836740818289,-2.805788659934767,-8.677592776248499,-0.5749726871709349,2.0171452241158168,1.1806658175515097,-3.002831765158443,-0.1542199384324499,1.5555307558154825,-0.2953945796946768,3.304001001570503,-5.720838366765283,3.404625242420768,2.131758789467793,1.643338030335171,2.9995597650985046,1.7746346175927403,-0.8576384504256422,-1.6921437178943568,0.3658287433254493,0.4925380575162942,-1.929631301099183,-3.41923763035628,0.2725848464947973,0.7377334837404201,-1.5715106413567028,-0.8825963959814009,-0.3698802062990682,1.7793274646110602,-1.424321997889982,1.9553936936156648,0.6123897506704776,-3.471736165265409,-1.3851752367096308,2.2214962180962603,-0.7700756829533635,-0.9748275048686292,0.3552535379439303,-0.8295479744360388,-2.17525803420877,3.231529555807919,2.2398390955841547,1.053319182652021,11
-21.13809664573189,26.115660165620053,-9.853422723581785,-3.3107986262123736,0.7881814337895127,-3.340036810387989,7.356274907785494,-5.164045684295482,-1.6658830385107295,-2.268563684172618,0.1448049664506535,-5.186307499015504,-0.2447449646520123,-0.0368211495927707,0.747056181484482,4.31393052239748,1.014577475495496,2.1011248479608926,-0.9319036728820388,-0.5627366648333507,0.2543812229492234,2.660369493117549,-1.5359166941574611,2.501617050704486,1.25863832727117,-0.4532740149897614,-0.0210059255702514,3.2755692298750634,-0.2972947783671102,1.1155000388558651,-1.2161893853799488,1.116828527668957,0.7495091052329619,2.5321249729693,1.5822427345605634,-3.4597320902346618,-2.4616807373330234,-1.4148657136722984,0.6881614287242496,0.6655065594940025,0.4152797778027348,-0.0352136184264096,-0.132729134072872,-2.0461693758110595,0.023806474492818,-0.8847281107321698,-0.9771986853242473,1.307998361001142,1.4762406728672728,0.876107769245915,-1.23028286439286,2.632736681338498,0.3335993610969319,0.002694863540511,-0.5697180992567928,11
-20.182991146548915,35.61671723197321,1.5345787159787372,11.475987391228884,-7.476505839281904,3.5315785988094097,-4.454350527208212,1.910314630394837,-0.0514877219750053,0.116758390591821,-5.712914549526902,3.9170655649459816,-3.019676313355842,-1.76861248751656,-10.065721217429124,3.999788412340566,2.67761588131436,0.2931140301082546,-1.8716688387965887,0.1931734376557666,3.8858302652842704,2.4541608389272804,1.9606775980015727,-5.384274370153504,3.945973686881962,2.187087888049124,3.250582942549399,3.173257749284732,0.8922335666320054,-1.6679084529018575,-0.861265810748428,1.5700655331002022,-0.3373336940284167,1.0443409693921686,-3.916811887619269,-0.5516812328844088,-0.3216798599035772,-2.766022602548212,0.5556118097156564,0.4551023150057314,1.0111421966117298,-0.1060208859595576,3.3389871223950163,2.070837720326361,-3.0703895164048616,-1.7796957644504927,1.0735232522164029,-0.1718902870523867,0.5055080435074343,-0.9544069211595324,-2.363121445516165,0.2108908936218794,3.837853250724455,0.3601484585524304,0.2983234707715806,11
-20.815484811461253,32.85269688076221,-10.319491788472572,4.498244989756185,-0.8259034301272186,-4.824362052006988,4.5997225083524045,-3.564749785083934,-2.1767704446781333,-1.3409379241546655,-2.047643841523225,-2.8240495803058447,-0.818013662817922,-1.0442261901601733,-2.911222211484356,4.632906586588667,1.3459294952408534,2.087234439987657,-0.3886102182805286,-0.1529027324480786,2.0298296395164344,2.878158726040907,-0.5961003121374223,1.5910988681976082,1.7447191054171918,0.3397515163636582,0.8294514156018487,2.975264091229974,0.4637616258004706,2.345795418890408,-1.0391179189585515,2.7842785945406203,0.7722569073973639,3.475741766862778,0.1262283026111439,-4.122225603555729,-1.9260248496588317,-2.4889928248999267,1.409635986098573,1.1675592985634755,-0.0131247616348946,-0.2847084074444799,1.9189703265456892,-0.7712228209115504,-0.8733609233986704,-1.0249979310541055,0.0648887909866297,0.895313284786612,1.4751761600701223,-0.3958570447738574,-1.856139064805252,3.02156284578469,1.176335417102075,-0.4275062603192147,-0.6575947472791631,11
-47.3148482219943,-8.287099720411923,2.936466013619834,-13.966039913367766,-0.8478725844981841,0.17249087742941,0.7087621674972151,-0.2131463005233535,0.9348734647263048,-0.1648079149859556,-2.81538721764661,-1.2630632493016225,0.5929577826139052,0.9215142343467334,-0.3935256111419632,-0.5244444547664413,0.7776582865038452,-0.6435444010974518,0.649990991342381,-0.749770021146398,-0.3609770557926605,-0.2170516879133597,-0.3768337111238629,0.6690881152628914,0.0707834480710592,0.1914658358343338,-0.3280967821698827,0.2094951225882154,0.1154609187819171,-0.6150615821365093,1.1514179349040568,-0.2183327272726874,0.829725791155941,-0.7057988522114399,-0.6073260614186798,-0.6857702014857258,-0.2729836449291182,0.1398602206360405,-0.0923718609641254,-0.9774877293523166,1.3701726196444863,0.8030451138354605,-0.7321357437392995,-0.6420926232474211,0.4807890002914308,-0.5097953112589009,-0.2144660188595595,0.4335886932638809,-1.3524836335860413,0.8040835170012325,-0.6959838268230759,0.8959250164146382,-0.6712410946696404,0.3967941975565796,0.6082458687587817,11
-29.033028793731557,28.49356407809157,-3.0051329178957964,13.570470823970616,-3.682224511094753,-3.105240829191023,-4.421870331427003,8.715812478320608,0.9553754880271066,-1.502077535552879,-4.121866397450508,4.319923863122637,-0.5554957530255102,0.0333852915072008,-10.03357138810063,2.759485350590124,1.2739198641731084,0.720826831868104,0.1351700126178923,3.1545898511445927,6.975888207441308,2.3899670975023595,0.565247573058565,-5.666363481159249,2.8521138915813977,1.9633725084488556,6.808640750179666,0.8140099089113364,-0.1633219597307643,-1.47212905481338,0.3525176668314375,0.1596968988705408,-2.79343127530611,1.111741602187038,-3.580221323710796,0.3429325210662367,-2.920885622490978,-2.2658933193314,2.0836015742716274,-0.4812457747914195,-1.5723176299492478,0.3670622372182606,3.995240036758137,5.140552242948419,-2.4412891490525377,-2.267716730114861,-0.4792703332126398,0.1549661993991711,1.0870538464668438,-0.3658832031641854,-1.9231023995077925,-1.5635429280167543,4.44910096014388,-1.4010266823577258,0.4748277784676581,11
-34.3871418878558,14.144187427903946,5.194148031478791,4.318036714778747,-4.786421225375443,3.3213477683705115,-5.264240043437565,8.328703359078382,2.5998677497372387,1.069376410378992,-1.3839876172212036,4.361796535817758,-3.08932436016498,-1.339694481006821,-5.977342404070715,1.3872467747824964,1.7990486055187156,-0.178109704431531,-2.2092616929922246,3.108822512367232,5.017063884967223,0.4022652790746486,-0.3882349826955321,-6.7715117840946,2.490024906452417,0.532881141569743,5.0924100249519455,0.8945364895752863,-0.3173490949148287,-1.6400903770829098,-0.0690762386934455,-2.0375292360900032,-0.4829500885407536,-2.6499366716553827,-4.18160064595484,-0.0620565030928432,-1.300068870702921,-1.5347736979852404,0.2247237516755385,-1.6301343743988963,0.2736772482185761,-1.069880394147633,0.8990143077635806,3.1722469697389952,-2.046130758608781,-0.6395446139291314,-0.7925093541784565,0.7236526141783337,0.3350817600474166,0.6028119036332042,0.1230405102764411,-3.166786188661672,2.5906870098765133,-1.7488999421532634,0.9071597052259712,11
-37.65056042199509,1.099127858857794,9.642642003847122,-4.575640834407167,-3.5395755279411243,4.414242085102676,-3.8874463943936703,4.601578299171488,1.8437960473614188,3.4632404369207723,3.8258936474415295,2.8323390048772583,-5.201524315183873,-1.8320946468072896,-0.8678086983716822,-2.8463402333534744,0.9277015934064984,-0.1526513810290399,-1.7240625221714168,1.0851649374319945,2.3113453497547427,-1.1423272768502963,-0.1123034265100831,-3.0954948888354425,2.478379783665184,0.2012565915859228,2.524020086818131,0.1464005596244702,1.1830091649716616,1.0301560977812587,-0.3203919400059913,-2.0235496810976663,0.8529131721291435,-2.425857221012139,-2.494938213065524,1.4282892850026796,-0.6439298491687577,-0.5997935382628203,0.5809820646838892,-2.438853577817766,2.396392352683799,-2.470982324527942,-0.6905820562112135,0.2177592153623623,-0.976004711609031,-0.46085032809455,0.3634052644458738,1.251220870855572,-1.433765533895706,1.6953028596305673,0.4915834942702126,-2.421052898760474,0.3879683158743123,-0.2420195330935396,0.205701642523038,11
-30.45804519902705,24.692345666739698,-14.762825389051512,6.19906987506111,2.4196029856778387,-14.402316179493733,3.0239797346797745,0.3463618488554299,-0.8826673175128764,-1.1950249307578005,-0.2920644881177129,-2.848032316637575,1.5081927244960291,-0.4486758413249216,-2.632882594103956,-0.8519832289318932,1.38051029596374,3.20674704631228,2.2566880639785567,0.9498891384247792,3.5667921847131696,1.1577606532933575,-0.4035040845312695,2.8127298201535837,0.3580643321323918,0.977448178119202,2.000070373125982,0.388522465609621,-0.0649925073206467,4.706791116012258,1.139133582289811,4.119162719080202,0.1795343078353874,1.6702418582368237,1.3902259331008646,-2.8751176118352677,-2.632003284462962,-1.0735645435026546,1.2147928646690591,1.050295911921043,-1.8169553382894872,-0.3756727987750309,3.35059856196203,0.5219694430781221,-0.1309061667750829,-1.5959749509382437,0.8159928165990535,0.1756196226806037,1.2235965398348998,-1.887421176374383,-0.7437191566144035,1.5378355088592277,1.5304242159258878,-0.2597109650178359,-0.7483668194179767,11
-34.69760716410345,21.5029406144046,-11.94562827502425,9.94963895124522,2.3444704468231143,-14.629106935496322,-0.5257010298818775,7.638322468567988,1.176027208473449,-0.3876477232105875,-2.536057612028748,0.3019314067940696,2.2867377984872683,1.0002750920194454,-5.824255544715165,-3.745387607920264,-0.3149304811315416,1.7736919127652766,2.2353285951191024,2.6542361075202288,5.514047378416623,0.8760113569410427,0.3244213600987446,-1.7843051541244943,1.061841149047133,1.8987987826469104,5.037677903183959,-0.6484388715947822,-1.444923687605032,1.7543439019924651,1.726438099031807,2.351441151225865,-2.9545600158334384,0.858613051700931,0.3290042085494766,-0.37607243098507,-4.8186156073052935,-0.610588376450456,2.328879242599464,0.0562095008108918,-4.375284492663505,-0.68330902026169,3.493913048420437,3.809739936039509,-1.3173523535079188,-1.7852315799304168,-1.3566962789850137,-1.317202819565409,2.1479962115276,-0.8593838340232182,-1.833256722733544,-0.6755307729799535,3.8322315993669793,-1.566346098513748,-0.2967245283076238,11
-37.94271252430092,6.712178223416078,-2.3251157731328904,1.6336024509757017,1.6214957066543243,-5.256608014733576,-2.731871073721892,9.600066319103451,5.426609774426368,1.7778752447008397,-3.345117609421452,1.984132865913188,0.3056856003511805,2.1187672225210403,-2.757548538203667,-1.2399496446868263,-1.3383169478021149,-0.8929754943231016,-0.4137065973875146,3.2865129453580666,2.489758903400125,-1.4654998610925798,-1.0791204910412022,-5.377898747444352,0.3806892342071504,-0.6907495878859218,4.53380698634476,-1.3673435134094545,-3.853421216321473,-2.438206009302213,-4.337981779993559,-0.0474605027745128,-3.954509540957321,0.284748543160653,-2.564411167311428,-1.3050982019257726,-1.4389834499923777,-3.3743328419330973,0.1855251662840059,-2.765289284609255,-2.268603692092926,-1.5783392967134198,2.2394228812883163,1.5811536235526271,-2.691327519931173,-1.5960956758103917,-2.4739131268027874,-0.1124027362020991,-0.2919621823313131,0.220218996944178,2.0229527852105598,-2.083637594137825,1.391467465028063,-3.3105435645019963,0.6889123589809643,11
7.48817030207539,-1.7616100813057696,8.097105066789604,-9.38030985849734,-6.700826393301603,-2.3029043893090093,0.6936345827718483,-0.8753999028529595,7.688419339638133,6.919526640325755,-5.140023560164466,-0.0218611487532208,-4.463519600337546,-0.5892587868492638,-2.062813656785144,0.8289664518490002,-2.088457527530091,0.3160072564389278,-1.9982645066051667,1.7261717027336383,-0.8198013514347438,4.925701704730621,1.580363685037368,0.2488248880548165,-0.64936961376407,-1.276616642881843,-0.6771980494241037,2.0097012157672363,2.825764912870598,1.91526265534771,-1.3895430351717066,1.4140051355171908,0.0126776941367424,-1.029973993662889,-0.1574900239047657,-0.117461325343957,-0.1201450829261781,2.913363892180153,2.869280238017648,-1.138141520117652,0.6979805105918868,1.6169551671589195,-0.4138886431827959,-2.4640266444212378,0.3492447464375315,-1.0438255342372769,1.0348205443888816,0.2791956758618716,-0.6001676312082446,-0.1937308399287522,-0.8466161034366999,-0.1802065531708022,0.0553763586352066,0.6617396986170953,3.0753062929181887,11
24.25514950790153,-1.2630140386984323,0.9776114330273882,-10.419173182439108,-5.885895947616889,-0.8890861815363806,4.084867200647058,0.7012051016246047,9.206324644590415,5.715001151584879,-2.7200310875111398,-1.4248388700645396,-3.4489591334622114,0.449851271149187,0.4316963806300786,1.62583428827775,-1.683943785158604,1.7863451386725475,-4.108838190092485,2.493544459065569,-1.721298273170891,7.464571494509193,1.1450701317690506,1.6089508492424889,-0.946121782499941,-2.2594683079722007,0.4578209282199226,2.199999052566242,3.1623969996584647,1.6549411411884103,-1.5409429490713582,1.6218187753564657,0.320360154145296,-0.6293332765795097,1.4947756707228614,-1.4483442172725387,-1.8597177387010384,3.1193430879937907,2.488494834110663,-0.620437693920076,0.2925882719567408,3.259384885111311,-1.5967765355798174,-2.6872670286627534,2.4520554176895426,-1.0458025250232217,0.9951701493644528,1.0378740628985177,0.0037320971494655,-0.5223928108283563,-1.851143838673854,-0.7801670804368943,0.0542467713483404,0.6398542872175571,2.825033282443989,11
20.839935524591425,-5.579275646108924,5.041695551464642,-9.33701367244622,-6.452799200003979,-2.2631720577308734,2.1122708754904407,0.4018323403772663,9.177278802549118,7.021403308256578,-3.59636480623038,-0.4051830529949566,-4.560352709566569,-0.0339506709391553,-0.6525196266776082,1.2635972651682497,-2.255240503207097,1.2865849500100208,-3.116595601515594,2.2448746324603093,-1.5203441380399414,6.950121342172632,1.4304169391215993,1.022890788533405,-1.1715477557866172,-1.9389262580564244,-0.3937179930216159,1.991575411147164,3.0636514719308394,1.6827063173957002,-1.4885504923099944,1.6802397601985637,0.2099159627796969,-1.1432911798053225,0.4936901410965708,-0.3230762900925557,-0.796025791445106,3.331866703843692,3.084560613948376,-1.3636364255375444,0.6497031298145467,3.2150708535118397,-1.1371754742705882,-2.6940650111250166,1.4555000103690985,-0.7483111508662783,1.1695036277438016,0.6455164581040416,-0.1889793180671307,-0.4718172057476655,-1.4925057182538095,-0.2855610311232301,-0.2076096994760158,0.6578344693909305,3.204875248948433,11
13.360818339751852,-7.080096065827155,-2.625899295589284,-11.467179312480257,-4.848819152723438,-0.3442384477215812,3.8047750627552688,0.9294051240824536,7.483115632350601,3.684730169558144,-1.2282366413735049,-3.012547756377137,-0.4096388228540338,2.5774322828740104,0.3058523829875665,1.0935814639653327,-1.8062396334043236,2.2462421404380577,-3.802833592044685,1.6775510799385362,-1.8182887499789144,5.5652724525778,0.3594288411467757,1.939802214817232,-0.8111720812677513,-2.677106205196193,0.5133398209426366,1.306438307307539,2.989940505171061,0.9166985770934802,-1.2406700995012776,0.4792831008988915,0.9021886654035948,-1.9037582246547455,0.9888526043589476,-1.6156051351215908,-1.8520523891212357,2.4628113849879423,1.2635319239850689,-1.258851968465387,1.0729466337555238,4.0102884363034335,-2.954370863692529,-2.667201664217884,3.11932721234038,-0.7812764491343284,0.4427716462812232,1.3143925923343136,0.039929984223816,0.9105366050640522,-1.97043247039618,-0.899111811307841,0.4406522616149466,0.1513364117708396,2.208048790013347,11
20.12691131964425,-9.494888047325242,13.254451550477604,-5.704333150444524,-8.159023950209228,-5.480058776607581,-2.6780294290227102,-2.643646209870401,8.104947393557838,9.953645087929631,-5.637327228252036,0.3695421447515743,-3.798142815334532,0.8968028648043765,-5.461647798997356,0.0717336290792223,-5.234637700775035,1.106491961988365,-0.9190881736158651,2.804784145745481,-2.4206034939100367,4.94197115744603,3.7115303656433416,0.0972282953675471,-1.1496722626206664,-1.274771649086902,-2.076487631164332,1.059437291142925,4.082927804724231,2.008740067048397,-2.6466426870759148,-0.5640347740236142,-0.1976048293707497,-2.916982994893048,-0.7689179943275979,1.0668759579079783,1.2530701456009037,2.761070684087048,2.318368595724233,-3.1096037167325283,1.7551316779174833,2.332932622573114,-0.1475332499367611,-3.543876378305506,-0.7605313438206603,-0.9726616480059636,0.8252638010155344,0.90246569649516,-1.0854521956181828,1.3911632844615809,0.178594901323878,-0.7178059916903162,0.7760477986086126,-0.0852038820358806,3.853559285450356,11
24.13219183927448,-15.457056655861429,8.68828196267633,-6.564210992679557,-7.264129415802275,-5.229978532094952,-1.1640817939069543,-0.9559022145308268,8.425077859106242,8.884240072331236,-4.118888963267518,-0.3444476038222913,-3.085323524219889,1.8319921580183856,-3.4106428760283287,0.5197261910572066,-4.644193191667075,1.346142900614934,-1.7479376895998646,2.7677167754872274,-2.353506018491049,6.000423844703168,2.545810552614107,0.6578842658671762,-1.3476855159454408,-2.102604778918973,-1.716150208514708,0.9134839904259404,3.551952718775433,1.4939631126201367,-1.9476206300821324,0.0261580399744587,0.2850183591614625,-3.288866515589607,-0.6004053276421042,0.7113789037289545,0.5124481973391283,2.844201823624962,3.002197362008052,-2.9497136344864043,1.94530777105522,4.077697301012099,-1.3858401257309292,-3.391401415635309,0.2237637511804489,0.0639077268328106,0.8598861590277358,0.71492896178435,-0.3462569819730116,1.471343225731519,-0.4821790212346571,-0.6451192967374255,0.516515320099687,0.0390757236508413,3.527163923609267,11
18.02487561681908,-11.051480094773732,0.7110844482057824,-10.137813068443686,-5.467817636570765,-1.5268809378172754,2.3977733433965214,0.6952267714534015,7.951443499762161,5.192954008273265,-1.7922299902624972,-1.9301591690800608,-1.189521366125623,2.35111077566648,-0.4925342779764087,1.2293346933632956,-2.591798549555332,2.165201739605329,-3.1964815907877404,2.1019604784181483,-2.0682750854583767,6.100871231484396,1.1038013389378372,1.6321854827491369,-1.0441793328601603,-2.8586804231350933,-0.1528620017263489,1.1148585484825468,3.042433076477072,0.931197148148464,-1.278221780704059,0.4029071325170013,0.920533174279158,-2.5001382419951663,0.5920636062657822,-0.9938214620358566,-1.090524372269581,2.7702020496148263,1.9529555192309491,-1.8286813168368217,1.3817445021800647,4.5710453750767766,-2.4263104908617112,-2.5510174632149183,2.4103689662237646,-0.2643756248481341,0.3964185001631471,1.166837002505346,0.1074608247221843,0.9995079776901772,-1.6037530106290223,-0.7679158430564516,0.2997069716491672,0.1357269179771483,2.501935836633069,11
2.623227324539406,-12.939064704970296,-8.823422071823959,-12.130588156299146,-0.9126230821835088,1.390820815836875,5.294125874843641,4.906916337080092,6.410964849669591,0.8492975341301039,3.2961618799490395,-4.683199212890523,-1.421276750485439,2.179090837936526,2.7023645488435326,1.4650733492284138,-0.0678951946965717,2.525208408810508,-3.906944575188984,0.5640705699835743,-1.9120526686132704,5.321280981801983,-2.044951001358785,3.34416643072456,-1.6508164879174936,-0.3064676405534339,1.693401033278351,2.506567239546084,3.0465196382340625,0.5199478294281499,0.7155668885220322,-0.577334449135834,1.4028698925594616,0.4666504933710125,0.3873271564001284,-2.2189512654087262,-3.503541937612331,1.828822802370263,-0.4533469095096185,-0.7136323638386928,-0.0247606550391283,3.5739938069438546,-2.608073308673959,-2.475485402669343,3.873091660414621,-1.5600816520336678,0.9699712041030014,1.7792363289219535,-0.8495626091555891,-0.6184535206370771,-2.7608806830898254,0.9502302160377732,0.2182416822388769,-0.2335591158967101,2.160742922688676,11
20.02728874821101,-18.78885778168148,3.74876157380775,-8.041427034129075,-5.659358976345509,-3.878268308302016,0.4211815052158726,1.0256730183537903,8.191885509441091,6.940213785934746,-2.115877561170873,-1.0946289987478328,-2.1498484508767697,2.17290422018542,-1.3297266378350132,1.014254921305309,-3.4769105740726576,1.8213081770427064,-2.3782014322696927,2.48084094023672,-2.404618846000887,6.202074915181473,1.66748355241092,1.3073463628079796,-1.398073565363106,-2.609069378140052,-1.092528574835755,0.9174268906081382,3.098584168620506,0.8067138188478378,-1.1714111484756389,0.0922442008723723,1.0861479924511674,-3.376987602054012,-0.4757961471224398,0.1366627045602541,-0.3102076797642212,2.984247702551907,2.736548424252045,-2.5738458541265707,1.7068982238312276,5.08091985856099,-2.21605584709022,-2.8562318474398496,1.3939302582068105,0.2205942202016224,0.729703323166732,1.017055131525882,0.385692475761241,1.230583361973696,-1.1637459134531791,-0.1809599776871406,0.0197315595474605,0.1218139303014402,2.592788700268544,11
14.579076667077167,-27.62691355798373,9.122612849131311,-4.207150207652928,-4.739948892233092,-8.833849255906877,-1.9703221645052489,1.779237003247229,8.89222440670774,8.166998894082955,-1.6633659704276116,1.1814746485733274,-6.664224705336596,-0.2860439229450321,-1.175943793686085,0.1152604370958023,-3.831883506779128,2.106295596106373,-0.8458852945910919,2.1825710830785363,-3.1344414793684674,6.2959462868198885,1.2403050893041738,0.6618989101093985,-2.3066743302922856,-0.4368136880860574,-3.093089826059398,0.9955987117929624,2.370214032511613,1.3219632403155628,0.1339224061590462,0.5839178486114941,0.0635074083654929,-2.5267595334021995,-0.5435862315997861,1.2781068646921223,0.3699840374672661,4.117719434569812,3.4166109492639887,-2.3486179144714288,1.4173392749866978,3.6177203652677545,-0.0482995732737282,-3.713351429365264,-0.26642219332262,-0.1422768398491979,1.8366737825697088,2.156519631026413,0.8019531071255954,-0.5002906839938257,-0.9776082213911496,1.3759873214662433,-0.7366324606437753,-0.600651672301971,2.719802492310257,11
4.406972038930263,-23.802233013513053,16.81336363310738,-1.2171183381408004,-5.033903151040626,-9.957243032244545,-2.835107741172658,-0.8964710917846384,6.141167805933933,7.624043016166665,-2.1275324500609605,1.1515205196378555,-7.59664410273954,-2.098936828818365,-3.4904141401024784,-2.195786587730304,-3.963407290529625,2.0547998022902942,0.6506575151816326,1.3438845116516545,-3.844648541276184,3.163736250050888,2.244344446477601,-0.0823211734557865,-3.5233942899779467,0.4726755974453886,-5.97231826012246,0.473682636947866,1.7817269171188546,2.8517618004143066,-0.5002764117996918,-0.835579721673126,-2.1101053882282272,-1.8087700162375369,-0.3581450459608178,1.5376310473115236,1.213442429522398,1.0902547447816653,1.937455186676353,-2.481589693502406,1.1690069206049216,1.202374119457738,1.0878954981818842,-4.494428972155885,-1.5472570362051272,-1.4627519640136364,0.8522111147658062,1.9785001078599325,-1.6660249621971457,-0.1101848322708614,0.7308378081933895,2.2143118608516685,-0.7770195256970175,-0.3786760545155128,1.663250192122108,11
-21.144598021784983,-15.248287708365217,19.63315236290365,-1.657468058464731,-1.316032577717401,-7.574504636571477,-2.0796033587541425,-2.3796784021432846,-1.330616849473642,6.899503448120779,5.35753514919677,0.680776986357268,-6.510862404240388,-2.0804204045401486,-1.98788118936738,-5.107781339072397,-2.6702902541036027,1.9595908189724365,-1.323873129477677,0.5317217684578495,-0.1671864339566195,1.844434702903888,0.5356458912796304,-0.4541771825042464,-1.49654219151043,0.6185779061354524,-3.67315597100827,-0.585117928323437,2.682298358554752,1.9893339582811431,-2.244800359581016,-4.379563239900318,-1.797121377405506,-2.200826267052264,0.5517797956375756,2.940570701523015,-0.6110045014732944,-1.0606209555022243,2.0599051721103376,-1.9260674095228447,3.029573172778011,-1.1855884328113275,0.6275112729094129,-1.548187375639806,-2.7176378143031448,-1.9853675416826315,0.8053456250012141,2.522940050773598,-4.027715967507412,0.214637483988192,1.347900168397326,0.9025598181824436,0.531706171590223,-0.0212713015184625,-2.0967387702968203,11
12.23064525354572,-26.570011532003253,-4.938327022702208,-8.386816107474218,-1.401062148995016,-1.998408531016001,2.242742110993753,5.881304443984608,7.777251272787559,2.597068460544843,3.78673948666338,-1.9127849277101987,-3.9794051858766935,1.852436557242744,2.1240661775932788,1.7019182881664008,-1.460346943773878,2.8509441762126007,-3.4216475683726784,0.7532454228698733,-2.363321343141272,7.877062127940406,-1.581168844343175,3.738873743238424,-1.2541089591311354,0.0424724499341413,0.9937019115879095,1.586991926328205,3.269446172066472,0.67507761600808,1.927638766358509,-1.6412533726140597,0.7075885733554961,0.6821397722731657,-0.6905936947277431,-0.6055035412822073,-2.643662915608556,2.505708701133845,1.2564049424283863,-2.368502273834354,0.7613959953482082,4.397116478260559,-2.105400802125415,-1.5038783539833616,3.069428932987363,-0.7069167980584842,0.682275270030002,2.4261945438541743,-0.5050624583490819,-1.0691378386395631,-2.345055309110734,0.9420786922251094,0.3869143599349053,-0.8775690619132256,3.004636313803087,11
15.141048881012818,-37.60502484740578,0.5775407796574075,-2.3179509534276312,-1.5612097226089456,-8.018363018193465,-1.4430899950159588,5.414721695694788,7.510177957477824,4.844918665172278,2.6248226973800777,0.7831655424381122,-6.062865809466969,1.1483633463354097,-0.0834010369616053,0.652283941979575,-2.802734552311874,2.6559779569521065,-1.9579726530950972,0.985294976896688,-2.559724654092121,8.720022886417407,-0.6343419190887044,3.2487198562198105,-1.4959882990527609,1.073073842354049,-0.936828946196268,0.574791886847004,2.661930986151864,0.6931436623905324,2.7163590207878,-1.8983920209270295,-0.2124569008236129,-0.4704140048712137,-1.1047699543695249,1.3496138142637542,-1.6487290574689837,2.09029252201386,2.694528229587112,-3.4139878455086983,1.3539581876660285,4.615885175708094,-0.7098047637891994,-1.7201322403762034,0.8490173834062817,-0.0717148385096596,0.5553962432314873,2.152546423253796,-0.0566255959275679,-1.5136775366729358,-1.2892631144682816,1.3375312849311527,0.5665120322167185,-1.008884437100532,3.075001449033218,11
-47.32586627704465,-8.29020703366172,2.9326163635227043,-13.976778109276095,-0.8244096204533183,0.1829276400795154,0.6978878751124105,-0.2032302311398101,0.9495608173818736,-0.1919186414472196,-2.804465380449425,-1.2766570203474743,0.5797245224875873,0.9363686039722464,-0.3930133503008963,-0.5287229587326847,0.7858790247489703,-0.6198564296021615,0.6118148508672271,-0.7404418840681409,-0.3495181735026433,-0.2191665407776074,-0.3763813667517994,0.68701194895029,0.0838493726017245,0.1706246487169848,-0.3381257397345891,0.2103533629215246,0.1419454299792407,-0.6263500033904282,1.164383711774423,-0.1971860762718587,0.8358340493797691,-0.7005504065296578,-0.6115524734169896,-0.7000253656691933,-0.2617611850705682,0.1339268567629334,-0.0827194814243313,-0.9835694655810632,1.390319967335454,0.82630532741966,-0.7338005137425883,-0.6429780243064046,0.4920994607050855,-0.5105251993804659,-0.2429867860770424,0.4324593566976549,-1.3690559900562258,0.7991490697402731,-0.6966709917229396,0.90381364472293,-0.6635181658229132,0.3984506660873887,0.5940971168831889,11
7.986136827885514,-40.26657617099193,7.294856507416809,4.86481886600669,-1.0866567841917285,-13.063836812891845,-4.112276019633328,0.8483039511324957,4.041823736729124,4.922224460234731,2.1055762769815347,2.06660767438476,-7.53505162397289,0.1293743448142511,-2.801856850366504,0.4195727424846044,-3.206958794657432,2.440476192644299,0.9306607486106436,0.6180486475180501,-2.77081056255033,6.287962173158405,0.1529631788511027,1.2933898735828353,-1.934628011208404,1.43090407670828,-4.177246251128962,-0.4201475290339374,2.298782395654517,2.015071416277012,1.7437066537318309,-2.87339723254981,-1.3985045281560031,-1.890607166983876,-1.4619452886053383,1.2636478216199394,-0.2215267830732653,-1.0805444183765076,2.7106335655144584,-2.414667980387226,1.566664639036444,3.5333392261806,1.1093632516480432,-2.464325159636543,-1.2780988693714224,-0.5627883154231614,0.3455310454190614,3.133526005152397,-1.1774002026449264,-0.7192030206708175,1.3591834206876092,2.014401664798393,0.1094564815908907,-1.394996507896363,1.847459321672482,11
3.177732127263305,-37.55351945230292,-6.486815541214305,-0.9110970079627522,-1.15028429872395,-1.7801394931029573,-1.6047856789102777,6.688109961928388,4.080660340862475,-0.5680204117693326,4.152024697338271,-1.4226947880597465,-2.141191063966728,2.3851848203798025,-1.3210919358205295,-0.1234361153446828,-0.0716694931873185,1.8345391471450208,-2.6838739268366787,-0.9224158615279516,-3.6453481182046064,6.33671729439935,-1.616644488863969,3.674240388674816,-0.8165589410912075,1.9253283440124975,0.7063007405914022,0.2317376607806649,2.219598757996769,-0.2665638573054313,2.084533998089342,-2.2582686934425658,-0.5750544306504222,-0.4410257045310896,-1.2347976189518317,-1.1736909196041976,-1.221270474669089,-0.6114399463045482,0.519812995188021,-2.9281824922633106,1.6698821645339752,4.0473629441167205,-1.3050887883990223,-1.668115928103348,1.694039971386318,-0.1444771406962327,1.1053101568929538,0.0600921916633126,-0.1137033897605717,-1.105229003170481,-0.5955033029883083,1.3751168013010642,1.7179645001603228,-1.1170336776195322,2.2190646429792533,11
2.2001996566120248,-42.53576308287242,-2.6239633154469275,6.178096925780913,-1.5479473888879995,-6.294145803431515,-3.5595088933035326,2.456677818490389,2.4526008779825723,0.1738458251241825,2.332998769079338,1.5451797621225398,-4.4372664427848,1.2871369332613658,-3.3805138583197274,0.4454570627183967,-1.4747513692413845,1.3813515436581878,-1.5307945363188606,-0.7000642642366397,-2.863425214053408,6.9023448991664855,-1.4991057052996386,2.8930136225843555,-1.477950737363249,1.447736963270668,-1.643272662727826,-1.2398027306884072,1.6008969513560196,0.5091600966430188,1.1016870176747209,-2.2784088475547386,-0.9856117242041388,-2.0914242193906665,-1.565374695444377,-0.7253006268485931,-0.0292262827385372,-1.3207229180260174,1.8003789021894705,-3.641177966609673,1.5198026491193386,3.9726142635916366,-0.6448674570680503,-2.444743710232517,-0.7417098653163315,-0.0314797349666644,1.256979669936522,1.3340162191691334,0.3237311622681096,-1.7143027124789798,0.377507866165972,2.255249328079007,1.363636385810008,-1.421801630341328,0.7187340555245607,11
-9.032950999441042,-32.17667644202185,13.273906918866508,5.302802055163255,-1.277420020665769,-13.466214375915406,-1.4379713715936533,-4.172009989218693,0.2191245820423786,5.3291934205427545,4.796606223474656,2.5360592858685664,-7.093826453376251,-1.793855459096808,-3.0051316953895086,-1.2091861520743503,-4.4541158353065455,1.3515546136654943,2.086181183961363,0.6151641085911776,-1.7522713490250563,4.547307497147275,-1.1105028944379325,-0.2728788375563225,-1.552902302935635,-0.5813601963848662,-5.4232763886611135,-1.898569659581104,1.763825127723493,2.5930563489297764,-1.4229100809775224,-5.064386371450587,-3.171296198857072,-2.6618981071719525,1.0597482266739846,3.2079141556451045,0.3420984002985935,-1.6919969783050963,3.294008490077886,-1.4702990445875068,1.880476570193783,1.1129877869867772,1.7134712599544104,-2.4869611163493657,-1.7791405647124914,-1.0410155678697908,-0.0085648453213902,4.027401930220525,-2.936973201937527,-1.0050945056219944,1.967871423234508,2.245071460839786,-0.2582066909422117,-1.0308572296562988,0.1184256721472497,11
-8.55234063469453,-33.78994972688678,-11.878358832180805,-1.5462895318042682,-2.048121978231594,4.141948987382126,-2.194783848284401,7.343540155027092,3.6088536081490687,-4.488822850696434,2.887226820838288,-2.4306899649941758,0.7229416685484973,2.295280889580874,-0.3659480077754294,-1.8637037021795249,1.7465542166216028,1.5716443594206204,-3.499251775985097,-2.359515688030824,-2.4675091514044696,3.975764802034072,-2.408322006248957,2.7460089976730893,-0.8480768139487299,1.9490843629294203,1.9266691537574328,0.6647116596591779,2.557144044447425,-1.3932880162332195,0.1864523177774519,-0.9318926822606094,1.0613334925078135,-0.6675783246553466,-1.1986712598853964,-1.5937218755409772,-1.5555980988621176,-0.3396497775611127,-0.2057888594971412,-2.381646460846085,1.485049799047661,3.3165813154595862,-1.4956062458647252,-1.3980494597889084,1.550404098316713,0.2586565025945099,1.3752200067768032,0.2782969128108851,0.5602310955613983,-0.5240531486789072,-1.195936298903398,0.6690948190613921,1.7072976407899112,-0.140772186784406,0.8600721107714961,11
-5.034188058977359,-41.02449108234049,2.960312368720317,11.690030359567736,-2.039548110079707,-10.239108859438373,-1.8195537993850988,-4.646505731030662,-1.0376626787176253,1.0156092837672996,0.5710491750321329,2.85927623314741,-5.428099497994517,-0.6226971634281048,-3.334290959372336,2.967650539024321,-4.395760089790899,-0.0806234416177167,1.262957797696317,-0.8412761625808413,-1.635964902260581,6.667315527294697,-1.722480684174987,0.5565003663878758,-3.212054928978645,-1.0916452992260215,-3.4067990802238466,-1.5062590282119348,0.3073525609891399,1.4370613477436458,-1.2462471264848956,-4.75751496042686,-3.3645799053299617,-4.667496900873726,0.3593812484846236,0.6496049295099335,0.8319710247975132,-1.0593607126240587,2.705542054722744,-2.658443682068228,1.557622115622734,2.7602762336413957,0.5940997526254277,-3.262173357333478,-2.682647464980393,-0.989277679144952,0.9207765819377598,2.778721459445103,-0.1522987218379022,-1.8986778440078784,1.222655281812393,3.077999260090589,-0.0754347311350225,-2.642497459040827,-1.1044238263583983,11
-9.340095419645923,-37.66362512097428,-10.836081876519668,4.779844259087954,-3.195098810818811,2.774053390624761,-3.201038547070329,4.06259627510957,2.0398630135751765,-3.101455236531585,0.6822449670581069,-0.93976569764804,-1.2532594023240695,0.8697450397664694,-1.8894497296547377,-0.640067948284518,-0.1156034711172581,1.1236919984013238,-2.837193412892933,-2.3810619575959104,-2.5499954208030404,4.746038994788624,-2.604196715346168,3.315859365249372,-0.4327285776165592,1.602698456781139,0.6998896744169298,-0.3936844535083365,1.5830010743223353,-0.6168198987503652,-0.1414109893489843,-0.8720924607370304,0.4454224265033739,-2.380021855251345,-1.0764753150091328,-1.6465271082663422,-0.6877556356255513,-0.0693176684349796,1.2901426838704406,-4.311174584602254,1.9810148255220088,2.8679180660030705,-1.4529398501593092,-2.13639396559045,-0.3303296876878593,0.7549935278489505,1.579308893145067,-0.0290367220004811,1.112320124560942,-1.0845478871365086,-0.7425016829535558,1.813295528216464,1.852266056222479,-0.5480931065292101,-0.0207687285116034,11
-8.816606767024561,-42.62268381803656,-9.020086929042376,13.660693768158094,-3.5359554940988662,0.7690069597326863,-3.0366207947625203,-3.236307262337214,-0.352264022174681,-2.0790242041482627,-0.6580109977224633,0.7676021334471858,-3.683904752821736,-0.6501091611495744,-2.037146761047293,1.9930925964917563,-2.6280284614466702,-0.3079860390118735,-2.049594369299689,-2.3727410927558545,-1.6608561569211633,5.830858243534456,-2.80260513845471,1.8928263042275504,-1.5962391834885712,0.2182337984343393,-1.1382283987799264,-1.9041503728258136,-1.005309873223572,0.4301372434120258,-1.2925632590041456,-2.4980376295606197,-2.4320196518266424,-5.403729715472954,0.2906345118664981,-0.9369022772244344,0.3052674987336348,1.530305073796748,1.952490763845981,-4.876800340622416,0.9088185585310404,1.7153762061019069,-0.8237289435919566,-2.8833049086824283,-3.137635838632399,-0.3894892419318381,2.0427809019952337,0.1592200204234391,1.262236682041803,-2.109864843207704,0.7634997128215572,2.882900177701356,1.897771390039233,-1.373173203231145,-1.3753106324148807,11
-47.31872578020696,-8.277660777244577,2.922623284035532,-13.96785540812345,-0.814167340847859,0.163461519482258,0.6791478684129669,-0.2135226363304012,0.9583663472340108,-0.1708779791353842,-2.805085540977908,-1.273913675892768,0.5673030156822663,0.9297393056842338,-0.4055801527556688,-0.5457310912669666,0.7735440654743112,-0.6291834284431733,0.6184533748998889,-0.7473993600668086,-0.3549813893225793,-0.2115242256343089,-0.3783247575085045,0.6771880015868162,0.0810041489946405,0.1569702582283227,-0.3398751490965446,0.2222285292109709,0.131503129692201,-0.6291697463108137,1.1564618232635244,-0.2059631011518184,0.841917756140416,-0.7166450218865473,-0.6072766436138357,-0.6914846689355367,-0.2561384687185082,0.143377866158078,-0.0873906290974854,-0.9796962775178212,1.402132676205784,0.8196825074048762,-0.7610588141510922,-0.6508623733913594,0.5029463541334869,-0.5168768746178526,-0.2466301185618418,0.4382054971061914,-1.3639130235485513,0.8068146979742774,-0.7000479195241723,0.9100098977776434,-0.6641336254658823,0.4330232994629373,0.5967795059734311,11
-25.46302549861265,-27.20375481137352,5.90792074028204,4.232298558789016,-0.5720044103948142,-6.694431679094241,2.023278228341551,-9.60325185748044,-1.667873015471968,1.8915472851980588,3.0116193778454794,4.055968635496408,-2.031500909333312,0.6537735900037788,-2.721312143468948,1.2673655917754991,-5.327705970502243,-1.8756810170214344,0.5738540106465846,-0.4045560451773905,1.6609112113467313,4.855247323821483,-3.1139839124841533,-2.6130488163859407,-1.7196610430905377,-3.246198854904544,-4.187796478367405,-3.6419579152463952,-1.065297214421538,1.6973524488515657,-3.3303477925803104,-5.245787493571286,-4.759424025263559,-4.489171184989105,0.659850776243924,2.398752060229554,0.3150333522828528,-0.1814140299907568,0.8394709716710237,1.7255734855009464,1.2086998702362686,1.2776991579380943,1.692431203057557,-1.425121223802442,-0.9604262140614536,-1.2029727193710216,2.629591112440923,0.4860601655717881,-1.6037964559513525,-2.9994466635930257,-0.0831948989332828,4.057157877354235,-0.8639800765289082,-1.9708256123826224,-1.2997266152450824,11
-36.25297095728599,-13.813965846917466,9.401201685957153,-6.328892032110535,-0.2831327676132373,-3.805366504142049,1.0541524860133176,-4.68178574046686,-0.0356769195837527,3.3619607960423825,5.902305275490038,3.2739613174008064,-1.691382532266363,0.839918520845944,-1.945383107664242,-4.276093552150744,-2.431250492875822,-0.9778070786739134,1.3063790468968637,0.2061199812612848,1.5461162820362335,1.8393098083744093,-0.6296799431452511,-0.8471901155284165,0.2085579334663895,-2.1687117417718373,-2.9818451495453533,-1.638743642342947,1.911847802159111,2.0089651843751963,-3.0392983022688225,-3.9658297297785343,-2.385691070667179,-1.3146993026972766,0.918791602095224,1.1725578053928334,0.0574850907203306,-0.4444438208029337,0.4505740041986208,0.7502425330838755,2.967527420030001,-0.3645279418530332,0.2506554034993442,-1.2683307337078316,-0.4013812577386843,1.1009478514887256,1.572583100041305,0.6333707213962186,-2.447424216168637,-0.6495938384984873,-0.224394761168262,2.7598322793159378,0.5059078725924838,-0.3940520850370027,-1.2649250380885162,11
-47.31168958470228,-8.25853625463907,2.904044801581274,-13.951943057486655,-0.8104830032005326,0.1269463698412029,0.6654358900601508,-0.1984199533476227,0.9665182283953448,-0.1622438141668139,-2.822782425693631,-1.2841556191978811,0.5843830237425679,0.948807282769023,-0.4120557544072234,-0.5683586718963132,0.7408685094365574,-0.6605004670486836,0.602683447948388,-0.7567849824498657,-0.3622103900832373,-0.1903087648725351,-0.3576247180570521,0.6579235915049892,0.0812803250245364,0.184180374471607,-0.3461685874845602,0.2466974529668088,0.1145481848583484,-0.6383246224899646,1.133780613208588,-0.2458819927140384,0.8450876576121606,-0.756504627543876,-0.6170915064862291,-0.6884838896711144,-0.2795091111175481,0.1553888298409222,-0.1100641013623627,-1.0012827586415418,1.4220957183937184,0.8256272947517193,-0.775378380429007,-0.6646008469787751,0.4908751138272352,-0.5241596312127027,-0.2390828863159243,0.44324244369003,-1.4001855925437392,0.8357956353778239,-0.6974873363459209,0.9519109496818684,-0.6692949670394474,0.4154733673564775,0.6123519855582416,11
-24.432709544998147,-33.669209674765845,-12.307660937881115,12.034162081635898,-3.695615484937533,11.093668743815163,-1.282207440085946,-9.866186876450191,0.3764008003659035,-1.5089785426002007,-1.1196712885143687,-0.4308856297469452,-0.5650253388657582,-0.3019839044615787,0.0278226136858549,-1.572008251456101,-4.579516355049949,-0.5840892348578259,-0.769769419100776,-1.3362053357871089,0.5129081871698181,1.971687176100978,-1.7188783362807405,0.2732365934102049,1.0603108848116265,-0.9397467697119682,0.0880491361966516,-2.342142146596273,-2.987167380135938,-0.5731658551246813,-1.460144396646052,-1.744354666376778,-4.808627725757789,-5.865184316205062,1.20582057663496,0.2304332528318707,0.9142051730484771,4.665272250546154,2.9334194617425347,-2.500692708124752,-2.0652117279992352,-0.5877616560713803,1.0671729830841314,-2.6970973669377223,-2.167986658319457,0.0653302166270781,2.155726843482963,-1.6931715222465678,0.4688545337954042,-2.133881812282023,1.2687580159319585,4.754044394045418,1.1663511997543434,-1.5893154548901072,0.0455397594483135,11
-35.00979891137437,-18.94217621267649,-1.644606994132228,-0.7917077504946668,0.5784622843052984,3.636700839098928,2.434939833092661,-9.455526231909085,2.33057388364017,1.423864228430351,-1.3859726415464904,2.4634189458884923,0.0686790090347613,2.7435366785388493,-1.462966080351411,-0.9319025188528036,0.2910321389358383,-0.9381315532037798,0.4660785374196177,3.737398278889745,0.375981186996204,0.7580683642774917,-0.3768992778944949,-0.1021447142976429,-3.0671754705242265,-1.6678970468666408,0.6559779319901573,-2.6993690650916635,-2.053040988292496,-0.1671412731284141,-0.0672961757953938,-5.318127912385765,-2.9695733846977777,-2.801602420601925,0.0054105599648015,2.4359402581287672,1.9238934202724285,1.9212113212913504,1.834956862977725,0.2881980701809117,2.62431070580554,-0.2376354316729673,0.9974569235705466,-1.30911881272436,-3.208574846448271,-0.0101774013164566,1.866681729296107,0.5296485198883667,0.4923567791902832,-2.1377803093779364,-2.0453228877253857,5.518221261477654,2.1628701140469904,-1.6276143821079705,-1.646857729166226,11
35.83407347590661,7.437068119657702,-6.783948882411519,1.8052897400161692,-2.4148364306567616,-2.124238672965093,-3.4865576929761373,0.3534587484289392,-1.9853346497125208,11.903500489589176,4.437320181589935,-7.131940164439744,1.9928548548191511,-1.8170650079027475,-0.054848443464985,1.2266521876885128,1.7117774295237846,-3.3010153874220527,-2.552225893383256,-1.1814205568682354,0.7378895396402163,2.898175449546938,2.239573761524969,2.8986651399609777,-0.585189746536514,-1.5842224324284877,1.6750908279714214,-0.5420271565523642,-0.9036631698604743,-0.8042552848825918,1.2138943241454945,2.5945157921112165,-4.343030042198564,-3.149803449064172,-1.0216969181771105,-3.0005680344906454,2.2544061688737207,0.9284852399053232,-2.400161498221695,-0.4363295117737599,2.0146265226832263,-2.446160336637293,3.409017658153004,1.01536220099887,1.1610672279715888,-0.2254436339759614,0.0372847721290776,0.600191233263026,-1.5482457755126466,0.1181424700935227,0.6911527349585863,-1.6246407982396114,0.9105824187177,0.5629697235280728,-2.4988456838236965,13
39.47135057709106,9.1230267727678,5.713411979808913,7.114337083682093,-3.636027678129632,-2.9153412340846887,-6.6901793738661,-0.3098606584340979,-3.285414370619433,15.082023913055613,2.986302084486026,-4.889052001708529,4.726260123624303,-3.4060157924883687,1.9852686231946275,0.4437418954854962,5.103462918038783,-5.828327165196064,-1.1753323979308286,-1.879618514495012,1.1761341487402466,2.847266708742762,1.009526259601221,4.772010160455063,0.4868822457512491,-1.7033847718391275,2.986425074464453,0.9545060846012076,-0.4626538587621326,-1.9174141454399003,1.0140407170570649,2.566355767992033,-5.586020597401087,-1.6157957011855,-3.571622763061165,-0.7094633845699735,2.242425768623465,0.747754117899343,-4.081124673980418,0.855151104899341,1.8564227076173727,-0.9384125780523928,1.848906246621532,0.4155653473966911,-2.1081237521037623,0.0023724073289022,1.7457167526826003,-0.8147648194771159,-1.2727979183404308,0.1532469635046724,1.012989829522707,-1.1528135957286405,-0.2342413662431193,-0.6919553276920832,-1.9027818181708416,13
28.28598724740561,7.0998459735303046,19.885936301399063,10.578163321558923,-3.2648147246480588,-2.5892410758305857,-9.196170073685742,-1.4161146857435385,-2.9855243223476453,12.937341157350913,0.1184601140276286,-1.0810361242453437,6.467319333618762,-3.816358562209838,2.2107534723753264,-0.9501293524257792,5.509349916691047,-4.68591664178464,-0.1903712659675282,-1.2716814150453333,0.8718816245523251,1.585390486272177,1.586669310186324,8.811451715659901,-0.5091646014508823,-2.2378017623692847,5.194159891561633,1.4097195654195156,2.398487381113916,-4.025042035569404,-1.6924239104946486,0.6614165079944655,-2.685007935723505,2.401436882807949,-4.140722586801655,1.930728287705236,1.2222226963088585,-0.3202766482607673,-5.823709152812749,2.1982416878317395,1.8172659450822128,0.1949629378354556,-0.8862436581251116,-1.1792498584236322,-5.192685666300414,-0.9527324591530602,3.1986353683887447,-2.577166813240822,0.0347089018201995,0.279106169967544,0.6956252404783722,-0.8019451086807787,-0.0634016748615843,-1.547956283897169,-0.047659206855567,13
-25.58982690812447,-1.4113498398675888,25.046328209079945,3.026507047558172,1.3742153923235645,2.969765302813921,-6.151367760223725,0.4416963376854843,-0.975143370194463,6.178469844071117,4.814515463289318,0.690862480028245,-6.01627141500325,2.0936646940985657,-0.8702268748539143,-2.0227704778880864,-1.8160894694431613,0.775541531433799,-2.1334886623532845,-2.374601656530706,4.30529055965433,0.1307251391736206,3.421138844842624,3.41214483391902,-0.4985322443993479,-2.788950750211422,4.942706497861763,-0.2240684976010768,2.7632051128987616,0.0600242287381489,-3.0831370068561768,0.4634017200154112,0.4572741651038954,1.691273718989453,0.1994902542124011,1.2454886009686046,-0.133338198870258,-0.6808672357784561,-0.4210973398278217,0.5424583058830968,0.4256230931264182,-1.228379152120739,-4.764816817348891,-2.68482903747097,-1.8744477642642727,0.4035482386891568,1.313429108589396,0.8579583168872762,0.1948012738033402,0.4990768106845007,0.0324117653623887,1.147439523420048,-1.1643208183086278,-3.480923127425143,-4.686824183506349,13
29.92731975559225,5.18212124936001,-17.403580577841716,-2.9432779028068565,-2.532505348794046,-1.7505206541480982,-2.667002442335922,0.2906653257195133,-3.156391514689242,10.402447651844202,6.29406272815869,-7.768174972377234,0.2570537405724545,-0.0572298206710368,-1.8401079270662863,0.8768672233353054,-0.4314524503190788,-2.1292153063158485,-3.123736833456121,0.6835773840689977,0.2021538300762261,1.231782930910923,3.879175471433435,2.565425323013003,-1.4021807498579522,-0.5166438334134614,0.0866038515228627,-0.952911775195214,-0.1279191037673419,-0.3518811206717332,0.5739472171788165,1.6784685752128798,-2.955898582578449,-3.661790043344429,-0.7773148921656896,-3.180214847504396,2.238378439190644,0.3018804695929619,-3.2266953201684507,-1.826065368828268,0.8513413576859425,-1.6893490675896885,5.710157520587379,0.6740192466326927,1.8164519116260915,-0.830703990240854,-0.8328370352555199,1.0344541834903542,-1.7608065935355333,0.1512001581745494,1.6678108796835849,-1.5762747311501992,0.0867248104964571,1.4213358473668949,-2.0858416511122058,13
8.807689041171892,1.602979756323329,-21.278157418076017,-10.051501957685904,-1.3996287016794449,-0.8916424158704992,-1.1141613871499303,-0.0290963543370455,-1.76094161766871,6.683115490525984,5.286762659666247,-8.36538720863483,-1.4080552823564467,0.7020406851423935,-3.192019962604226,0.4273799794938197,-2.5281330647644364,-0.7865500182233977,-2.658835498758103,1.7061568174734911,-0.5385964312843069,-0.521896584199723,4.004028491529692,1.956944676524847,-1.6070130493095098,0.2241017495661621,-1.0581026412167245,-0.808392664368722,0.6387106186195836,1.115188902903915,0.4728406368714932,0.2223128556859425,-1.2960757596037438,-3.368432516292214,-0.7078517214429993,-2.750452301332299,1.663388978375285,-0.2430723939527812,-2.126827582253861,-2.319437382305564,-0.5570818803294574,-0.8111455687142411,6.10284303454229,-0.3152723064718749,2.007323278123992,-1.426925920361743,-1.871171065703964,1.147979899446782,-1.005831862104667,0.974076348832598,2.0592907123748803,-1.5345161975137451,0.2736678279960765,1.9683951496548069,-1.4838797432100694,13
37.538426031101054,13.36473654268145,-0.2588274703921075,4.54648409308079,-3.669399323588304,-2.914647309150844,-5.97098224016807,-0.8817442221660617,-2.754456803138881,12.597514299580638,3.4380089520147723,-4.971107099615722,4.164504842344429,-0.8247165909397347,0.6786145587897988,0.9772978384510448,2.906111334395149,-4.244946203852437,-1.363595117074599,-0.4848850664503324,0.8789807657595505,2.445618431123783,1.585111265841053,4.519884908156596,0.7154570813876249,-0.9936363847644416,3.2999504222483487,0.2220164640437191,-0.7598353690071824,-1.175259460761808,1.5944914719657324,1.6270071350452602,-4.7436471874420505,-2.305606437295511,-2.245584311390604,-2.513148020489492,2.0201290154515097,0.3740015036251143,-4.7650073463160325,0.1123498306396994,2.083204635833461,-0.5821698735547345,3.2502503302506685,0.4624122587537364,-0.2592186476513066,0.0224990585147629,0.9713931694993524,-0.2139330623154847,-1.966095762400736,1.1972453926880604,0.94120346798769,-1.5085929258892523,-0.4545680397260079,-0.3387706693979019,-2.0903348370066306,13
31.570036514619147,13.233964449436442,-12.263437431195952,-0.7695768534272258,-2.9763355270918783,-2.721117498262851,-3.6549762445545375,-0.3572936814039955,-2.57918301039735,10.147411201379704,5.140548741893878,-6.687229802292016,1.6233146944125476,0.3508154223152248,-1.5603592987628672,1.04335966921949,0.2317164776464859,-2.3412267382556107,-2.6367401238470998,0.6164987847294809,0.3441683008119752,1.5808974201170818,2.950021786771822,3.3873635217374525,0.205876118353195,-0.4326128839686956,1.9173105336110248,-0.5846823267320855,-0.3173412897977154,-0.5329269774623759,1.4096899044816622,1.063817646959078,-3.3577736329432475,-3.4485742458632784,-0.894164367522835,-2.9753257165355467,2.2034864120573223,-0.1650811011620237,-3.652158708210418,-1.0803576480785384,1.812123446034139,-0.8840744661446808,4.766662666621568,0.2609020946662357,1.4536198140946552,-0.9751027322215072,-0.4679063545674556,0.7650937593413208,-1.7617017441634186,1.3629096751411631,1.6912181076616164,-1.65005272201087,0.137466806662648,0.7920747402425277,-2.0482557661686283,13
40.23995239958983,22.008975854555324,-7.185403606222621,3.3370938600504947,-3.1733120101919097,-3.497651770727482,-4.739770666287169,-0.6390123292349658,-2.859712124744523,12.47276120839431,4.698261396398768,-5.794686334156414,2.8882933098703587,0.2004413343271872,-0.5438863063565432,1.2145945918422958,1.5970741153963242,-3.7194837037412345,-2.3645389524036315,0.3472337006789497,0.1904652017282865,2.095166378848456,2.3077910857963424,4.536621229276094,1.4469038410691586,-0.3136910420927946,3.603658653495985,-0.0512481710114518,-0.5497670474330304,-1.0123604475445909,1.7530131171062395,1.109584917307984,-4.351713737068978,-3.105785384809552,-1.2486759460738943,-3.4696790820123,2.24775952384162,0.3538394934691309,-4.294684289541411,-0.3562553965063321,2.4455531332469804,-0.8587369860476257,4.363049366893345,0.2184728800049484,1.0888329801322698,-0.7159451588769877,0.2728819166450749,0.5128836140671134,-2.283855577068994,1.4909971169234777,1.564918576935567,-1.5386213871752157,-0.3448535544153681,0.1323511708387097,-2.1407702410508485,13
21.91174618005397,16.737453372329565,-16.482506002728027,-4.390385362377636,-1.2806169036233015,-2.7852118735865705,-0.8513603899727396,0.4930941803112745,-1.7544208120741682,9.642100538758765,4.386380929119989,-8.672522294447576,-0.1815961436290382,-0.3128864454967531,-2.59813518512403,1.063405201535368,-0.469885445738458,-2.8946619331117738,-3.784868285648772,0.6639473270501923,-0.2280783802003106,1.3002519513658035,3.1054529949810736,3.2097600398529584,0.6478931723697751,0.2821744543051327,1.7953236196858486,-0.3577986760597973,0.3229190546060714,0.1443748380846563,1.118655106385742,0.9837812053220256,-2.781580696451595,-3.0308844388932097,0.1663996624615642,-3.9211784653757418,1.963147832584976,0.7103746960137274,-1.2108279247394005,-1.3496150995155023,1.9337943925069656,-2.2049675130607462,5.020902498231725,0.2816346200603739,2.902717347635915,-0.8487940266171808,-1.2624031339952646,1.638361987495123,-1.3018459094420276,0.7695724996082097,1.7781186315546398,-1.492194977871634,0.6348640964586088,1.3668961595705325,-2.114053937004289,13
36.145835817760165,23.541415357147443,5.347586347451273,6.876472508609298,-3.330954268847659,-3.030287673359347,-6.066850788291862,-0.3803282609390011,-3.204732700696314,15.5389015191566,1.951798050822551,-4.567469986576077,4.323667433056618,-3.1921197162425763,1.4795625678800297,0.9035039563611618,5.258935758587539,-6.414057759085605,-2.20666892023179,-1.7290957593583745,0.4274191333007006,2.5628719010122287,0.7331160945249721,5.673574589853166,2.0270461243212807,-0.5844435115226198,4.47876439058526,1.883388534013336,-0.9644263294400122,-1.5096611884763131,1.0883641721671162,1.4945532638714565,-5.213958876497725,-1.6168553489213917,-2.9701546245808257,-1.2655415931973713,1.945048198548458,0.9455797000033894,-4.06397495466099,1.036617015629761,2.273266384428412,-1.509432694817566,2.125889318742457,0.4465933276100264,-0.7809107682938335,-0.4161449256303234,1.6951280049422786,-0.2894416944427345,-1.415952296849249,0.1321346304946213,1.3803959146396914,-0.2926547294540547,-0.4790245102337658,-0.9035480440714164,-1.5797614708843823,13
26.10045734481386,27.156673273330327,-0.2772965331679206,2.870420249595589,-2.56149597379511,-3.0517828663569846,-3.718282930417174,-0.3299634698535835,-2.113187750835858,13.318499931569896,2.0151555362691105,-5.380336575875252,3.356504719504877,-1.9675556793431908,0.0410469102529868,1.391337998769942,3.830037246958893,-5.393129326198729,-2.3814262758582423,-1.2510251923238953,-0.1907435689866584,2.0377455888838827,0.9103936150228814,4.876098407303228,2.4797902035805444,0.1902422765862605,4.399962232892722,1.2342651968700442,-0.7850638124670082,-0.8942183961687071,1.462981285221173,1.1075262783981257,-4.467438238183499,-2.017738857351417,-1.5393106444768998,-3.19387477978132,1.6633541169686252,1.32147865452398,-2.325612796659663,0.6294274960779265,2.463006819797836,-1.9965472727973463,2.552967635223393,0.3769762055513201,0.8183312269310338,-0.4807716615590637,1.037202693023076,0.6587550762142476,-2.132941995369261,0.6220666695319108,1.2571945849962638,-0.4236777309130979,-0.6141358279017233,-0.5170265402409081,-1.6767668945778529,13
19.596831190879087,23.97828067421276,-12.336458970357608,-2.8196407418034206,-1.473081001779008,-3.427540599282094,-0.936320640040164,0.1225252232107964,-1.576048484179611,10.180908336230026,3.622283769718808,-7.558646863751202,0.922776277783343,-0.2500312094701331,-2.1836999058964817,1.291649737533015,0.7704987851974993,-3.575281305005258,-3.345469212001945,0.2548020444481222,-0.5566518651509039,1.2125498176424423,2.350849514422752,3.603681438460964,2.071774038137375,0.4383456478963838,3.038900943674341,-0.0938810837491589,0.0678527118785204,-0.2613293600503706,1.474768375150692,0.7870999181901855,-2.7562454900065814,-2.700944606371578,0.0864359097062214,-4.010063436383185,2.0438153583555985,0.8082675425800983,-0.8214129684856875,-0.5504283553181819,2.390350078583673,-2.0852345457118244,4.194398321992968,0.1198069851791518,2.734793098059193,-0.7116281398031321,-0.5961632711115221,1.6474641158500511,-1.709124375259671,1.0154576586674002,1.5119501436398564,-1.0873849577415653,0.4834259232564907,0.7300734283967663,-1.854544009692428,13
-7.8806446662680925,14.64470034437967,-18.079967121372047,-10.152215183932416,1.3623114709594912,-3.3090753727661637,1.1004283071106886,-2.631215515481866,-2.394466788496813,4.892268243428838,4.651381006665466,-6.70270958052821,-2.4513320873335505,1.3542375614012965,-4.126906368682037,1.096844102978217,-1.7358603275361766,-0.7970225271967566,-2.8974780757474963,0.41463835797819,-2.275492646949818,-0.2109412179174057,3.2077409635079257,2.467666637851101,0.6068512223655593,2.442286225812375,-0.3478583498522331,0.6368192133122456,-0.7239452310910724,0.1711067863886024,0.4897859733327397,-1.445492264296355,-0.9938052612703624,-2.682151141785865,-0.6447449589803163,-1.6971248309257303,1.92802211905664,-0.5298755921533316,-1.5851284102865073,-3.1728960564446416,-0.0614370949889078,-0.1320465965500283,4.979544844966841,-0.8202129954175829,2.136861482036845,-0.7515854247108525,-2.455114329538873,1.276355578844445,0.3734149778723367,1.3025050437807923,2.20993710181646,-0.7322899424615679,0.4212604466208607,0.928429001276662,-0.4592003670273167,13
7.357092207345858,23.05413351426359,-4.830946684967072,-2.9978854308801277,-1.7149766872901326,-2.6165063460909463,-1.2025164152246284,-0.3306800456355185,-1.2208303590306562,9.433901662837936,1.8114096695034645,-5.202778669821269,2.0174037220076717,-0.4051835111981898,-1.2092743507428405,1.2140844811209754,2.098025006725854,-3.947106637383485,-2.0608190371948174,-0.4758329581007732,-0.7767212201963837,0.8926660968270238,1.0620321862748956,3.6046370028764407,2.7179457488694507,0.3764025112549979,3.479611373081457,0.5569190275681073,0.0548047714745678,-0.6830204452180845,1.7816411667945624,0.46357197750142,-2.505451192609182,-1.6523004425670968,-0.496060226164352,-3.555898648953666,1.525729136124661,0.9025183415865464,-0.6545753907756806,0.3344607692708398,2.1651010436878377,-1.5950843632600908,2.6782552423885275,-0.1833578854684039,1.7569441582951018,-0.3022921625183157,0.3171355571358364,0.852639079099091,-2.1020831246150453,1.089264252936018,1.028675559927298,-0.5494532348518102,-0.1318135877046325,-0.2215481879326505,-1.257456772743366,13
17.276867168791927,41.7424616937564,2.129769437246034,5.173798848650628,-2.696349563682806,-1.2830117388168685,-3.822496043686424,-1.7434365014705624,-1.039716116909317,11.85659905822839,2.9582915630272724,-1.6044117775249274,4.689145664318453,-0.3710138500993122,-0.348597358139293,-0.0191919763691636,3.330030941484935,-5.0669574186842885,-1.019539838485647,-0.6630305330304619,-2.052069983372071,1.2543431048486648,0.764201675485882,5.921166875746558,4.900624194538948,0.994722954308596,7.252551300739032,3.516284649268115,-2.292517418742191,-2.328788366314804,1.8289978870339596,-0.5139781971027881,-1.7362220319078654,-0.208379220583553,-1.360436707061295,-1.9264139119172776,2.336984517461958,0.3909899610750061,-2.483943781773237,0.9963560209343112,2.7800998269063992,-0.2253400914909107,1.5396622473441224,-1.0845028119366389,0.5011839075921066,-0.3277916718059768,1.9105037360502333,-2.195244572278732,-2.558547300362237,0.9642512747188328,0.882178699364687,-0.1892730729566817,-1.123628890747728,-2.4834732123569205,-0.8688645825928888,13
12.709397304253551,38.194028981926046,15.394924648215753,9.120322025066791,-2.936268417748153,1.1855621139603163,-7.527498326338545,-0.9276988340068166,-0.8814202839755503,11.756934647385975,-0.0137902001512306,-1.0192575308120344,5.112340546638644,-2.61406150096243,1.1957786799716292,-1.1655784571171088,5.521320027534426,-3.692259279613444,-1.044224294345978,0.194899747733012,-2.0424246626360296,0.8152077686294118,1.0282510338818374,8.903048836770141,3.83398486001136,1.423598730070751,8.720935516972233,3.93891827241334,-2.065954677675982,-4.387232497674271,0.6153317490610242,-0.1290536777410687,-0.6984708197350512,0.8000297071715848,-2.493255580652022,1.864013042394794,3.171132171352044,-0.3444439418165513,-2.397677212127919,1.032745292293784,2.707210777001325,1.4067053973444277,-0.4888751240189355,0.1180501474375203,-1.4907344883469378,-0.4579244204738358,2.276681510252424,-3.0308522718753017,0.3728694684501929,-0.7201324205562366,-0.2338279833068204,1.0845631838271403,-0.575896561511164,-1.3127256375230338,-1.017740203456619,13
-2.4456917970295726,19.44885018245218,27.23275104901436,10.297305962765131,-2.232396455331469,3.444523288817965,-8.174584802968116,0.8759270865967963,-2.2194370544985578,9.0794448528321,0.6950432049226872,-0.8080083612997951,0.2675826633703259,-2.9071544088926715,0.313189404629583,-1.4880317718602112,3.469270417310693,-1.1913982804686314,-2.1372574009191427,-0.6627921553831325,0.3344446626011619,0.564800711716388,3.9324056860144254,9.224359259485144,-0.5023107305981854,1.2902405659137912,7.152979846470141,0.6529410104199728,1.3965561664009598,-3.530078042148673,-2.578097159322704,1.0108541894287506,1.4443646570485462,1.4437707774163506,-3.009570621264364,3.953487657924855,1.895028933605203,-0.0291523536308296,-0.4890552292227936,1.7186970198016815,1.9725774321572944,1.894026702472555,-4.012780318670338,-0.5848451016634943,-4.114395766575968,-2.0614424823506137,2.5879630240977005,-1.3859859940736303,0.9780087476835096,-0.9509326674017218,0.3969206728841888,2.254691897064694,0.8656757823831834,-1.7869430917781688,-2.750392087891661,13
0.8360591227372667,32.505035862677936,-14.968564113484849,-4.004059065917718,0.9785547311378208,-3.967044517838024,0.4493692565957176,-2.7283487019252024,-3.0911736802091805,7.750326073027998,5.578955173810545,-4.972319217434763,-0.8768460422025354,1.4653686478698698,-3.108232036927665,2.122471618145305,-0.751654557080851,-1.95425706039698,-3.8757007334575215,-1.484370018418559,-1.1029053345501274,0.6102209399214461,3.286146154985512,2.909688479066672,2.863780079942384,1.3506839498249763,2.847751914639523,2.1536504306208237,-1.1561009067582848,-0.9373784378370108,1.2296997757888666,-1.1457416426515177,-1.6404491140541595,-2.622957548207556,-0.3937070349430028,-2.4641964675600576,2.7092912598223533,0.235741656709105,-2.4864229618505163,-1.8724458877954888,1.7323990597628942,-0.5295860916141385,3.785751441919987,-0.5715811727491994,1.9732230632592247,-1.364517555050377,-0.6288902750191429,1.0246349943630466,-0.9884540532433967,0.6028812804625578,2.4821531946744573,-0.4971314077862868,-0.1305549922850464,0.7984829239393654,-1.4737331859123683,13
-5.636510794243391,39.158188922811625,-6.815926295416405,0.5744065525818317,-0.3395401244888897,-1.3845443010573426,-0.406739216733165,-2.831601618250614,-1.7411747624263842,8.04247699789305,3.3538440849969238,-2.338631675600889,0.323992052306801,0.6256151140051178,-0.1080276510147221,1.6921871780917066,1.2582121786215423,-2.2480626212712083,-1.6550800779216788,-3.740281862051853,-0.8163291157931828,1.3429272654748483,1.8143704864648655,2.751735526486021,3.690756618414997,1.6189919237305748,5.12235687500386,3.4186611682461514,-2.255648757743037,-0.9205408244484218,0.9978880000277068,-0.6148247860987052,-2.0076792208992478,-1.907839091315744,0.5328486252650732,-1.2660721020087766,3.199992208670236,0.2357196186940173,-2.6058450809831464,0.317856439521575,2.119615129006826,-0.2347369383562133,2.2348930371411195,-0.0656588992551209,0.8053658427502856,-1.4752127224031757,1.4094499338090782,-0.6605732027832005,-1.5005611584925953,0.9451211548381496,1.6896600409465712,0.0672369810371407,-1.6808347838328863,-0.9943964885135054,0.0634079230721679,13
-23.69490671192108,23.971437005834616,-14.540491515634676,-7.670778989230455,2.957437718983653,-7.048246238624831,3.0920578272589543,-5.857263768849622,-1.8960955675754532,2.589683475734997,1.9652348800063664,-4.748014089638841,-3.720459038607807,0.3267994885066071,-2.692371975034956,2.439241535133157,-2.439934662613345,-0.314713735982339,0.0578419864750583,0.0245043056108325,-2.1194101964451493,0.2949551585314857,3.0933467083773865,1.223218188616755,1.174305135574398,3.480475761452985,1.53883853983737,1.7788131399266254,-2.507514331083778,1.2797851297382423,-0.1885118572514255,-2.0399861699632043,-0.1995565969973481,-1.0582080321852134,1.7591021033919576,-0.9166110892824206,0.7734447581851709,0.445378730701743,-0.985930058451937,-1.333175523377807,1.6725639390487717,-1.56186093618193,3.161696839082798,-1.866621482540498,1.058049499853125,0.3838778633570665,-1.7978778804973694,0.4754828519071998,-0.284886087375212,1.9137004183012536,1.3718654970439617,-0.5123148386102493,-1.8250675598767288,0.6835363771566386,-0.6736179207501488,13
-2.4366185000986182,51.42172116540237,1.3409665483932132,10.621156663983172,-1.4225690891906957,2.465757291758869,-3.637891063240532,-1.6341997516749105,-1.877484874074112,8.605158071100663,1.85778317392736,-0.071711496880332,1.7186286918905784,-0.8327662887788083,2.5775584564487475,1.0509366784848762,3.4800818195471748,-2.976319344396129,-1.1613262283747692,-3.5799656822124564,-1.4317955690397284,2.9020943750118184,0.6708624961518528,4.435745012662778,5.3181406054198685,2.6901063951052664,8.067201232924095,5.50546621670031,-4.89683331237858,-2.3988569031366067,0.4626043658861141,1.220213545164932,-0.1957097032911967,-0.7737869293820628,0.2891254331413097,2.9389982253720293,3.911895209977351,0.6756177810035077,-1.7787073099367363,2.2400037613541013,4.165272417000901,1.443206046273582,0.7884116258947002,0.0080541202175669,-0.2685852052165184,-1.3520462577668066,1.9476331746950093,-3.320455543535757,-1.3057660694743534,-0.5222642247198322,0.6194701378187131,1.5587069925063533,-2.347862573388249,-2.5335545462232063,-0.509060430854205,13
-15.30937312875422,38.59974181129262,-14.071084818448329,1.154029721157494,1.7434056929204031,-6.207065583471845,3.0551358856581823,-4.056731242048336,-2.3346657330461715,6.2703326732591576,2.4587963484623736,-3.962300520930479,-1.782910442609719,0.3112712721799036,-1.1929786661598023,3.6306307529985,-0.3697139706098697,-0.6581673556844467,-0.3474730982381239,-1.9109303448574304,-1.534113334574519,1.4907971566988678,3.330575391802698,1.5184121370493542,2.871699309406756,4.051057474144953,3.704639715882659,3.24768640884255,-2.783012181121371,0.051638245682813,-0.0904597138259124,-0.9287859383421506,-0.7652329175878578,-1.35927544576475,1.5286932167840075,0.1913221470262459,1.2043946214642,0.5953294428724958,-1.040848231727059,-0.2755564042206216,2.8702656640197093,-1.883124052259108,2.886116515836425,-0.6238388016883974,1.92506670435182,-0.776049508158677,0.1606784251862181,0.2672910866917123,-0.6460543581563725,1.126453474835408,1.6848905723937793,0.5440927678937507,-2.2708245297502474,-0.8255927779359551,-0.669253684932043,13
-9.787040755665686,52.32304882264589,-10.105041103303318,13.573405565040236,0.58289596923805,-4.151041334661223,-0.2884810561575901,-0.8071874830166629,-1.9273136498934265,7.223915455547088,1.1331068604054726,-1.7720429281094756,-0.9079828708860084,-0.9400617627003186,0.8805942167062445,4.4292733512575015,1.649622565750006,-1.2687879903670491,-0.3449971392514029,-3.154736926006901,-0.944102072978118,3.079574858342041,1.810692367690055,2.8706745361288446,5.583027023129227,4.793923553672881,6.39842642463358,4.254799929525938,-3.47585869612444,-1.3733417664144647,-0.3726248518212464,-0.6167715371765577,-0.54905762873886,-1.144914773959201,2.0484702977731475,2.607613353468677,1.9120972711883308,1.234724530917743,-0.6174946882118972,1.5909499308351462,4.347032217708646,-1.2928993573376557,2.0713647575267427,0.3326568276803945,1.2456555143980426,-1.6229013856005687,2.9129600048989146,-1.252140128433154,-0.8567998611775736,0.3824901324170119,1.624351602337162,2.824888605868994,-2.922472530949179,-2.1585141097759872,-1.8883219220729,13
-11.38260581644201,42.58151443789799,13.413626076213603,13.872639428978268,-3.177118927204408,8.939222909312955,-7.958150506557922,3.0296503801692194,0.2715434611147198,6.950707531387382,1.40921059882083,1.3620673725988148,2.0025482070479845,-2.079272446199444,0.6409170201721367,0.7100480514263464,4.203411909146691,-3.463381313118441,-1.348056323486849,-3.4304449489496607,-1.170687225073337,2.17760501024195,1.901518309970719,5.03517578942913,4.144544185884323,1.4998239569589091,7.482785615881695,4.411706159052061,-1.6257111590989684,-4.017744381890166,0.2288456216582148,1.861199561865368,1.1687425626122498,-0.7858004182473821,0.0949347414238298,6.141267504105892,4.148855215353073,0.561374352761362,0.4231814970417601,3.1352660418361578,3.4188501631545885,3.167710954033057,-2.2889091198944453,-0.2625095519118715,-0.5680019401446863,-2.823961986881828,2.78825578850152,-3.08797516463256,-0.9969514671841756,-2.6545544544257424,0.2619886238969636,2.8086960037597937,-1.820773443677056,-1.532240201072817,-0.8827552605728421,13
-26.560890271734188,25.9796701485608,-16.011614485686227,-2.7287929670760747,3.170283747456533,-9.886248427004205,3.850959306559614,-4.247145312572771,-1.5327038295385218,2.8511046235447046,1.452050875971851,-3.2107217547103595,-3.7647572229956463,-0.1919025000304513,-1.7651671533816218,2.3484246027243043,-1.9826028869726608,0.6397145070323477,0.7776484512493117,-0.0309693099129835,-1.4019387635494132,1.391528177251192,3.2444752674915227,1.0646047742835676,2.416565319640141,4.446192132015978,1.3985053228617867,2.309542491410777,-1.2773122910064376,1.0390924573003983,-0.1669487780878138,-1.778769000021614,0.2117818542067396,-0.6335771754666234,1.9336674520171613,-0.4624229103887919,-0.7222188827164481,0.5035756474767775,-0.9676847213336788,-0.0099192696652671,1.9802150319055027,-2.637588483870414,3.291747976907445,-1.898469606590722,1.2460953611788663,-0.4037636912508848,-0.3248772543894264,1.017582368671033,0.3171546871286468,2.0194216561826983,1.942263780822703,0.3782098007271691,-2.4938320530257725,0.1703175938403292,-0.4574653281309104,13
-18.033613692885364,43.46285856904574,0.1949871825202701,16.072185772236022,-1.668122978507973,1.6331318111522894,-3.81575765591046,5.934507335791334,1.0463325527346887,4.917057032850771,0.4150842222049454,1.0554352997916734,0.3912831742922984,-1.2311049943158912,0.4144378129183846,3.988472508002777,3.8149100751178975,-2.103710521267672,-0.5285407982039821,-3.0096023741699587,0.181827017062704,3.421223443516819,0.9969616399127984,2.893166444251136,5.192094817638663,3.1853794098095176,6.2885360798580265,3.849939228355531,-2.586412363007568,-3.479830595188674,0.2753407267739751,0.370939333693533,-0.882166069032492,-1.15070765936545,1.0293678577928893,4.497974032061706,2.5587756729819846,1.0915628865759202,1.184136100083273,3.732519704316335,3.60038786755434,0.941295177951885,-0.485325983292508,1.2055996627853092,1.193933610751274,-2.977249283649251,4.344040681912025,-1.184557785618757,-0.5176710756805604,-1.3343724001117256,1.654982053724975,4.164221583170615,-2.220740309324561,-2.1847198494004854,-2.538344964332574,13
-25.42633472978933,32.329948204754494,-14.61415551091785,5.504613318725308,2.214716977735296,-10.102810818186068,3.018858748835367,-0.3755072669279167,-0.5915765188292486,3.782848073538333,0.6379416194425664,-1.8281370298712405,-2.0293972001787326,-0.0546087813678985,-0.850622399739747,3.039950312561776,-0.6559358782408847,0.842107263034719,1.0669863009738998,-0.6880741294890563,-0.4714286036210472,2.463551898879008,2.350139075708756,1.5270767203992042,4.340003174375963,5.501219790069825,2.5399783492090093,3.3693350573099563,-0.8213970825800666,-0.3501703727486415,-0.0783346675145766,-1.1747028466023428,-0.2119910866435249,-0.849487335282932,2.2499132364531214,0.4255376390632244,-0.5399081478796665,1.0183198271357343,-0.6947638238511952,1.4631890295106005,3.3245639326005607,-3.000642755765912,2.492911869586306,-0.4484949408457984,1.3942561495390828,-1.407764710414758,2.4298663795641517,0.1945930303968326,-0.1567537211029521,1.196577057376118,2.222756641406964,1.9617341059995723,-3.0209114088033675,-0.9660979781922676,-1.669363849665814,13
-27.04104324901927,33.80225585966457,-10.054412536504316,12.74007802492272,1.3883971978930931,-8.185431283501655,-0.0526906621110311,6.154527982123315,1.2960114452053857,3.5760098676420027,-0.4611486447752962,0.3487507027000102,-0.27493502962187,0.6372574000478555,-0.6725313358057381,2.929444650228236,0.9285599515313604,-0.0636016494813106,0.5629392559515213,-0.7858686377160149,1.0910712155312603,3.3943805693149858,1.2358008668023988,1.4856843165873577,5.218415336221225,5.703289325534572,3.9612152126239226,3.3011247105201167,-1.1286401467110738,-2.158334691419593,0.264112703356946,-0.9042625411617712,-1.3186872491489117,-0.9436352951544992,2.1237296252875826,2.805605234772861,-0.1201451246369778,1.5156294912961628,0.629188315900411,3.293029525973282,2.7097450684367392,-1.8395076648989808,0.6104612064908858,1.0263132245543505,1.91938618799285,-2.5335833254348006,4.173215159617015,0.0145349576910104,0.2822036210801839,-0.3018013606048925,2.246558863209492,3.043231312625414,-2.4684232200566445,-1.7040884013997395,-2.573058016274347,13
-31.512277914640176,27.87880433554252,-1.7397978389966613,13.518788440327029,0.3216886098800516,-2.069495670878022,-3.997195564765151,11.733262646468413,3.5314177183531745,2.494037448345627,-1.2119676065395746,3.1469867091247563,0.2861543808277446,2.196522817925435,-0.1974175751168465,4.002070115982618,1.358292370260931,-1.3690477141850863,0.3182721766095038,0.5821267543876136,2.2015705365412974,3.514054337503059,-0.4472360035325216,0.4699834954151574,4.511358559868691,3.467592911793383,4.902548762879338,2.3039655558402634,-0.8836754832272231,-4.332844148853201,-0.3621273082288905,-0.4812594407056661,-1.8969443414016265,-0.9132799773658602,1.1396266589087756,5.381650998826809,0.4307084460840154,2.165671995572992,1.9459194631172492,3.4546794584450096,0.5535165240743907,0.0910425953868201,-2.596745775073626,1.335235872725978,2.0138026568297254,-3.4606099829736183,3.489266753163459,-0.1929521463488199,0.9294846797576148,-0.7647248837820284,1.8167560737072503,2.4900187887488494,-1.8946428133399156,-2.5228330611440666,-2.24980067706109,13
-31.97046730127002,22.292713274387975,9.003778002776956,9.71920437532159,-1.8028887969798395,7.796762563551588,-6.972819997957943,11.443858458453136,4.0320314982703165,2.9183166170837755,0.1235417942434516,3.55984988805019,-0.9665676095265048,1.2019311797852268,0.2519910070593328,4.969029967110054,1.5698099358444466,-3.0545631769282915,-1.2073663705873188,0.3001497700911757,1.057608946939562,1.3019184833912103,-0.6270517335460027,-0.1308940169061858,2.651940942619994,-0.7249700879135529,4.89263937970987,1.3446768109403369,-0.0752618484286326,-4.408651747997147,-1.3209702641555876,1.3291304993064266,-0.3075251315597425,-1.2658942423396775,0.6710593323939249,4.981444311154598,1.2131530683803806,1.061986175904188,2.114688541928518,2.6731178151168846,0.5640739483713882,2.429996596419645,-4.204413524826174,-0.1104020907850331,1.7073024977356306,-2.2320713598739435,2.289075938455181,-0.0047339686791559,1.640925223919742,-0.7834088609819587,0.2654533686162125,1.63230542691477,-1.7610823423630138,-1.6883535315015707,-2.1561664248533816,13
-30.88149658295505,13.927174875398002,17.74853249349472,4.239554052460944,-2.568504580133041,11.170143049176446,-7.813518454052537,7.06813187485237,2.0870934457314902,4.524024006433388,3.5875664490692505,2.249848484281534,-3.9836999948553022,0.8472745125816517,-1.2762524983858792,-0.3290104891204031,0.1469475875599583,-1.0845167503754132,-1.5225052620723396,-1.845400265461328,1.1054122344454638,-0.8950846586019706,1.577479988992243,1.7775728331532228,1.968858936594924,-1.2830520923016306,6.00259459016232,0.1565363666538094,1.5477537152780994,-1.7770830625618643,-2.170772445643486,2.9535016013266646,1.0485220685778622,-0.3655633635790115,0.710249128790313,3.658221193955325,2.560349532684776,0.4151173126736879,0.845647211920475,1.828543693476696,0.44637536974433,0.9628975892893812,-4.121254707321543,-1.6101370317175498,-0.1766325653574461,-1.3304127571478874,1.025895746167875,0.3267905781360546,0.9383307512442722,-0.3600881777102233,-0.0537115975138743,0.6786268391554504,-2.1923897341750025,-2.4993743793883443,-3.027425928881581,13
-38.26005523503342,13.784760435736631,-10.044756587014293,0.3640403986716478,3.226040820827825,-11.081807104993086,1.319780153198251,3.494738068176788,2.278761747915157,1.9475792983883813,-1.221956333511775,-1.381205492625592,0.8467677800535548,2.7111632430390813,-0.5334669033516437,-0.4863235591379634,-1.8469520170482787,0.9058679801440892,1.442648214989413,0.9802019620863176,0.5326650856929882,2.546599594557964,0.7904152083699136,0.2381171882366962,3.121038449648627,6.360631525869114,1.2081231285039151,2.385879623361966,-0.0570219407045673,-0.9522869650293244,-0.361164151749175,-1.360262562719717,-0.3526552492492113,-1.9289998423915296,3.028300371044052,0.4928883123861549,-1.9938085789841729,1.6487689091697322,-1.4220676210315524,1.605983339077304,1.3285623403718745,-3.912914789686833,0.8982387628724279,0.0541110790363853,0.9559753244180904,-1.345702258201393,1.422658885462318,-0.1535507708727924,-0.2468620645469998,0.291827172155524,2.557514182099246,1.0657144847740674,-2.1116131701677725,0.069290022572837,-1.021695338823304,13
-42.07633977873219,8.617813801213678,-4.498206752512662,1.0176190303732735,2.230646970387594,-7.560151519612163,-0.7296578392799584,8.457598374514253,4.067035499718376,2.139854489544472,-3.5159827187184485,0.509445953796259,2.4781204558498287,3.935328207495133,-0.8626947223241569,-1.155409604621506,-1.586574587030588,0.118497841497387,0.4131203819108213,1.3118092253873803,1.293617915935778,2.176839433301617,-0.1477381993769204,-1.0057553877309429,3.134947130312629,4.890065205672381,1.5901177972550966,1.3827028767296683,-0.7878116837376795,-2.835865053750416,-0.7155299616296228,-1.828038013260711,-2.39809393192015,-1.301361998597064,1.7541114117427206,2.270842723053789,-1.4941317809125314,1.771771921417451,-0.5969426239775725,1.526885830299624,-0.4465090459846367,-2.7483139479372167,-2.4754445465425365,0.3034416493417602,0.5655348415979465,-2.033666226933472,-0.0265533228191163,-0.0720652276607208,0.7386071541545197,-0.0275240115480986,1.85887848157506,0.3638342357032859,-1.2855209997855372,-1.15070424544838,-0.9828750280569288,13
-41.902543457922434,3.9717641264113857,2.9180270570136497,1.4214981337172792,2.1149835788836078,0.6955974757790938,-3.119881715782679,13.437213694841212,6.444354700689094,2.100400989830021,-4.6745107988659935,1.739399974880553,-0.1432303210572388,7.197520410677753,0.2152441371250594,1.7883657589628608,-2.263904069883519,-1.2918545759727242,-0.1609172842193806,1.10046906906386,0.2693832049735964,0.2917372555221406,-1.8901990449084436,-2.5941897026056187,1.6584902416949316,-1.9792274690708844,1.0555806189506332,-1.5369187762021352,-3.682994985310036,-4.322114133459937,-4.119524882425028,-0.3584259967391363,-3.6782428649099854,2.510652657725096,-1.3562593012405997,2.0572962939484656,-0.8318959241711212,-0.3197547920329622,-0.765371472293897,-0.9090295042995452,-1.2250047384964198,-2.757103233969957,-1.05851605516575,-2.428399933208167,0.1479598303323626,-2.704262724793215,-2.1784226451817505,1.687096616374325,1.236309607692686,0.403174630265374,0.7016823337769913,-1.117882823169068,-0.5490843674169921,-2.544625465524591,-0.7402553194036882,13
22.4219345314396,0.6043390088553557,0.3417905773766724,0.6438405774497179,-3.3956554647165498,-1.7924701160461365,-4.915880736761137,-0.7076389341005176,-2.26812066627898,9.895480448393732,2.710263731060826,-4.448561098386611,3.780576098366777,-0.7825608480802281,0.7787462074546865,0.7872916735300617,2.52026111113254,-3.1364514705988915,-0.483993138158579,-0.6773608515897326,1.1224270988257627,1.834811853282805,1.5017372631087789,3.408414101076411,-0.4414995254910076,-1.60436255144509,1.708565979365411,-0.1746944463409308,-0.4496714154211694,-1.277312377973627,1.4982540316427286,2.1006667688234684,-3.757532889918793,-1.8964061297160495,-2.306676832197338,-1.9186556812231623,1.8251638386625064,-0.0630489687998871,-3.5576492065262477,-0.1875819174072483,1.57116123083021,-0.1523412964215259,2.388473267988012,0.4834592674587005,-0.8872077653160199,0.3838321833058568,0.7381843113181284,-0.4472788505946811,-1.4452879117171429,0.9915488634242025,0.2816898536483085,-1.470335862944975,-0.2475676329071038,0.0829049849991932,-1.946698105778256,13
41.51505603420096,-0.1443583544408803,-13.380354295609886,0.7981053810236035,-3.698864178661452,-1.5866305487207026,-4.383784427247917,-0.289194752432305,-2.87204005690022,11.102019000431437,6.342100283093188,-7.323768911663023,1.9268169219050997,-0.152468916379391,-0.7224661599171555,1.1855706761948186,-0.0701796247130823,-2.0504374032761503,-2.2293586566792643,0.2365797266910786,0.9273461203162516,2.00303961218549,3.707724790991756,2.8435045315140908,-1.992988861775268,-2.1116553985805067,0.4351322793754357,-1.126466436610456,-0.1462503899484141,-0.622869074427017,1.1675851883970176,2.073371474764904,-3.960926587469209,-3.7495934365116126,-1.6453030637562454,-3.268715503439968,2.172660866674236,-0.264590121796778,-3.702808270707474,-1.264410894737574,1.3588850674909525,-1.0463113059793994,5.128793109338438,0.5464733805147439,0.9548520579342824,-0.1191155097160316,-0.5381003094183038,0.4696720367660369,-1.525345001241038,0.80943542754995,1.2817817551679145,-1.9036233814786547,0.5163512989390837,0.9797237971537768,-2.6111059170163737,13
41.91865424938516,-4.765270393922828,-6.585140992301563,2.881530821728484,-3.9694665289696505,-1.6333021189409658,-5.257622950397687,-0.2223137218966777,-3.019515687102315,11.878968670776809,5.607072473255171,-5.901321032986898,3.3952086362428124,-0.3506719605738625,0.66878688987151,1.1457369386637062,1.4140389297447054,-2.415132198681176,-1.162883771170062,-0.274545334969073,1.4588762780911302,2.2907140981966783,3.188695838469787,3.009720386984445,-2.1351692375554383,-2.80889957737917,0.6493296315982465,-0.7858177858134577,-0.4435330215520599,-1.3280834516837496,1.2504778185325975,2.8636865360756008,-4.185827264995001,-3.063774803418089,-2.52056670173915,-2.849284593651657,2.133603828842721,-0.2318812251156848,-3.798265091894235,-0.7529426410388489,1.504412358878749,-0.2909287170897725,3.9246495305842912,0.8669322236637016,-0.4756066034478409,0.6689546290977129,0.2787206755906849,-0.1515798271846446,-1.4184010981774458,0.8000506567386145,0.4989567087531002,-1.7136326058095497,0.0437051072953809,0.5035191298840961,-2.4320708294375315,13
26.18285403612492,-7.068032903641496,-16.98120695334289,-3.87018389141716,-2.383254632905494,-0.4583769545556351,-2.7219351128461238,0.7763726268865974,-2.652657539258273,9.566449462506558,6.9459350852909125,-7.397315829040751,0.0392056279530072,-0.254872158048543,-0.9915359080625576,0.8078684200807253,-0.7430164546752375,-1.3464222219729156,-2.14410627159835,0.4088562428785006,0.5965180732974088,1.096817800236785,3.928327314245683,1.8827503426581265,-2.7035718635547066,-1.862094442351812,-1.0164072301331468,-1.1237618869374622,0.0892537488650342,-0.3582210796697542,0.416953069788005,2.2611942028138907,-2.5497483830775565,-3.367956403157131,-1.595046749595415,-3.5653931488857693,1.9988175549328813,0.5947948547351819,-2.925457208417078,-1.970874276223077,-0.0637926571731165,-1.74968038862242,5.3062330916779885,0.5616847415288764,1.504274428985815,-0.4735342940186741,-0.8928883130166759,1.1109780247937866,-1.1948471229514877,0.0473626693787877,1.182200528934366,-1.4865057983286416,0.2704454834536643,1.191509584859473,-2.052903524498329,13
46.27349551752629,-5.874981509977195,5.661920534892994,8.302685973283547,-3.903792683095225,-2.9091776682565755,-6.905223346765751,-0.0404935818079656,-3.316375755647324,15.582389657419414,4.405674303929534,-4.951728600532669,5.226270529584531,-3.297284172053565,2.656540002597033,0.2121284713404241,4.922587424880723,-4.781778433588533,0.0337986660400427,-1.7902703894475307,1.5806710885610529,3.0459122530282934,1.8267116877192648,4.0141877366389975,-1.4815898147438076,-3.027032348475311,1.6070407815088965,-0.0407005647997262,-0.0069330477037143,-2.9331022897046126,0.8464224041268359,4.098441288616668,-5.944056821152167,-1.292993652099543,-4.19987610626646,-1.0667626530675811,2.030715910707113,0.7544004950774802,-3.635917087327674,0.6932062411734485,1.6408492669135952,-0.4939304951266055,1.5897975376387172,0.3809567613535918,-3.3289053483798927,0.7360703615246316,1.9877188089382207,-1.26249480997751,-1.2149772458337404,0.1011973014450888,0.3808562696818702,-1.5126746681739,-0.2231673782749467,-0.8812090958735757,-2.407722206088485,13
50.54131222870053,-14.830981487916803,-1.679495259083272,7.111530541443221,-3.971981801595471,-1.9944037843538345,-6.0618560685132765,0.7560141908432587,-3.449975794692086,14.95937055162267,6.957990851341767,-5.344837868227112,4.0748515924336965,-2.299864093709224,2.6291198081394413,0.4987802401703247,3.6930698483645767,-3.486542193303513,-0.1281103984579868,-1.14456814067744,1.703005183504964,2.927132214674773,3.080071240894255,2.834398563192145,-2.7361937168652712,-3.554795974023134,-0.1393847577292203,-0.6667343698618141,-0.4288875339218472,-3.022953655814258,0.8605826812323035,4.674032308288608,-5.209382107233672,-2.054498869668072,-4.046512041140958,-2.420269393233016,1.911866413923614,1.0085804507037714,-3.097074531910861,-0.2293231179704578,1.247436694992026,-0.1132531341076225,2.7225800596164382,1.0939946136072864,-2.503530542669837,1.5782381912053502,1.45971466351735,-1.0018936222994888,-0.9224279194683342,-0.0829146964364265,0.0214474456387494,-1.5591078480978735,-0.3407667071443415,-0.1520293794428969,-2.573344531226977,13
34.8281016694023,-11.498572781247267,-12.951717291534496,-0.4745559996695493,-2.9625911598693877,-0.5580782767746602,-3.7224793085954375,1.0009241156212516,-3.0404681239404434,11.142745498631053,7.5110868814261345,-6.453004340102733,1.1417126509082478,-0.4613937597403049,0.4338117093805967,0.8419531801210358,0.4845230023743757,-1.5966616724891058,-1.346016252395568,-0.1107735224352255,1.042401864927721,1.8578539655372632,3.765550823628821,2.074449555624516,-3.1183038075008898,-2.988640020000628,-1.02015842860574,-1.1384112675710163,-0.2709685011231335,-1.1790856537971697,0.5655528008230829,3.1807139201622983,-3.1355529038703893,-3.1984730869959552,-2.357784536351605,-3.6751277299379184,2.109213256393521,0.956219311450394,-3.0564923089570577,-1.4566406407302768,0.4178798611019906,-1.3742286051286343,4.644025869787481,0.9068962396103242,0.4164446386847663,0.2918419995694656,-0.2387284414774202,0.8685137100913362,-1.1038950928440316,-0.1862537487148079,0.6310134498138225,-1.4956631400651024,0.1922920367366737,0.7873017669141327,-2.2919145305826008,13
3.7089626887872487,-16.766624414002088,-20.508469351454,-7.957683116246879,0.0953836494961461,3.4069438040802527,-3.4314744535483883,2.9213950542555,-0.8429869195685556,4.824181303397882,7.057165232674618,-7.496206450002759,-1.9701828074033043,-0.4928637756582267,-4.865683816004828,1.1344694397930568,-3.306523488619637,0.154598770177702,0.3896027251143004,1.186181518895144,0.1870195893482619,0.2677498312536168,5.330163734173808,0.418130854278179,-3.986212313522227,0.729969892590559,-2.288416218126297,-0.6479610720904616,2.1283210638842665,1.3388435091336908,2.580505920213388,0.4322389743110341,-1.3519357001233592,-2.0873836402514896,-1.893686267502873,-2.079181871479211,-0.3748678466587188,-0.2466270256868142,-2.24977972458243,-1.7138597739835753,-2.1920334974744,-0.5060120561863443,6.5269142573927725,-0.2488007679221744,1.3583959589167505,-3.50947954626262,-2.2514490745969518,-0.2680568643863564,-2.056806147807955,-0.0518926412459995,1.1283784231772231,-1.446945293318801,0.7012177173290518,2.0101251898406445,-0.8134999861235389,13
39.22542537120479,-20.52059844296237,-8.248949392565693,2.465503675423799,-3.202234466665,-0.6696750566270334,-4.770959882188534,1.658938052436701,-3.244149202425137,12.418093773403776,7.850001774512619,-4.722092114118187,1.9439186737289489,-0.6810875951320021,2.348817080358093,0.5201379088582685,1.9730906991529007,-1.7737636823440173,-0.070560629418314,-0.4186085733600351,1.7159921932483044,2.454856496798892,3.5147881608147187,2.222540740829393,-3.2466260454391938,-3.747101129789975,-1.3624713460098374,-1.0120530337992155,-0.3388578746511289,-2.286515378229286,0.8921434433852108,4.061737526764321,-3.375061526674111,-2.337314399949757,-3.911720344559624,-3.365218352094104,1.83429512385886,1.5516780672711294,-2.985695755322165,-0.9677257462342166,0.5423857599901765,-0.5471139307157586,3.5218613507933028,1.159568478116576,-1.259531332052502,1.2357797958544772,0.5817003492955868,0.1798647856415522,-0.3839580302825987,-0.0434771557705489,-0.0775248178881336,-1.646076600549275,-0.1557573755229579,0.1554192656731678,-2.032998155141815,13
36.90104669662291,-33.56804874075508,2.7099083647227067,7.075370447898576,-3.5923044704466456,-3.3404818189575947,-4.959332035219133,1.4652124891701608,-0.8211416498097406,11.794544661745745,5.978327032543874,-4.130014795520536,6.027932997390271,-1.8141517494663288,4.217109698332719,0.9900983652670172,3.137912858350388,-1.9254421590825996,3.6342275753853417,-0.9066134956707048,2.0681519364237237,2.0731362018600605,2.889501704774784,1.8958122533332165,-4.064338258296504,-4.716488311063942,-1.2459692821092885,-1.729125426764113,0.3201569053523584,-4.834035533894381,1.0517588980252366,3.869482271688056,-3.305405158083111,-0.8290684035441838,-4.356456930870959,-2.7987315946576,-0.2773636677645058,1.84918618694198,-1.888895072672797,1.0476592935115876,1.7760968262134087,0.0342400062232742,1.9815506046176607,-0.6524477125624342,-4.111013065209992,3.058028796089258,1.3805902587823986,-0.9776615826042492,0.7172801249995063,0.8725073489732987,-0.8058550596670865,-1.4222140430567982,-1.1528858022553274,-1.125731370434344,-2.4615668647347144,13
29.92731975559225,5.18212124936001,-17.403580577841716,-2.9432779028068565,-2.532505348794046,-1.7505206541480982,-2.667002442335922,0.2906653257195133,-3.156391514689242,10.402447651844202,6.29406272815869,-7.768174972377234,0.2570537405724545,-0.0572298206710368,-1.8401079270662863,0.8768672233353054,-0.4314524503190788,-2.1292153063158485,-3.123736833456121,0.6835773840689977,0.2021538300762261,1.231782930910923,3.879175471433435,2.565425323013003,-1.4021807498579522,-0.5166438334134614,0.0866038515228627,-0.952911775195214,-0.1279191037673419,-0.3518811206717332,0.5739472171788165,1.6784685752128798,-2.955898582578449,-3.661790043344429,-0.7773148921656896,-3.180214847504396,2.238378439190644,0.3018804695929619,-3.2266953201684507,-1.826065368828268,0.8513413576859425,-1.6893490675896885,5.710157520587379,0.6740192466326927,1.8164519116260915,-0.830703990240854,-0.8328370352555199,1.0344541834903542,-1.7608065935355333,0.1512001581745494,1.6678108796835849,-1.5762747311501992,0.0867248104964571,1.4213358473668949,-2.0858416511122058,13
-0.5107125071219313,-16.848928193790663,27.714791185831643,9.264522998593591,-0.002525351630603,-3.900073125009418,-4.8705641355358775,-1.267704912873966,-4.0298157038335285,7.547687011682102,1.683888714936355,-0.9740484136968236,1.3020240676390116,-2.0246497575552174,0.4254148594540743,-1.986005768825771,1.4149219861322375,-1.6774020062110704,-0.308301093877477,-1.4792216952375208,1.1123501068216868,1.4294033129743433,4.137323622896923,4.981179305706573,-3.9069699329619,-2.6533542379759183,2.8123207414119857,-0.7384782393158944,2.9385824026541503,-2.9569179376649437,-3.29764695696798,0.1384703411111793,0.244566680451571,6.080556154226544,-1.2947504225420432,-1.0768713090091937,-3.839113140131695,-0.808629746636422,-3.3464724192851176,2.7908430209263413,1.4626893257355542,-0.994541219654036,-3.1431381871212167,-5.716251113840254,-6.350738737852539,0.5348714454361507,0.4373107656441082,0.352363560524923,-1.0258365359939607,1.4405067465585404,-0.7971063202507751,-0.1257652840552148,0.3480649876979892,-3.2730614573885,-3.43410328794452,13
23.41965873035658,-34.39127220451915,-18.32433652514054,-0.9648931467673753,-1.3344702333926632,2.8868285740391477,-5.181666727756399,3.7763929063389945,-2.693043814603484,8.135276378252653,9.2322588459488,-6.730309989919686,0.0914562485705196,0.0906841907048251,-1.7313837770420135,2.150202146490633,-2.381616140381472,-0.2846830453889945,1.126768819155742,-0.2052317691453424,2.060015322948478,2.355981782934101,4.836760697439815,0.0950739558767644,-5.018781995624179,-1.940696999293104,-1.2248152356636912,-1.909461514002416,2.170947153238166,-0.5043811518476556,3.0975612183231016,-0.083698534798634,-2.74686721813612,-0.4401697486541413,-2.74832771701457,-2.1406522237587065,-0.8163215770456882,-0.3333051239539415,-1.1873958719140427,-1.757907791266997,-1.2942870984564894,-1.8045999786721136,5.29298466509325,0.5794113992158642,-0.0813923933658933,-1.3586003560189723,-3.1566866769237,0.6028286715132554,-1.7788476663255322,0.345898049264619,0.0711033076920376,-1.846167053964255,0.5824818537201001,0.7332513607500442,-1.6766137934781074,13
29.162719035765107,-49.1560947069599,-9.381730538405986,6.116589933455025,-1.9830403177370324,-1.0771998055643732,-5.081519030307388,4.321835913707539,-1.335233040060125,9.087150052740864,8.103727892858902,-4.0307637906310605,3.288145842853761,0.8170393685410561,1.944879316947111,1.2624301203948292,-0.2351992450710636,-0.354197335695878,4.19227478206987,-1.417101271249458,3.404072032511069,4.164043805450032,3.543725101339541,-0.2197798777918437,-3.977125942457239,-2.649641853387179,-1.0551151725878507,-1.7521620508964029,1.6051849933206397,-3.504663948692035,2.3688175026186227,-0.2517852122426628,-3.8933181702149953,-0.4572830557146383,-3.159221586732234,-1.045171561998832,-3.177540387552655,0.9420644285525348,-0.8221006235531853,-1.2064530292771098,0.6118250164880235,-2.110843342849216,3.159815786591285,1.0901910591331536,-2.946584855568596,1.475778455118041,-2.111779036607526,0.1254523431600878,-1.091361167772665,0.7915153006550494,-0.8908772322741922,-2.2753394492764074,-0.1109480889115193,0.2076521834540706,-1.5270198117833,13
-6.029390963374907,-34.426504926646054,-17.066089551000104,-4.989434748797099,-1.875813774263384,8.561191559661852,-5.60856291303941,5.806714010972538,1.3893142328495949,1.5017526391984048,4.097118252156099,-3.8312653766159928,-1.443215680312289,0.4696112205656253,-5.084937251014392,0.4131417300506242,-2.839025944292514,0.8780807175238009,1.763818514680107,-0.281299155030435,0.9646467717430292,1.057666913512821,5.712238640718135,-2.300756455520478,-4.837177850806608,1.6099916611562302,-3.859731196212587,-0.7103948475473763,2.740460141552507,-1.7754959158657364,0.7491287804030312,0.7472037808805263,-2.310552357317111,-1.1265424428104418,-1.8842455310008392,0.1654241059572908,-0.0699753873296042,0.5773728366035413,1.359635450955129,-0.2643376852619455,-1.122244414712826,-1.262501117110203,3.9445852786763047,0.6776705056628924,0.3954881051392909,-1.6389715272306342,-1.246770641679599,-0.950294478208444,-0.6748503897363668,-0.7445432664381771,1.2819434736806203,-0.5721721479222455,-0.6222365707310998,2.442114243087904,-0.1223373623804678,13
23.84697948507593,-52.50915405185004,3.489202544214939,12.77360318272376,-1.262190208601094,-6.04580707007871,-3.52478325493748,2.337227465319428,-1.3120297967622794,7.325060486540075,5.179342812614089,-1.8420360556571616,5.704578779374172,-0.0705097736341389,5.111191573518289,0.1642536290919766,2.74851504116206,-1.2220573764423726,6.563784320773189,-0.9376482338015634,3.334609592040064,5.036288161120201,2.0575010249746324,-0.1635950026538831,-4.335288305510277,-2.5103320426821103,-1.6557304634898715,-0.6108368295153258,1.3695334116214433,-5.61369521601045,0.4812788439208834,1.240309893250482,-2.592628438563575,0.9020417318359308,-2.7366513656626394,-2.2048133373939622,-4.851144383929833,0.8822211821986605,-1.3901233574313212,3.281562838098216,2.0201672369291463,-1.736708989544803,0.8901771724155897,-1.0543136725212987,-5.945110049667085,3.7049133396375584,0.2010837093541378,0.4347115605117291,0.4926692477576309,0.4566358169522718,-0.5101055939154572,-2.1461315173290214,-1.003867085292927,-0.4503121373103572,-1.1728417836466891,13
6.857732054433507,-46.68272863240129,-15.72583040828393,4.5120033941017095,-2.7450600262906995,6.496311815601623,-4.291461672146039,5.610059759380936,-0.6380647059807716,3.853361818713725,4.627228876413536,-3.812931858215865,1.4615537666500191,0.3297992897744209,-2.477850459185776,1.2139951284344324,-1.652043845458871,0.1289686471404699,3.59900083237915,-1.6365567727583623,1.9467668191390957,3.141759041323437,5.120007106283962,-2.0338246404503613,-5.348279225385292,0.3067809235971095,-3.164599800811875,-0.8712054118787556,2.291089333435811,-2.640017522661948,0.6716320767967374,0.222796382653912,-3.1839889019871173,-0.7497779451101357,-1.4905535547641662,-0.299944261341057,-1.160373913958057,0.0875430030087037,0.804618119219852,-0.051989762394088,0.2053779503408679,-1.758855734438853,2.518866454070807,0.0205989406783599,-1.6377073163104936,0.2280811052520229,-1.6805649290963651,-1.4861016565799283,-0.1340093199196395,-0.0680933610391069,0.6296867268875747,-0.8334380291065513,-1.1281223444801842,1.042205368793285,-1.344000313164581,13
9.235873172128452,-53.36068258748328,-9.788573475262332,14.132980794756104,-3.132160492748281,1.8608704844822777,-3.0748480872013197,1.972728698811348,-2.5288110972931097,3.208264349944988,3.3970493292896187,-2.1188998591359787,3.8481410043279,-0.2278902450249651,0.8877261165069025,1.555401849816746,0.2370398351026278,-0.5749628303583055,5.759350046860589,-2.55788434728103,3.291863368501681,4.354243158194626,3.530033708875576,-1.967706096527064,-5.871029885445074,-1.0983003607949764,-1.866510198472347,-0.7718256242659353,1.9128253245037492,-3.6072265937180377,-0.1614285729097039,0.9637783227278054,-2.856498866673874,0.5166550094333069,-0.8260599875794241,-0.9100988263654276,-2.9508869163953677,-0.2975426169116463,0.023336705465999,0.972351420152165,1.5436632683573448,-2.447520969023436,0.5873290742670703,-0.6728060484094973,-4.892334387696161,2.656289633233389,-0.1445209545839351,-0.6576848443358465,0.1430855198790669,0.2076674882218496,0.0359922607843076,-1.562246554001691,-1.3481935248161607,-0.1960153261727206,-2.07381793980128,13
8.054426571437801,-42.740286747143465,15.776606179197117,13.954522039008326,0.2226996712052242,-11.02960433609225,-1.7635832086506105,-3.11112750540395,-3.497436859379712,6.257950526247374,4.202928925932487,-0.5586481835286391,4.158246529444334,-2.596461404726828,4.967806640687666,0.3962928317296306,2.2664622164040904,-2.486797453753696,5.605489928488618,-0.7417908478724748,2.136283873835925,4.243098704337235,2.990640553733781,1.0258131579583485,-3.5186449645009272,-3.72181785229241,-0.4641675590141572,-0.2908851511794485,2.7948717453560943,-5.357271347763246,-1.358685141997435,0.4018779047698694,0.0939617891260106,4.744999780959343,-0.1904409918195874,-2.054322581259488,-5.196905293072062,-0.3675934197508426,-2.694190510336858,4.691077151594605,3.157188715749231,-1.3857366660700767,-1.9549470919797791,-5.2783861342553005,-6.434249517025783,3.870403119334356,0.1126161667013758,1.556283903029291,0.9234290619204628,1.9895490666571771,-0.6902730094194698,-2.5131957218326018,-1.1430686736649416,-2.2277166525405003,-1.3316089959069837,13
-12.709335014264738,-36.23059116779287,-17.6295289492779,0.1075201020743348,-3.6732842627302182,10.925190665875352,-5.271982042329468,4.211562385601945,0.3803567793999469,-0.0435160428693505,2.510627711487845,-3.0640901156159552,-0.8171910908172105,-0.4776510124200803,-3.553027738445753,-0.3190422850295906,-2.975866848002136,1.4460045949278748,2.379206382183113,-1.6000147144995345,0.9955950755271666,1.98693570541098,5.171918247582566,-2.27314822407803,-4.740143463188063,1.7037102834041915,-3.152739192278783,-0.0253451481452622,2.806312985282783,-1.3523223877239512,-0.4465830210964613,1.155296457280961,-2.0675979926657835,-1.0747793237583474,-0.6634658918027279,1.2642162695780557,1.1051361966094864,-0.0819988335895575,1.8352450894829817,-1.3597700117294742,-0.0965367555062044,-0.47785084834405,2.386726621042156,-0.2442267067113694,-0.2577728157986255,-0.1230955367879331,-1.0226516525618543,-2.055724000103172,0.0044273307050814,-0.5453417525144554,1.1298910278251242,0.1037900225752341,-1.0327639059180431,0.9392027346445968,-0.8765608866214755,13
3.137784018870335,-50.36442255326815,0.653647432380644,18.741947841931594,-2.117139560440528,-5.514618368959247,-0.1631698724588381,-4.74722186526811,-4.0929308958463615,2.1404232439099435,3.1321723233506367,0.1511934625791759,3.648091453148133,-1.1526653752205207,3.4182322138525203,2.82947401054232,0.7114411933534748,-2.061082525652973,6.830549774600046,-2.1905272559285693,3.335566731778508,5.537578312952124,2.463408820488734,-2.0334736090279213,-4.824380860564562,-3.1654016232372246,0.0185970194251915,0.0125390508229603,1.4619591795953542,-4.551627292966108,-1.1378205551073983,0.0905197879697815,-2.0835510452284067,2.303311828981029,0.7764435634200464,-1.3544223914532134,-4.173927702927303,-1.319005715565657,-0.8497197462803979,2.8469552338037856,2.807878992413054,-2.041320825570234,-1.44715430295903,-3.164111258581685,-6.650036640889676,4.196927084826508,0.5939592895731176,0.6324038982954783,0.5983206346137008,1.090585120507578,-0.9788599466368172,-3.034084674430529,-1.2261090887584702,-2.0048648190553524,-2.07940060619724,13
-12.591951063627224,-40.40026340096118,-14.854490322808838,7.476113127951636,-4.57066723651757,9.39677712231106,-3.5822731028922594,0.7735632636917006,-1.1100071246131884,0.1497752728013306,1.2271450884419428,-2.2448362017861827,0.9880331218726696,-1.2730323440757634,-0.675614508690768,0.3758816875388368,-2.157952291420852,1.4038681839042009,4.154457576069369,-2.766011554669283,1.580425841937758,3.2999745925666097,3.719861833982211,-2.363603137876903,-5.07331769191093,0.7559524407324126,-1.9938802192581864,0.208265332154952,1.5527291569367838,-1.6921104344820463,-0.7082074392151226,1.9899897775694928,-2.173510472055089,-0.6712884831226846,0.0939738105351579,1.0205823921500343,0.2757594618222066,-0.6659006212863743,1.6903256144220284,-1.257007609534069,0.7448347106890763,-1.804558276686098,1.3288183227239068,-0.9333247679437904,-2.3404880242639905,1.8890033265378647,-0.3516113852825105,-1.4684832546969866,0.28029777019934,-0.1549424516102639,0.7190559956626138,-0.1356113588838206,-1.8724720611724863,-0.4031681650400642,-1.2684948285999165,13
-12.540042963308633,-43.986089118309,-10.605267310330678,16.071055254913787,-4.78744060322596,6.519179433664829,-1.4006353968621554,-5.525629579288173,-3.282348056194092,-0.357908873089603,0.2445686651256209,-1.4153944538051648,1.391614522895111,-2.5122831281442086,3.100568340814214,2.0144800625647976,-2.7604007949492435,0.7372073852365855,5.567298514480925,-4.118532470034287,2.75171106387989,4.581720054025308,2.732222587719827,-3.526182597189646,-5.447907783238504,-0.4324838704064396,-0.5695883034445949,0.907074620654728,-0.8560419829227767,-2.468038686362958,-1.9596566101068136,1.6107261369207388,-3.0549235953107265,0.3642628169159795,1.6647672283196036,0.7259133902423888,-1.348269090941371,-0.5119871413876123,0.7126979807694771,0.1657612413397632,0.1719786178082184,-2.2230830379915907,-1.0355915752781035,-2.363834420928435,-5.249554277890505,3.3759857434943807,1.1692253134550434,-0.9071961042619108,0.1667472664115949,0.095445817144424,0.1273679251386917,-2.3704630878318063,-1.29691033164699,-1.7747221441650909,-1.189218840607566,13
-24.703288712737844,-33.46323003922654,0.1933416890843323,10.577588669977736,-1.8337657654031756,-0.272100297664626,2.990594139508963,-10.519541382157009,-3.1387565617012925,-0.7127066742306171,-0.157478086309333,1.6016171723544188,1.1234359280603397,-0.4119441035428021,3.770036980425128,3.4484392325424658,-1.856664200379004,-1.360387082331002,4.088827997036483,-3.250741994868667,3.055314944592241,4.108417654086288,2.025992826066635,-3.7647060663566583,-4.636246772099748,-2.756197054962444,1.2846852784676777,1.8493710016723048,-1.97076559638643,-2.233839875129972,-2.070405888611988,-0.5665999031002618,-3.1525797361021803,0.8225906456927609,1.9995223325019809,-0.5418991408498507,-0.5594188657907567,0.3306515576695477,-0.4104867488833085,2.091242172435967,-1.0705251121881687,-1.821745072093416,-2.778760919501523,-3.1366821117600145,-4.138789022422317,1.884443349092676,2.8703710010881465,-0.6652348752741701,0.4075540539293,-0.1729725875866094,-1.2376291131007542,-2.7302741805778803,0.7027012789650502,-2.8153624518133538,-0.5056095411263615,13
-21.22485257481648,-33.516147959953074,9.275140747264231,10.182764889578378,1.093801539518925,-7.936133612821977,4.235117457604332,-12.135718152175915,-2.7533032300078766,0.8472650579236771,3.561297853505532,3.736819604184408,1.6392296841694582,1.680723878663845,1.92154411432051,2.8417231074925624,-0.5885047269062547,-2.9230255007549992,3.013054111154625,0.0596207002752034,3.793742460358041,3.8291950740132856,2.0576990268266595,-2.704244358057106,-1.2114567997776309,-5.142633013914581,0.2549238930517614,-0.5999823393477701,0.777993789151597,-3.1525481948707004,-2.066949015642362,-1.8530615422071728,-2.1679028531891222,1.6880938242736732,1.977398288193808,-0.9357745939177308,-2.6915262732220686,-2.222054741432133,-0.9872513268451988,5.360562546877519,0.1538454464636411,-0.8484852961357983,-3.2222809063997464,-4.780963831258688,-3.247088322265453,2.839403588165374,2.384919853512423,1.363186137205787,-1.30291014313948,0.3168240238615205,-2.686688139487387,-2.890438343141468,0.331928092173997,-3.6489197389063617,-1.6632392720393154,13
-29.444244962414324,-19.81809803991028,17.4955480642527,0.6569751736846772,2.270405664786639,-7.219958524570886,1.6631703877756845,-6.161007055400311,-1.7758731081851302,3.331577404950014,6.235488613958336,2.8183970817480994,-2.895316610136625,2.3024474308430984,0.6137561662815944,-1.844750195171196,-1.959543818381161,0.2828405337987438,1.95537233318622,-1.2300869920059416,3.801483369444264,0.906498005019762,3.423418672782179,1.82038820115474,0.5644431305580973,-4.491677561923896,0.149002060607623,-0.9100298724248456,2.3909196103012444,-1.0477276366851964,-2.242502670842131,-1.804180640624253,-0.7153601728136452,0.7762431556535326,1.1440371869081103,-0.5237089506773709,-3.056721988845631,-1.0885781675399293,-1.1090254435262652,2.369262579754188,0.9755143063029044,-1.7363700785881382,-2.68764902665378,-2.937871671340763,-1.2578442229569973,2.9324502998332016,1.3661093518015743,1.2124327671607569,-1.2544031758632457,0.3445294177307292,-0.1897256252848021,-1.715081479462745,-0.4223168329312664,-2.850375522226661,-3.2063795480659243,13
-32.365806492554135,-27.28435056058026,-11.147820204628935,3.19197067288436,-4.471369859671986,12.332421151113277,-2.788130280593962,-5.201859067345453,0.3031880071700662,-0.6728467492508313,-1.698136291931709,-3.748738266059508,0.0078824949713942,-2.4337434716463457,2.9165537145916813,-1.3180270301685826,-3.5421453533553717,3.767929934842725,2.961290496618681,-2.004118866317352,1.8077332694852404,3.549751849407854,1.617266142079116,-2.2617311663390494,-3.107341874166172,2.5568117449863745,-1.2237074155716945,0.0423128034584707,-1.698839382753873,-1.784181991102259,-0.8600167236523798,2.941540559266305,-2.3270350257615946,-0.3162603079756483,1.4985490749785413,3.799563434998248,2.1338322509805794,-1.2978673795060691,2.432675538048678,-1.2106198972792914,-1.3306959331503243,-0.7477402823313812,1.4034040332785926,-1.468192530392714,-1.044373411722184,3.006836416159249,1.151933050018081,-1.5940603967638631,0.0624264191485576,0.8122146368794219,1.4105840233432294,0.0822196186936911,-0.464097077909758,-1.5560257454917308,1.3300824961119797,13
-36.28208290954802,-24.691910158161534,-5.554267166148318,4.248940734385902,-3.4756565804934483,9.305000664427242,1.1138117536497494,-10.09248475130412,-0.8186411668751956,0.4441232461662106,-2.509025203264029,-2.491276987837594,0.2156704911624583,-2.101110257367925,5.420084088041098,-0.2720917478122271,-4.528614413237691,2.830625326997537,3.297129560186081,-1.8368934227907967,3.0851377243279123,2.8163366952948974,1.29635610832163,-3.680463826962478,-3.6492896782447337,1.3708528381118197,-0.0104891108756615,0.1762839319967813,-4.089687587624301,-2.092447277174754,-1.0865188615821144,1.0178991833008164,-3.5589485651114203,0.3476865884779968,1.0892410482638348,3.663953594195328,1.703307043723548,-0.5908763319302159,0.5413985922017573,0.4787199049422185,-3.3298017293429205,-0.4165912691360784,-0.3943449863168942,-1.354351182380374,0.6120647183308514,1.7013693097301903,4.361665882539821,-1.8550939116181904,0.4057666331869416,-0.6134595958282585,0.2738511251398234,-1.5074860801817538,0.8234025736951696,-2.1412991915276667,1.9934897311447597,13
-41.61004480346187,-15.549465579638488,2.78960000333391,-3.5016714026862354,1.5223325321528467,1.7617039910405186,3.8344688425159847,-11.154942307259264,1.810053862281052,1.296347442812115,-3.0550821998327438,1.016737715171802,-0.6077502595927908,4.340738386564628,2.845119134747967,1.4753253903673558,2.089004395892365,-0.6998796359084887,1.8281958329082737,3.190248770156896,1.978247820851753,-0.8661494240468888,3.095877100755181,-0.9548679144889036,-3.979205773497438,-2.1835296413362912,2.361846012667681,-0.3216194373825055,-1.825123287123669,0.5418980205367657,1.2948528306959903,-5.289008344348118,-2.6098801436559933,-0.5509932993255119,-0.9563979304173856,-0.0709510186523349,1.9422214740396968,-1.0104047459358647,-0.0053786835332234,2.136035878834495,0.5412722434392686,-0.4618032420288914,-1.594157724778263,-0.4388917992508124,1.0075483825501956,-1.44171929398701,3.3682656073961867,-0.4844867802871623,1.800379378654796,-0.8116483042828176,-1.9267446859790305,1.961512846574249,3.5146407479647146,-2.905510545528332,-1.463279131874114,13
29.657252473446643,5.295703398187384,-2.630955115919228,-3.082839691564659,4.176600237725671,0.4420486925581561,-7.047290020429058,-2.478335912659092,-1.8421961501369863,-0.9678142678381652,-0.7222354292487492,5.0163939077742015,-3.653319559791457,1.1988053672028256,4.13263566933077,-1.7429681617592545,1.1675259961406332,-4.247729300620785,0.1206760116871487,1.8164075579427028,2.063182199556709,0.5442535143404994,1.7788349288768797,0.3307137723778015,-0.1278098899668707,0.3113023167414789,-2.4086367428120607,0.954753636277146,-2.4985234381873105,-2.458206460064586,1.3996417589185568,2.545833507219113,0.1739005039734193,3.162251743877019,1.9239314048793448,-0.6292365898012713,-0.9258966982650167,0.9425107477878198,-0.5977815542459854,-0.5032382608876446,0.3933740159048849,1.5889778166874335,-0.7088648308522736,-0.294697772579809,0.3446814109608686,-0.2594519195243621,-1.0072603084495102,-1.217682840491963,-0.5787224047818996,-0.1094502523575309,1.3217129928601037,-0.4386198772864239,0.8486800617680793,1.6480839565845826,-0.712515131107376,17
31.51905205228197,4.548540248422883,9.20204437525367,1.4544956226317334,5.55703906424443,0.6479822973277457,-6.958195339963858,-2.5412621305650083,-1.9699692578542625,-3.0979538711236123,0.1948179762628609,2.6845198582749683,-0.3954136091234244,0.0267845737406326,4.73425376541413,-1.258904685600239,3.84456607457781,-6.243914771974757,-0.0212606602817309,0.8734065741972802,2.733814888431982,0.4515299524726843,1.078247756412015,2.6056618839134607,-0.0634150226401947,0.9847290228420116,-1.692414028939197,0.2227214433330103,-2.850336703245202,-2.9858609716309767,1.8168930333802256,3.09218966838517,0.5119180143036923,3.099866066091596,2.000768903023637,-0.3822714444928194,-1.9729234212879905,1.444933690234278,-0.8927401729479395,-0.4094134377571475,-0.64226961172227,1.811551281428727,-1.785228105449292,-0.4953195435776538,0.3693796170570476,-0.3526094010678814,-1.756640771477365,-1.8195435074242472,-0.5733411985461875,0.6736894466724189,0.3517634695131627,-0.0073762231328336,1.0227990543642926,2.337951859829965,-0.0189263336264636,17
22.18343792626373,2.457828408847853,22.11667555311241,5.771036250381975,9.628315337380805,1.5431764418130576,-5.24795329989026,-1.803422524909748,-1.6229700881905844,2.0179723749743825,1.3695242899231814,-1.4376175304105807,1.7731343756835651,-4.666102447208313,3.02316581959923,1.8567331652145105,7.1844635425376095,-6.941100110002918,-2.108859446360234,-3.568823625330966,2.398218075186212,-1.4896585852866435,-0.8851030471306554,3.0237002664208994,-0.5244219043978291,1.0953064110723825,-2.8864302552096697,-0.6035179254717512,-1.2280975101159666,-2.9299078461803183,2.9930673521486586,2.391977563144038,-0.143243128175917,2.1104556284162044,0.6415500586192572,2.4573782272284923,-2.095978614782875,1.8852526865211208,0.1861425674977778,0.0350597190616981,-2.414868642202812,2.866743466551883,-2.982241208455465,-0.7011350699978275,-1.2339461847362845,-0.3624588826113459,-0.4811246872484291,-1.8232916916929292,0.7278633377050728,2.086640649166702,0.0382337806512517,-0.0161621687666815,1.641429020386192,2.9773315633404733,-0.064273022743879,17
-30.940374179057777,-6.557141169060647,16.851382654192555,-4.355608597529306,7.315689485633548,4.06192106685813,0.6695102731861957,1.3871349149515952,1.883627402050512,7.468556724289952,5.227415414803073,-0.2758053022265251,-4.0999673430894985,4.316373777754565,0.5575503045790194,-2.9016666013052563,1.2757352339334052,0.3896771890177108,-1.9781358402385465,-3.271826944614173,5.889518185569347,-0.9353630220772464,0.9588088224318064,2.015557250306628,3.85863399129019,-1.2051265193962148,0.1946240606539943,-3.909640814371405,4.33454749763501,2.0434363210942443,0.0256916865921365,1.0079592996438056,2.3037925761439872,-0.662101274798534,0.6563761785836852,1.1498908177422025,-3.1044829086343664,0.9355309109835964,0.9377684449500162,-1.5573974083465767,0.4135377827055148,-3.1549921005494546,0.6728095759526374,0.5352778024882031,-0.3173686240352628,1.5347915554001967,-0.8105840700655118,-2.262723227462797,0.4102996679026728,1.916128273080416,1.522856755784759,0.722352556703427,0.45848039947594,0.1224950807751133,0.211890162221668,17
23.268243783931148,4.336251862714456,-11.606394716241528,-7.6904085693263875,2.0406728257673903,-0.1478838709522079,-7.917682341360353,-2.7642767327703908,-1.6675796630328232,-0.0834593669060545,-1.045032769387646,6.525718897647495,-5.1466865810246585,1.949402883217931,3.797813094904698,-2.682659649368159,-0.708346355830828,-3.356795325733401,0.5146597332195006,3.0245697218377066,1.6935886197301833,0.09576552873982,2.659648019421881,-0.6571975227922713,-0.0500119168440564,0.2389010635704241,-2.4123669746873744,1.533057751083504,-2.443790811330636,-2.2020225610084765,0.5203768377360889,1.094414565079863,0.7998682045750652,3.688887038024886,1.7492492145494367,-0.4994185024394463,-0.4180489033362209,-0.1244688307665054,-0.0837457933117374,-0.4833870706800572,0.8149113276482086,1.6380064734466464,0.5533394116063042,-0.5433316597095885,0.0335779837718625,-0.6525681201173932,-0.6809152942492215,-0.9672735337012036,-0.6527686631488552,-0.4176588051684209,1.9585447048058937,-0.8645133108925119,0.5013977897093993,0.8303248818256357,-1.7038622723508627,17
5.838044343921772,2.61795642693079,-15.929210695940029,-12.517776722899509,0.5793873369676508,-0.7006334680724309,-6.742715464289211,-2.224639439772744,-1.032781873735625,0.9495119297570048,-1.9849970020254504,4.740798077436386,-6.783257091558772,2.45925501458438,2.696282252878275,-3.0673446336697934,-2.128553392289133,-2.470804476797717,0.674872979750709,3.208514172498415,0.7628884832732054,-0.6887380899470618,1.7775666723759695,-1.2258133206724655,0.0549341210521331,0.3378810019979649,-1.950013514634596,2.3437683451084874,-1.637430429633392,-1.590574226553771,0.4989503745280402,0.1789319891883118,1.457282942699684,3.3220437225011,1.028445537131487,-1.0035503714071374,0.2433573104894388,-0.1829611226595428,0.1507052194591352,-1.0976642813245612,1.051888022055642,1.5094941259901091,1.7073886761095234,-0.6233805314271654,0.3246161483785617,-0.306293334883944,-0.079465668710969,-0.1779457699456475,-0.7615366594833676,-0.9545618698055024,2.4859952151725424,-0.5031078513366906,0.140108183203157,0.0775623785298643,-2.131030407626993,17
30.75392751560148,10.71264287280298,3.0115877614506315,-0.499355988490157,6.42219717591526,0.2167387925379541,-6.403266133426224,-1.8328048354015471,-1.5003505383757632,-1.0579628370289178,-1.6944833652389062,3.4517204342381618,-4.302093543017725,-0.2829026138096441,4.678397168746061,-1.4927886883591766,2.19639570717331,-6.016176394736822,-0.9919423314698363,0.4395009894540445,2.13965229653148,0.0607729956755659,0.1610734850333335,0.9426063380754172,-0.6587069406808242,0.8150718512083087,-2.680156625681619,0.3275480982066016,-2.7079530240069705,-2.549430981604007,2.3753997054069167,3.112875841468171,0.7970247979490243,3.321770041544216,1.728100189554483,-0.2489461419370641,-1.3732528944457632,2.022569058143433,-0.1919360060624415,-1.0428611452645251,0.0555685204518052,1.9438234645541812,-1.3062701264432377,-0.299132393621155,0.068887087334896,-0.2304881330170272,-0.7248911180303049,-1.7146211730566596,-0.3293779494560546,-0.1300274884437971,1.4529461967618222,-0.0477441299953329,1.119019813813282,1.5939944439863154,-0.5228005488421372,17
25.958211683751856,12.392991627921187,-7.517454828536428,-5.096613228715833,3.775740363864415,-0.7845728147911122,-6.711763796536492,-1.657633615733077,-1.2995814572184947,-0.5286725639809354,-2.233279025903557,4.81504735223058,-6.140935641617818,1.300906572712752,4.271235186759303,-2.1531212196489777,-0.4495165832804901,-4.856557226435398,-0.4676380864530675,2.2150133656972484,1.6571733767665997,-0.1127585946946243,0.986634723708664,-0.3311957691366663,-0.3343202144610225,0.5686872123861869,-2.316232102909087,1.412528327250766,-2.084919144813788,-2.3163872528229867,1.504112321922485,1.897239027388302,0.9612715715954212,3.421088656012249,1.8113027237417003,-0.6745272868130002,-0.426323379406673,1.4599536727104652,0.1726713063786477,-1.3419710240895495,0.9057782393090976,1.8700385866755351,0.1546277710273322,-0.3249035700530389,0.2124922963758955,0.0513028289550916,-0.1338923138597352,-0.773959902539065,-0.64019162563987,-0.7265995256391916,2.345772228010292,-0.131696828948699,0.697998094784605,0.8822656840916238,-1.286983645590822,17
33.67470394813583,19.43952212133401,-2.8681601662654943,-1.918810906177879,5.415783697995747,-0.7342719179999537,-7.01087147340054,-1.4651036684549128,-1.655443107247529,-0.8720821193278014,-2.5757918528908257,4.572209141462656,-5.620498768270085,0.9561638121620878,4.930506836873215,-1.913118005322769,0.561740547525291,-6.319685135371649,-0.903626754352406,1.5949150688067386,1.7602876466558277,0.0627472196904938,0.293714268058665,0.281342615565545,-0.5482047160718305,1.0402814224661945,-2.215133022898834,0.6368575514162459,-1.9908874390336535,-2.6530055966416923,2.29040686773443,2.5841654897801702,1.1470826345578755,3.563223265019732,1.9618152345348243,-0.3959321201346774,-1.0386569518883606,2.076270096982757,0.1823679593854006,-1.519724019074079,0.7889834824195511,1.8498586828688208,-0.3961514828546174,-0.5859978703177026,0.1972019986324182,0.0953347064838455,-0.4327868020694554,-1.256018061144886,-0.5112673939631647,-0.6088122589402271,2.2209405104450197,0.0538965710759625,0.8531424490483577,1.1432792504154508,-0.7845358317738615,17
16.397553006083882,14.647953480229324,-11.264985885844892,-8.41804996595398,1.761135945710231,-0.672132143832667,-7.667210189458608,-2.2253695439541152,-1.926701725519275,0.2245675282661518,-1.3788528857155604,6.008674257441336,-4.578865568778091,2.8060411386777235,3.3151622525199302,-2.571910895960772,-0.7853277103602401,-3.708779099260864,0.7314078897814664,3.0237066917807214,0.7951261028712259,0.0741248306098244,1.9785841221443616,-0.4458874054827179,0.5108362648688761,0.6646923408143146,-1.8568592169070444,0.6531599930038755,-1.4927900878200493,-2.4080257534873684,1.1428866936702655,0.6534724247144688,1.215112721295196,3.26304203092833,1.4460614174318376,-0.2948245931413127,-0.4038857441050947,0.2023494840340114,0.6582757823287569,-0.46006939779006,0.8523858658087887,1.3340618745575916,0.7160645165099283,-0.9381966187355064,0.2922780215006314,-0.1749193803308284,-0.5714320984614443,-0.7345270565297353,-0.9840107252166947,-0.1517406748416933,2.163143135784157,-0.4808600310791808,0.3704106101761901,0.5291723381918304,-1.614511098855325,17
30.13922228319085,18.448734740056,9.4036214145587,1.730250976234,5.993668201606664,0.5031895310094491,-7.108520842622799,-2.01840844833931,-2.064080737775688,-2.687744147259629,-0.3927576872853035,2.9025615501760966,-0.4905358076301824,0.4842806735084802,4.977359523351873,-1.487355081263653,3.3261682089379043,-7.085804288537988,0.061249264588139,0.8000212072892222,1.7210217055250805,0.541358971004726,0.1992967964612894,2.761255940619756,0.1153449354402365,1.8028157116507215,-1.1121945960063755,-0.4453111076616003,-2.0956065964764834,-3.174734383007321,2.250850418928945,2.3906014605824537,0.9762663513516576,3.1861309400867177,2.0951098698811728,-0.3187471462282117,-2.402067602005645,2.045649609145943,-0.5269386853166279,-0.7333485951323947,-0.5816268240224749,1.5295407820255895,-1.5573648316674746,-1.0760861845790288,0.676015725822179,-0.2911895578833225,-1.6757635118977174,-2.0932319795627405,-1.06961638041158,0.6163781866769051,0.781847916811864,0.0795502668323187,0.663009646141089,2.1023738665329144,-0.0139737159918592,17
22.21541886940097,23.132065634586727,3.6408240793067534,-1.4105311235769362,4.554548177407999,0.1064852328614266,-6.736238440429631,-1.740119702405183,-1.9567818687011087,-1.9700285183886197,-0.9106490130716296,3.9481237789284886,-1.5171252318531128,1.447727360539133,4.3653541738265655,-1.7715235894961745,1.878919499764468,-6.175384955643596,0.2547797413599906,1.396514953635691,0.9093766580576907,0.3170723724115556,0.1451306865851797,1.8958111007508245,0.3063436057772207,1.6697381353860168,-0.8427151908913196,-0.5735278800725011,-1.3626694876439474,-3.042187616222927,2.1667092672900226,1.6524931513324843,1.4355983568771622,3.077105867173109,1.98384880470451,-0.3757501163885706,-1.921957977944984,1.7017945286137046,0.0851898021147334,-0.7211237718366311,0.0358835297394642,1.4649338554714528,-0.9591585719785584,-1.490298963229256,0.5015972232061777,-0.1471191732061652,-1.3092171034113418,-1.9318535714757852,-1.3116651894876152,0.3749016526195975,1.2528844295668318,0.0009840551099593,0.4573121463747903,1.5112506156305408,-0.1868105427159065,17
12.246235987009518,20.536509344074847,-7.351808129441363,-7.157426449624769,2.200429184230293,-0.724907805951998,-6.63074959815759,-1.926860323468847,-1.6927243248059836,-0.3092087102257738,-1.314993726160904,5.308608694348652,-3.360249861557774,2.635265365385129,3.2528870140940427,-2.250842646688102,-0.2823164143219088,-4.374983289669359,0.6607205726385734,2.490382594747006,0.3848215303805411,0.0378103772991859,1.1543034720609424,0.2129253428966306,0.6938282498822723,0.8698071760447715,-1.3261182386472905,-0.0522649994828689,-0.9954100853371842,-2.6647721226425136,1.523808632121057,0.6744268062194259,1.5105436882628185,2.863814598613015,1.4604808980361597,-0.285508190416729,-0.5763887215343438,0.6398931538045133,0.6907874071672587,-0.5902046966206181,0.6348461051576886,1.319311673281282,0.3539351620135189,-1.2161722609108356,0.4904972448807216,0.0456719214237073,-0.577470258960268,-1.0816628845642824,-1.22957470252187,0.1065534019294362,1.9820360964949315,-0.1532953239073349,0.4238274613302292,0.4036603416356324,-1.2309547572217443,17
-7.51183334419946,15.061780881470286,-14.690970373421626,-12.297628729038548,1.3444272824585797,-1.9083400819679996,-4.582312696325366,-3.2767813717081986,-2.089684923342403,1.331626240142067,-1.1422975624829754,4.590895254529452,-5.357666599814001,3.414512389622626,1.3274741128387555,-2.0748403111276814,-2.856735976134471,-3.0534479674002446,-0.609908252414646,1.3773809714626692,-0.1238845305516166,0.2437983911919767,0.3542858574455841,-1.3115739624110514,0.2828318549246778,1.374617961697994,-1.5929144967622888,1.22299730484157,-1.3428555835797813,-3.058967211326326,0.3089318414493728,-0.7288819616120352,1.8434325741654936,2.5862643477006784,0.3614805710622002,0.3028495172690061,0.7483409462637248,0.2225420449988716,0.247541329007115,-2.636871496548464,0.3584448991890339,1.826123554025782,2.067308231381058,-0.7240406138424197,-0.1006122832708047,0.7369705796642383,-0.1675814509587776,0.1747601571542967,-0.0893009022939201,-1.2560106143405545,2.3380728847323264,-0.9065876517617064,0.6286177216197852,-0.1627614212927568,-1.4546509638335747,17
3.9247997818432334,19.651428377473813,-1.341254225432437,-6.356891371062625,2.489565142114767,-0.1489530089814247,-5.224495364569101,-1.5178125650724743,-1.369455201115125,-0.994440535854726,-1.3182780210236855,3.853114711007296,-1.886111299061629,2.073283240664197,2.999247387589553,-1.677185537136605,0.7385486360192838,-4.46274508180395,0.469402694949109,1.498710226463104,0.1793451108067501,-0.07906264443374,0.2571508024198473,1.071333808445085,0.68953399846534,1.0752913846263314,-0.730617660959007,-0.4372393938209672,-0.60105741071082,-2.6252497047548737,1.9675382525813283,0.7866865076291981,1.6811473301254578,2.535963043264671,1.3533825113481213,-0.3706086087607285,-1.0029507819208914,0.9809110270098166,0.5730455321647512,-0.6742196687895115,0.3858799777209653,1.2893728176332178,-0.2925098336253829,-1.4159385497771466,0.4832045833579474,0.0719987860369602,-0.6709005948806743,-1.4525932704872373,-1.3133447458537515,0.361894450079318,1.444504244685968,-0.046258447838035,0.2853442548797498,0.6033586088396229,-0.4986220504518011,17
15.32971107564492,38.64773927869486,5.716369007650192,1.9179529150565588,5.518647445698608,1.8086289415492225,-5.982588608323192,-0.9422280088962804,-1.7901631300169532,-0.9497533326002204,-3.40410117385912,1.226860593245972,-0.6785121435574074,0.2589559944461433,4.678138253801454,-1.017443031784064,1.990235231502825,-8.327916164118966,-0.1963176398531476,-0.298507588654308,-0.0038311572040855,-0.0640107638974225,-1.3514388980444552,1.9574136826910635,-0.5780103578335841,2.885608668835227,-0.4964832081101296,-1.519601593495422,-0.345515662848424,-3.1722515812286822,2.9313526512223183,1.4494367048618273,2.46825091341263,3.018387441488646,1.3197350496227354,0.5853727447990493,-1.9387929466293647,2.5288540158672506,1.4567709865752505,-0.8479413606127313,0.0525309737939935,1.862429581437826,-1.295312129894432,-2.319905180676466,1.0621398480695938,0.827479410322559,-0.3781392993750871,-2.508732063571715,-1.2088935751237215,0.7537499969339816,0.9309732513155424,0.6001008289814702,0.2927980131666596,0.1845896497880662,0.4763036889314676,17
9.075456947082513,32.825479909125086,17.291006899862232,6.14033284807849,7.134100806188791,5.251159699945506,-6.482018455472962,0.5355188751226463,-1.4504187456580029,1.0898126397338983,-1.7828434917079852,-3.1698134969364875,2.9904880282386634,-3.190410077700774,3.41805080608206,1.6022570120116912,4.116382915116776,-7.174740741275114,-1.257986017458354,-2.921350096720159,0.0782154884044642,-1.1390471047675053,-1.061273868745272,4.322832105821508,-2.5977974021737613,3.0545104051608187,-0.7182641205803584,-0.9792961003844662,-0.4585767723145238,-2.964263906469808,3.3081269254053227,1.187587503532895,2.29314117281167,1.152925443177525,0.632195652415638,3.787209206057698,-2.3301971535527883,1.6254221522791517,1.1603552504436168,-1.31794707494825,-0.9272895500285936,2.340027054008853,-2.271949592890359,-0.5582455577087885,0.9978963982668844,-0.1592683709537507,-0.6687834229610314,-1.2109887567248931,0.5981837978148898,0.1961675758757874,0.2556456294839018,1.8874467521799896,1.0062332812234895,2.706589907326548,0.3975994198938706,17
-7.395797285055954,12.420291614789251,24.749173302565573,4.268491584855977,8.607918423995214,8.290664073435282,-4.63114604243873,1.4579860870733283,-2.34815740138489,5.597653485334685,3.136186425575452,-4.734918667228485,1.3887624170786927,-2.1665206192203668,1.3216120999592424,1.9449797426935749,2.934941214522755,-3.4777067965188717,-6.369102499544593,-2.41455472764882,5.111569321342478,-1.0794478905623928,-0.855347193767191,6.333861147075975,-2.972027232168304,0.8545011776656195,0.7564154044213152,-0.9074174236905518,3.2545671803523,-1.7802859818111911,1.523366329822364,1.4257430280950676,3.364388399012995,-0.3251460793454672,-0.4290459401724649,4.296719287850093,-1.2189346683080573,2.141306922424565,1.5561503831700303,0.2165750521866232,-2.1519637812148,1.1462270461310555,-3.630229971495414,1.2961158562673525,-0.9435955559995106,-0.4786993909787436,1.6551079614713644,-1.2894679074883368,1.455065140083088,0.4907719508804633,1.391734222595745,1.231124415800395,0.4103869829601085,2.984199736050545,-0.722013416779996,17
-0.4154374160679571,31.035737057197768,-11.35365771693356,-7.057336085586651,3.218053756049231,-1.15391223108065,-4.670150163660561,-3.3239861737903005,-2.7030265938581985,0.3210472932713376,-1.4092799820275117,4.953352799910649,-4.336314396408794,3.7862024796721663,2.151342897659959,-1.4218788932610504,-2.596366120716867,-5.121051227573102,-1.6611044488043651,0.1819449656292344,0.8972016121190736,0.9196099762497676,0.0245242139843651,-0.5984936386735824,-0.0176980697488605,0.6848931696125974,-0.8507213520532131,0.612811772602968,-0.5421515826413423,-3.5509950535195918,1.045610106994986,-0.2350080190423427,2.1467944111791017,2.207783258324879,0.7774146495094248,0.0743887098592193,0.6326976890747148,1.6279125520118711,0.6277895997631855,-2.541930268645132,0.652516428937256,1.3722512137501477,1.0329681837605529,-1.0545058911085443,-0.2180712883953706,0.9141571977889936,0.5642049012842493,-0.4228909734278786,-0.6996452380830126,-1.8295608048096577,2.422866500789061,-0.5612256934056575,0.3575550004998099,0.3516660754052463,-1.2292275991316866,17
-5.78939481219016,36.74517986861715,-4.308680493101369,-1.0858267857028874,3.369782600431434,2.048916992126611,-3.520806735088141,-3.05606427033476,-2.0845806813898515,-0.8166760142559513,-2.652440363238702,2.88530931341021,-2.165965921937249,2.7432142589772543,3.447699841039971,-1.0790589212707375,-0.8764893152442227,-5.772009922351989,-0.8670227308260038,-1.7002613183587114,0.3028995336327583,0.6230396213451639,-0.6098503150979028,0.632674545177343,-0.3076214166873373,1.299152106325301,0.4257065003778472,-0.5992397134035368,-0.426237261646625,-2.834194649748455,1.5693007421950806,0.4706613937091542,1.930208398845244,1.455435785470223,1.2048801226306065,0.3645887167005586,0.3920939847990322,1.84358168846325,0.8412426216736335,-1.45296740604415,0.3291690412982392,1.3839307090599815,0.0016535982529714,-1.1820965393208676,0.2905735092459118,0.3060977719597674,0.3686268354609829,-1.7223528172537916,-0.7337295194463362,-0.8298429054958608,1.5699033242030775,-0.6180222075500021,-0.8847127353693732,0.1073169770355093,0.757239862126082,17
-21.78409864360201,22.52885385325701,-11.728014315247366,-8.301948513159214,2.0499379033714606,-4.185597642279639,-1.538620046656743,-5.480886775536689,-2.1153587123452646,1.6645603127215003,-0.7794291447355726,2.386291519197884,-3.7720486388711048,1.8638389988606576,0.8937751620021236,0.5092032159873195,-2.0623521026366647,-1.4193840836694611,1.3395329718204945,-0.2275165253582954,-1.1807645544389556,-0.0073407180207413,1.3683750578960108,-2.989596769923875,0.0503595386233977,0.7490365860415691,-0.4324854108132844,-0.5021659737060653,-0.5309281011745405,-3.778394434643649,-0.8450972963234012,-1.7347759666293592,2.027715766071326,0.9305338461561152,0.809480096625638,2.1890490491886974,-0.0467831735897042,0.8142058591570888,0.4437480977998216,-2.367324895039946,0.7749381239157309,-0.4915530554520397,1.4779861167255852,-0.6914793607914869,-1.1313573207463037,1.7972322388075517,-1.5948118391561237,0.3737563557328079,-0.325684078331267,-0.7414493084188586,0.3009354617910673,-0.5482169997764413,-1.1420960325594598,-0.2855012063527521,-0.875872467522669,17
-4.559937194718535,46.489325353145645,4.29532327824287,8.88439380193933,4.410491680549465,7.346529133101795,-4.280779127179788,-1.169547759566795,-1.6882765659746422,-1.336056506511178,-1.2627483662752952,0.0212522066952463,1.7279244258044142,0.8622592531528437,3.5707725012162097,0.5572232169062968,0.513313804227961,-6.130723557471289,-0.7982627510302756,-3.344456417052037,-1.312990058695915,0.7060779685416385,-0.3855808270021597,2.3199696802144,-2.2405872721575486,1.7883874611937831,0.9634140283574176,-0.6843940680190383,-0.2066310225262882,-2.587377473496454,2.0523127509433032,1.3515456202746956,3.4875408281489517,0.3850921253273375,1.41134439933937,3.836515764581193,-0.3525174127191795,1.6453877502178127,1.990320706374807,0.166385806761335,1.1183361509774248,1.8971204882682535,-1.2473538885405586,-0.4734000670328362,0.9319130233529096,0.4140330396718846,-0.0789335982309842,-2.149468438575606,-1.590786108510042,-0.4833566402695311,1.188372134971122,0.2351627226084219,-0.7125289275120363,1.1884451587333311,1.0670182688280785,17
-14.976445467306238,35.54327820543549,-10.415391612744456,-0.2587338689680068,2.3682768885412813,-2.670787469997693,-1.5596249549764265,-4.144534875844439,-3.5877151602677086,1.0551496304852488,-1.7014873964094266,3.062356663228527,-2.789106257459295,2.9022110227932787,3.1427403497848143,0.2951191043753848,-2.204279813319728,-2.5546845181702067,-0.3442820736165422,-0.82042696116384,-0.4904815682909062,0.22613920684449,1.436981534706706,-1.7118581132415396,-0.4648188584509554,1.2233928374008234,-0.0320935320756405,-0.1855738234931302,-0.3137831444500938,-3.611574072850188,0.2405214925658712,-0.5086302323019831,2.9811580876955417,1.6399646549760047,0.9862334725896068,2.2413649365143504,-0.1486373311707979,1.6719197046292815,0.3735749079312409,-1.739016575525882,0.7751456021328282,0.3890871878249238,1.0965674401217858,0.1904518347130602,-0.3644244073118386,1.3567902473755482,-0.33907654476103,0.1219936776612478,-0.6247360742930863,-0.5281719201414636,1.5346035422614734,-0.5929849288147376,-0.9645804943667698,0.0482808661457202,0.561833743982949,17
-9.7502693512561,50.160372630820326,-6.556134708363005,13.46255747357568,3.58004048118992,0.3448821928953496,-2.9791448101107885,-0.2694510640423821,-3.1972926753225863,-0.7409860802716848,-2.5396243665624763,1.677663822384095,-0.8051095381601157,2.105701642198549,3.663348046815405,1.8925114103452236,-1.2631063449147295,-4.412505837819531,-1.1615244635491249,-2.108558662713132,-0.6773368576233822,1.4763615525894829,-0.0623082357445099,0.5000821685126027,-1.5110772381826996,1.602529028842187,0.5888650407671352,-1.7740771973678429,1.2927155476740506,-3.24135035759881,0.3488142050208759,-0.6165005822879699,3.8972831808198447,1.3654018238017471,2.0942076672481,3.558606878412309,-0.0136727492307384,2.166195554464304,1.7748510204865735,-0.8601907966781369,1.544706790335283,0.6255684316126686,0.1591629824597618,0.2856247302765615,0.3425471832736762,0.8419391519637223,0.9232466398001452,-0.8078530700040382,-0.9239338234219058,-0.6117550327678051,1.585738928281282,0.305723470052604,-1.383034095009669,0.2032581809534301,0.8835977457938557,17
-14.985927023811987,36.3429320444648,13.45602771678922,10.466796626700688,3.730943084312487,13.32625249698008,-6.33812101604803,4.619990965959847,-0.6359065020566791,1.3465653954015646,0.6190949644041956,-2.004332758568276,3.427867014774361,-0.6998620322442375,2.295791964664628,2.0595176187498043,1.0918547286689635,-6.404855400531183,-2.938506720974061,-3.3318445602643143,0.2245110342942063,0.5010141780231606,-1.1359237646300833,5.088543891928794,-3.053661092174741,0.458542291444052,2.1463000095157687,-0.1123400785342436,0.9684592518407747,-0.1011713191020288,2.8722964099026167,0.4805012840339798,3.525582927516465,-2.227832650566719,2.537807588553329,4.053520055731275,1.2390318319279947,1.2437260696745485,2.213210816518712,2.1730957315485626,-0.6348921211712648,2.990653711715805,-3.860300583747209,0.4299268795009779,1.336771434510015,-0.1109547873620795,1.0712520463014457,-1.397024792422723,-0.8126128036366096,-0.3918928319577588,0.75512890708264,1.1912195251992832,-0.6260816460550889,2.166609341633531,-0.349165527413269,17
-26.221955604248222,24.515412540940776,-12.429782327618833,-2.763778259855868,1.6806581748387412,-7.057738487375057,0.3801445158428959,-4.057125884247758,-3.1137434847246745,1.7163406484888155,-3.3514390650218666,1.3291487669339193,-2.5731671807157794,2.7494116212122024,1.0913400302314296,0.0834439871532662,-2.7379364649376003,-1.4774441025935694,0.0165378755289211,0.2247656541188918,-0.6995957853830068,0.4743232727064154,0.5141332080655472,-2.587285006500634,0.7363957347185517,1.4598494247444969,0.3173319470215224,-0.5408215832544374,0.6928963325508434,-3.131460527020115,-1.1297229573319525,-2.0538736260618733,3.3427101681000435,1.4741492225536332,1.855806067665415,1.823482182034236,-0.4853862247590624,0.7497934168469784,0.1149432863399708,-2.0929792461474226,1.4208514222923023,-1.1714369757098382,1.986101114786888,0.0532439510248663,-0.4636231582159673,3.0468200035416406,-0.5641923521488179,0.8767377169786567,0.2804398711278685,-0.0475066232287417,0.8274998644182283,-1.0502018194403135,-1.7028736848104369,-0.1446661660449553,0.1908759197291403,17
-19.79329034054153,39.73545070680836,2.3008939438872726,16.07147031790576,2.786843672766088,6.043797189832817,-4.489445662646537,6.9647737787016215,-1.789975607602938,-1.1530321118002855,-3.1865238986526605,0.1075847603149223,2.6728458624309392,1.434946587994926,0.7893134254205721,3.851002391547715,-0.3347169557647964,-6.251662380848227,-2.167742076873114,-2.098087922276526,-0.1336876663212622,2.4637119651017785,-0.7479026977756621,3.773584962948984,-3.18016826228032,1.0226178843991296,1.4401984745306189,-2.540432053221586,1.6156871175146372,-0.7836204712183944,2.2638034729491903,-1.027792196840765,3.11123150834554,-0.3749043371238362,2.0831745270302187,3.936443752842509,1.9197588705531403,1.2627683779266472,2.002471816510886,1.9883184836549512,0.8922352502196054,3.2528588350935577,-2.1121667673754203,0.8831774254353312,1.1731744334731729,-0.3725252229924223,2.4273348871659945,-0.3586383149285939,-1.1080038628811202,-0.6677317037762832,0.8896585225110959,1.0907731991808125,-1.2687309480181934,0.6699095584829414,0.2741875322249346,17
-24.985117575019217,31.70641743674371,-11.92958685799846,6.331123796970045,2.2383638020178016,-7.57297529830108,0.0796123666352613,-0.2084454529165025,-3.2423065415912564,0.6135990137714085,-4.422309776530804,1.0317847220362315,-0.5057082326963068,3.272113204882725,1.1922553128741404,-0.022268110946794,-2.288259036399611,-2.3059463668881426,-0.90238412305274,-0.5699713112093872,-0.1375269261743153,1.2254161305901436,0.1245189125963021,-1.0436573125231807,0.1720557749114601,2.349149659605645,0.1885411315574225,-1.6790703340152315,1.536642954410005,-2.4623392596443376,-0.5803594229360234,-2.576458254888102,3.6032262630361496,1.5054208005525438,2.5244851622029207,2.1159167814515483,-0.3164067738019478,0.7857531525496769,0.5849014595165702,-0.8685531425652809,1.8674267334339256,-0.5807404450694179,1.2740572720028875,0.7135909377769502,-0.3089402727325251,2.392858584981923,0.4823456684779366,0.4100087103335388,0.3815596851536849,-0.625299845715265,1.2237084555084952,-0.6655070010573806,-1.7636113696203637,-0.1946774125586881,0.7537070930726641,17
-26.98356705095426,33.661500335483026,-7.828878412560875,14.684983699890942,3.5321855972413974,-5.146091190390462,-1.8893875097110056,7.211805176092349,-1.505322961265364,-0.6562097692439607,-4.348720952002494,0.8471370487981227,2.086529043162619,3.09168067779252,-0.1689796083244394,1.1938427462541112,-1.801788661473536,-3.188795367536577,-1.4219864147082355,-0.471712777646092,0.3917794768814253,2.427415725142252,-0.2794604856944693,1.2099847890369435,-1.6266185851190922,2.1755082673433512,0.8307839687879195,-3.228089980171436,1.7010193863716725,-1.2321167843216154,0.5953487546366921,-2.6976841185101805,2.1688013991348947,1.225844165449603,2.4582926218394654,2.7085488621933576,1.036755439967156,1.1946686274134235,1.7276630805126785,1.6064567960707363,1.138215277766424,1.1725195799141517,-0.4292760701825204,1.4933626742477044,0.7158685291825734,0.5352677958716708,1.974417630582662,0.4740976317732178,-0.0365494157974642,-0.7236964721815441,1.759144127999383,0.0994865172067806,-1.6197874914941246,-0.2850021306131169,0.682431105947726,17
-31.415289922454864,27.2845460324033,-0.1594192215148218,15.202581955042694,2.72973952824069,1.203002592849245,-3.5671265509155554,13.862414202769626,0.4038671037651094,-0.5088911609276374,-3.0094666819097693,1.0817078237890796,2.969712471723488,3.8035781175917096,-0.5561778030242202,3.76535401920769,-1.9999532931040396,-4.933357570974552,-1.715348755743846,1.6128464628217076,1.3566035594802563,3.304932260787578,-1.2240034345045328,2.9395258969447786,-2.493454911395272,-0.1958114989114468,2.1396201469827,-2.9704785646299494,-0.1694240499981805,-0.1245576974794903,1.722720319151299,-2.251359499877022,0.6101764256779169,-0.4483563192339737,2.2083702902929336,3.0115417915188365,2.4602939227893543,1.3212304627452005,1.978080838239132,2.329020143427744,-1.138640297045339,2.5034001316876595,-2.5235998068875385,1.488384548542396,1.7247047986030477,-0.3163400500410162,1.3807258816646624,1.7561543523560543,0.5897508884354721,0.8849518227973449,-0.0379287518876432,0.1920002823581149,-1.9872858283133925,-1.2743419529640945,0.4903702415171682,17
-33.951233814812305,16.722740599836172,6.996074108779497,6.2705287718429705,1.362558414680438,8.01703337948412,-3.836958498045814,10.926752861197675,0.9973769670815836,1.646965244261771,-1.118390461085189,0.4323750016568006,0.0721482547384295,1.470289514313119,0.0905228539296463,4.69398617710753,-1.2592130010213027,-5.678597362936651,-2.278742123338955,1.0680671849219074,1.2643050004408152,1.2060176579028346,-1.8168443139184611,3.1794328517050414,-1.1709755222208502,-2.3146728237606333,2.857183441302316,-1.0525099896021366,-0.4782988367276166,0.4135757643335701,1.3518757028860562,0.5200820386598349,1.7308737134358902,-2.3153218386890497,1.010742748341786,1.5482220553310455,2.766982856124818,-0.3139064012692585,0.8187498785003451,1.7808523117078583,-0.0742685289184066,1.338707286453953,-3.698628579213309,0.1457116549901674,0.7747347867523122,0.3716070305782699,0.268140123310688,1.1351500757075588,1.647854851844048,1.867971134453442,-1.0009932754242723,-0.0767145546465615,-1.1629758714084009,-1.509890330661595,-0.15352477349311,17
-34.57340722783411,5.967479933555455,12.482660645708991,-2.0442342165863883,2.361504039348299,9.447022982583162,-3.5258215320496435,5.91417564265786,1.5051726271483314,4.418916519508557,2.1619983632636437,-0.1734749782079217,-3.201840459363876,0.8243269352208215,1.7933416389632653,1.4706136784093449,-1.1627430667729657,-2.6777627131365644,-1.873458183541907,-1.7843846665263556,2.1785289829731758,-1.5824423425443963,-1.0314972318090068,3.2155634332171865,1.1891608544700174,-2.2932747290020146,2.499698916370175,-2.1802290372295268,1.541565482529509,2.421981604533092,0.5278617207390127,2.254412538696788,2.5158838427687105,0.082049069465941,-0.9795432762985472,2.0119492711511664,0.2987089002629201,0.9076257890426496,1.6479270955911762,-0.0016808258012708,0.3604404328438061,-1.992145237518616,-3.585881806029222,0.0584059093804787,-0.02853633937255,-0.677900806215873,-0.7463120312406912,-1.3148000718319408,0.9822987379024396,2.1062136576690103,0.1388751595948444,-0.5202896805319687,0.3018203049962942,-1.4571605919988293,-0.8788617765590463,17
-36.509411735909744,16.72540768423664,-10.378016994185662,4.010399580148922,4.196618741924205,-11.847908954729148,0.2164492770881143,4.491143748865047,0.5478471056717403,2.325230998410584,-3.748418001683529,-1.142336258005241,2.45423438393075,3.124664861049263,0.0901383779107576,-3.9867093588795033,-1.8162648734942977,-0.4523817190434826,-1.1263636338420064,-0.2102065363837518,-0.2459206846409437,1.7220076269494835,0.2913728315271883,-0.8201900823451678,0.3774427578719307,3.443898336864802,0.0520979912248407,-0.8183744858238614,0.3318667653409597,-0.5747674160802544,0.485800353762405,-3.1360763327028613,1.6351859780131666,-0.7031380162562773,2.839507096590973,0.8271470160657737,-0.8944932448561556,1.3122028092149705,-0.607147058076266,1.281321607318435,0.6098051717125035,-0.8186145643091358,-0.156126716374486,1.1669172927995088,-0.3043461068406038,0.8405732038664652,0.1051910170999043,-0.2432753803019627,0.5097849904382218,-0.286526196033016,1.643136786004045,0.1259491752560092,-0.7026130405824014,0.1034530503689603,0.8419782135637346,17
-39.933293699328495,12.975167469695837,-5.460768335886966,6.204964873500586,4.322006288468181,-8.496985836150134,-1.414768167082452,10.723418402616328,2.192606039494092,1.6116710222037658,-4.2277000272170415,-0.7095587655661465,4.042492819758146,4.182635967335303,-1.065721326573711,-3.369938651426988,-2.226369345711038,-1.8728640551777291,-1.1604005415367316,1.3149773805094072,0.3904353084623658,1.8534163908722705,-0.2238879710980681,0.2692569266989788,-0.982728333095782,2.179827390457042,1.325987008574849,-1.9588115676406157,-1.715128969519844,-0.0725828302170708,1.3254184029014544,-2.1035296857570867,-1.6609623280435728,-0.1864287234941437,2.739531024088385,0.982795684140542,0.0397100647444942,1.447266972101764,0.5654335434399163,1.700913403525805,-2.0984130224310475,-0.3741530144810519,-1.6630902255190658,0.9838716291834604,0.8360889159113223,-0.4908421691012221,-0.2887255105703111,0.1015287568756068,0.982864051589791,0.4719041106748105,0.5328873397921843,-0.2449627394536589,-0.9936270997448756,-1.5677451820638055,1.121179377842639,17
-38.57590241018704,3.977979662436452,1.1120206773290446,1.1580262327011976,4.891264582319829,0.7000362935862804,-0.8304018792584574,12.145378384354055,4.42292236595628,3.117050601269316,-3.80291196468106,0.52035778296661,0.3535122420026282,5.086353798718895,1.690426123103807,2.9408588530706035,-3.775520394918919,-5.648580573661402,0.1746793474361285,1.7201598124230308,-1.2320212361371556,0.3129471672756361,-1.4631536261977391,3.178869374147253,0.111991303449064,-3.174093133428064,1.2404919337812257,-2.091376707721273,-4.1095768711252605,-1.4711769437753892,-2.801628239972577,2.188386886843392,-2.5843994474662564,3.134180550554974,0.6135076268987054,1.5125070872278412,2.6657534589227274,-3.193513496772323,0.6036794616204803,-0.5214494058935747,-1.5568016764564363,-0.9969456498962768,-0.4195565913240964,-1.6856651392426345,-1.1702077393889376,-1.9345755197209809,1.1654787680757643,1.8040377220909545,-1.0948832673821405,2.694689014203864,0.4011652536767266,0.951148797359738,-1.0836299972920342,-0.3599867681268108,0.7242750570493115,17
17.07833252243197,-0.8335775935064494,2.930107806677994,-3.1844653604137805,5.001455720966152,0.7435910553722402,-4.958303721125099,-2.01347265240596,-0.9069243823235572,-0.9307518057903148,-0.978590862740165,2.8365410571722056,-3.5343871914962897,-0.3205340747653327,3.5566391195806126,-1.4331216433423788,2.426249082144077,-4.210285878796009,-0.430887339532232,0.3564912358140564,2.161597088710526,-0.1577663959653251,0.6048523254480644,0.8739206915005915,-0.4696313518017656,0.0608790589574051,-2.8060824591277505,0.7265418154466201,-2.569017630673092,-2.20155900871193,1.9175888906560972,3.030801419985498,0.5274723336924452,2.9060788580933137,1.2951973918970354,-0.5770404932107576,-0.9333645731131108,1.3494582518660123,-0.2308908699386371,-0.7839915155133816,-0.0542239730173594,2.0591995191507277,-1.324644816873856,-0.0950499301657848,-0.0808495764947584,-0.2777640252007203,-0.5343345170303898,-1.4111937876527934,-0.2486957243218257,0.059311865980005,0.8983504641369735,-0.0594674292328023,0.8061674539904021,1.452834224221489,-0.4611848169506757,17
34.16204659226767,-0.4232493309679128,-8.15209432993675,-4.204780111722865,4.169535870624072,0.2686240669917541,-7.264647302780823,-2.721513567597671,-1.2719964118263185,-0.3312633551881235,-0.6858656930599358,5.747321427431577,-6.898612535073666,1.1402027549044729,4.299180861738537,-3.027055688197032,0.0135202053706043,-3.9122165880550495,-0.14328491885815,2.531684421099291,2.386268442191966,0.133146380845187,1.8932454916179025,-0.653216773514756,-0.4585036864150466,-0.2976324544793078,-3.3062432597891425,2.1888739134793163,-2.946078626516828,-2.330522723651304,1.207212405932777,2.597192886473041,0.5391625489854196,4.151160731028769,1.8259401244416469,-1.2160127558890386,-0.3588416177714592,1.126121515050079,-0.4060696462341195,-1.1229797445604195,0.4942674237164388,2.252588820484497,0.0293301529039664,-0.1074639455224237,0.1022910964009058,-0.2742719965687342,-0.2370749005171795,-1.0941450827541244,-0.2802745860021874,-0.8714819878928503,1.9063114338637996,-0.5363673857363239,0.6678146980768588,1.073318284984104,-1.6041829834431938,17
33.56659480730828,-5.282066634524526,-2.5515438122313383,-2.301386240891469,5.145453351368716,0.7575923195739382,-6.408422080747925,-2.655344406483795,-0.9906773845438795,-0.5748502379351702,-0.0578520678126396,5.116664860055715,-5.7532182460402055,0.2808827009268038,4.299800539082849,-2.476224608416586,1.5932412490655898,-3.8585253329026985,-0.3187214039703718,1.6978503011608863,2.8681676343113907,0.0993707498068708,1.7450225317468604,0.0668057847147853,-0.5356822432369934,-0.6034441489607143,-3.8025964201235927,1.9667148215213257,-3.202788597404031,-2.476275164309232,1.4172258835067797,3.5016741744754114,0.3740231537936947,3.910036471405036,1.7015651164593255,-1.1884138657487129,-0.653026723497227,1.232802392182708,-0.3556970989308343,-0.8961883678501549,0.0842094343521535,2.554414068175201,-0.82704663972403,0.1000221758482967,0.0335125247420203,-0.331445769131039,-0.3262579520154518,-1.391765397503718,-0.0505005709556661,-0.3840253006113169,1.4283587127043875,-0.2334121447168368,0.8082427396885503,1.38596439401778,-1.0517444365002993,17
20.41398306736889,-6.6238181861903,-11.390043960705636,-8.267534413471425,1.4780420477700722,0.537387720531034,-7.481434612683661,-3.0666457005933867,-1.4152967348049774,0.2059395063049037,-0.3338065453013544,6.358623231986504,-4.688617824451176,1.6082374735207012,3.6227041746566617,-2.3820342130065155,-0.344437450075842,-2.504646551353296,0.7729944729531935,2.759531765402584,2.107194455717143,-0.1778387468327862,3.280768392821209,-0.7094569893390158,-0.1615793162720367,-0.418472249662297,-2.566425870145153,1.9550282915458697,-2.7898987546987084,-1.8684332080615988,0.0294445600485675,1.4256561527386806,0.6839606836182641,3.6145299889283113,1.540651835772962,-1.075722747477637,-0.2821761093630852,-0.4754803989212476,-0.5705007323127341,-0.0974768372386773,0.5454110865603856,1.7931219976628046,0.4657656762149587,-0.3592280640620764,-0.0558779032722962,-0.9427799246540064,-0.734344758664822,-0.9587735789803036,-0.3881848085995951,-0.4528838904637296,1.4370074860777986,-0.9464402324705764,0.4266421730370959,0.8845887149523586,-1.7948546281933997,17
37.24910495616373,-9.592093275566087,9.11546802197444,2.329806352655508,5.401300689873791,0.8052599828199892,-6.788492207351927,-3.097887299817149,-1.9051582650259893,-3.0600618195450986,0.6636550128732699,2.9832864739095286,-0.3987783619259237,-0.1572357309503315,4.947752555307679,-1.2215680173632135,4.490065720432497,-5.447161247484401,-0.11816164610987,1.255634241097836,3.754491553199306,0.4762506843956724,2.350697998597974,2.6061846556235824,-0.3589571896623007,0.1822244557486942,-2.4535413854054537,1.2333836115223,-3.5266898189840634,-2.969203237179931,1.2027602618680229,4.142364139416375,0.1729679123879335,3.2364627717890797,1.7022392656201355,-0.808179759812583,-1.8034674508902384,0.9969439113593676,-0.9620037054001436,-0.2368995300891975,-0.5870213082359425,2.5843649163695983,-2.202836373687976,-0.2051960853956315,0.0691421605589427,-0.1790308521904869,-1.5999236098546403,-1.768770215050562,0.0161600577340067,0.9276954238986016,-0.4027648349028987,0.2114682052684041,1.0610157096154074,2.523315995786229,0.0032499459259981,17
39.199611409648526,-16.618786207754432,2.540419640633419,0.4320370400514317,4.097530008498103,0.8548379248465463,-7.186773402954835,-3.288959627720478,-1.7780736563148902,-2.4711721432545497,1.0454252836031983,4.710103605769588,-1.5117218173346776,0.5233875338704614,4.950107598967612,-1.460433073873686,3.347292635530082,-4.165403089821488,0.1618948805054131,2.1298234430921346,3.974507997887357,0.43057609412858,3.6050698014614384,1.616859384153858,-0.5758831002761012,-0.7514251331012172,-3.16221123120063,1.7962035511911625,-3.671261181337591,-2.7676161491739366,0.4058340973114434,4.099250900504984,0.1850355605253693,3.481319632717917,1.687923564026938,-1.372422047211605,-1.492950153991839,0.4495467387479502,-0.9587251105860922,-0.0020568331726872,-0.0030797410643986,2.800311556403572,-1.6276651818221088,-0.1133789757700187,0.1620432909427012,-0.3023604621757227,-1.2418624137102543,-1.5061405091421771,0.1895142335485265,0.7000877728205943,-0.1556539082558151,0.0478887241650527,0.9880913907443566,2.157446438149294,-0.2678320383985735,17
26.422295049754936,-11.51717916607035,-7.459832473657612,-5.814427210848923,2.0769587921213164,0.8576336722909216,-7.217028717532174,-3.182921184986234,-1.450060883894431,-0.402046126836878,0.3446190516709451,6.229192540124877,-3.6814051795159615,1.3916799410772211,4.015421409874357,-1.9621891847771995,0.7350848625738063,-2.708556605402808,0.7258113831320855,2.503582263275912,2.7269516791311377,0.0112714880145883,3.5232681489493283,-0.1708176721095801,-0.3379605796893836,-0.793790691954204,-2.7609567314150745,1.95295399157519,-2.99739835411218,-2.085005152697329,-0.012956723754145,2.4414422224524017,0.5284159498818711,3.618561075132521,1.6299362036352658,-1.3183756360913912,-0.5398358160693543,-0.2541706095503309,-0.8220193595472978,0.0026852571148434,0.4091775206705493,2.0313105141666385,-0.0774571448734749,-0.2141122819833778,-0.0621259978904877,-0.8512724985956199,-0.921593655487444,-1.1397390300603414,-0.042694411465981,-0.1893712696668396,0.8276795917770937,-0.6732924821565812,0.6155892062695729,1.2104126927894714,-1.376734825115111,17
2.8224397531591365,-13.80101550803429,-16.426390523648397,-11.309897608108887,0.64674930937977,1.4408853204585648,-7.269665003725405,-1.0869634309625986,-1.0044215462404749,1.4763357343170185,1.6592790077706558,5.31218026954966,-7.160642554765909,1.5975816926623687,2.056651129946359,-2.102350904398352,-2.0447149535351654,-0.3842304022072292,1.8116818846074667,3.0553830561898137,1.256233572396488,-1.0518638459162135,3.1618105954023457,-1.272105819513348,0.1856787778372026,1.0953174888447277,-1.7192362953597358,4.379399025890812,-2.293566459988539,-1.159512203557818,2.267535181479479,-1.0538149983629317,1.0089501395143423,4.368337465122612,1.0691733196083957,-2.0588086582066976,-0.2897638148119305,-1.1858348037344175,-0.7775834949237838,0.3116592298613685,-0.070443115383761,2.259452119060178,1.7734579495147789,-0.0676961874684181,-0.5005208231714187,-2.423554458177287,-0.324426753466634,-0.4755692113741387,-2.09496725942471,-0.9374586247585124,2.2021097175461355,0.0860461467867943,0.5842955794542225,0.3506688435618935,-1.3732899099457012,17
29.63546177395349,-20.245971471732325,-3.291798381647705,-3.3510917100597326,2.6544800484235034,0.992442333834267,-6.788293009842127,-3.040239782139912,-1.2414970371840568,-1.0683255786162091,1.017366318086358,5.583371346039969,-2.602002127212797,1.015492700638696,4.390661856810987,-1.465811827293811,2.001437408846537,-2.7157260054156107,0.6240995857313095,2.3412717102986376,3.491117874119912,0.0802745741393615,3.8840924724183674,0.6594073285596411,-0.3996715150278214,-1.2782083191736373,-3.051682970501326,2.1193468945421725,-3.368418926319125,-2.216457663258856,-0.0393871775436862,3.377324318781888,0.5178811185642991,3.390802541239885,1.4215240499153368,-1.7099238951483229,-0.9220984731606724,0.0446159580938705,-0.9582612382219672,0.2439287905257662,0.1805635016615419,2.33506118116607,-0.789709062055423,-0.0983724739512367,0.0803750298398529,-0.7887249514902233,-0.9303328285178049,-1.079661662279365,0.331149298510841,0.3915882497357104,0.1259865807702711,-0.347401006728565,0.7724493088357071,1.5606919840694458,-0.8545250583886388,17
29.823937400919103,-31.355054817102943,4.531961713690937,3.277760184924816,7.683308817062766,-0.9079010621688116,-4.650105467088412,-1.873629513908721,0.3511449180616692,0.3554855214891184,4.012539408242841,4.048048648563109,-3.631358879030225,-1.7660288363457777,4.4115399118930005,-2.227123313231583,4.920542902444983,-2.0853228865795286,-0.389925447956614,0.4120143705117383,3.655718212586434,0.0268671463379018,3.0568553456286827,1.2357905086514562,0.2183697728120366,-0.7106039327610792,-5.6304637155374495,2.104224500593017,-4.472965735730245,-3.432170436924677,1.763002816753496,3.94399116144293,0.2148175761869438,3.3308051909542047,1.4272850025453654,-1.5966744737471856,-1.779138468411559,1.648951685799237,0.1520158779783855,1.0031239771143734,-0.3388449086321449,3.343899537878356,-2.483519307516661,-0.0414417484313376,-0.922253912584924,-0.3208527554834993,-0.1454101680280075,-1.2742540340776216,1.4622830794248478,1.7499100601880146,-0.0133410056067059,0.146073695224091,0.440777997151256,1.9302331253781548,-0.2445740786290171,17
22.22091438370798,-27.77307142731773,15.922409358078925,6.190993789626785,9.719357547260715,-2.3249321701856425,-3.2312876091764333,-2.9151600149539267,-0.7091660100152746,2.653843160501815,4.166092339229625,-0.2463548314686227,0.5441180849755588,-3.559607460869493,3.192959827420855,-0.4452097341512601,7.10639278113856,-2.4955243141300847,-2.5938996453193317,-1.5754762754361522,2.1218092525358663,-1.2612041195931865,1.4351232151204896,1.141126116417162,-0.6089209650729769,0.9850619954630284,-5.287053339699657,0.1289482150927391,-3.071134739621886,-4.621003225158148,1.613631774068523,3.677176782022273,-0.5927114576154222,3.040841273242647,3.607555823152642,-0.5051489192432906,-2.9864642443243,0.6667257615802127,0.0643950618158616,1.388385537876892,-1.2404069306103074,2.464438389009937,-2.737984021242757,-1.0008204913424343,-2.0974775756680524,-0.1169567144723376,-0.0605495053069622,-1.80269942944461,1.1805997239794797,3.1934071925795124,-0.1306306443267197,-0.0587437990850125,0.5933977352945117,2.578472918510813,-0.2440017783048018,17
-4.313004008570175,-20.040370590133534,23.05399877325257,3.325945568639454,11.27424594126944,-2.781724724647463,0.6410520677192394,-2.751236116723021,-2.237568682286684,7.505720071944546,5.518570186140318,-3.0148555252204665,1.8530117927420704,-0.3431695152865345,-0.0803935858140059,0.2626098274122547,4.737269489161256,-2.077765266963583,-6.365737513988196,-1.2844756120682232,5.562745473456125,-0.4991484688465124,-0.920333046487945,1.9723358326213565,-0.3429889314805304,-0.8701543379858141,-2.9990931818875466,-2.344605859744282,2.842218129279167,-3.4759335614091964,1.0739477819784062,1.6343658371838956,0.711930882780541,1.753041157252795,1.8620650200405684,2.289881741985909,-5.430124285247033,2.1751314353760978,-1.429037789345341,0.8757531386194634,-1.982904207059848,-2.1467066645264965,-2.0798687323972587,-0.9312477390767384,-2.525539292690556,-0.4558493232097356,-0.3648710073083334,-1.5415734112810455,-0.9420583677218172,2.1788033007966456,-0.5182931971726622,-0.3168301241646248,-0.6101076843587977,0.7787826528444802,-1.1090568919147032,17
18.836018010793484,-29.45795280883859,-13.0059450500611,-5.081999704201467,3.4610531616196,1.7191875879469949,-8.19222371977496,-0.887663949488287,-1.4614641062801517,1.368546873518189,4.125937031672901,6.825997113967432,-7.577204123478111,1.6040318688784343,2.903190884666478,-2.640884448314312,-0.6032844387014251,-0.9020512452987416,0.975429091623722,2.984935891067981,2.9635534403874755,0.4893300305934385,3.3961888248814733,-0.2690418995253789,0.258009926270792,0.2501939039785527,-2.206021560718074,4.186836229050539,-3.2576493393021746,-1.567187441971987,2.4980361037486944,-0.0782637160299684,0.0006681441449763,6.341360731460782,1.7830457661597332,-2.184522975881785,-0.7866021903336273,-0.602143410150942,0.3136814161959138,0.3891888600067387,0.1259461944218976,2.3296569203950583,0.4182950443929587,0.6284205802578349,-0.4871332429656165,-1.9299993598441996,-0.6981191622658329,-0.0484056349539863,-1.7300105733033777,-0.628382177776998,1.3751759538682895,-0.6879993755872286,0.3840775541198962,0.3088133566239631,-0.7345738072409302,17
23.244901899071287,-42.0390426014755,-5.875054285453504,2.831479786424351,6.619925146649307,-0.7427288376442623,-5.92665435172717,-0.1880563604312497,-0.1842672264217735,0.8215826188135331,5.101627022422559,6.433602030421594,-5.282044725847192,1.2523797256087073,3.082456312797511,-3.562751863467581,2.1114715343632704,-0.4653297496654657,0.3799195297563665,1.5049585767176654,3.7842577858398414,1.599446524899999,3.668695092590637,0.9723355194685948,1.075050632700039,0.0070705323101935,-3.946010269997744,3.3607009695001784,-4.019024019014185,-2.2476578094781887,2.229217643056026,0.6803765068474856,-1.0647026219074769,5.770867600718014,2.316788194067487,-1.7024317341563016,-2.337710195910526,-0.213507484704725,0.5337290169048492,0.7410938417638662,-0.0204557877025087,2.2875421806555534,-1.457045758990626,1.1475165312580218,-0.7865861196417006,-1.3933524925990757,-0.7266823026392651,-0.6145037913273075,-0.7833621093207707,0.8028811654087763,0.4288440522752412,-0.9626201596750036,0.5530272414627466,1.1763649828373286,0.4888236323418671,17
-3.810946959236094,-30.773820586543888,-13.999329300236582,-6.153093808636765,0.3226200196283515,5.8886707811880346,-7.544077934701005,2.34497795842713,1.9694889030209952,0.609876571353247,2.380003311661819,4.948013499459504,-5.2558142225620585,0.2770424897191429,-1.6244603949745162,-3.019513654935669,-1.5543133060680596,-0.0026088668838614,1.8884862178847843,1.3964493978039212,-0.2297594530833972,0.5104656772380128,5.470017301574463,-0.5663171981000403,-0.3965836770419105,0.929870146263452,-1.4142637490875851,3.191808010186255,-2.673861183282962,-0.2170771475165306,1.5579817407390464,-2.519407570101134,-1.7315831398026076,4.702753717195704,1.2036071031765565,-2.75874033800662,0.3106440083682127,-2.280449415428865,1.156309225235686,2.9382865229077453,1.0968091473584,3.0734891885671733,0.5575565425634229,1.8047784327147571,0.4707685160696297,-1.6701889112814416,1.132743119149997,0.3287845328471954,-1.6822516732110593,-0.0184489688804781,3.4633343764207942,-2.0179358126328646,0.3258156210858122,1.392266071310146,-0.6852653001838558,17
18.130601862517477,-46.704968031913616,4.472559969850109,10.074765715900297,9.47231617216176,-4.243708313581037,-2.2618435837465314,-1.1026232447056232,-0.0581644125091861,1.6333793454270638,6.579563054295258,3.737546163513946,-1.408496382833096,0.1752630404430425,1.9495898337644544,-1.8656442794328032,5.639027968411916,0.3983899732546704,-1.3290023540777942,0.3503917139046564,3.1757588636250693,2.11547624432372,2.801013745668021,1.0268152560626058,1.7940730222224464,0.3182311431095351,-4.881048756065423,0.6905934872475389,-3.650492798341048,-4.044733692423036,1.137809055990341,0.6756341372452709,-0.8103493066859159,4.1780658431329165,4.29139640981334,-0.909334664316458,-2.891494662548201,-0.3723035251747897,0.4492717513596518,1.9268204345971671,0.0318233084896855,0.995443065042406,-2.2306899381524143,0.5054821846289054,-1.5696477055966231,0.7036000728088316,-0.3098595778113189,-0.4505891938792399,0.6796656751456128,2.7178318389232508,0.7883817250116002,-2.248252008861672,0.6474863788538445,2.0284260584368616,1.164678993456039,17
4.985704731239835,-40.47824740704002,-11.179401759512132,1.6548935163001106,1.587736634236374,4.088760083689576,-6.078206632575087,1.3969931222303928,0.4470534463264775,1.0608337473033511,3.706728296827754,5.508603403651755,-3.355273030886342,1.6722214744333783,-0.4022154894073353,-3.252998991605272,0.0389093034104119,0.6927433495094216,0.7110310209598644,0.9702710753237308,0.6864540859003992,1.2698802440924768,4.708109679766735,0.7462921894788418,0.6303138247633595,0.4759111466183902,-3.024444118959368,2.462632556137742,-3.4457356998151254,-0.8937355879876796,1.259441353513464,-2.318905253194982,-1.3961870488978518,5.269262551318853,3.179025950353496,-2.091567792644739,0.825836738886816,-1.6247329650176976,0.6179234510224305,2.318412120133276,0.8434013564365194,2.780067896807285,-1.3746504682528853,1.1294446874910429,-0.3318920085096409,-0.7508989595407967,0.2970877940938225,0.1084472796842978,-0.9435301225201074,0.7394592201059391,2.075611456201254,-2.079503119531846,0.4090967920227286,1.0463103475298294,0.023832051603658,17
5.9661583402850455,-46.92122187838104,-5.8814110870388125,10.732475420569862,3.852409139036848,1.538728052997602,-3.0045654772621853,-1.4698732981230125,-0.4599179773377072,0.2713938042952689,4.498398586953869,5.294926238625278,-1.2814662219007418,1.40404303632072,-0.7653691912185141,-3.000031109666695,2.545102778071835,0.6441049942883508,-0.3459438103072515,0.7683758695359052,1.9342782247126016,1.923282168998791,3.713389946302789,1.5132834689638606,0.6246975586690968,-0.7208193201556047,-3.192366581241932,1.3644127430284188,-2.744360895383981,-1.6397840569781283,-0.2145265614997261,-0.9953641878570544,-0.8607347659165683,4.26176808688076,3.8755600274596063,-1.8712254710038083,-0.4124445497010077,-2.0645221083072247,0.7576473529311183,2.0230287964574347,0.3799160006877879,1.9758397518702613,-2.3663714490754635,0.7773497183908095,-1.3245246774718509,0.0769823318953985,0.6773861983814771,-0.3279857952460746,-0.4492870824820959,1.4395912658601704,0.779658627955863,-2.398863251844678,0.1766658704204512,1.295680438546071,0.4258600393788956,17
4.665512989827925,-40.44112938240372,13.240769355259369,10.981151633070017,10.415121271275586,-7.410927915668121,2.4974830141710096,-4.86290058219351,-1.674386471106643,5.143470826241348,7.430596453021623,0.6532786805963742,1.1441145844206846,0.1792150773888555,1.3682737347782756,0.0303848509496073,6.528387531324195,-1.1158260387310597,-3.8408325302161432,0.2781402727398905,5.638088642943102,1.225246198491725,0.3423374802648691,-0.4414174248564049,2.819853064091621,-0.4872044108956925,-5.261722941473766,-2.790352728531164,-0.1687697249354468,-5.038284476566976,0.5997637046437619,1.7612402283929092,0.1237182934627552,2.064778748337518,3.915920180582945,1.2763312911183484,-4.578472956675796,0.8555101608934218,-0.1933263070640999,1.7930180452086906,-1.2809676021608554,-0.5826719162433238,-1.0176699888650975,0.0766485272455125,-2.215128915505272,2.222358447729816,0.5775806112535222,-0.0221652495241235,0.2259247270687049,2.859070799428187,-1.009176043978394,-3.5596006477462776,0.0208538502238374,2.315762018766064,0.7758158449558341,17
-14.062190329527745,-32.16245025343991,-12.76270927792475,-1.7923234018412575,-1.5929724687977438,7.885478236266618,-5.652199366991632,1.6872208653825975,1.2188917323340405,0.3367328591512272,0.8621353312865695,3.6772977231571793,-2.2082308971394973,0.8571459800202572,-1.0183470600794955,-3.4717083770584303,-1.0976389883844049,1.2336688404983314,1.7989422327108322,-0.0330755701144591,0.094882483221069,1.1658309908665634,4.373466095810578,0.6468378061301816,-1.1287562500670991,-0.2435621825363873,-2.105341849436707,2.6180064259366542,-1.4440074462954504,0.951429312115167,0.2977054076853289,-2.114903897198544,-0.8212602504323455,3.6443795621827193,1.0484349766252556,-1.4084507320510389,1.42726688934901,-2.5041756863321907,1.2382513817187546,2.693700848609852,1.0843612753758245,3.095498298862335,-1.2762406394084842,1.3067680443563177,0.265077175556165,-0.967467641518996,0.5084301102553291,-0.2434059139944563,-1.685229903912679,-0.2169408896467116,1.9949303471792683,-2.205149009092073,-0.2640372427146164,0.8717639201298887,-0.4641593708895865,17
1.6515709421109663,-46.933041854077125,2.0874371972736605,17.587671880964418,6.387029342452513,-2.9613972010951217,2.820342694371851,-7.366043664913222,-2.240839496484509,1.0146666504318516,5.506654467663724,4.402160452803551,0.5222791426659068,2.061533067323678,-0.4349248544824355,-0.495391795044638,4.525099957864875,-0.7899866818767163,-2.590454396922775,1.133264071650859,3.574275350658405,1.665766674550753,2.415763010715384,0.54592154929876,1.6193978252238364,-1.6834329153074516,-2.716614566816971,-0.9356264591368428,-0.9337042692643148,-3.927973735889667,-1.6866506325639363,0.1281762741446654,0.1062322759298097,2.448916053130243,4.419982676096345,-1.4329840496618504,-1.575308239351132,-1.4518196908193672,-0.3731598440358447,1.98112390025796,-0.7950153520736943,0.2908514148307777,-2.008827158594635,0.2541065921932437,-2.107145513123517,1.3612265932602778,1.1397051714931814,0.3232020352794003,-0.1242130667197227,2.7950291968448213,-1.838348434159586,-3.652601650867804,-0.3170348777662694,1.0433919599525106,0.6849010414400841,17
-13.504807388907752,-36.35346588404158,-10.6949403975143,5.159447903088715,-0.9697235795751022,7.409451320669254,-3.5187326585954946,-1.1640180422404731,0.0522943146196285,-0.2032069823272869,1.149501731581113,3.350451132845788,-0.6174755276852756,0.9715021522480708,-0.4540289297734717,-3.276173812130557,-0.2656756824458423,1.5433615327118475,1.1686474771778128,-0.3696279095271553,0.7203448083099206,1.2012284432787177,3.237248201116222,1.3521680596649928,-0.3209473650024096,-0.4897859756046101,-1.7950847302293749,2.0274571529984264,-1.5675609005035394,0.3760349492463158,-0.9445398161275532,-1.0912093547350186,-0.3903762146315044,3.331025377027097,1.991344134154733,-1.2076154081196748,0.7505522285095668,-2.461159412892957,1.089707488126895,2.0294157032789224,0.721802867503038,2.5220132014728174,-1.784725855329937,0.9461875518061156,-0.3087412406204143,-0.2145064523813392,0.57987007010609,-0.204304726851197,-1.2365952651061425,0.4424090191977883,0.9296125575967288,-2.711940677352712,-0.6670407655439256,0.3367510919232466,0.2878129161260139,17
-12.035614162608072,-41.37400646725455,-8.210330774539594,14.508865551427172,0.6340420714780169,6.600977538423595,-0.0820498129388025,-7.415103273737485,-0.8142344335785511,-0.2913803680158503,2.4455879044127222,3.7413395354019263,0.5815653556389372,1.209322568622048,-0.0003805171800595,-2.292987641255679,0.6662194215780562,0.7892473153188235,-0.4469906181652441,0.2006666962873052,1.3398448723641927,0.9912926786686772,2.25146712430018,0.9890781610245896,0.7456062176482123,-1.1367241197686462,-1.0350707922070792,0.447418930338211,-1.92875018069143,-0.9966501912008104,-2.2884398373830623,-0.7814843669683614,-0.8073330544829256,2.062773551574444,3.306156718789465,-1.3160622788202407,-0.2373856834347844,-1.3120992908529612,0.7269226582493573,1.8544974599447863,-0.7599689505779289,0.8238876658630556,-1.7359288598795457,0.6261894188026286,-0.5206034107104734,0.9448670059087374,1.1678117300525346,-0.3301969586186178,-0.7367694715621848,1.2778726499174269,-1.175939622065099,-2.8277062512766418,-0.5498708784094801,0.2347473214296718,0.5708574526762429,17
-22.382816689253666,-33.179349547755635,0.6527029888084779,11.386666413876815,3.468782255324758,2.4498879425088567,6.127144212143447,-12.222414558579816,-0.43637993253642,1.9450501455615232,3.0489647730935854,4.323943424466113,0.6572058812145454,4.225220219619412,-0.4097476873714969,-0.718163005215894,3.519809029603524,-2.0081260441461546,-1.362656782778357,2.8936241982190705,3.0591270598466807,0.0144709536825786,1.8053905081967836,-0.5764570944699996,0.2018937691713531,-2.401987120861676,0.0837461996941376,-2.479132697452382,-0.2107382609682955,-1.7681519206885992,-0.8355467057843561,-1.4212281985381372,-1.3779422301111266,0.4830985962351207,2.671105587808723,-1.3454149747806317,-0.0679613860774553,0.3446099056748693,-0.253651695593124,2.2731084250279268,-0.7222078922064517,-0.6266246701066472,-0.440416850535389,0.8074464076360452,-1.1766164619395567,1.7363899643235197,2.0467713745444973,-0.4584805708255886,-0.0502055545774551,0.9405803274850916,-3.1692816708711407,-0.7520583993284008,-0.615502533263582,0.9364027614262388,-0.4492260942611244,17
-19.644717388750536,-32.71655113983687,7.271479178870321,9.480258052226416,5.712859982632269,-3.0874196326809025,7.939368852190476,-10.482063421876973,-1.020525724388596,4.506946194019863,5.735684076848165,3.004431837897344,0.9228035620036292,4.436178471959362,-1.8460436706142096,-0.2364723707994549,4.6403070115996,-2.7050186232162496,-2.8833527656652795,3.970739668148095,5.362548185259739,0.4002216358789054,0.7093126238341345,-1.3234483621763022,1.7222733099648078,-2.490458464245368,-2.5359937631425007,-5.956374781490872,2.2996033798079707,-2.6550706129646997,-0.0688030409967345,0.4932904991657348,0.0677407075766926,0.0446944366137977,1.5238327614026974,-0.2232140520977666,-1.838766181777146,-0.978941997140283,-1.9038625676321996,3.5065288077311485,1.1700187084604097,0.0287578643663675,1.0941148687034974,1.00901170135199,-0.6811912577827538,3.3584113611930158,1.5991340650959391,-0.1345231202636848,-0.2680952601933348,1.6193227305453812,-3.8802828883108846,-0.7939660547864242,-2.059293954707168,0.4121255975514407,-0.0739768585524018,17
-28.468550382827356,-19.298968898622142,12.75832608789888,-2.210610012416864,6.129128846764154,-3.0669722967188813,4.732512100856607,-4.737556366909603,0.3799105163241494,6.364855687549089,6.19500970321483,1.4353759603239182,-0.5656559965903718,3.556600743517711,-2.038401133228488,-2.249856330787759,5.327959670255072,-1.2103802062067706,-2.609437920680474,2.875486864276107,5.497910105119458,-0.8398546601796056,0.8132141777626535,0.772334314602814,2.1764841315766725,-1.9901813574150264,-2.024739039562068,-5.270554302522757,3.667654132152496,-0.8069619058210271,0.8587134909471992,0.5530277849120192,1.1936948868456734,-0.2764097243903131,0.6716364824552495,-0.1015315510954339,-2.834297367664203,-0.1245801181240233,-1.555578920708701,0.939015113096964,1.8213064490259647,-2.0359372610600235,-0.0348377144314839,0.0252711011028996,-0.5268570656344228,3.943958280937664,0.3348025907747319,-0.7099389500502901,0.2478994077547668,1.255860098201509,-0.8589789690176762,0.2596824373148249,-0.078722799186877,1.0473886819661329,0.112637325973246,17
-29.146355648147452,-27.531852299065758,-10.602736824451158,3.827596163124428,-2.49220315663345,12.591514357191292,-2.4164118118425004,-5.769590286308451,1.6233771884099208,0.8548819111311796,-0.5054839093162403,-0.7676867031261273,0.5743645045435306,0.1010655631971443,1.7537656974157203,-4.585289723477107,-0.7702869827719437,2.4293683932176937,1.9506737993721712,0.858048537082698,0.3056590517796806,0.8779882426680451,1.2795208890248857,0.7826359490542151,0.9317508669166936,1.0909619474631254,-0.9645270669204924,0.2436917259331983,-1.108595373558644,0.0869024834870764,-1.1631391367450936,0.3969999832420201,-1.193522533994836,1.7554427270950126,1.4181258318389265,0.6331117654981044,0.6309604096345114,-1.9319614964277625,2.400972865898562,1.916136056436188,-0.3082914247935167,1.9126172692519292,-0.0450274061717951,0.266666150313771,1.009034243768271,0.6955054113996275,0.0713689327183885,0.3811135727172695,-1.0458544392290496,1.2477180165558983,0.3955631616180816,-1.5746358280895074,-0.9911175964622212,-0.4727073389420249,1.364897813158423,17
-32.1192904414299,-26.997609646005365,-6.5812956806035805,7.396312648149332,-1.104504608681991,11.593164157973211,1.7981941348835102,-11.373500673713536,0.9064491073357236,1.9350841066964968,-0.6513165684982861,0.0637146204116551,1.39809103105796,1.49372494779324,2.403912253147245,-3.687236018801293,0.4793057357211166,1.0292914666407789,1.4357637007728103,2.949303197265632,1.1584410097869613,-0.9882762405558914,1.128636778697225,0.879966579738759,0.5960632196441862,0.2164353052366591,0.367048567372683,-1.7706055937020868,-1.90538663726729,-0.822618565983679,-0.8467513574574972,-0.067249142358213,-2.5994706636902998,0.5980201795410607,1.9836801362303016,0.3078845915169579,-0.5358082947061024,0.6329825372235961,1.5121534780442998,1.344528367283097,-1.477452554330172,-0.6926846271302608,0.7589474126207869,1.6721303124485978,0.2908511808662966,1.595307511574426,1.3057507265060138,0.2547448508926596,0.0888250706888299,1.869196592337667,-1.6357104253687391,0.5363815478495536,-0.7179879524571549,-0.3072233317421811,1.3351609915793474,17
-36.56501878170489,-20.268155726554305,1.3407773515087953,2.2414392161306385,4.112702702842374,4.979130120097827,7.979134725924776,-12.919740658069378,2.7597201226325194,4.839335423450263,-0.3687361984043835,3.5194225370004903,0.6540737143596781,6.38673939233718,-0.1902698509695941,-0.807115071854672,7.615481351259076,-2.7845360315471224,1.189685193100204,6.334319745381906,1.987590775418756,-0.9416028168231224,2.6747383719667,0.5320069333224793,-4.673360930622089,-0.6108096859370841,2.642844051532617,-3.0779771659976896,1.2157282951228543,-1.1706690888826952,1.42761896219842,-2.5034353293635228,-1.3301204103988011,0.522718339948814,0.1717602916741371,-0.9417162986899696,1.3124811016774394,1.400697623039287,-1.051894127319151,0.2681210236000804,2.007898384735058,-2.097370530640708,1.0702477272910458,1.872363533218867,-3.1696330520656164,0.2203156785242573,0.8608936721829479,1.406706229017605,2.1460060808989656,0.829120903518149,-3.3363309800349508,2.433707999766251,1.0207328283223924,0.0977037367887309,-0.4895626038635838,17
33.85876228393758,7.610962830918312,-0.7643929521811534,0.3828533370382185,10.264188213270804,2.935425294528916,1.901885508879677,2.554496103775288,-7.748662032966082,5.835369013613179,-6.080837477691233,-6.01589605876682,-7.559269773745129,-1.87711257706322,2.9077075550079963,-0.660598261329238,-2.2416643043950604,2.543065025094381,-5.269531436865399,-0.9914410621831812,-5.790734198220973,-0.3169139463357313,0.4953177437380017,-2.732982700415269,1.963148976725777,-2.761652971098811,-0.2164601014937439,-1.5875861684745622,-2.842569643649555,3.2545557275420824,0.468733935665507,-2.6766546794500155,-0.2145040624138221,1.846574179720477,-1.0651874592790151,-1.088707862034853,1.494939619986096,0.2236937410233503,-2.2053729148719743,0.9469214082135112,-1.2336144188675693,1.2562633042653186,0.0792293318117449,1.9205718972716248,0.8771157252286786,2.5585685399214606,-0.7841965164891355,0.4723947258313821,0.2881884470029846,0.9832802515981404,-0.2322271613224318,-0.1172375515135766,1.9615310569353197,0.0605852198466804,-0.0624486657046942,19
33.894106144226335,6.717239996135375,11.729465582124664,4.020978372217191,13.299025985229749,4.731247617929591,1.578354320017064,2.328066201084445,-9.14945857514822,11.840618892414476,-7.202932239114117,-4.191854256678181,-8.08329123937187,-2.61049201745449,1.4153041857113655,2.984826426236625,-2.482780960765369,1.3886992966026963,-5.489403271624323,-2.26962922966949,-5.94891274531191,-1.1551249774636732,2.278325730941969,-3.873367006902658,3.308554919902956,0.0086725796662781,-1.8736855747388224,-2.1578057379452344,-4.784708297188486,4.354401887448905,2.24931363762533,-1.972366027535192,-0.3030877789180874,1.7188485072790485,-2.589885400860596,-0.079303925252984,1.4771256950325915,0.8911661410626645,-0.0249247543274457,1.4452381028244037,-2.68842885145741,2.5972136256126297,0.6633973677315294,0.94481849498593,-1.0066573646194594,2.1291259958751243,-1.981983370082226,-2.063829370433073,0.6815357119096906,2.748280741704089,-1.3526536008052352,-0.9556434169934488,1.5361031222756307,0.533899599006806,0.3307011166900265,19
19.784548160082917,2.7273716010102778,22.69084623673005,4.700617388028553,15.02019909250463,6.092823419682734,1.0575882512248973,1.957831622468188,-7.471051925515481,17.373164436725332,-5.218035235551688,-2.196425205959491,-7.666376116495326,-1.8865529290417968,-2.38192476900603,7.38128599118963,-3.520927540588541,1.3932899033761563,-6.708504437649066,-2.83067331250399,-4.688952095429364,-2.568982978421821,3.1730474819772287,-4.660256430312933,2.4623137364238787,3.6803180537766513,-3.195076950049172,-3.4385544164114226,-3.2618091471632837,4.409400661780145,2.546805536918117,-0.880061222584625,-0.2246113137372525,0.4314753931842247,-3.872327170658484,2.732164939973205,0.3456219116858058,2.334458700758825,2.576592904037925,1.6036009657411685,-2.3892114130581588,2.1334801247366397,1.74514665508253,-1.676136872043548,-2.9749459541752,-0.1707935724195638,-1.2776889240793663,-3.273537570984028,-0.3710283568744928,2.422875787322314,-1.7083346950237073,-1.8779570266986996,0.096065415935006,0.5884724313851858,0.4962688418197869,19
-44.095391126754414,-7.78944502100655,4.076501093498307,-12.995564225579528,0.2861632457227273,1.8154575112380988,0.4130352524115595,0.394087278254525,1.0788180609159774,1.1765113871993231,-0.8407818105816353,-0.836884482631153,-0.0266097950169276,0.0328775418723906,0.9467718014961513,-0.527763907154784,0.9692423762198574,-0.5539654164596118,0.1200550425962497,0.0640210746108019,-0.3897059319870151,-1.6463158370319824,-0.5941320118239957,0.2510846336593767,0.6832007791418755,0.0553003305075843,-0.7161380195230513,-0.0552167237029113,0.0666408925734074,0.5385235006124064,0.9059672529704084,-0.5671715979694952,0.8269597146644828,0.5502233571008996,-0.6810620095875579,-0.9746734485179992,0.1393073368625461,-0.8336975608343103,0.2760483094345581,-1.4322471301731676,1.847132770808349,-0.2642546748728298,-0.0006962042034257,0.12955755958753,-0.4076182295446684,-0.1850714293320145,-0.0414469854437114,-0.4997056901735603,-0.557141755084236,0.3562379676651822,0.0046859802191175,-0.6202052482685185,-0.5535941993393322,0.296054920251536,0.2019041541450192,19
30.52267726081739,8.296693420763631,-10.44132086517326,-2.177519722155944,8.39072563221161,1.5347085738212538,2.9319097680207515,2.4970647776017785,-7.689266746642157,1.7061445537354964,-5.095707142757531,-8.034551358629553,-7.756110446744557,-2.0310477691987807,4.594359666257639,-4.085010294090156,-2.247874390249702,2.755006870241364,-6.74282361756821,0.3895380271985449,-5.548922981712327,1.2350427123459826,-1.1379187489869782,-1.089893763717293,1.4059797979038702,-5.87090061762383,1.1002234069313044,0.2100913286705033,-1.803774199297206,1.8340295036225196,-0.6712167025702018,-4.027582717969133,0.4615190708993082,2.886750920329036,-0.7987860367639024,-0.8805500419189676,1.9307911010068337,-0.6729971110326713,-3.842861421451108,0.4784164491614098,-0.262194473590688,0.7515884462762388,0.5417669269361166,1.005664828001264,1.0457761684065427,1.930818740013243,-0.3891102645624009,0.63841376960532,1.5670776985479518,1.156303153625892,0.6046068940181726,0.2317531811237954,1.799075224653218,-0.121368352468632,0.1764503977547634,19
14.147302874233594,6.176227788366449,-15.596176912568543,-6.187015602845021,5.536137229017175,-0.2483477173970499,2.241060218441604,1.9706880312718065,-5.927727136661929,-1.4231173591788062,-3.748135008194906,-8.541346067157663,-5.50172416321045,-1.4090797606450458,5.554228914144429,-5.561282852355268,-1.5191957552384252,2.295771744151517,-5.841001495317077,0.5999223950780372,-4.745536045024904,0.9439344169854036,-2.4256708801459435,0.4842301414422976,0.6715818521670363,-6.205091148470573,2.1522651544274174,1.505288461631224,-0.4413705933434338,0.3346346586832707,-1.2139144332875962,-4.370231467457368,0.9497504885700208,3.083321908642568,-0.1958263531146719,-0.9343555630046608,1.7809901125615029,-0.5418907394232803,-4.193100099530629,-0.2595983810543601,0.2540377177110914,-0.1533755149729901,0.8020343612124229,0.1324769138308355,1.36662361713836,1.979123696430351,0.4050698118433322,1.3077380616673078,1.803667667358183,0.4734446324584968,1.241289193621372,0.2928106814797622,0.882305857608062,-0.4041276336222256,0.1723015674338055,19
33.81622114786711,12.49271487460275,4.9608956178093,2.9577784705344023,11.734405359364825,2.9147810876811744,3.4785133175454765,3.3958924473020247,-8.549587780747276,9.307393795165956,-7.918860047887067,-5.534679868692516,-8.220766565943844,-2.6469767786575504,2.9268499010700464,3.0715915986599085,-3.520705438207505,1.5634247724044568,-6.840411837987332,-2.6364654650566446,-6.470575997739905,-0.4448042072272058,0.24752634538218,-4.150347946003024,2.1577402432918054,-1.3917538477426823,-0.8616937923364583,-2.1656181393593807,-4.814033415819694,3.465811379915328,1.3154631416265508,-3.0001767067108167,0.0389682021051849,1.944992772331351,-1.0306716443700576,-0.4485095716105281,1.6687736379282194,0.9130677577127744,-1.3284127955043272,1.4526465845528873,-1.833942333542255,1.239425051887719,1.140464562227448,0.945334713859102,-1.102062909864603,3.0255753176449263,-1.316816773958417,-1.3209826573620571,0.8374488907491595,2.5665954248507217,-1.0170785427533413,-0.3048236892750741,1.197195967189661,-0.3470991442966933,0.0152616147135686,19
31.074867177785823,14.844001763535346,-6.181403774412262,-0.3162795393221119,9.091019017816611,0.8781821012772889,3.504632089683612,3.295395960671109,-7.757484642499502,3.997848042890362,-6.893512608222988,-7.312050316027537,-7.858889607675849,-2.567556674470976,4.343185819851695,-0.6685710645293161,-3.461790565015151,1.7077910434505863,-7.257968745051066,-1.0013017583324098,-5.7595745615587735,0.6835604391636361,-1.328469447372573,-2.3221156713440863,1.2065110372311365,-4.386178284613751,1.0243253327459925,-0.4631592044423414,-2.8195494077824854,2.2507284100560057,-0.2064728646341499,-3.791885683477893,0.4254932450261168,2.3631378465113304,-0.0744213612866078,-0.7426637567918072,1.8255040743105928,-0.2211743739512066,-3.4688313730559623,0.8686113385037837,-0.8356779751131618,0.5441117817711275,0.9774639091452536,1.0285288424767376,0.1379317713651234,2.7051704785726858,-0.6582560986801245,-0.0326047988056136,1.1417850011055388,1.6426820481994184,-0.059114607262983,0.3052967829988066,1.3378052227706585,-0.5913363633557126,0.0869802402875894,19
39.005004347625785,21.913533596557286,-1.1529353306447765,2.9179040791824136,11.35517005032774,1.4091717931925816,4.121179760677411,4.450800589836595,-9.42058480412867,7.195412664980637,-9.088639366732748,-7.387913406265434,-8.606653409461858,-2.6856816291908334,4.249865205464911,2.035086684860329,-4.451676058925777,0.9523127079934482,-7.598655727584242,-2.220237375648375,-7.004031630084915,0.4696870911159601,-0.7708863552735935,-3.4543811980568764,1.4155277551102858,-3.225983817215191,0.2889063794343516,-1.3406931885228617,-3.846429391744077,3.3261896517030936,0.4926555186396739,-3.784391785237216,0.1782439924723921,2.452571053695296,-0.0068756024116498,-0.7852156977698498,1.9044988182124225,0.3274353371874166,-3.036992507730364,1.213496755892138,-1.3493559016808363,0.6123090104482107,1.3147477085896309,0.851007454044709,-0.5520705774497214,3.088211710420952,-1.6013478598977078,-0.8686563333441464,0.7359182688902185,2.205816926258173,-0.9663854454101776,-0.0604365442524832,1.135034568804428,-0.8296985765518008,0.1081767786929621,19
23.03093756917604,17.992414633795658,-10.282725306074418,-3.5950297825633752,7.961935087345094,0.612096741825461,1.7389286459699316,2.9732460681773647,-7.747993225596339,1.5954869622816443,-6.101880305307757,-8.324355011502245,-6.234780731276697,-1.0733838911052216,3.9390003369671103,-3.0752935537957966,-2.3532828655787923,1.4808280219741674,-5.330823886754211,0.18283651299243,-5.655625965731044,0.4415805926750881,-1.3149870134312125,-0.7085502933223847,0.6943750829138063,-4.651449516904559,1.6019165187018225,0.2971027890450062,-0.5191948910127351,2.50440282625503,-0.0063188335502427,-3.5333374231189656,0.4759425057651609,2.7036977128539554,-0.5086806754564013,-1.434233242070727,1.139806478223665,-0.5626151074724722,-3.5939252414884737,0.0039691736865564,-0.0926195430594028,0.2511209348577407,0.2983666489992945,1.2312646503179143,1.471272761811118,2.0507702947296536,-0.957865569320174,1.5372130771337276,-0.0978084887986238,0.4300931649912052,0.1239897639342488,-0.1240014100423937,1.2079038688379864,-0.4219331342035802,-0.2932222454115166,19
30.004418644330997,19.929554656235496,11.663027361983538,3.9872067341566537,13.248370460238116,4.350829853193468,1.5103779602203753,3.5698677188741272,-9.426215740547615,11.59942586637723,-9.227133252954513,-4.881869137596838,-7.485814900075547,-2.4440088484446205,1.891012889517564,4.043407042543483,-3.4646824765308737,-0.4332083499612286,-4.848630223862445,-2.868088711339269,-6.656060993907229,-0.7618139648612142,1.5825326069887489,-3.612604897509658,2.248153372256902,0.0843424980779644,-1.5860009499428245,-1.695853686087562,-4.059420222125614,4.5543680096528165,2.577822612845568,-2.4281934935257588,-0.1757751455311419,2.069255881211429,-1.9481056795452891,-0.5134659543670945,0.5861695585217174,0.8276334128206592,-1.0066082963461058,1.432387978797026,-2.4426716619984696,1.990900188570788,1.2476679202528729,0.2183457347626545,-0.9442550641873092,1.9715228475504143,-2.648527310740453,-2.2549656049231723,0.2151918779941595,2.750813702460277,-2.027051054317518,-0.7748240287328075,1.0357865231218226,-0.3151039078578055,0.6970133726925282,19
23.93576892514431,25.21320428906345,5.644008642311193,1.4077232768045849,11.352311900627734,2.958142829319486,2.1157161998751173,3.992265079122773,-8.97789421603738,8.067766453576416,-9.46881996088794,-5.738048124007641,-6.912808271263559,-1.910506017692981,2.846229122876844,2.37364655269059,-3.5153841169110094,-1.039425905403799,-4.462921985474611,-1.867976873675731,-6.433752057010401,-0.053199713686342,0.31150025660957,-2.5477363737539043,1.407770938259993,-1.2019553941232863,-0.6804010970263886,-1.2703332203882975,-2.559973924594907,3.7950450166078857,2.272783397667097,-2.5135632451445247,0.2223609234040643,2.411284934963111,-0.9717906294857998,-1.4593101514308615,0.2449359472009802,0.1818924828847269,-2.118015733810032,1.0359593330188792,-1.5993320076622035,1.188290837044962,1.1471997033895065,0.2651344777734394,-0.2879687600742517,1.6275206932997432,-2.646647105220329,-1.6337477307925878,-0.1856290964129993,2.4481825116718454,-1.9582004888135205,-0.485656743763209,0.6300138868540994,-0.5901320401702842,0.7215793861976114,19
16.953334423790714,23.32565847676869,-6.225567030744829,-3.328983653085401,7.851172107169411,0.5415740551208242,1.957019998765236,3.371840960399399,-7.546219368173745,2.706618445013615,-7.134058785879912,-7.669237702100904,-5.591990154916076,-0.9109961822531022,3.200002266380405,-1.306284580068344,-2.4391871515216472,0.3056407370743139,-4.550915163437082,-0.3144760227076311,-5.70321089481266,0.1653907552399819,-1.0774955155093373,-0.7802837854028921,0.4406472049958864,-3.491900098002333,1.319780838188717,-0.2459544223022574,-0.4221284676996739,2.781527632142577,0.7049217451551798,-2.9690317766602528,0.4033210351323842,2.267285978871281,-0.1638848202802199,-1.601643966884713,0.7425352110456497,-0.685571340917478,-3.286646709978604,0.1654331187380552,-0.2389694128761944,0.2501009326885506,0.4071749692473074,0.9504466480682144,1.0373015630243074,1.7837262773918632,-1.6703497307026445,0.8627420766509476,-0.7192833510153274,1.0998644633637402,-0.5826563160922248,-0.1496519876213573,0.8428386442342082,-0.5719093514390179,-0.3147427671771304,19
-0.1901897368058545,18.67011579931868,-15.141994310324,-8.25853062203476,4.793885878233648,-2.0282309334297186,2.486672699090112,1.3264577939321245,-5.198512407229022,-1.687657368551985,-4.347974033149718,-8.167808108779923,-2.726976747426944,0.4567667865385033,4.30435708204095,-4.823880903010302,-1.6818387468339626,-0.0377400747091698,-4.519849038495626,0.9434356641926024,-4.033589182052667,1.6090104960907834,-3.639618885450404,1.3629579811972998,-0.301432212028085,-5.871453290761694,1.9687718118419903,1.3468319792469672,0.3097241758040929,0.5665990745258809,-0.8813448604340627,-4.304768453052126,1.2240379512781652,3.1247034156634923,0.1116635293071342,-0.1784903318688082,1.195929420188111,-0.5644295542328537,-4.126782775105284,-0.7746352209503213,0.5645600857114744,-0.2335091334319042,1.6529409106302777,0.253691780579874,1.4100534087747425,1.828476684569175,-0.022471370088474,0.7364012139769993,1.1023668337223596,0.2854340483800805,0.2266751942378513,0.0869839380375035,0.3720508937590512,-1.1765430202773774,-0.116713454279535,19
6.491195657396209,21.710990408769696,-0.0225978442992725,-3.797550814192563,7.610585823362254,1.489666898228928,2.206701295256152,3.307655097946625,-6.7845169317632825,4.06673307416731,-7.804693143521994,-5.8185051839338575,-5.088660025849244,-0.868942951332048,2.49798350424936,0.4057433207396505,-2.261548578970916,-0.9181923903540729,-3.2577064202390744,-0.5931375262353671,-5.075785010135888,0.0593533333939943,-0.67398855241362,-0.7953045214036727,0.8056820944773724,-1.9395849386376176,0.49084829108964,-0.6302933486955858,-0.5971223332246792,2.40705711048536,1.794572842882915,-2.2327868372039568,0.6184463502885331,2.1573659881137823,-0.2723875706758653,-1.6611279317462526,0.2460848390534821,-0.5353019862357447,-2.3237737437383204,0.2797781161238282,-0.501798100253796,0.7109930969120352,0.7637455105117135,0.2644651258958541,0.2545859395331744,1.2089819301474165,-2.113592016542197,-0.3944971637427057,-0.6746885445082454,1.7903804896653277,-1.308120811292358,-0.2739432820025668,0.2623785055564179,-0.5852540244634218,0.2647893239201809,19
15.58015884417425,39.77571098486437,7.402006054320322,3.587606918988928,10.715918763677095,5.081539757927392,1.8485184756379245,5.204223810244128,-8.216405612040829,10.92617037855825,-11.32310870437987,-6.338667734285158,-4.5298551057114125,-1.4301489353010837,1.318487000580689,6.23020126892325,-4.931431376532536,-3.1536549573092136,-2.6383744371500213,-2.350437859164131,-7.2197833385186305,0.1589695069678179,0.734572946394849,-1.9938633930022305,-0.2744987566726115,1.1535708666119102,0.3066116223471318,-1.2110488713656775,-2.613231478921782,3.363456086031469,2.6577678310817867,-3.468564163046056,0.1078188381562331,2.87982636294629,-0.5266414920773909,-1.6515846148127606,-0.3101289979350431,0.1976285133083034,-1.7843265442174154,0.727638788603703,-1.4608840151879945,1.069046329243346,1.7476616940478842,-1.288456577968969,-0.9847134206435691,2.4689453704925963,-2.9167928899845745,-1.8574329501455484,0.0748699165847462,2.587134395536156,-2.8749842091290896,0.6803972614820207,-0.5001037547484567,-1.1753035783426993,1.3521391279996955,19
5.53357490277005,32.06341467150345,17.420888231283605,4.4977681114038734,11.51733535742804,9.42450966725376,-1.0891591196731851,6.136743937211244,-7.082314584138049,14.810316339500782,-8.96255197136972,-5.114073048467564,-4.598392480378027,-2.1502761941599773,-1.4601394009805613,9.579780508474254,-5.923649757516767,-1.720463722172534,-4.183851457296062,-3.2583489344101344,-5.54295164691643,-0.9758426405058424,2.0120822333481363,-2.4155734469854453,-0.189339881958915,3.943699949317525,-0.7102424878013522,-0.5516426756539938,-3.4302884839209256,2.9753490145688897,3.395484045296864,-1.6792131073418433,0.4004563462369848,1.7410565654463686,-1.7386720354567229,2.0632230146490733,0.0779935365911466,0.8727304628296502,0.8109283081136164,-0.0894913678793498,-2.160583698544492,1.7079774791499516,2.558874054051276,-1.6522419843422074,-2.1747932923279496,0.3867362543541091,-1.959132893352916,-2.864930438994606,1.3884507836367803,1.971696881103824,-3.621154754448749,0.1757786835173912,0.1105800531591494,0.3438209799496717,0.8724093028412907,19
-21.64563985894416,8.786690771424658,15.673494523950277,-1.137574124399558,3.074666862878399,9.433483237481171,-0.206083809201918,6.398611081982672,-7.485588509989498,8.403890740654864,1.2821935243419769,-0.424071440472239,-4.779763515562526,-5.1167587138637805,-1.108342848842997,5.995807149101701,-4.889539867487385,-1.4941698459579795,-6.155691282548248,0.0311302734737282,0.9104470828104244,0.8357318447194618,-1.1457781924311183,-1.8374921495420735,0.9516730359083176,1.5248820415005533,-0.4266392268895252,-2.4787729105299934,2.105430762312753,2.99163797900341,3.321727477810544,-1.2470101418440798,-0.3816525053549869,-0.3103150365538306,-1.254110609367694,2.6919326345019514,-0.4607449657393678,0.3554756599258185,-0.008194959028996,1.0520104154738217,2.0494033039458333,-0.4039775039262266,-1.8819966470498584,-2.087981089320732,-2.01972572032755,-0.6940529450146738,2.6075539253468336,-1.3944624084082144,1.389854642295937,1.907575562667832,-3.112602899922682,0.1185277973247743,-1.10802055498347,-1.7871499759579672,-2.499594302983249,19
5.897610184333677,34.75997611737961,-10.616269012135636,-4.047472868835731,7.008029381627182,-0.8848291577006211,3.615263452589558,2.1019809821459527,-6.477647706101628,1.5920637022612298,-7.017713580159642,-7.565017963366179,-3.0658368206373505,1.0840727607706389,2.8557378695578284,-1.96291590021074,-3.142024606852553,-1.6899153918058996,-4.753751560672011,0.1869753820610813,-4.65471290709809,1.9890001234022885,-3.189503620368984,0.837298648938996,-0.27657117473973,-5.393767583442989,2.642040170804492,-0.4541087307294209,0.0090317909117114,1.603612024042823,0.3098138543950277,-4.41057679760959,0.934977168848084,3.1122036851932857,0.5200006977109447,-1.2367452469863938,1.7880086275302272,-1.0194201916013288,-4.327478111347341,0.1376801254814212,-0.1685057189087228,-0.1213623884836825,2.1802032868259897,0.5212633427129286,1.185898220280059,2.098240385691741,-1.1243286863785031,-0.6887981567976138,-0.3973710589114111,1.4409556077039445,-1.085972673790594,0.4476841962523397,0.3483767001445603,-1.6026898053984984,-0.4868613947346913,19
-3.094113821426417,39.15826615864494,-3.4452485486850883,0.3426239041093502,6.77593559037155,3.791296888477301,3.651355898221981,2.0027614202876047,-5.948336282661108,4.952553361679969,-8.154864459294105,-5.085732232379013,-1.8305231017231056,1.5104269694013466,1.1537536229924172,1.845934873336679,-4.2800755901857706,-3.873506703361192,-1.99260169705062,-1.157522498368403,-5.401610111401033,1.7202485944853891,-1.2370225128884844,0.2226406211270151,-0.3757809994868211,-2.225444150404352,2.4895871467945554,-0.7964280681014864,-1.1242394822723396,2.1615452117374563,1.4803435934668905,-3.5465269400434347,0.8013731379780042,2.8411697115813643,0.8057374037922115,-2.147996107147857,1.46274562992261,-0.6991368570731278,-2.79079309437964,1.1146678968749242,-0.6472386099002347,0.0782422657861238,2.0499201534214366,-0.5411091681623117,0.9663077276166014,2.401032393877664,-1.7217547671788087,-2.395924184124097,-1.59144754340952,2.079331541623169,-2.107773938766026,0.4453767321829779,-0.4364064712586227,-2.2470595645316767,0.7925896337908274,19
-17.274279214548848,26.53148479762478,-13.954696419860005,-6.035862466924681,4.366113141862583,-4.611745440905731,4.143852289939333,-1.584295783176997,-4.833330363449171,-2.6340218849958617,-2.015546530332631,-6.059816495356933,0.0013671615499394,3.116163142948395,3.076414385233912,-3.50427014512082,-1.5090920395386374,-2.1739340331611787,-1.9297377199804095,-0.4633115024857772,-2.7912603280129,2.506343009460348,-2.5798666485799084,1.0808683908549617,-2.3298427634167265,-4.999178480891207,1.348691330198761,1.7549028220396037,0.5087834620852981,0.4622916256329076,-0.6108485791192799,-3.3274883941305013,1.093973566812179,2.178431591435,0.524282903138049,0.2297223375404919,0.5150417187503493,-0.5488376487578099,-3.063623875831885,-1.0999938138653644,1.1807655333338776,-0.4498891343296657,1.5569039177794717,-0.3090839510862545,0.3211961839658275,1.4912082895308445,-0.9597946865647852,0.3288153267767158,0.2540973971158887,0.0012062116706722,-1.0899678081658564,-1.1867811507478925,-0.5896813215292949,-1.521902616288362,0.6834556713120234,19
-5.977021179059831,44.816717300444445,3.6917274661695982,7.859151515428498,7.425761838577099,10.518831627199503,0.8740475477899284,5.17949863214697,-5.16454783511102,9.281631093726055,-8.193608946504384,-3.828345042172482,-1.1988690921110596,1.7811878320408543,-0.962796331032013,7.153156835412917,-6.433323680598465,-5.065749813611014,-1.5246440310983638,-1.7649010943783352,-6.6015959136105895,1.3670684717615171,0.2974994679984843,-0.338536593111615,-0.2133386870635771,1.3212423254915244,2.279631204553072,0.0935211623193096,-2.7309570527836105,1.8978797346901797,2.9045127869440277,-2.3294701005199405,1.805533218858188,2.161199735217457,1.3905856133119006,0.005090703770482,1.0963652462098488,-0.8780926488909447,0.201135623788445,1.263564412600563,-0.8298419347008823,1.61312461605782,2.952608115670829,-1.5342730824019948,-1.1507636791121298,1.7864555906372288,-2.256486149483447,-3.221661340770382,-0.7610033235850011,2.2490698557976057,-3.932861301742383,1.370190325197027,-0.0739523605134502,-1.7372160323737915,0.733912256657513,19
-12.292646147006474,39.616966397456224,-12.52355089300062,1.9037490452565784,5.515698925222749,-2.394520648744072,4.617001400743864,-0.4258613000262679,-6.243476126733811,0.5387628816175796,-4.801857200236998,-4.756820933340883,-0.4567059504314354,2.8295699042167994,2.0773824195999544,-0.6984362106912995,-3.5891142766063275,-2.97941748745982,-2.0409936273709746,-0.6856692715506526,-2.891525092517836,3.7797249653844944,-1.967218041039112,1.4847086906963327,-2.346268163804125,-3.972243911814375,2.3005925633322994,0.3270983435291664,-0.6333947705141232,1.5348529815036955,0.2359100792742212,-3.1675106169680305,0.7214290939808763,2.661796965403327,1.8359605598090196,-0.5563837626795892,0.5347941054444763,-1.258362417993583,-2.9466033912860734,-0.7334359399389614,0.5254901721656381,-0.5197171412525944,2.2551996842281863,0.4268259625322206,0.2461573877627379,1.622062736385964,-1.223587498592085,-1.532907365844308,-1.0606817305419085,0.9416826660783112,-2.077643777109381,-0.751752820312053,-1.3570464031284966,-1.9232393348774253,1.0070075107554897,19
-11.152390804579404,48.93107741876202,-8.209051891185796,12.93465775910541,6.111117326418286,2.4797230653540656,3.2221629418954496,4.426768759332763,-5.957304057827908,4.380385008031489,-6.578438394391828,-3.0402339443242283,-0.0259073438053555,3.2684942329316278,-0.2720199268661059,5.538377729700019,-6.541661109815525,-5.600363845668679,-1.2471581757318115,-0.7435504390053523,-3.714462433862479,4.397064361837643,-1.0658871101580345,2.1231554377221986,-1.0473823668133166,-0.5232890819832667,2.4913750434032584,-0.3678658830417002,-1.724040205427906,1.4924033132010217,0.5964249347291106,-3.191461393826577,1.1898068980234402,1.7308300768044131,3.637786870529921,0.1912889830968311,0.8370813136348612,-2.196629464746154,-1.7828341376707166,0.0415424905649741,0.1112958653593965,0.44253011103344,3.359280442247308,0.4192209486302465,-0.4895055894634381,1.688831659624984,-1.273901823347124,-2.803305054116071,-1.338504819733301,1.640224514131277,-3.3463747700451685,1.047084793352945,-0.8015990038101468,-2.291684923505421,1.450637855525844,19
-23.35707942142964,28.659740599846685,9.223312518326155,6.665923074742474,3.2298861757554,14.530239768399412,-3.0513304650738013,9.148473524877597,-3.049947596099268,6.673495556613101,-4.237645707192111,-0.2283741589729777,-2.1616297162841662,0.937597984930985,-1.8756725268224557,8.859375669897016,-5.551970854609322,-5.187252690010202,-3.3719561799073223,0.2837481824580673,-3.4625989526349232,0.0985209907801909,-0.7347339550010559,-0.3768443983178629,0.8695526413874056,1.901579969240616,3.800372849430684,0.9256665352548276,-0.5058563264123247,0.9357775372610136,2.922226390387485,-0.2514569377311292,-0.3096935333082261,0.5706407581819485,1.9200397589033755,1.0245619689786445,1.60588612594627,-0.925346795974554,1.5744631091024148,1.858447054055555,-0.1790111766779671,1.0124761561147304,-0.0437791255101519,-2.799475071606973,-2.469011224257976,-0.338113322008833,0.2036572958131967,-1.74751106946645,1.344626887276799,1.471801835054639,-5.178252456052407,1.3019386617504454,-0.8747862225262132,-1.383971192174607,-1.0143046127024105,19
-22.598574230655,29.977363901408093,-15.194783574169286,-0.2458917615985797,4.292683641118079,-8.6579827660759,4.383869044085835,-2.228942530781647,-4.6511814264782965,-2.107570808879417,-2.20739075194177,-5.438765262907728,0.7181386577543888,3.545798737350644,2.335146388405528,-2.929014813515915,-1.7483035458775178,-1.655552713475219,-0.4775454755382264,0.3668321920840247,-2.182496556835324,2.817683099685111,-2.6430427947632094,1.6176464843443257,-3.3081973441730845,-2.8021679405912616,0.5941741417747305,0.0912105166307617,0.237623070583639,1.0344628062154095,-0.6395071926398495,-3.233522459256445,1.6341395553591491,1.1867185684215698,1.983588019641485,0.8303790500047084,-1.013403460459142,-0.9555298956010616,-2.634024855955494,-1.936716048365126,0.8273123853045574,-1.0564822866247388,1.9913558838234389,-0.1800189086298843,0.8406843511403534,1.8712999928002232,-0.5036608355215517,0.0789264735568928,0.4456453485951558,0.00093384444661,-0.5258817677578185,-1.351116539550519,-2.3570000625156315,-1.1932523365326886,1.2115289575814894,19
-23.033951175472037,35.14636619596334,2.040026585745229,13.389863982432445,3.647704307279612,8.095866732158782,-1.3911934680643272,11.232652961999609,-1.9713141459304304,3.868057918146648,-5.291044643757543,-0.0007584011209296,0.7038146422339114,3.4811323912368715,-2.4007950833302822,8.745552489551432,-6.1188237003883765,-6.536104768828798,-1.1791543350244411,1.70111031413026,-1.830858926236769,2.7871583716555257,-0.6825004723977613,0.7585649430769047,-0.061580989607611,2.0970297507976885,3.755591235213688,0.6297239308131665,-2.1242410166450743,-0.4079695975371491,0.8352642746746965,-1.7324844392683332,0.8145964994435185,-0.1913294807115588,3.692901236583915,0.5094558252084378,1.09968756462845,-1.6249989060071184,0.4496631223851396,1.1728664457554567,-0.723881675777061,2.4184465873436505,2.771437277495263,-0.7764358314840377,-1.3037661192333414,-0.3275524994569387,0.7392025526286012,-1.2534639511856056,-0.12383291511691,1.075219713451592,-3.084979977559734,1.932661527262371,-0.8547057914452177,-1.853409974787952,0.0961453231040339,19
-23.807670659165723,34.23650657446186,-13.820900902734158,7.741271199686348,4.300138789444675,-8.245983802921526,3.666333812406625,1.7428744135451115,-4.181081970235141,-0.6184262170427156,-3.887534209427013,-3.4232897987712887,1.7433606522454577,3.668952856199064,0.2329701998745049,-0.5314342974981405,-3.2249032140971097,-2.3915230943774617,-0.097722836730686,1.010459469489258,-1.388274748488117,3.1039882466751023,-1.3430831551213476,1.9943106845227936,-2.2872209546952877,-0.3946543258560065,0.692850128915483,-0.9082062946815658,0.0939207565111021,1.1439499385887513,-0.3746791214372441,-2.943218155243693,1.5417011131737648,1.3502263576455595,3.8696453157620696,0.570699690283518,-0.8079545733488187,-1.515378431412976,-2.130891171080273,-1.2476484105664087,0.5475759854626366,-0.6321780688834766,2.8827200611346293,0.6949542402300674,1.1078508757005867,1.2177632443042083,0.13733804971138,-1.033300664337252,-0.5434419638134403,0.5330288827602612,-0.7235415458245374,-0.5513597208118604,-2.1583633709066934,-1.418737928408514,1.3616659620779252,19
-28.646872390040848,30.851593758396348,-7.891355933944506,12.929024175662454,4.0287618088522095,-3.988079987367736,1.200627639790242,9.477565292848666,-1.563612410708724,0.5386226578361225,-4.78989015464804,-0.3328762191655094,2.402631724496635,4.770016218813767,-2.1569426242972263,3.607428762262482,-5.029578141667717,-4.208197462430523,0.6175225874608675,2.406542729855207,-0.172042426293257,3.306153938999032,-0.5981358602295439,1.9816997700640009,-0.3967944191119517,2.186002636000279,2.198348967491159,-1.0069989119902096,-1.5552909160168362,-0.7634582710477704,-0.6571116673260528,-2.7096620001815688,0.1615955347229681,1.131964787309842,4.348120830503199,1.570656248937311,0.0819880203664807,-2.1349672025899804,-0.7384411187644415,0.0880555060766855,-0.0706525605148237,0.4974356233333324,3.293354220239658,0.9789865452419538,0.2572896186242904,-0.3336420745393805,1.2769611086604302,-0.5152559383879168,-1.460375129045851,1.1738408696885485,-0.836508119911129,0.9162282146678902,-1.2256177112007185,-1.61746349242918,1.484705540547305,19
-35.449611957683885,18.70304758834728,0.2161379300425977,8.68888939326112,2.6387913763073865,1.95738634948714,-1.5139614501303578,14.041758796213836,1.485666260458874,1.06391450689618,-4.303288454504174,1.835183549708044,2.060102273459594,5.273963591867772,-2.7922786965315827,6.364244258338816,-4.97114214587975,-5.425364632430648,0.784857106314815,4.972952610684914,1.5257396371190917,3.327385313665058,-1.5779559651149426,0.7413830609476667,1.3231016114101446,1.7732537287427477,4.884788767374398,0.8285138932168973,-3.734569680482432,-2.431107567464356,-1.6052525939131583,-1.497813370446313,-1.881730104283536,0.027175546902912,2.826535392339932,1.849846647316379,1.0344385738183166,-2.622288176896145,0.771578945550159,0.2682096543854125,-1.82185661467166,0.7025935298688339,1.6358911030750714,0.1795053676742873,-0.7153481846945067,-1.2362843328478177,0.6296258070338048,1.7962344347175172,-0.0178199590464011,1.957392834181543,-1.400591890592967,1.2884387770749528,-1.3999354740215395,-1.8520665492988573,1.0325901076873367,19
-39.24928800784959,6.76925669646462,5.050498469820227,-1.1897660326799326,-0.3557527324265151,5.881910167280156,-1.075398843033838,9.51710239661852,1.3712815344873637,1.56208770562904,-1.8408235127109092,1.346187575436118,0.1526392070148613,1.0790615662626215,-1.1423581787719823,6.078638220977626,-1.6227940955058715,-3.657672447197332,-0.2127894467143539,4.437627214848814,1.6277180862441518,0.2627832609551227,-1.8125244378959,1.0501558897411796,1.178136148555301,-0.6318063500398073,3.544819812771227,1.1433891574272137,-3.262745278052849,-1.2022224061941171,0.030724126800357,0.711613656156632,-0.0561541881631227,-1.4542211047461124,0.5008320598910267,-0.5284827488966259,2.812569013586335,-2.136145929437072,0.4275450356662723,0.2173992739471886,-1.161686810446138,0.4893047140594003,-0.0594336362513465,-1.1665323969972468,-1.831956548282756,0.2597596828800659,-0.1376567317942675,1.4291865674992132,1.028529687497477,1.7406262405338977,-0.8244636283803881,0.0954287488361446,-0.9401941162941996,-2.530811487668267,1.3750985889088303,19
-42.684454594018014,-5.301917182234909,3.886693207108913,-10.7204377693886,0.0801433333419105,2.7245170484636594,-0.0132162832481065,2.255737779118957,0.798710857074831,1.0876193484117689,-1.1869228318972438,-0.458026465153164,-0.4983558286504409,-0.5725405155437449,0.5974263569110985,1.2880139789882374,0.6241899406489052,-0.648014567399392,-0.7531473289504772,0.8801956401628375,0.1530232921371285,-1.9159360337064253,-0.8299033629500474,0.0221607667236285,0.5048612018047737,-0.075817521227608,0.3903758097228408,-0.1618524482428729,-0.4267739042636426,-0.0290421289658709,1.2841007646692064,0.0695714206358202,1.015602495540099,0.4924976734206804,-1.7289754008874585,-1.786283517873755,0.8005301899838283,-0.264432040685031,0.6138061046204819,-0.7855676880081169,0.850778776526606,-0.2538337142583641,-0.5341415103348266,-0.5881174162588837,-1.297858182443528,-0.2006391380050488,-0.4701128130638974,-0.3563273326180322,0.5084139814230049,0.7658034579494262,0.4257600357707309,-0.4293326339364294,-0.9234551795246164,-1.6789505640415248,0.3261244024713045,19
-36.2485158560178,16.657251283560484,-10.88655077662963,2.8417867249543587,4.438044304094335,-11.59996887109344,1.985100718738706,3.540564472181423,0.0564244729650681,-0.5236784647282826,-3.0797242273290477,-2.8730387395270216,3.151228939560807,4.462422648051152,-0.464889338342231,-3.647596598361118,-2.1045319765593016,-0.967291535244692,0.9874377211707064,1.009095936413126,0.2863674279917322,2.339346265903995,-0.1697449938477394,1.4063089282512813,-0.471964668279162,2.824127366799568,-0.0840321347735746,-0.1561979655946297,-0.8929887994683856,0.7609481576279838,-0.2288497553573296,-2.6343003613305527,1.3852087906234043,-0.9923757681372912,3.406615992305134,1.3899650394442888,-1.9713180460333184,-0.3022355338174176,-1.6572901955003874,-0.2242745303226586,-0.3426150463913328,-1.332058325529787,1.889105839244016,0.4177676853850156,1.1861628533457924,0.0940970850475323,-0.1200653394988248,-0.1514074137038799,-0.3466210789193339,0.2505569231853578,0.67502790047531,0.0660877236572118,-1.311647216128693,0.2465628929896077,1.5735141116505436,19
-41.52311801902116,6.7623079818989495,-2.782354547985046,0.1668254499086417,3.361539144029157,-4.6336916360580656,-0.3400819942349837,9.192042516618534,2.897276205441476,0.5993286281720491,-4.328854971688225,0.3833405515765,2.305195253068225,5.251768673538908,-1.621348662540759,-0.2515204512703475,-2.959529608241012,-2.2658710574719536,1.3110643086042792,2.485380573475158,1.1680120686165236,1.5377294403987116,-0.7557554133506107,-0.4497521336196631,1.5076009883753685,2.6212470763055498,2.447681071406354,-0.05177159990396,-3.077522974710281,-2.4592878764761794,-1.4163042053226678,-1.6198008742028542,-2.2003115776445616,0.3382379624314528,1.528838680546582,2.092995381635287,-1.4606596269091658,-0.8602139936867625,-0.0128985394853752,-0.5019314754336108,-2.166242589311816,-1.438849851168201,0.6272415452777532,-0.3221662980160332,0.0514882876254204,-2.2478246259035184,-0.3800956964826177,1.349209015560442,-0.6367225248803478,1.245899217193182,0.4961315703878931,0.3928054000342129,-0.3597121671116266,-0.5858991270278149,0.8994991690352829,19
-40.292805796523474,-4.251519108637292,1.671893245014652,-8.143527739308793,1.27641163110478,1.284662724753599,1.2844496635080314,4.991023421438744,1.6834357499692685,0.9025267673870044,-2.814286341585991,0.1862330556275361,0.7790518453764096,1.8527146532125975,0.0668405595773303,2.0031456878913403,-1.3306093758876008,-1.988533732551442,0.8474513117852825,2.2691850427966767,0.8585035611987587,-0.0530333369777971,-1.4530940630670384,2.2000446070735737,1.1846108880177435,0.530536001030582,0.4895506337053469,-0.0719703919696452,-2.576843763990809,-1.2937453554440606,-0.9842693367129612,0.1056557135463304,-0.5394497856740881,0.9182867930826808,0.1858358839548063,-0.3957209382767125,2.089207591756714,-2.0085124386523683,0.486288321573444,-0.7225918436264656,-1.631390447348262,-0.524706473255158,0.011832561357775,-1.4804211094751278,-1.584637832704553,-1.1199552878892154,-0.7721788943681077,1.9046403661164828,-1.6443804886384117,1.4511003072504376,1.1158167301245996,0.7193709957929605,-0.2747126933928629,0.5717565030212334,1.643214073703666,19
20.608353375593147,0.8856890048681252,4.440127049400738,-0.4472781992340169,9.536475289808786,3.1036223185557867,2.8673201343537498,2.046155096472642,-6.3940102752681565,7.527481487817107,-5.413406441688709,-4.147493983917,-7.282331856951557,-2.306011142643521,2.1778795332283862,1.5916438710471148,-1.9731861945229996,2.521627966459544,-5.830226850906888,-1.7806233394436657,-4.882663203585754,-0.6308535817680219,0.4205043622603637,-3.23876600281014,2.3642028907103896,-1.2642277278941914,-0.9090411730519048,-2.2169960828249256,-4.076021996170105,2.498593314672451,1.1601729287622484,-2.1182380460283508,0.2506713929113514,1.4557088165690386,-1.374485438011836,-0.3033135793983298,1.60477934548311,0.7255622227153281,-0.7766462736114553,1.0800723937114298,-1.38480929942375,1.4942458460072852,0.6312997226551126,1.1372163507593125,-0.67156682198039,2.418395503385147,-0.4586985414232787,-0.9175926742254286,1.038538968363795,2.1984778408111407,-0.4619432788764435,-0.0696713264846521,1.408867104938011,0.0481201670239557,-0.1250081133011182,19
40.99151412382691,2.70082647396688,-6.747517273010122,1.060903527183697,10.26709269457169,2.43226448873882,3.520947532753255,2.7272117361782287,-7.698092563776108,4.700741241184297,-4.627526063760266,-6.7398444330348175,-9.48410982085561,-2.91493050034552,4.4574720756177255,-2.4276641879448007,-2.5934110431516424,3.9237319136207662,-8.308946265988496,-0.6021602327984082,-5.778720420747842,0.9743948096637828,-0.8739037799669923,-2.7179714801362045,2.113745799900512,-4.951100871543783,0.1922799877213493,-1.4386082799395532,-3.180070492515034,2.101041607608522,-0.6599876073677977,-4.019046750383066,0.1857022435099853,2.5312905036280773,-0.6728771817756046,-0.6343308867041938,2.308780476205621,0.2309530303257903,-3.2967139764144227,1.2039278068959327,-1.0140130313655178,0.9654086378082104,0.755403497052828,1.1766347881339931,0.4562210916287259,3.1356650186345423,0.201226348882323,0.3856150028994669,1.6893688550539776,1.5823003878964408,0.6913846793534376,0.4689513903036663,2.1683346190883017,-0.4462304076825399,-0.1472295152069181,19
41.1757230545696,-2.515363022897447,-1.0611718101788647,2.184006728018349,11.316390928981034,3.5319776583487936,3.75498185569755,2.5347022849832235,-7.587183827894319,7.318602985725984,-4.313696042587843,-5.12432838734639,-9.931293260856734,-3.030285599383403,3.616221108194817,-0.8608412405898794,-2.3900574947520536,4.712559641055296,-8.4578333192531,-0.9553620112745672,-5.479259656691767,0.2578233199074524,0.1977312092245711,-3.536778428484012,2.726162969176253,-3.4312782291159665,-0.8297052890372615,-2.4811722530503477,-4.209124698465101,2.5666823742429283,0.0103636853338006,-3.192200778741607,0.1450619136939135,2.082255786149877,-1.4385008512533586,-0.4339236963106953,2.3711844312393224,0.6266298575443456,-1.940011491613848,1.420250922812387,-1.5019062873914288,1.6643639352852693,0.6240574427783797,1.560502508630519,0.068611179456396,3.171164687079948,0.3258468999303319,-0.1271612560406464,1.7886015500252883,2.1061304447431244,0.4464391623783006,0.426024529414457,2.326374501504451,-0.0781379696557759,-0.2908828137121405,19
28.9151261220057,-2.398090987487091,-10.362177462319368,-2.756163810040292,8.0042888631951,2.504981449548966,2.5284199016611493,1.732348046430417,-6.877105775306223,1.5316484679291682,-3.3004111148632687,-7.058464051216336,-7.892313059161697,-1.9122484076684776,4.394454495575291,-5.055065307308713,-1.4443563383749765,3.898832167802886,-6.648659136777279,0.6643575372224221,-4.9942657313077135,0.8773486417953132,-0.8220540486469406,-0.9055695644410088,1.8119136913455585,-5.786017251976826,0.3907517315931475,-0.0301103153317111,-1.6454863026969766,1.3867746218295374,-0.9760487882257324,-3.6272147638864576,0.4920281313582296,2.7717784736089786,-1.3007858282490414,-1.1306169272657178,2.2459216485340647,-0.4573488519289438,-3.329697762602168,0.5697795538794135,-0.549081537506259,1.2044292177027476,0.255307828459864,1.0482605898979858,1.169170584038285,1.8721505769284608,0.3632438028474943,0.9656315798321012,1.838186825469717,0.6804062923283934,1.1179504773123974,0.4291116696518836,1.9873991107936044,0.1783206684727638,-0.0978850478960102,19
39.50902898428024,-7.119813439473905,11.396534984395718,4.608327595964861,13.960911502228273,5.184386031173589,2.1616570822256937,1.3612303715369027,-8.808478331758579,12.419628853168328,-5.227039447593323,-3.280945887749648,-9.279310593278849,-2.842782166011078,1.2760105516560734,1.546774719331959,-1.75473905846323,3.775986754262894,-6.5786976595774105,-1.4079044302864,-5.218356608927587,-1.2657361219571484,2.981746078930668,-4.1223035940700505,4.085741696031303,-0.1976210548960082,-2.423066186285012,-2.957904506150756,-5.3890922675166015,3.928223772727808,1.768260582873736,-1.34629321189663,-0.2014850182517739,1.56815843330512,-3.3120219172565584,0.0598384723238894,2.067964521080898,0.8746386799921284,0.6873008853964951,1.410274792638904,-2.679778651335897,3.326187682336119,0.0833538317758927,1.6138661620972377,-0.8391637538644543,2.0541927671546127,-0.9694380618901632,-1.8382271734619329,1.168079319775999,3.033343781416587,-0.5926790850240521,-0.5109207528133283,2.172763753580093,1.0332075167696242,-0.0555067035482437,19
44.3936261490467,-13.468553882426656,4.810302821110532,3.8498508429796408,13.05388181868908,5.137747903196405,2.838198828384268,1.6406117229500436,-8.617338412613485,9.692408872609176,-3.5213986641402677,-3.733549677906793,-10.297502555815436,-3.0890301293807174,2.3859785200220167,-1.030085373956195,-1.26599144852083,5.511331742439411,-7.715025420044115,-0.2624942380887873,-5.095065354589513,-0.4918766135924962,2.381939674104853,-3.637096756012668,3.963824466044784,-2.216942888422619,-2.1627214192566107,-3.031214721594487,-5.018654375958255,3.0943360825739123,0.5726365496414316,-1.8380578646136845,0.0673582900852026,1.7992544146343046,-3.142849946834995,-0.5006915158856563,2.69690071215384,0.6987177449653291,-0.291550094239262,1.352908443249649,-2.157563165626521,3.4993381005969777,-0.2689633212211882,2.093248450074999,0.230338735464864,2.427953405218652,-0.011700431546422,-0.8006491591420322,1.9807970841172424,2.5408574579996697,0.2947782544373153,0.4708856133504296,2.583038967484014,1.0558919642258346,-0.2138552870944012,19
33.87659192712728,-7.569692469323218,-5.900047275839524,-1.0592091480959152,9.407394321725294,3.623940261145423,2.852809820613714,1.7397136165161855,-7.15091299808045,3.8493207438206967,-3.0687339054309977,-5.81705214524294,-8.96774805345012,-2.288071500545789,3.780350804183761,-4.0022740483619925,-1.2881040209974488,4.877835772377586,-7.09378974959043,0.3256612787552534,-4.857539120086551,0.7246215741735001,0.0768350863782504,-1.6759551102327113,2.320460601982848,-5.058923961014004,-0.594675145382898,-1.2522596324032016,-2.486668572986109,1.8256773282175176,-0.7051256148497566,-2.97018320742758,0.4155467106973325,2.403573624380638,-1.7046688039323288,-0.9840209177210372,2.5753400113600744,-0.0636862271015766,-2.638251828140607,0.8280199936696487,-1.1384783543921686,1.8629553835140331,0.0829200729762708,1.4252897921279153,1.0177632682691171,2.0030977115070905,0.3975869392757244,0.6958787653041456,1.8244644221563608,0.9114398442902336,0.9665259162148084,0.5814467682203514,2.407096227655905,0.3056972203744605,-0.3610301224486831,19
12.98965215966025,-10.359323963322003,-17.459694358078,-6.6112345791752745,5.300848225401695,1.962697767809178,0.5413433613381946,1.539886789057262,-4.960295819736178,-2.246505843659797,0.513253587241789,-7.459989000102941,-5.878097822689024,-0.8201543655564016,5.307852506510002,-7.057309073018748,-0.5323948112788851,4.348895251498625,-5.188198895225114,1.9184357937714749,-4.096691316476769,0.4707253860624374,-2.012436970669917,0.4250031895166865,1.626445081547155,-5.246026275119665,2.3384001290826486,2.847478637434431,0.5946126189868383,-0.1429279080923283,-0.901082123118109,-4.57316842223691,0.9306720102466964,3.899879380853323,-1.2216453454150555,-1.3838590586895307,1.469164461189593,-0.3838280062181781,-3.1874995954071057,0.1844633042948917,-0.5373606089781474,0.985501576066368,0.3013030204857194,0.1388565108727103,1.1654160084539855,0.9828670891970128,1.6373613697294402,2.1744393958458827,2.1010250913678115,-0.6880983375236925,1.751317351244888,1.154038382063448,0.9201331501584206,0.0727932370495256,0.1885154997742297,19
37.187822072858246,-16.897306569332148,-1.45852300418939,0.8850341620387302,10.8887836878434,4.621126895524889,3.074997595902582,1.6768471721570877,-7.194322945914333,6.329379389244019,-2.012818640518833,-4.156254550702633,-9.924803311511182,-2.736316590321701,3.135499922119072,-3.0910382711603543,-0.7880071013458723,6.083129851188958,-7.564518540852972,0.3725335056850173,-4.29288202607171,0.2618237779680886,1.2052765394668945,-2.3573334387257976,3.446144407117401,-3.924853155383903,-1.590932934929968,-2.333939005564514,-3.5710031804227595,1.9829796133472903,-0.1832914431661806,-2.3154985290451737,0.5681659834701012,1.9431513633384183,-2.664171525293801,-0.930061461714866,2.8272110652191684,0.5677873903394071,-1.4008589789605004,1.0055503723622772,-1.7245996312581346,2.771109668973748,-0.3527127627326604,1.883824184962546,1.109512403590523,2.0195336369075814,0.6939819282850114,0.5934480456372685,2.295156181547707,1.5642282878671292,0.990733669039029,0.983127344995312,2.3856949161375,0.7331313012808871,-0.5586144088508534,19
33.57018176025456,-30.36681937786498,6.559084133573517,4.675624314325486,13.478570702518752,3.5558411143574875,3.192644215446791,1.1660737640563166,-5.020041262738338,10.843404754067894,1.040535688513036,-0.4526840290582892,-9.886591130626831,-2.034880960666749,1.5551546940718102,-0.7543526075826548,-0.3856115806751397,7.477939360317817,-7.120978590792745,0.245956959140522,-3.7000963264083695,-1.1901620331021237,2.988313611071838,-4.430721943730893,5.393476369289563,0.6882724744545093,-3.4677893373196453,-3.9684674305536793,-5.429025215321958,1.5257323734965722,0.8142032759579526,-1.2701937802639782,0.94387515986645,0.4629100871382514,-3.291348248353929,-0.4374329226490718,1.357839763657109,2.3491688080956865,1.6247492586984398,2.3170692006491107,-1.7953524485537862,3.180410063361846,-0.0858600849987381,1.6522366316719168,0.4776753065305387,2.2247549301517,1.1932065573761066,-0.1046787194028384,2.057592218822491,2.6190262627135588,0.8116558984573516,0.9771810680044511,1.5471600480450896,1.033164791345113,0.1064033565753389,19
22.75049868910857,-26.71288830251766,17.29368482172416,5.49854142333715,14.82992645145612,2.4775176147272355,3.185967748225728,-1.318832882886839,-5.201683688795057,15.045232527634337,0.247699059182107,0.2729690429021382,-7.820087342218968,-0.4640303792323524,-0.5095118222072359,1.4005112742936792,-0.6705629311701048,5.522474413548675,-6.883273680915804,0.1495301298932116,-3.117064830463649,-2.460979395740252,3.970268564000473,-5.327520652650183,3.277744211323688,4.319145506920908,-5.936851127703883,-3.8334768701467463,-5.260307667946593,3.1987384370187204,2.45770267839533,0.4591353550940595,0.5532956763601223,-1.1137780748947257,-2.4617664819470533,0.808847936735239,-0.1163684018598109,2.7207059137012517,3.423454122122444,2.2358141181136104,-1.6109644682976676,2.522860904100847,0.6559384329602435,-0.968080994480924,-0.9608213340468226,0.8786308263512925,0.0342157802639753,-1.865376216473985,0.404006812581141,2.218260271998021,0.1693270057948238,-1.3957028938442944,-0.2110612355920123,1.557959738267787,-0.0235948230130279,19
-17.07194232240181,-18.92621289048547,15.250144912773925,-1.434433156161312,3.8350171839957454,-2.5681861323264914,4.062440631955672,1.76784859564305,-4.735043243531369,8.511735512664217,6.416317130394615,2.065528129288752,-3.508992188886834,-2.522792728717747,-4.244058486614019,-1.3649981000584526,0.6771987731509032,1.933374168207823,-5.140774060981989,2.6337979254603088,2.3348187492396204,-0.2759783441603839,-1.5900443291133652,-5.207538873449266,1.980306650607564,2.268353697163268,-5.517156645245862,-6.437961397926513,-0.5523088733249644,2.931679345780215,2.9931405749231907,1.0964128399897566,0.6996027059407957,-2.137828573917808,-3.931217310343774,5.247280867652354,-4.386808922326363,2.354136368405524,1.499988247901195,-0.8289724243143177,2.651801296409824,-1.1075434481709103,-0.0205677058193306,0.0848457514098633,0.6845491306355764,-1.3726916485043963,1.6249585307375822,-2.1467992111775955,-2.483438914051383,1.0839899668352808,0.4990842188775614,-3.46428042072404,-2.975611145804835,0.1350213475692435,0.1674463755652462,19
27.207670469783803,-26.95665164843398,-12.463356793920472,-1.3716984533898495,8.619058026656514,4.514194260715041,0.6967489726199105,1.7440224962266069,-5.058442996540745,1.1453923628242346,3.1866705689576675,-4.144579409792744,-9.037717201310723,-1.3826165193122084,4.144123121057364,-5.731089274642226,-0.5029352359180363,6.426473226643348,-6.585534888663162,2.204114623881693,-3.240644409171876,0.9650203576401164,-0.9639168196718462,-0.3650980438672197,4.136053377998334,-3.914328377192872,1.2668104368783235,0.5284629722213715,-0.4543896122163079,-0.0529575906274464,-0.2855101370611673,-4.683485231079438,0.2332045518511793,4.338806631541874,-2.0740049001557543,-1.3717912127264302,1.6116343414246934,0.1511579728397234,-1.188553340986905,0.7750648117401524,-1.434349269357701,1.5138807103242553,-0.1713390051307961,1.2947959647751668,1.661857955895907,1.8153275837736444,1.8366831266790105,2.6671544364708795,1.9293533050625336,-0.4031197888855778,2.1318770016274797,1.7645293413129768,1.7848047014628132,0.2434500687356799,0.4766910437256806,19
28.86974936175212,-41.750515880435614,-4.347782347775176,3.798975901228881,11.577522836621505,3.9297849739585633,1.909207063942996,1.9291541128397216,-3.70918681155825,5.623779003827412,4.326238889806982,0.2263136402964241,-9.7941679163276,-0.2417028946724338,1.5468244661761583,-4.8839838698188975,-0.120881705416462,7.538426817264348,-6.4321673401348844,1.7894628295282011,-1.8889454987824492,1.2896191802171348,1.1450854730231108,-1.9501173652813824,7.067759841601461,-0.1773301171237384,-0.7824297354835634,-2.324770344367006,-2.8666636436022483,-0.0993359099191902,-0.0850951333787645,-4.277908134381941,-0.6903830215030307,2.0626609029897782,-2.531190680358192,-0.0340610753960895,0.2109886805527461,0.6790638936479709,1.4416903363381952,0.4724668883421541,-1.5270672294053138,1.5581485243952338,-0.3916582003037553,2.7067666703788897,2.220376711925842,1.8766689825446785,1.9247023020395808,2.220891335529985,1.3021097297326447,1.0017216696325315,2.4614423526756006,1.5238599841612386,2.511389127249303,1.533751625084826,1.3480836964089442,19
-3.674784445877192,-26.815645125802646,-13.228839269907914,-5.90786880406702,2.326546442645045,5.725196482791193,-1.215457133664034,2.7381375289626964,-2.260625409702653,-3.281677525794887,4.247432614631191,-4.500603026702506,-3.4832997515523405,0.5027613788496457,2.467429138301359,-5.589218907889901,1.552207479869666,3.66149592618575,-2.7769866655314197,2.1373197072492736,-2.6109127350226764,0.0217036421234389,-0.7964305278035374,1.2027029683642747,3.653073665267238,-1.6537248870351586,3.098292129096155,2.3625091963513283,-0.1422795000114856,-2.2416991212844986,-0.3392534668895338,-4.570564295648812,-0.5056071064318605,4.207938397930244,-0.7934854320268998,-1.5527510616220934,1.584068263056836,-0.6735701504064676,-0.3128818327850119,0.7970965054784823,0.2755635976653363,1.0056419940924473,0.3553549265606691,0.1537581561395224,1.2280377780320184,0.4281960140327014,3.0259680409422938,2.9269150105563697,1.9618988521802607,0.1565209255407138,3.377548322699212,1.0718758616207762,1.2640399350810043,1.043412591088268,0.5620234748705154,19
20.211770080162783,-44.25838605586008,4.981781495048743,9.023440925650013,13.64662553900079,1.1116351055676907,3.647002365111697,-1.1682616839558266,-3.162232825269528,9.632193239498369,5.428889786213326,4.133554563738884,-7.633639631173944,1.9183136296885697,-1.1994017342538383,-3.0911131527182425,1.526594356758029,6.835684347101513,-5.6091389102332805,2.619694763794508,0.1756138571989365,0.917463768845147,2.587047637925787,-3.8760804738286767,6.479030038246847,3.959792698794799,-3.776702754997076,-5.455098598168237,-4.665364968088667,1.9020671140885637,0.8408230801526132,-0.900984875281064,0.428540232441974,-0.4094250202079624,-1.9007393609521064,0.6516618333500186,-1.116008100605381,1.4959827531128014,3.9094079421228303,1.3369913480339144,-0.9095462438881028,2.0987024240497334,0.1898682043666102,1.5385341443301448,2.120239251176788,1.4284631887082948,1.7395085371354078,0.2876092977408884,0.3339309658187757,1.778788575173014,2.410324583346591,-0.8299238238276884,1.485603667260868,2.041487258947359,1.624933955683626,19
12.372439321129455,-41.50440806989716,-12.087853040603228,2.664193626993438,5.016745337192983,7.556654325763447,-0.3919026878526503,2.4169792529319154,-2.396948942379243,-0.4192038455349979,5.353947408705335,-0.5554355815784313,-6.172117009398709,1.1292172838759609,0.8341094895896758,-7.56305605782434,1.04539759463536,4.729378899043662,-4.9467432860140335,3.6126073931089366,-2.079440674678545,1.7762342417222416,0.1637218669801725,0.8796612798490062,6.213539210060661,-0.2724477084619679,1.5348528658258678,0.244774140220165,-0.7713024402639734,-2.3153718588254977,-1.0597357487626953,-4.823156717397833,-1.2831701331463092,3.856699765839764,-1.0842448186532656,-1.2580366878961209,1.254371672057072,-0.1937524716208077,1.2790696925376128,0.2392364462718756,-0.7521756294109263,1.3773087659924157,-0.7496738200414045,0.7543692204949889,1.4841449882784798,1.5854348886747636,3.518402404202262,2.087560677500913,1.964847394030912,0.5162120638141254,3.6608224128785953,1.9374129379171217,1.9803892342036609,1.5204844310875278,1.3473423675751992,19
9.876463615143155,-46.793481697643706,-6.586741457274409,10.487629221050833,6.216844108577138,6.188927580152118,1.7254592612055055,-1.10440035534046,-1.69229222172737,3.4487919851485302,6.141631230638977,4.213401348959782,-4.656405605236937,2.0338649544592884,-2.645408967070835,-6.820782618315559,2.013719226137681,5.02207802121297,-4.66374949264401,4.201938611516768,-0.7049807856569075,1.7219557035660196,1.189477355741404,0.5820686820514898,5.312280349535068,2.14994713875092,-0.8351774629846054,-3.6389166275203504,-1.8673517900246213,-0.0166192693854867,-1.090418124108267,-2.102650234460919,-0.3887220879787974,1.6990557641319213,-0.5356020693113521,-0.7951988271561362,0.2792216605970511,-0.6314643374965793,2.7627960405446417,-0.3420351965674892,-1.1023338239955816,1.674777222790651,-1.2345182403941248,0.904155796658916,2.03001278784117,1.2738635086245116,3.8357904614366953,0.9518715151060628,1.0578753632684568,1.2644851792594949,3.329613300473641,1.7069053782210009,2.016575642721116,1.6627267242966453,1.5549022759822175,19
0.9155930631039086,-37.2980660761452,11.76150862749533,9.129971610633312,11.57086387137987,-3.2793893421609925,6.440404885860836,-4.764081426639585,-2.144584026695968,10.19204837574984,6.8021032588585975,5.634327164712824,-4.461603219653346,4.106251730216382,-3.1349036870122,-1.758361168981871,3.610490513908956,4.421641975175384,-4.68532088871241,5.226425865305881,3.559681033855118,-0.1852527436041845,1.743168560892532,-4.767149423656093,3.035413071571634,3.677790355386469,-6.718974349799142,-6.36451803692293,-2.845411272415243,4.609508509349388,2.906573635560549,1.742917821021538,0.639520560132141,-2.5840784877524423,-2.1713619917936406,3.3185854526451366,-2.476955004029161,0.2310917509521219,4.524002181571801,0.4298358162383737,2.0916167109351185,1.6132450840442518,0.9101032535839536,0.6644021349062839,1.5326543536594377,1.4832115995768151,2.012334022365278,-1.22513708628216,-1.3948605363093023,1.728622177593364,0.4954311334953098,-4.1104012549215465,-1.9958905617783893,1.7627874120370155,1.276918888364304,19
-7.020218686118729,-34.96589076469784,-15.12159824073203,-0.1041401462806599,-0.2729419285262207,10.507103285709055,-2.296197660601953,3.2546841682864085,-0.240016849956012,-4.519584129276324,4.528353925777614,-3.544257804554661,-1.8127923625198328,1.3192964156785711,0.1486814652172816,-7.303159679019245,1.4625846025334772,3.375658203489857,-2.8336737863254853,2.519353018669072,-2.045024327540473,0.6222823548859777,-0.0816751670264514,2.0812629235819493,4.360600621777008,-0.6961675166313459,2.620167819945377,3.097064502750136,1.23951077913621,-2.949167188752289,-1.9275794936998576,-3.7492239618784193,-1.454299712967712,4.711906149753503,-0.803463313046549,-1.82399228036045,2.499604813077496,-1.090155389312362,0.055080395251601,0.489751932355738,0.2821811848547104,2.217716369333984,-0.6226456119597601,0.3147201677177451,0.9255566198383294,-0.1662770658781781,3.806326976546859,1.811745281781654,1.7931456719473975,0.728003226412209,3.717800448207573,1.888864658348995,2.072521019405324,1.0611843899292035,0.6033408806471664,19
0.7067282462585501,-44.98392739566881,1.76262809633914,15.958878193856494,8.16247409667233,2.0675753356644324,6.093800168881812,-8.23892628232358,-1.4059502534712771,6.297983468297121,6.841693378052192,8.283446109173543,-2.311873831892395,5.245053829490209,-3.962975449956149,-4.19703559618189,3.1853555626406567,3.408398917310877,-3.12388519367792,6.013225111614184,2.4736644637427907,1.2001022675024546,1.9813139764009453,-1.329353757031532,2.241704523102189,3.0524302386430184,-3.885050734213552,-6.127848788933236,-2.23850833223464,2.956900511855565,-1.0427607828451688,0.4049033003356073,0.4244275182647107,-1.1139184344393935,0.6502878616397689,0.5778770323115606,-0.3773988337657042,-1.3923650979326745,4.16031353325714,0.3829742703333358,0.3818607582052895,2.1119772013787173,0.0691696221199071,1.3819402813034665,1.874827862419996,0.998726242818506,3.262338960494317,0.2441775007041279,-0.1602248216996512,1.3913026246087328,0.4449764418115093,-0.1402945278475609,-0.6924293191896874,1.0506955551317765,0.8403827700010181,19
-9.422001260092047,-38.30611393033158,-12.741678646801054,6.2693189024449,-0.0377194457263844,10.911233744093368,-0.8408123922241707,-0.2354271071740005,-0.0113728377651643,-1.7395413662038692,3.887702822710038,0.3365205150661917,-1.3719778924716464,1.798834445882692,-1.3076928240752312,-7.306387155020213,1.2184993098477532,3.412925754216231,-2.5793410523552143,2.948942911214202,-1.4368279770254069,0.8950316598217603,0.1972437152241999,2.7266000022942154,3.9085972140089984,0.9242220980255575,1.0471332664619857,0.2240857191266968,0.5440182757084014,-1.2798316108999253,-1.936683920077044,-1.764590048401423,-0.8176949034647397,3.181498364737508,0.2633286592483288,-1.3642762767332135,1.714222734781222,-1.202786416727767,1.6421231544082793,-0.9754444011618204,-0.5361237391023006,2.3639292907604186,-1.0819812212200586,0.4214747085960719,1.2303712878760673,1.0410833034922196,3.839167102025728,1.0059162907509762,1.273121452275129,1.1784884272790377,2.900376941999339,2.037055432037646,1.8108744309893088,0.8312378867350311,0.9026168326329852,19
-11.089650658427532,-41.7655526545602,-10.02939649311526,14.53381369779647,0.9333935822012308,11.263016421843666,2.5640491521131272,-7.535069097552578,0.1358552084080827,2.049589146894479,4.594870011622961,6.06195505498226,-0.994558734897522,3.706654142453656,-2.4540471594076885,-6.49818369725189,2.537212731523219,2.7762952844366,-1.7870903577937391,4.74908685796501,-0.713262088722106,1.743477786553964,0.2459437954427863,2.1315447933735823,1.3143356456080677,2.9400401702961574,0.0824706213479767,-3.2784776515151437,-0.8561992947689189,0.9166748024077376,-2.1177669859915698,0.2217177374959795,-0.8573507957361641,1.2237080638648477,1.586627142309147,-0.978100712747164,0.485362159607013,-1.0805389740171307,3.2687107030919367,-1.3828436926538,-0.8403139698457001,0.8286669696138038,-1.1196962246671998,0.7770689512908274,1.4792027559048555,1.7705434161767508,3.6243008125663274,0.5152814475507902,1.3397788224171376,1.813735881729118,1.5965944462005788,2.637109276336398,1.3440782124120414,1.3187349802246395,0.8300232594717712,19
-23.952943285867256,-31.36242146089449,-0.770230963532147,9.494327097668096,3.497145767673317,6.172651529773354,7.682958314767006,-12.652190172345543,2.022474194531505,4.764866465373848,4.203405833650448,8.197515837515143,0.1332621331455619,6.87949172117104,-2.365178319119092,-3.577975834899957,5.289154155397481,-0.4515459867416971,0.266241643748668,6.869202422644624,0.6919505847515021,1.152700504425788,-0.0566762712536665,-0.5874564815090132,-2.4451129434293604,1.684948238217383,0.6267583300460473,-4.7209816543338405,-0.332638726572963,2.7830308406406004,0.0036338528722941,-0.6274127678095904,-1.0029896217159278,0.2178454208691644,0.4998402516387175,-0.3681440049876193,0.7813642135103538,-0.9087867219080836,2.267712678117822,0.475347332651762,3.0878659330416487,-0.2433279973030717,0.0172515046155154,1.30448914522173,-0.6809812130039486,1.0990595908753846,1.8637705212561977,0.1861516590744865,1.285206107878162,0.8249135568010669,-1.9378983149992988,2.3035650063708903,-0.0669826718415432,1.1365261276308227,-0.4103322051470698,19
-25.5308161416368,-27.252832628520167,5.294657946045652,4.473723629080497,4.294658700849651,0.5086896671950989,7.873411404105443,-9.144087963059844,1.3272449736735925,4.8627939810413645,5.210893016496608,6.523784551522575,1.473995590513665,5.336323425503668,-2.869545811538165,-2.075049757463713,4.577272219911496,-0.9251541961030226,-0.2642600727731717,6.8388221321369125,1.5610277813582047,0.0466536477140928,-1.068079892367819,-2.439700509202147,0.1966473757451923,1.4307947774049388,-3.399446657095264,-6.466701777500269,0.104707313404369,3.292890229203316,0.4261676137908973,1.6456979671910763,1.1689113087606795,-0.7812560820426793,-0.2724389268045205,2.017040956279382,-1.0651167508867976,-3.3008232056539795,1.949622910815819,2.4286313421514505,6.455867642436954,0.7089359664513776,1.3821808880418045,1.2782982655438448,-1.036746791863986,0.7350112729056496,0.6573623378973313,0.7122065366159686,-0.9173312701539428,0.4638324688087198,-2.940221353501796,0.090830586361734,-3.12078511299396,0.2641909765773157,0.7613424075146041,19
-39.56176723968696,-12.726407139225996,4.4046150621816444,-10.263609613437144,-0.1736008926733779,-1.3097053028791763,1.2714723990037855,-1.1857301626945502,-0.0941233924684347,1.7199221714318236,-0.1510299120677298,0.4200760889152489,1.813115878222584,0.3012886882989347,-2.013293883184219,0.7019563813909685,1.4775250281039765,-2.39535717519158,0.7867719595982169,1.8208893036275091,-1.341543819485112,-0.6031060882278142,-1.9865806986666317,0.3893521007185045,0.939682789715632,-0.1067005132108579,-2.829160722722399,-2.453642423391901,0.9629888306780074,0.1060749164197632,1.3969521458097027,0.4382842026455619,0.9135816826088676,0.0409287409487464,-2.369399814987002,-0.1208800193899105,-2.4243347335515786,-0.6909234542051789,0.2906012821977937,0.75507191286473,3.0315925345832646,0.0663051645365359,0.2620919588162894,-0.866941084955272,-0.2751554610829818,-0.6339024636234707,-0.1724060707819469,0.5672136078719592,-1.9286242608580584,0.6529664355129865,-1.1406140186058344,-1.1306346577199966,-1.0651716763470482,-1.1413825248434848,0.06789839265367,19
-26.263460927414304,-29.549996868686797,-13.313854554685063,4.361056516910313,-2.664647244974986,15.523490512176515,-1.952124339913544,-3.822363422093269,2.3231621740494783,-0.2957892231163326,0.7844249636288133,-1.1168757329774537,-0.1153248868621208,1.398260884428096,1.3136072870132114,-7.398879615870545,2.0077187960557,2.568271030805007,0.0633205550354546,3.468061243753354,-1.0148767613522454,1.6227758855833363,-0.4205894730236862,3.0274633046915795,1.7575741194817107,4.03070694786065,1.3252228640878418,-0.2967667497219929,0.7745931634048714,-0.3347712151316427,-1.1642066976648526,1.506977813126754,-0.5502483425768958,3.816932217735253,0.5501706892796778,-0.8904819885234893,0.4949164051872368,-1.4844120602660955,2.1197621767268227,-1.0167034711988254,0.3228881183700188,1.8706719628386592,-1.031133738875979,-0.5001607207104101,1.528260862135293,1.827395588321202,1.3783918733432494,0.5750062652343115,1.4026779182919316,3.1942401908282108,2.365634138938125,1.4683945285718214,1.9190009763551483,0.9021956689172193,1.431516865495932,19
-32.2673187283125,-26.36850494845639,-8.04357116065493,5.873979078814316,-0.9838036505493448,13.449631831834251,2.877102608476837,-10.238065237870002,2.949764774604456,4.2078994436995965,-0.7807059745562428,3.3515611612579472,-0.0600240654101219,3.870581526866424,1.5924611692441288,-4.672101862033994,6.02210207072993,1.101500643208649,1.580250256114034,5.441377836691552,-1.0250304192041064,2.310563706434946,-0.3206273597493819,1.7270066062592588,-3.802474740361307,4.3734587256203135,2.9471377583568983,-2.004202154957768,0.2781016396604716,1.0017945695708537,0.3514272179336918,1.6493084090581536,-1.820474039972558,1.989842114307975,1.0468525449683166,-0.3049248897137133,0.3284376576678941,0.0817218238664392,1.453989047171041,-1.356866491289937,0.4585817958244409,-1.368795508372047,-0.4381342951028787,0.6199393272285939,-0.3670474434981033,3.0884986319968624,0.7996590673483789,1.3669654721695383,1.0731309656190922,3.737010218896865,0.6578646114049347,2.0990265694539154,1.567407281425093,2.52252317764619,0.3136439071366983,19
-38.56149339431047,-17.228598255775765,0.1431495029831655,-2.827373270988241,1.811156680538704,5.4709011820102775,7.811546192115213,-8.017930018222753,2.325261660315389,4.318524227933285,0.0925955097001439,3.62598338382466,1.7488435902654258,4.460631211154642,-1.6899833759353762,-2.101346559637395,6.407636807411445,-2.4984167098899324,1.713533289162268,4.881155976724789,-0.3796017726508764,0.7448964984470565,-1.465219798071863,-0.5381996649532775,-4.55796597799658,2.217966966200968,2.116609466317566,-3.6580686940245632,1.6179635784540465,-0.8860518539677482,1.5616543124787945,0.0307754069563242,0.1540666293007725,1.4916533011343185,-0.3110936621044487,-0.1613800994434663,2.924503273004393,2.2002103848696737,-0.0436470035766048,-0.3477247845930651,2.087685027691986,-0.8920701376677874,3.2436061548267747,1.821170689188716,-4.1275660618578165,-1.0511919957353404,-1.1953787750464149,2.268810708703733,0.7728534314523485,1.659262711714558,-3.304972677546835,1.951045721919153,-0.6754861073226881,3.2406084542451663,-0.3183903700393659,19
20.876211667647645,6.140000255567698,0.7012865746589857,-6.870459100270425,2.577539598244478,0.3285399091811785,-1.9561432438961504,0.6601837005405035,-4.857807867534992,-2.372670290190632,-6.568706852169107,2.164005501410861,-2.478095770688764,2.0961392793725504,2.1899295749267167,-2.337837026396288,-0.6118019403859385,-2.580619264081866,2.94175686400487,1.4790141243022634,1.321444848535006,1.1631901354113543,0.1661344606525005,0.5585160116689344,0.8832810728330381,0.820200188369102,-1.4058758883818483,-0.2108108001073917,-0.5453871723050028,2.307983975769485,0.1822327811134388,2.2217283052740915,-0.4235091248230303,-0.3755762037030042,0.9398128888636534,0.2322393641033822,0.9672819438369428,0.3906218099225571,-1.1628475490651335,-0.6689423051423011,1.291324846576817,-1.4811048175433834,1.003829430804828,1.5566103030402467,-0.3191369328767349,-0.9592498621404788,1.0937980547072907,0.5428965989946045,0.8648307480078351,-0.6182583749931442,-1.1436698968319736,-0.8070930728317238,0.6450047278287204,-0.3320920077081974,-0.963797301268904,28
21.52049164716537,5.690874136692174,10.57514875134808,-2.9671125604634634,4.508699350644084,1.0659544738236892,-1.7571054617868378,0.9519327307694628,-5.655744548808367,-2.0626442586185325,-6.4850465082547535,1.1677365003539386,-0.6393442654336281,0.7782164922479611,2.194824130023963,-1.8295520684907964,1.5054583319540409,-4.662046630727101,4.224253391736668,1.0066043571648036,1.9564516759483568,2.6032449305002903,-1.1143156133366197,1.4137624175168408,1.798448480385542,1.6624567134311936,-0.2497846537420346,0.5530517201855808,-0.8165885708229699,1.1868973774272198,0.5905414015019321,2.1664002124558093,-0.6384398541561738,0.0119034410568953,1.7848527735317232,-0.2954240675081546,-0.2996405372494555,-0.0690167900511355,-1.530872290013695,-0.2042361379320038,0.8001504052255145,-0.2967154461226187,0.7816826871373854,2.288448942916589,0.1621182686008924,-1.4027680934223896,0.3703821159751031,-0.9134469171420284,1.1266551202562756,0.325051017055845,-0.923822645876034,-0.4875660861357882,0.3315769392549085,-0.9349976398201886,-0.0531500795383329,28
11.06690346814078,1.6569192820693637,19.036388919642853,0.5110032156863764,7.70314664018602,2.435030828373679,-1.3028943338505918,-0.0638893422055132,-3.998064747056501,3.3226480467705435,-3.339165113492303,-0.4494728741104298,3.103187379866225,-2.603137832016329,-1.937612819890691,1.9288572010725429,1.1083451878180643,-5.394174188036804,5.769958277777745,-0.6781174376048159,2.758106281724649,3.611426522606017,-1.2184804850859676,2.4015667098644804,2.365120323322436,1.1451060176373242,2.8769240077196083,3.716178901664033,0.6764266499293496,-1.0699507442102063,0.3895484727406276,-1.133215808409038,0.6083705692608168,0.678854083553698,2.366335347291644,-0.9533228119370504,-2.261064251736708,-1.0482572090301414,-1.7226562046962717,0.0887394280719312,-1.3244054464950323,1.0955419271911695,0.7586003702277319,3.6318429321098615,0.7962857309793806,-0.8875054493298714,-1.7748704149435168,-0.6644786609506929,2.8380566265502525,-0.3392894130477091,-0.032235723992166,0.412496232073302,0.1762266543344208,-0.4804302372699807,3.0140427387935134,28
-41.367344320969806,-10.86939672491068,7.95962275785121,-10.387110501194083,-0.0362407729271565,-0.360135989574655,2.8299169585674586,-2.676183634993985,-0.555587992008779,1.0778625565164226,3.3091965499561624,0.534008802875685,-0.2073524774306753,1.183263318136422,-0.8821540768489998,-3.213121292849453,-2.4900107908911373,-0.4669225488199914,2.281091962105305,-1.418288241522378,2.7770690197356567,-0.4951420610964718,0.0127541833230789,-0.0440024043919414,0.590212105521605,-1.1068743473933,-0.3369512059085487,0.0264159368596421,0.6631507154311284,1.150587877785027,-2.3845454012904943,-0.032767762101576,-0.3742320106907694,0.769980265820445,0.992687027807754,-0.7339046391164806,0.660486769645377,0.0307219620129169,-0.925197501041566,-0.2309412883650784,0.2858152122792206,0.041836310767832,0.2412383726069264,1.567955162468076,0.4536502793824198,1.6213274048245032,0.1593119323646913,-1.6898235192157582,0.4281896958445131,-1.7804466083442474,0.3165792864403762,0.993092919440658,-1.156718117966392,-0.0211963252964144,0.8826780763511667,28
17.58869355365917,5.41901749196334,-7.262524027034017,-10.195566716217416,1.783416469822789,0.6952448989565412,-2.1345815274338538,0.3803602184073348,-4.900660061760889,-3.514688580933025,-7.0497330781678,2.3083052246735627,-4.707432749639778,2.89884376466043,0.1692921910003232,-4.482106984808439,-1.9419623496592,-1.716951939281642,3.0308474335293605,2.820911716913604,1.741403247687148,1.9486884738298311,0.9247901556008808,0.7380975703246146,0.8255558130278803,-0.4999657286015715,-2.6036600209948584,-0.0071864496961705,-0.4727966713312952,3.0805801027306723,0.1521861298356089,0.949637331776427,0.6187872812584871,0.5285854544964059,-0.9686439563766917,0.359748838733899,2.2793654282343394,0.6870501030211,-0.1369328382160397,-0.3367572915264298,1.3128926098010718,-2.301285364799837,1.6356666639411563,1.0002734612707067,-0.6292638395960314,-1.107852662081249,0.9860368847086513,0.8755886186750836,1.4736571719097316,-0.5132178599713962,-0.588181191692113,-1.6022408451125465,-0.5307277003235232,-0.315938371571335,-1.9558989434743528,28
-0.3699354689812139,2.3722832316673346,-10.175242708643465,-13.128200050403503,0.0376061084276384,1.240880133908827,-0.3229066416713188,0.4077075213920239,-2.9620759036250544,-4.847704715825054,-5.730576358653414,0.3048924661852443,-4.898287381464387,3.4369220626096126,-1.2846202943245266,-5.328466799606222,-1.675031069492269,-0.6172332003335808,1.9978738133520637,2.4753390551990706,1.607052562288679,2.127583296097088,0.7572369425367546,1.1679790014790414,0.5250698495791537,-1.3570678619111776,-3.110402108607246,-0.0695253136367564,-0.1340832053596974,2.9514511719448624,1.1435750385354382,-0.3989023467080033,1.5575188959228357,1.270994848649253,-2.185001999911511,0.7070968461382586,2.913969367583249,0.8349272583410718,1.185186664591554,-0.6103455915050923,1.474356036287506,-1.8627143801409172,1.3318325372104076,-0.1099466053253103,-0.4722933548745523,-0.7364023065087527,0.75802021050835,0.6253928119341441,0.9044179448601094,0.1232186164129625,0.3084888269698152,-1.4629615152644784,-1.6118647730626765,-0.6525346648476409,-2.1467017739867065,28
22.552027988022285,10.629437169239257,4.881141012620294,-3.8510825098691406,5.122277665363289,2.74688470437731,-0.4636732119455642,1.1646128522972954,-4.839299164470561,-1.6548615930988464,-6.446306146181192,1.2031531756292602,-2.5581677337362208,0.2430098547298809,-1.2113996031122285,-2.910537802507835,-0.6947898299212589,-4.135112712570887,4.905702272701022,2.129250453444377,2.6149540158480544,5.064347355847364,-1.4934848296047718,1.205751726280336,2.252610780157273,0.1986305361081012,0.1009790312170549,1.7977499866505533,-0.254348698870029,1.8920132575151192,1.1350816875598155,0.2353066519093225,-0.0823265674248011,1.0495031096695482,0.5531228728360778,-0.644279330494978,0.0393390913135808,-0.0823902998198135,-0.9233966691098032,-0.051440542648532,0.5079250895624132,-0.884261439618875,0.9131142770558148,2.0387515204278217,1.0338273149203343,-1.16551679764707,-0.355423936503083,-0.3785285379574593,2.156522751727086,0.153430819463792,-0.6733082460927557,-0.8722163147909504,-0.6907074696677663,-1.2329788758080555,-0.1175811861593216,28
18.603029405474512,11.758024404680512,-3.762258173708152,-7.585386923403119,3.02914243957911,1.890643417392306,0.1429198575448408,1.2521263893696015,-4.417268405278676,-3.648679587540162,-6.209649918847808,1.337442354521091,-4.736228014388842,1.854956038590102,-0.8800433823440771,-4.749208638900859,-1.7995444890989265,-2.603362495609384,3.863728585668364,2.9338015151894647,2.091308462746714,4.170564911048323,-0.6769693143328962,1.1300891711563252,1.9996509291715447,-0.7439609408556934,-1.4053421123594514,1.0668652453417629,-0.0806253022407246,2.730918211858371,1.228813251664672,0.1304621447799164,0.377964818333583,0.9559112113373426,-0.7521821516515044,-0.1334106733724483,1.5900649720362177,0.3191014153660417,-0.0678651725892283,-0.2679500977755472,1.2011298260542556,-1.4818245920935156,1.1157231999441086,0.8575628872943628,0.4961905852179125,-1.1694443500642795,0.339077747234649,0.3825688503134863,1.6939108736823216,0.151428753337812,-0.303193943644997,-1.1802665179500742,-0.8135806972393078,-1.221950381961684,-1.3914509434116886,28
26.38827985806104,18.405039698698516,0.2516386468172163,-4.78994628762802,4.631779986061762,2.7775717144129173,-0.0073606349837257,1.2226054126566237,-5.151198669002534,-2.6007922159887977,-5.998797235036861,1.9566570731887136,-4.21699030526134,1.353094624271242,-0.9918287791980488,-4.600439038488688,-2.028931558821818,-3.715228344716487,4.998886475366135,3.020271400019042,2.1033016504317383,5.152732986048913,-1.476030253528257,0.8552527382991699,2.7377196638788948,-0.3020910105143536,-0.1691049349465246,1.5746244713607969,0.2989420185162019,2.3901937229950474,1.2406875111386806,0.057678585262947,0.3092368573304479,1.1106520030401246,-0.0288504497039054,-0.5296765087231889,0.6078422910036299,-0.0364767631734384,-0.4262933525316992,-0.0832516133638325,0.6060896557135386,-1.5503320236663651,1.0305927427480912,1.0939798309483009,0.7278961710026202,-1.1937978065478063,-0.2100391956123056,-0.0671280929428866,1.8747663271522323,0.1609630854757797,-0.8481592817057093,-0.9354283789174682,-0.6389682469843598,-1.7395605130479903,-0.9690393691074222,28
11.035675693965883,13.737811832126392,-6.849490904792643,-10.791100683303911,1.560917890162418,-0.1207222083403137,-2.644936456575295,-0.2975510345148913,-4.00119847800535,-2.13544793164982,-5.748324723822901,2.753609613745608,-3.912369777412603,2.803675224538753,1.1587980021807838,-3.586599633377188,-2.208512985734448,-1.7209009961165975,2.88030639028054,2.250829777896528,0.362228336440791,0.0045177807889121,0.9169175779241088,0.1665501989597935,1.0585431952121032,0.263857544336019,-1.7384843081324948,-0.6173562360041406,0.670011393733116,2.2020578976001226,0.1618077970366656,0.8794711296729872,0.5065286453056888,0.2310914155326048,-0.4716435884358984,0.6644398692288757,1.1328415965570977,0.2455795661357634,0.1554098910403966,-0.3709141920885411,1.0836283067448955,-2.113065623468927,1.7597093990601682,0.4723481237995878,-0.8118413111601845,-0.4911459682548617,0.9692806248558742,1.501842010654881,0.4373159705472221,-0.9666306352726524,-0.9661742871198874,-0.9968097128290208,0.5356927447113509,-0.3302115674383313,-1.931216296700632,28
22.38532347226036,18.407003551375706,11.116510837776165,-1.8768324080198464,4.780701027487543,2.315954348265593,-2.065525725989789,0.7187409239475,-5.905243230177215,-1.6164092357117996,-6.140743710967364,1.460354059007185,-1.045457879520976,0.7672095519480164,2.5089354716628214,-2.4627497636399305,0.8082299854729789,-5.254773016414605,4.772329971411642,1.2710443637415465,1.1549103031177623,2.8450692069062757,-1.698284903953187,1.185627124229701,2.2104790118671938,2.2214833363189954,0.5183198555717219,0.5619273884996621,0.0112415034706541,0.9204051801406732,0.8231460014760893,1.89295719343408,-0.7711007383508537,0.0049264528663817,2.06508152603172,-0.3871408381633632,-1.2434150499753134,-0.3155187162979274,-1.5548007252435847,-0.0952751248868744,0.6152459680877991,-0.4184703603641048,0.9315705386097838,1.4350696369026117,0.2713550643047434,-1.5162609092961514,0.3387936015337275,-1.0685912538473812,0.5894668846591347,-0.0819990775167218,-1.4728019173376763,-0.0081194602407306,0.5626714143047558,-1.3070903981359565,-0.3071930794510451,28
14.773550744722344,21.81575108847697,6.035118691380943,-4.423687224564822,3.53601538687168,2.2855613563838197,-1.7175523071001582,0.1884876654236933,-5.373474674323568,-1.897389649019426,-5.627032433874779,1.9045373994036867,-1.6625028874246053,1.6709245948662794,2.12030571377438,-2.948642355722812,-0.3187022679574243,-4.287743918854966,4.26852345682642,1.6443172099645782,0.2623197518510058,1.7783193186756958,-1.275336202354864,0.557035824333979,2.0900196564506555,1.9085242793286143,0.3390653275262323,0.0859295276004865,0.8724296553161207,0.9238332729135296,1.0248585219077098,1.560336668899862,-0.1825134414595584,0.0650126746708791,1.4819077759392454,-0.5641245325592644,-0.8194650251220692,-0.3511411111246201,-0.8432597587965917,-0.1059884605161328,0.735517342920127,-0.7272265242749638,0.7867121680713961,0.2203851742907684,-0.1866436254380293,-1.1785949646991791,0.6215982886307654,-0.4842761447485569,-0.0659541671018233,-0.205470037683468,-1.6573095668561757,-0.184592995817517,0.6566761737145279,-1.185001374756519,-0.7636273722920939,28
7.147751432290502,18.79093247545511,-3.8210585499302008,-9.311210293273511,1.9891700450419865,0.417078735926694,-1.866626495577408,-0.4723965062865622,-3.9623079715151817,-2.018927884093491,-5.00853217522389,2.468228262637797,-3.12611377309266,2.6506061220460446,1.318984214996363,-3.364536621523792,-1.896884794633385,-2.383566576616504,3.270328163844736,2.060796555511249,-0.0321096339496597,0.1803101576014116,0.1833901761704557,0.1767260690227893,1.6817011157629054,0.5980338253915303,-0.9546091792366967,-0.5948210937242575,1.1755832403892994,1.4878966692461173,0.8266625047678351,0.8799898108071023,0.4417090111659446,0.0483853064200343,-0.0690159484395357,0.1277034747751924,0.5018538662517359,-0.0167779189164402,0.0878300635354639,-0.2600138899795777,0.834018278860521,-1.5656627298596049,1.4366409536387197,0.0359367968441526,-0.5092843174588241,-0.6522782468729377,0.860755441293248,0.9802184231165014,-0.0840988546182063,-0.5942016638844453,-1.0211516265215317,-0.6885880458405107,0.9025771014050716,-0.7518760176022484,-1.6281627583583596,28
-9.793287261826654,11.976448994311705,-10.11128584051689,-12.284752285554006,1.3401343272765058,0.4660165905873235,0.2403175513974253,-1.2630065541722395,-2.9564355699380487,-4.373875435963655,-1.8474681748686037,0.8614784443743947,-5.357903816547324,3.479222041121689,-1.477798862013202,-4.774180648886824,-2.3302408418868183,0.0049555789948183,1.1267395910085816,0.8448067144339074,0.2868341565266035,2.1250313997693806,0.6120001453400231,0.865294327381851,0.9915157655830812,-1.5590744256706064,-3.0535597272698656,0.7761136979602835,-0.4982701410998567,1.2989176896409194,1.4800631138339868,-0.7275432997110761,1.9341429704201416,1.6232911651727662,-3.172335528961744,1.536322385897711,2.291728673066505,0.0068771962254931,1.2459569900656882,-1.4998986552954476,0.5238137261779889,-1.2706064784566788,1.3589155166844185,-0.7377642203096872,-1.4333180340371077,-0.6625217943296968,0.0953563340152391,0.9818554478930828,0.986570410111545,0.2993387011855627,-0.0381657919559805,-1.3942602687863737,-0.6086821790646492,-0.2685695149117217,-2.319373494130081,28
-0.6284486940059277,17.9785305514067,1.1316409458486727,-8.19297659374023,2.0880564055219817,1.544400711476145,-1.1800239470372311,-0.4349141675898196,-3.759194527592741,-1.7131622002170384,-4.538449067245028,1.8389217638183504,-1.951673764599093,2.160214033158716,1.4149250287790975,-2.6830115563462686,-0.9538335915174304,-2.853981463816613,3.397030402534789,1.484630681916581,-0.2878701625161694,0.4570532322330126,-0.6512114524962077,0.2638088474159755,1.894662720927213,1.0066229407906986,-0.0032482351757637,-0.3411602378080394,1.3256596791328283,0.648777834058809,1.3287442843981705,0.8652308258008239,0.4664074742986296,0.163143538828321,0.4794775768295712,-0.5471754632026524,-0.0961306125948944,-0.2523200062939877,-0.1148033023147134,-0.1702253462976497,0.6670811868797839,-0.8743518033551173,0.7377433721416603,-0.3390973537897934,-0.2109466976493216,-0.7688062238400613,0.6533033123692794,0.0685367862514938,-0.5269234524701314,-0.1856582477186222,-1.235477713195935,-0.3881995173561414,0.8238181359183812,-1.0081509062305916,-0.9283918247630308,28
8.636477057898304,33.26626419951489,6.9285633415463455,-0.2044658590799285,5.511564535908259,6.618332733920095,-0.7507315396992414,-1.0827462742588487,-3.40301798336552,-0.2495387535564052,-0.5566572524373098,2.8811602992210013,-1.263406766504867,0.3001310604031973,-0.8894696080882099,-2.6805224531937526,-3.660775979032873,-4.477341683770851,6.247330115312627,0.8551635949243619,-0.5161160082310459,4.593392289557478,-2.3305067819024026,0.189045541534691,3.3015459958213533,0.1454567930504128,3.2973827174060624,3.603171668710839,0.462285704430569,0.0475882904051165,1.5866698306932632,0.4998060445316424,1.4338704768418555,1.119187072609319,1.456436811285806,-0.5799487400657132,-1.8093531680929609,-2.064099085242812,-0.4692471718378905,0.6474689673183023,-0.567701930953357,-0.4237230803448095,0.5025581492469319,0.5807633577796131,0.6392125907538881,-0.8651907530477455,-0.9426754927892456,-1.9353075271567612,0.8808024357136602,0.4523910042960196,-2.7867293209666317,-0.419245105336615,0.4391410247147164,-2.572329722841338,-0.6306807645732037,28
1.4303264730954797,27.905982484574743,15.856557897877796,2.6541624446426453,6.056301378028165,7.619137947772875,-3.037515167633955,-0.1966644822192736,-2.748988238257204,3.5442938478475616,0.996529620466722,0.6314253225278975,2.203928373328481,-1.1714445530281172,-0.770305895261384,0.526320304875222,-2.774932216052062,-4.030366516066291,5.975362899378235,0.2524078724026847,-0.0866711666086453,3.5632810276965188,-2.296952877155856,1.4150205277124546,2.9926915017583484,0.4829833802235413,4.897984935752221,4.839015897162753,0.1629897558066436,-2.0439169494921225,1.1287217975114163,0.8902259025291545,1.5481325736306597,0.1072880366317341,3.6604634863324086,0.9350600378163836,-2.857425986691454,-3.2361143053680674,0.6357879829208221,0.5332014293098458,-1.1965941742199782,1.16886211106655,1.2636948586718535,3.389564845430169,0.9311434411642135,-0.4281725874186793,-2.023107088546708,-1.0714501916441228,2.134919789523463,-0.761433484722846,-2.9811686784591744,1.6714975564009422,0.8262949652159011,-0.3447321072789611,0.0368654426959648,28
-18.305361670741394,5.852710097354594,18.839753527517185,-2.2434271453274306,4.3025637479880485,4.419398091111147,-1.2444705132672444,-0.3901295159727665,-3.56501333770152,6.208129782497744,3.725277057475609,-1.3847421638358988,0.7270753535709602,-2.794772040864079,-1.9722424304955968,0.600460474045917,-2.475222485667735,-2.341004349881438,1.1888578113446862,0.6806818470857913,5.519733796611001,1.93640299931566,0.3850641307625303,3.981445570291341,2.484835836285481,0.7711936644779669,4.612824341438753,2.726347788306755,1.858048495508805,-0.2810703707071858,-0.3669538820233213,0.7559556133942044,1.82314206149908,-3.154375743519913,3.1333859715470136,-0.7394355054561585,0.1545200106248303,-1.884168196751747,0.9084003007921448,-0.1722572411945606,-2.90443517267186,1.278090656138128,-1.2752752042592772,4.371698319229311,-0.6532773676870778,1.6120376652609631,-1.7359992462097893,-0.1149047360874293,0.8990012097027705,0.5176298272708086,0.7298626443961729,1.3058278619386705,0.9711135375619756,0.7075229370297332,2.36414899222148,28
-2.678933297303534,25.922029744599,-7.31552188879964,-7.698160587368243,3.376384584613044,1.8825979192965905,0.5671518740976483,-1.785382349470198,-3.120879237745217,-3.381478424643966,-0.039845464135588,2.5194485746951374,-5.731844659751872,2.7126103077672474,-0.9687308944724558,-4.628517321482954,-3.559914445665437,-1.1282592713477395,2.6908454250859988,0.6117447958206983,0.6394050136544475,3.551661740029682,-0.0874860216438643,0.0965114463906796,2.2470161096046417,-2.3674060408391733,-1.1826833511015715,2.0137238068399355,0.5194777905658277,1.0521928170279782,1.739997495694921,-0.2606463353546852,1.6676579129396365,1.121697095904692,-2.3304736061362767,0.3554588835362592,1.0432674346800608,-0.4769528117788689,0.3382011519231899,-1.122051441190201,-0.2689284514137645,-1.6489791412947312,0.8126269137674481,-0.4499172957111891,-1.2678214526482232,-1.383657231798748,0.30040628568486,0.0921932787092815,0.7777603618214775,0.1759961211115365,-0.9448268128025016,-1.3073981731682542,-0.2539184618697052,-0.9410130842752,-2.144756751389153,28
-6.239067342901457,33.08177275580838,-1.6818157385964532,-2.3154848225007507,4.306647299224257,4.828347093195623,0.2963182293682926,-2.160550927180636,-2.41952851405714,-1.2841805136535571,1.023930401977992,3.08768484679066,-4.668854198451713,0.8195968487516547,0.6877515847760374,-3.018292987721318,-3.672861441796789,-1.8690573029869648,4.414122393906172,-0.3856105909952212,-0.2065221463575998,3.6155444707216446,-1.0610251548279732,-0.4973289814318856,2.3756436373995773,-1.4616288867582137,1.6278508785196897,2.699033387187588,0.6356443479202198,0.665431337242541,1.4235956285189306,0.8510763270758257,1.0936684498727538,0.3813028186341159,-0.164372149383784,-0.0003555239780437,-0.5966213880541374,-1.5567354417074295,-0.5638108853809537,-0.3122210462077496,-0.7290721049014464,-0.6987548603530364,0.6626045275825521,0.4033298520796864,-0.857196998378348,-1.7925077018563078,-0.2902985471493132,-0.7602153939584015,0.9603301334976454,0.5583504849771695,-1.9662135068161943,-0.6782528024744511,-0.0875183854840139,-1.8285690080263173,-0.916041058598788,28
-22.51261326648412,18.54347151538852,-9.395324694615445,-9.696370818126631,1.9073033389705825,-2.6437136706124647,0.569285491729641,-4.66071921610634,-1.8342537825881025,-2.0518825035481374,-0.1712211977936187,0.1539482678554564,-4.8325566534448825,1.945416236408024,-0.5969506964400524,-1.6351711773863784,-1.8377458278034005,0.2587477259570359,2.9420982563868394,-0.7004041643971759,-1.4519296028196866,0.1622095160353631,1.8857209030420727,-1.5858186287196592,0.129703605751689,-0.6877460093340503,-1.8025018004333224,0.4662334738710448,0.2923996144086493,0.0630156737451443,0.3877835443101639,-0.4546852178909283,1.525870027253428,0.8966480513846901,-2.7990740707112223,2.1347004385549435,0.106976953853907,0.2166768237332673,0.8257112991097667,-1.597982765120456,0.3328320380988692,-2.495885644538887,1.71120306476936,-1.231668208822206,-1.9168595481780375,0.0515839146343409,-1.1632550162924555,1.205246863261159,0.1890137486051906,-0.3565522850570534,-1.7524147928980562,-1.0141168308986954,-0.0693812884966396,0.0902471108154133,-1.4478269607790533,28
-7.386395950995782,40.87584349109291,6.11736111505615,6.81566960753841,4.586318292054772,9.643084029326864,-2.4250672459903657,-0.0264604370770614,-2.674592346828476,0.85805185095853,1.776848344469063,2.6345938624474563,-1.7750292539585066,-0.2961073395893785,2.4401109296287795,0.4292463364303681,-2.9768985844359195,-3.944074784676664,4.219869260753729,-1.3789921102425726,-2.1432665172140064,2.643890606015143,-1.909304314791789,0.0123073603384075,2.203275726846939,0.1921351813063528,3.858848234101304,3.3812172870720474,1.6101524673475605,-1.3502741785074706,1.2726557742355855,2.151728552044804,1.5792817329757238,-1.7037367969341526,2.6693102330511564,2.034581755900087,-2.7350105380658034,-2.803003436017573,-0.0680128150226285,0.8339629186806427,0.7685601200629611,1.3062357469670067,0.834624848194913,1.9257409892973876,-0.2286545279451817,-1.3271144532495054,0.3516203695250617,-1.558476436177562,0.3473964645125014,-0.3575505451223007,-3.253284349368654,1.3904408473959449,1.0031266725242718,-0.7949240899745867,-0.9912272157482518,28
-16.178436107874774,31.13238708394896,-8.388323564802624,-2.2231769386082507,2.8105715200886574,-1.1729858849036832,0.4882886246646987,-3.54726204840021,-3.2502394681873645,-1.137487520914903,0.4316442660002223,2.5317190861284944,-5.3836498995726565,1.1832084275379475,1.722370260982342,-2.119895525084275,-2.1502483293736327,0.0426447831407876,3.107900478925885,-0.0463393121314378,-0.9789723233045466,0.9046637983975704,1.1352618427439376,-1.4389617748598065,0.9139910798527856,-0.5792833860050722,-0.5275628995759805,1.524145975045848,0.4573130837549198,-0.1049677153069149,1.0228816909920924,1.0251071886832048,1.720232427479757,0.9514708161533404,-2.066344156379774,1.5125176242034488,-1.6683645740651858,-0.2538344953164177,0.1619285004473154,-0.8855021347077141,-0.0399153756766097,-1.580449131571173,1.6626431080673154,0.1848705810563201,-1.8132324367560737,-1.4767529744674597,0.0663932123963093,0.1805700561388951,0.1665374209674106,0.1194371644484102,-1.6710386445910004,-0.6960712171320884,0.2495686539521405,-0.2010548168898681,-0.8041389849442456,28
-12.849088595792717,43.21585571988844,-4.693120392393493,10.225760444295686,3.885696492758557,1.4407949212564903,-1.3213927574086148,1.1051608223452392,-2.151407541705709,0.2182104048148913,2.449234673337004,3.634488263670899,-5.123737496828325,-1.11575781437037,3.0164702692075465,0.500535751033355,-1.887604083938256,-0.8984451635714863,3.5102444961843955,0.6486818621451459,-1.400136459600501,1.1616864016692294,-0.7450139774518062,-1.572867574962367,1.5349810252597662,-0.8373513881014649,1.9816537865621344,1.755342947518445,1.8575255682558136,-1.2143197793588678,0.3973887616069316,2.188011804908306,1.7459436029293185,-0.3044073400678482,0.1842838185690779,1.5886300637948592,-3.0591316201528302,-1.3794284615035044,0.4922721915863829,-0.4032324685509069,-0.0675137859394774,-0.6620154632899085,1.59947917125056,1.3868877482523532,-0.8952302787542187,-2.088141670099777,1.033851870484045,-1.1875634835366249,0.0696320797701522,0.1068899813086952,-2.7272646582853906,1.1607035156587948,1.4549758960743335,-1.2334698975654597,-0.9957492161524136,28
-21.40851330768938,26.714404824259727,11.275138817389486,5.929474716322998,2.390814484662795,10.50219415856981,-5.064773037019891,4.078677428495897,-0.3469753736997406,3.948722404069595,4.252160465452159,2.8240494077628684,-0.9853702195838956,-0.8382690556036768,1.538334518745418,2.371672194338684,-3.3148128344573453,-5.651349613931743,2.6737964093029403,0.0728931028882262,0.1473221617733731,1.3046687285057357,-2.3434924822662038,0.4492878718214677,3.106487467991849,-2.074656617548876,5.383531214021988,3.401416145244533,1.3782111792323333,-0.5806455942483756,-1.306655303905038,2.8210938907314813,0.0791163511470573,-3.173036448068645,5.360966247546153,1.2514553483474171,-0.7611873298239589,-3.8318084687349936,0.4724897861018116,0.4444863899405573,0.5722522936041176,2.806536602376686,-1.36560922248544,3.783693177753357,2.075657173353996,0.957345411063449,-0.2227100101067636,-0.7587080517474626,1.1587471598583747,-0.0457997571936771,-2.606187929518444,1.7434271325011954,0.6573520894313707,0.967128030553703,-0.7223024358143285,28
-26.223218979954343,20.507789405858443,-9.978431713423408,-4.9052191489641,1.908136491570928,-5.376405057551508,1.9135506221771488,-3.419364938415449,-0.5150362314469258,-1.913372066728668,1.3172489891517436,-0.0571615635818112,-5.289623875038537,0.9103767119365138,0.6485763397683875,-2.4358441047742243,-1.2967727962291895,2.110193233783561,3.078619638927481,-0.0152957864815777,-1.2720239679666334,0.4428196102401905,1.591135473643226,-1.150196127706898,0.2728119682522857,-1.6424668255940535,-2.109913613618706,0.825326883693175,0.2583313331572009,0.8149056803749388,0.6396607222950141,0.5607561815049513,2.1131436649259614,1.0229051369855755,-2.818826539852972,1.8586672245339888,-1.7120341614558523,0.2327625913852224,0.5335882152427618,-1.5477123662043355,-0.1487364468863613,-2.467530616018582,1.4751348648296023,-0.9661264524219682,-1.62081386366525,-1.2072751773887176,-0.5582669346227239,0.5133190505088331,0.2675667111554127,1.1466907455350768,-1.8819500617872464,0.0079044888084491,-0.0312536581243044,0.5891475566264579,-0.954819031556336,28
-22.438621571007012,32.55461699654641,3.902679801241164,11.737710114323368,3.3895137998712794,5.703394897606169,-3.5722495853883163,8.72964666130809,2.24916843006422,4.080375540377774,4.680866378624958,4.46359215717863,-4.26500351295104,-0.6255385814842724,3.606877113228396,4.012309937813812,-3.8212822936786246,-4.110282436296843,3.4314788417184494,2.9163675399492086,-1.1274086661247642,0.1091783047222177,-2.3788288262139523,-0.4551404837415103,3.016713833332442,-4.6160227528252245,3.3354168216761377,2.8222639453836376,0.7502705738390825,-1.3386016677760435,-3.13159946150006,4.269767623458729,0.0398307309585109,-2.3931240692204363,3.19032235802645,0.7589104759759842,-1.4215786240961057,-4.17133022406857,-0.1122543266620732,0.3543883112210123,0.4405106581452592,1.1434512256382063,1.0177759799265795,2.371254354829223,0.3356589320713771,0.1422283806283422,1.240436739194638,-0.8040873624403327,1.1274742390570245,1.162588260769903,-3.6559243712533305,1.7611809482706418,2.232303800586604,-0.025725723752754,-1.262661623728034,28
-26.011131066141697,26.40983648740064,-9.73340697029738,2.8313721550971285,2.904042592273345,-6.940142579010605,0.9464295423994874,-0.1216408333349658,0.5209830971963616,-0.1344502697372648,2.3717771240748298,1.3011193986761098,-4.960476255217386,-0.5012141196028698,2.096358242199729,-2.4476311703429414,-0.8935408807335193,2.2096941917704527,3.18923344710713,1.157954166052888,-1.0334148348507253,-0.3529564204352045,0.665034774845163,-1.5175588895386969,0.9758864971633484,-1.6646950791182322,-1.0477983312068928,1.1623156507011494,1.1726251453810828,0.5787168030927102,0.0712864278783114,2.207111116243898,1.8285363880611671,0.5519907828381035,-1.3553761097411334,1.0641963574616866,-3.1117309656947265,-0.380442773585617,0.0850415862951805,-1.238954661602657,-0.7860535623474533,-1.8624119124668976,1.450030970232366,0.2866620872192243,-1.238162813407411,-2.0407682263172147,0.5895310096251782,-1.120758345156725,0.0634913420852821,0.9008463804685636,-2.344552604811538,0.7114175100188537,1.2014048850487724,0.2794046425392188,-0.9148487796155378,28
-28.92170439718881,27.074922259748487,-6.608610086927992,9.50633580834378,3.601391309027829,-6.259014221785504,-1.4099229054702422,7.631692315270446,3.4909396004689497,2.704602520422086,2.95053182301076,3.195419626249029,-3.340699774799724,-0.882608177645293,2.987614900450826,-0.3259261517574419,-1.3208143276929436,0.5303783043143138,2.5468449507007587,4.058397193029404,-0.0262432015800139,-1.9992472984979572,-0.8457373926027858,-2.229516884506294,1.195086837909883,-3.035455361637652,1.151003968269716,0.6679964259784017,0.0367841779900276,-0.1717806551175939,-2.71314353156992,4.34011278710775,-0.7651878294087753,-0.1486544458221579,0.2104274889045914,-0.4303872288651165,-2.1556489666517757,-1.966618014741111,0.2113010895086416,-0.9206812567839452,-1.43438122107821,-0.8909844599215295,0.9610321756008806,1.3893169105448693,-1.021279386540547,-0.5772427147212428,0.46077278254665,-2.4680527427420067,0.1072901158858357,0.3379319436627274,-1.9300839637460987,0.3010734962617287,2.1417026898714444,-0.5077592519608553,-0.6891486384037472,28
-35.24332638828065,17.94175671948655,0.4644527814195931,8.166350331235975,3.220004379502987,-0.6121426784503367,-2.1818751478436167,14.455142020760846,6.1638902281075465,5.187244953865644,1.2016009522663922,4.004748691499113,-3.0736765832649144,0.8886264637880795,3.5046228860095927,3.6512348955027063,-2.205267321710731,-3.875869554978477,1.3377808957454291,5.040708726729898,0.108407821180126,-2.3272775579236584,-2.273275891997921,-1.240886085903666,2.5025654859811675,-4.712576593291254,2.77459370040176,1.0537486392668405,-3.8243475137408662,-1.5834417610484008,-4.695118785916327,4.379079396710468,-3.468045847096687,-0.1666137055976681,0.0721083281378925,0.1207752061444427,0.1729950507990506,-4.565446714395997,0.7686825047153965,-1.1681639686398118,-0.1828281279361156,-0.8963423526675404,1.8025416942445047,0.8441843536840636,-1.488253568587177,1.242452863640266,0.9952665510443486,-1.3181857316989791,-0.4904554064346215,1.079426191166584,-1.029772614565231,0.3578135123942061,1.4491571106076924,-0.1392376632787438,0.2584643125652551,28
-37.847406784380745,6.460754923518101,4.737261334972075,-1.9811506203897105,2.0121051971540345,3.6472151739417296,-1.8594040855654912,6.301623463089092,3.772913027028166,4.617651966609055,0.8013959707421553,1.6916195057688863,-2.086984883932375,0.7201205271678263,2.231670498469644,4.499212922315246,-2.6250487450155964,-6.129429295175622,2.8425235532162336,1.829899984066513,-2.073204921510718,-1.4460174086275988,-1.9231100432409836,0.7845875646983327,2.872235507471909,-3.864141212753716,1.985968331470846,0.6360011580129926,-1.5889833549493084,-0.3361096410517518,-3.599708923654103,3.973454586158963,-1.2385405393998996,0.0510239817959437,2.369268641781764,0.0528629102537695,1.7100828118024831,-5.548612236999173,-0.930065844294167,-0.8849072989669649,3.7754852917674655,1.9921885622934647,1.6055927367058629,2.5513700145130382,0.7127472626756856,2.453254026801757,3.0240105448572185,-0.1205115842322228,-0.6376485415302575,0.0751298922252532,-1.6028671562020964,2.2584994978365325,0.3215120533219378,3.0442320245801504,0.1985787254176926,28
-42.370369459098704,-5.527288695170546,2.488987245810029,-11.472991291851072,-0.90214830626148,0.6583781350312856,0.1186111824328313,-0.3014593889467666,0.4268684150740285,0.8154016447403665,-1.58861091289942,-0.4246751548284138,0.2775595857318611,-0.5210446551854364,-1.0346542388569346,2.1708770270000066,1.1445912295406386,-1.620206011175476,1.9779008724985088,0.6199037366048021,1.079878715300927,-1.0928333592373571,-0.4038319398295973,2.1955505703279647,1.5213815473477468,0.0323326807345002,1.08029835797214,0.5756494414474902,0.160137872556202,0.3569517850649765,0.3330750182495674,2.409294471109757,0.787071659685315,0.2762976394531059,-0.8493867661895084,-0.530134183405299,1.7482547229078342,-1.253201375048684,-0.0181235058348399,0.1332753670505609,0.8665178022076634,1.237942983936689,-0.6985161875533975,0.5348229642779206,-0.5258894223230748,0.0254960705049424,1.0376558527709134,0.1057257705713417,-0.3407853005422344,0.2385710431927639,-0.8214281288569281,0.9468991978790527,-0.1676667592234032,0.906153447818974,0.3784580265180569,28
-37.87279869739805,10.967104657597629,-9.162330227671331,-1.0009797810096637,3.7508791471596696,-11.344879859644577,1.159060844568444,2.4856542378105,3.07963995890698,1.3255822811432945,-0.6058548168998952,-0.3930433758272516,-0.0945112710913875,0.4788494217703005,1.6259998732729168,-4.742762065946541,-0.4993779172544333,1.8714325170460264,2.043305226865768,1.3978946903459684,-0.6223138252107342,-1.0340961770690127,0.6101735203688821,-0.9225053346910822,0.3254531479766496,-0.3503785391654047,-1.9040381020971653,0.7367204563810669,0.2334563603739444,0.9554387690063904,-1.07607616682574,2.501374776219027,0.1207401721748522,-0.6717294530430635,-0.0048828373269996,-0.4769975257923868,-2.931083802234186,-0.5455037762784493,-1.075640669913467,-1.2533541381744917,-0.6147872623802838,-0.9154912752129598,-0.1439800316207948,0.1961136706686705,-1.4323658026819903,-0.4734740991711588,-0.737837248953031,-2.44780685645916,-0.9438672932444464,-0.1914676025162011,-1.675600455454576,0.3560113578796739,1.9488559121957392,1.953976744594397,-0.38684835008341,28
-42.14147623670733,4.606981726113257,-4.2141811957382025,-1.9874040992247368,3.438666399228538,-7.866292370415333,0.149147339391904,6.610443941424206,3.727160586790388,3.5185383762299525,-3.07700869431323,-0.3496078229325542,1.353141152151488,1.3799536114508568,1.2507824098655105,-2.7732675575941745,-0.5541562909203057,-0.6782962262357409,0.7813360136787655,1.453442232036731,-1.326179557732196,-1.573099858950662,-0.8264900517002289,-0.259754728120815,0.737109521763495,-0.3664015253661565,-0.2925425270713689,0.1300853625354816,-1.9373964312208285,0.2954465069674752,-2.294134487530986,2.5871754659692026,-3.0014088863054487,0.5241189139454889,0.9475723489113266,-0.2057399050778673,-0.0473295634541566,-2.382115475800416,-0.2014930464139587,-0.3418627346981424,-0.9501603257541712,-1.0781935319023592,-0.0222631447765469,0.1376917880162552,-1.7947863298832938,0.3453956546927508,0.531342040116073,-2.189932271852471,-2.157868579204752,-0.3383223595269171,-0.6911044750278094,0.4158958845274109,0.5115352905737963,2.2419026251718126,-0.712537570744108,28
-42.56323129245403,-3.1445595900424275,1.4635363209323995,-6.521840054132349,2.764979411698416,0.5375988810486043,1.3574716694057218,7.235534566549125,3.132195853461681,2.3973689256354245,-4.061034928122718,-0.2991214110098419,0.13658711779619,3.9628466623136966,1.700317322922567,4.157521122142766,-2.1061949475437847,-3.92572434516972,2.4687397156428426,0.5286021946512726,-1.3955138392214963,0.5030886706003905,-1.491683782919462,4.823376089313063,1.3984114641577248,-2.2706426282085648,0.2127685692496362,0.3239433672005367,-2.698222202320291,-1.4979061267365328,-2.3641207653251826,2.99737982171451,-2.4681791666220234,2.2068396006218527,1.1766885727953582,1.6266039445498714,2.215997862484622,-2.51245289819008,1.134151291318322,-0.2662577789393869,-0.4654081896755812,-0.2867451271488363,0.9438686429780604,-1.080706720627092,-0.3383715205439822,-1.3329642850272,2.912835528004377,1.5997667325146678,-3.5069569155313065,2.452585824943436,-0.8444374220799977,1.9305419235694807,-0.936442506591199,3.022802665210456,-0.1661789752971572,28
10.072338876192044,0.1796389201114901,4.335299328385188,-6.162138899675341,3.7892752648381056,2.015609360055372,-0.102884044578608,1.0447740021792022,-4.050992680011818,-1.7012470146554388,-6.617790329973403,0.4104047065362495,-1.572135491089859,0.397029755447231,-1.185056216204219,-1.8052195577366656,0.4018589151621963,-3.219947042084804,4.003089818117586,1.5121000348980085,2.579840584274167,3.70887874130204,-0.8229760558413014,1.2918792709487958,1.524078027499899,0.1468485674651242,-0.5858686418191061,1.231237440715293,-0.5006152074459831,1.4980732454094077,1.102889671573614,0.4107214030509267,0.167659460835077,0.7973535041595206,0.2005331777386433,-0.6735261099191928,0.4977077065871674,0.2218910283076992,-0.7466027577079413,-0.3021010202948322,0.8282376694710352,-0.3715881344743076,0.4928359763145782,1.9985278701717315,0.9477237668473484,-0.9043946941164176,0.0728689314805716,-0.2500904636319537,1.833699774601645,0.3063417955388251,-0.32214373688104,-0.976261009882974,-0.8079793952056175,-0.7639513257957855,0.1177077072208865,28
24.298908834408497,1.2327326494557544,-4.24971911651295,-7.29960565508078,2.8201539802197124,2.1696903939027443,-0.1042726653417107,1.4873832544587715,-5.065654518438178,-4.156635393823556,-7.871198365032661,1.2609882737932625,-4.149692135106363,2.2681806852654254,-1.273200041611558,-4.448887686023859,-0.7943633201578426,-2.433052899670248,3.6936397367402334,2.935143367023244,3.139907561225881,4.466370904999016,-0.0231711500724444,1.092437345668022,1.115028978475736,-0.5574502509210011,-2.293947539338181,0.5650565502205964,-0.756813690206605,2.9487700179126666,0.9146105441558552,0.208186528238224,0.6433932234166769,0.8513777306271713,-0.9012983917491676,-0.1523846228151672,2.354769358454312,0.8590089161542988,-0.1474531404035078,-0.6348345657560834,1.497049184659073,-1.619245270096762,0.8873692286737807,1.5280455509120154,0.4702700799395509,-1.016384533985568,0.9001675221943747,0.2592272447882488,2.164550085698271,-0.0256162879884528,0.2038682283275204,-1.7504063372171432,-1.3163141985664204,-1.0340286559930327,-1.120971691633986,28
25.569948557444757,-2.571886415845921,0.0547016644971767,-5.73767043351011,3.728658746425464,2.2067891806252966,0.1385751470801073,1.665533525085243,-5.34303268046626,-3.1352797610375625,-8.383660793471007,1.0312562758071089,-2.801658800519448,1.4413850825928738,-1.431646520865343,-3.053812104238219,0.0038980229545505,-3.004879259263916,3.999500707386313,2.4305317184880337,3.501744594787228,4.685408332478365,-0.1584987360212981,1.4122459665795462,1.2959227891865903,-0.1875335638682124,-1.9096072108802136,0.994013759623194,-0.8651087271409894,2.5207622120782385,0.8578525538340265,0.4355863287289858,0.2465119671100241,0.8622011919068435,-0.4228744456091326,-0.4856382324077213,1.785574193386411,0.7140985422022759,-0.6042610387866045,-0.6356383628331422,1.4729440505355396,-0.8771304118311435,0.4252101067300475,2.128769565946323,0.9361714463316562,-0.9664751078347884,0.8534508030922117,-0.0056854563239168,2.472770589358243,0.1997235850745586,0.1255222241851834,-1.607457844849785,-1.1712900085188875,-0.9339310180699968,-0.312585499251804,28
14.434174480078362,-3.583892257868505,-7.19940632744636,-10.938276023000034,1.25143041883031,0.7870969490678792,-2.103312342891697,0.3610566369027189,-4.674006770179677,-3.390772706376028,-7.207249894958593,2.1004647786864283,-4.031487812133677,2.8208706269768684,0.0210751783062144,-3.796740081220413,-1.314107685487342,-1.45170572143067,2.711679451125529,2.2397117833294486,1.854925812907059,1.4772267787370552,1.3151784931385306,0.887410889136237,0.2445797028304019,-0.8065526678821283,-2.900187038738768,0.1139662901802818,-0.7758430691683549,3.3103817559995306,-0.206583551066347,1.1311552297936784,0.6678471915041544,0.5219579527074387,-0.8650887995719967,0.0682509175001546,2.760578424179967,0.7836271518831583,-0.3197307756082695,-0.4094561212939751,1.3760660716557236,-1.9073051441782676,1.2023158416771311,1.0878649010311778,-0.6382119841412773,-0.8671583962100613,1.210239943082026,0.7471388186470811,1.5465588303360671,-0.6247118388983302,-0.6250869907778482,-1.5432627110363588,-0.835983221393822,0.1680342959889147,-1.8537199080563131,28
27.18529746565675,-5.937078650226704,10.547324152705947,-2.614109940942408,4.6764310262535655,0.0361885397677036,-1.4822946819925549,1.394178383272883,-6.266222082037061,-2.2608935719305405,-7.577825725325269,1.2495511594503907,-0.1510727874494891,0.9968131682454646,2.1729910508836583,-1.403132167666646,2.1477038930059136,-4.142290757190379,4.138622666233855,1.2535693466439812,2.7527622833594547,2.59622294444535,-0.4618051562749045,1.5611917851010542,1.4379091548311609,1.4419351146661008,-1.016876404316683,0.6841388728076467,-1.3600711837789698,1.4486602938402828,0.3435308437949462,2.72867462373788,-0.4404669044636882,0.1315710566275114,1.43272607514893,-0.37120843801168,0.6031884493662029,-0.0264805040927685,-1.4252989627809822,-0.2699498924464313,1.1241103499439813,0.2206265485583579,0.283874617742901,2.6397040616858183,-0.0107080736975162,-1.2038670674615668,0.8143697823956175,-0.7872597704466324,1.767103597411392,0.9513836900951156,-0.8177235782069234,-0.6963665018512468,0.0943382454973083,-0.658459559446293,0.1561922591101126,28
30.72785149241377,-11.442739023765691,5.06460920136899,-4.239839462179726,3.7808837318381774,-0.144560076685597,-1.509920304710681,1.528789477554274,-6.305899327681026,-2.859833957569917,-8.249688216599008,1.9814726852581095,-1.0622448750202895,1.5821814307280344,1.621759309856739,-1.7743971439551336,1.3788749963034634,-3.2065041181985587,3.532158666324676,1.8120060045124708,3.0169916652366044,2.3855747002754,0.4809979006505449,1.5728664643214916,0.864141765585738,0.4697757257396059,-2.311821685465357,0.5564413900072301,-1.5461958438507972,2.264876450896625,-0.0167634924874019,2.93875637879386,-0.2411019797076834,0.2239558605241576,0.6611566025315169,-0.4427376508821242,1.6337648862202383,0.185733614215819,-1.1916718818593257,-0.5346675237332927,1.5042771399269956,-0.1347762128913076,0.1266887543636652,2.557434877264985,0.0687813203085337,-1.054355907476167,1.5008975826940274,-0.1257282663180527,2.219931667004543,0.7032626563348344,-1.143143964306007,-0.93152599608743,-0.1236155876933615,-0.1420325458465706,-0.3225271552156051,28
20.86029324282489,-7.303256205716921,-3.938975152735441,-9.095015221877953,2.031624838307807,0.750709521272788,-1.8269529529753008,0.7220541454150359,-5.413308908388641,-3.099329128140426,-7.640795901787296,2.3213337010037085,-3.165616140260762,2.611123214104526,0.4711226411177552,-3.045233349314992,-0.4522483156201856,-1.8887420917523805,2.9883483582546075,1.9905629815194563,2.2611051968228484,1.7922781304928614,1.143352807887252,1.044924822769883,0.2890672689207303,-0.6942672152941111,-2.8397179786295994,0.162516776851741,-1.1124936116307271,3.14586146463708,-0.2501793822079926,1.8405175180076196,0.3546857730455835,0.3029800362109992,-0.313484425656412,-0.2002461472464417,2.705019951398494,0.7192888556604946,-0.7566542960605899,-0.6547955111365472,1.4983386420455378,-1.5656228102210554,0.8341547970991563,1.579637956492965,-0.334262317907122,-0.8186566973681736,1.3951060154450168,0.5009336344565475,1.8779497455404983,-0.4943664730854298,-0.8626347227876386,-1.387747988410556,-0.6231025218434368,0.1302574154754502,-1.358898122540172,28
-0.8253458100719321,-10.52051840526774,-12.05615584142156,-14.089598751435716,-0.6088593804936788,2.118814315454695,-1.265837574990751,1.5018031685561513,-2.4073316542884644,-4.429728854742405,-5.811907765932597,0.0366332710348765,-4.487863281979979,3.610031899393017,-1.10730095942847,-4.006095160142142,-1.4224064883466816,-0.1446045438492571,1.3882761232836376,2.882071988703814,2.682489440241476,0.9366514381832768,1.6172619337000171,1.2622514495168349,-0.9024192213413854,-1.8753411686479469,-3.708266142161152,0.2135833828171238,-0.4227512013928961,4.456926220518148,0.3607381246999585,-0.0683108102526567,2.199925630831346,0.3833883554657438,-1.8148282095425892,0.0505001175708097,3.934647148279691,1.5543960120556928,0.7741345720862712,-0.1293469543238579,1.0119020830770862,-1.8437842235715056,0.2392878806297511,-0.0432796698450403,-0.7777226885470859,-1.3249596167755413,1.4448467862027996,0.6139501605226844,0.8930819387324948,0.108891478621631,0.6039157094726226,-1.4149353303826977,-2.218214111654439,0.0894556462601855,-2.76818356339538,28
21.074583086502837,-14.51746553568594,-0.1408567807225303,-7.50922178377764,2.4214391535081856,0.2980181348541876,-1.4649689935432255,1.1816510718447686,-5.341843552658619,-2.81703594616217,-7.726245441455969,2.118616666868504,-1.854358638441263,2.069350941104884,0.953764070663572,-2.0218156938676364,0.8075653477809697,-2.1848932700725467,2.880097453524608,1.580291549806654,2.4331067017324344,1.5279164309308235,1.1424441893467807,1.3618498980700875,0.2079963319107458,-0.7057410046877296,-2.948821210079207,0.4480464490659755,-1.3675573554568523,2.7756412578305087,-0.2239778502070794,2.5473475805720978,0.1782692633767759,0.1831587668600101,-0.1819497073010874,-0.5952007214335937,2.298936213069536,0.3910409531612568,-0.8033459838293567,-0.6737090027905528,1.5407704218570304,-0.4929658070906614,0.1902145959298421,1.854217422608819,0.0250060958218149,-0.6548224242454862,1.6452155415163616,0.0877136033680787,2.086010293417817,0.0373653979832653,-1.062230351012492,-0.9036000951674666,-0.6575931310970541,0.2040730775404599,-0.7609547164537223,28
18.757619115843383,-25.299959402399395,5.743699104350461,-2.733989825141647,4.475391368844862,-0.7595540210672166,0.6472355944483972,2.2170096370244483,-5.337543814210566,-1.0169416580331776,-9.662845869713443,0.1166375951228108,1.4423935800347103,-0.098265298524014,-1.4193049635475852,0.2817471973748232,3.664128507869064,-3.7937413356755534,3.6116414262322727,1.690851402835997,3.666154302189127,2.676501323211371,0.720039776102808,1.3764004497446056,0.7684695768857428,0.1569049395817387,-2.7616396335867344,1.6875113141169595,-0.7691902937202721,1.1896958063228351,0.3728847876858919,1.7277345053014834,0.6116753753706274,0.495591442309417,-0.3967979840101934,-0.910263621292156,0.7745335793557064,0.4037627206507094,-0.3122043725978309,-0.5231903744769517,1.6203381934751746,1.2298029324107456,-1.4423162642311036,2.2147667486447653,1.0017012375731384,-0.1037374207591769,1.4879688541382017,-0.7339087503073042,2.491362164656401,1.4534147366711023,-0.3192020241531724,-0.4495873787333308,-1.6334014898388538,-0.236805478660775,1.2905796834242034,28
9.648034660822162,-23.482647162470837,13.939441834083524,0.1582944054014999,7.205051177445807,-2.928387049607451,0.4979982048825355,0.0941732501027952,-4.666271975969252,2.0917428222287944,-7.299999813069917,-1.2771510774850994,3.960614109797898,-1.4970333348814313,-1.896897463098728,2.0967529551350235,3.818638125119816,-3.876768665962529,3.9730513483401513,-0.6652287474348758,3.0041349653157856,2.475748865694486,0.5721568588948379,1.109580781740099,0.9141272415657156,1.97560079399976,-0.7895736211895469,2.110899415850337,0.7498237979858167,-1.2296014332290095,-0.0671460129443804,0.4531486231090132,0.5724804519860713,1.4463886063294489,1.6113798121036411,-1.3771653324028743,-1.4620098543378437,-0.6776356124596709,-2.156313616794169,0.3240163058055365,0.2003537452619544,1.654313676294984,-1.385066521849348,1.7669657604429054,-0.185423737904224,-1.5858463977103892,-0.3080641941236063,-0.6176164823572926,1.9641798338477072,1.934449366663629,0.5193719966745003,-0.3310868084339101,-0.7335244376607272,-0.9414144601436272,2.671153671298618,28
-17.544726888402185,-19.443269656058614,17.041106632559078,-2.0224769163074368,7.105876931317324,-5.423593252129336,2.110134887599868,-4.510851576174521,-3.732415586257905,4.773959577811143,0.7082373968723898,-1.496513714913042,1.7504495475232256,0.916364622152702,-3.318428929134228,0.9724264859339714,0.4480915490509612,-1.52586325429739,0.2604692302889412,-2.0698373373666974,6.32125818487143,1.4587946190727157,0.0343117301816197,1.0191355649330602,0.9509272690947116,-0.418169232061798,0.6823718889448841,0.291826702240769,2.204156834287431,-0.8194979293502266,-2.0000733438803406,-1.100469956372742,1.5046206542078695,-0.0761220205617493,2.03714548494014,-1.766488488127654,-3.4216491832173137,0.0780775245267482,-1.023761330277067,0.0417799425042419,-2.1777089388061133,-0.0747444829939889,-1.247639588235897,0.7148362339750778,-1.8557202158510768,-0.3135036091132266,-1.6825087710447926,-0.4518506989189012,-0.79200571760191,0.2450421064351323,1.0506915173507043,-0.5911943184913331,-0.66308569289766,-1.6063318560497706,2.338191336131285,28
11.52619221708032,-22.787412535195596,-9.439695418590786,-9.937404760916584,1.0255521692594964,2.380044218303557,-0.9873853945178894,3.0226692249089515,-3.489328832234646,-4.023313734941882,-7.426289360906546,0.7592986002726634,-3.819723137152274,3.0118376037671983,-0.5726030705058867,-2.1616601698004034,0.5881318145780828,-1.276904314454861,1.914455137895653,2.573041943943869,3.817259513863465,1.5377436982928352,1.2513085126387242,1.2454576362551562,-0.7207154325763405,-2.2649726867771167,-3.636267762788032,0.3359695811367971,-1.0056957410775362,4.453288107922811,-0.0417618757175585,0.6728927464780887,2.077581561223411,0.117449233021252,-1.614023119386458,-0.6114145797893981,3.812647108210125,1.9685072593704391,0.6900819063935067,-0.671219060116947,1.513674446133121,-2.128807265863563,-0.8575864528292187,0.7100474129831468,0.1279761658784793,-0.939756071943047,1.6178453101723331,0.3348505917473149,1.5951797323731625,0.4341732851876007,0.791727887423676,-1.4570016061307305,-2.9516088258380924,-0.6040699442099635,-1.884085392208253,28
11.90228781267114,-33.44325202890174,-3.8349645671849935,-4.133116922868466,3.168272205049184,-0.4745681050969392,0.3063720308581381,4.501006307749612,-3.620221816500151,-2.132947638867593,-8.489894434928717,1.1669871321253682,-1.1048856817155703,1.7633208876988609,-0.3173736099966203,-0.1927682961468838,3.151942288306197,-2.0439419043158207,2.463873372385416,1.8201255993695664,4.1510383189840026,1.409532715222484,1.1891227719067077,1.1083293635044102,0.240997484063171,-1.6763998764612558,-3.727724908595641,0.7382842431888416,-1.5194484193252815,2.6616792910920064,-0.5176885655724917,1.3865203580483587,1.7137371847451552,-0.5236431660653353,-1.3899470814242232,-1.094870468311225,2.0587014155439736,1.8678059111438776,0.6357279093645366,-0.939359659260684,1.973682932411258,-1.3833492422931204,-1.7794603531773656,1.805820212497396,0.7300362807434494,-0.4025907838847211,1.767898061527562,-0.2276310354395669,2.7436323253768173,1.184673894718046,0.4471903452009547,-1.1101135103362418,-2.355562101530974,-0.6883567048241205,0.3484968991025016,28
-12.7311050432085,-24.451648958355594,-10.86433898530655,-10.886108504196413,-0.465203638325596,3.623691547976033,-3.638121823636024,4.733207692465976,-0.6568740460019639,-2.393865384299907,-2.528132597470478,0.0201215418378948,-3.3806879249614266,2.3500890651158173,-1.990519996488096,-0.1234593659223187,-0.1927736120253333,0.5102429291401333,1.3965968016100203,0.936386561645254,1.7611310389822796,-1.1888322264184017,3.4738984765157586,0.9416098027640198,-0.9680451237706424,-0.2694862681880886,-2.461331536830318,1.139526415800565,-0.4827104981874766,4.818883584544062,1.7963652157346168,-0.8849425330232148,1.3216892959638462,1.6079062834199085,-0.8447485311201001,-0.3102167816539691,2.816995252237114,0.279132645421369,1.2237119155332314,1.364539299681496,1.095279742197616,-0.7676961607648718,0.1568952288688635,0.2771717689160727,-0.851577533789338,-2.735598637779594,1.2200139158103775,0.1284209876277994,-0.3150005541374062,0.2326482119577623,0.5607757958733057,0.0945869958141446,-1.6277618506411418,0.9956408244799392,-1.8453261922136848,28
6.015981726202978,-39.60528518645352,4.002485039717119,2.833478447975,6.055152958934238,-6.136366783011798,1.7092795889636196,3.149113071283104,-3.308364846486288,-0.1666430229081749,-6.192086746712254,1.0461106644340987,1.8149782713139344,-0.1012958642153754,0.0931931381908818,2.1271234661434013,5.0030621019308965,-1.5054720805415207,2.5412321241129354,0.7262222930016473,3.2569900829738234,0.7770603235279513,1.279651210044927,0.1087280207884787,0.0621904435663588,0.2739527770036158,-3.288991950509122,1.8434289766899548,-1.3015246079844414,-0.3139846782288297,-0.7127531502286533,1.9394840969907428,1.449215487402779,0.1670298537273378,1.1238153128245292,-2.310060028561088,-0.7010624977195022,0.3979331314976232,-0.539472696152611,0.6121156755935959,1.956767077152601,0.4125283437602993,-1.632221130782385,1.0769893812558582,-0.5104734576385814,-1.22582587600333,0.8669786448646096,-0.3042465486717611,2.508194020887972,2.1366923281484618,-0.5139045683995489,-0.7747401889138117,-1.780468162743197,-0.9514512726364276,2.292903562627682,28
-3.900323946236684,-34.40855716563532,-10.04007716971836,-4.714634580518752,0.7725889976843919,2.25859255660484,-2.8878253164152348,5.820949527966473,-2.3699593737282725,-2.034947243041419,-4.7784976283135405,1.906100615049865,-2.761545929890922,2.356172656123693,-0.5650368975847978,0.0331646427615943,1.1827266802942302,-0.5323945940646249,0.8458941382053403,0.7758701915304048,2.72456166153778,-0.1672254817333515,2.2530986898336463,0.7717103676769199,-0.9874160322656542,-0.358128479974133,-2.3026569777667407,1.836070546130532,-1.0046174072369207,3.690920145318051,0.7506957675691718,-0.0698967309678192,1.4926449294078423,0.8974729648570389,0.1550350491525869,-0.4863717727680907,1.9288355149965788,0.8187497176791722,1.4825392522358456,0.2398587590713811,1.5316156086867456,-1.4958979401559067,-0.7405124046959096,0.7002468434581061,-0.8713497464770358,-1.8379575465795888,1.1262639611154204,-0.3673523309123836,0.7578507248288832,-0.0869035954167785,-0.1141097097914885,-0.1156580406746311,-2.2874345282937005,-0.2311334920053173,-0.7653518097134305,28
-3.916430660741756,-40.491417261472506,-6.183261778887379,3.986364351554631,1.9692655946017628,-0.1755090928853008,-0.7417692349695223,3.963724631718919,-2.9882791128421062,-1.8009266926912624,-5.214038294657604,2.4097412257477915,-0.4090137872825453,0.5827664209934875,-0.5212106162741954,2.125648376786505,3.468977872149183,-1.0303032186735774,0.5961090307676746,-0.2361906714338241,2.707606845143825,0.0250553301249588,1.6539555205722924,0.5202851537882687,-1.1448069172837898,0.118753232969194,-2.085191474758112,2.1240866939021945,-0.9167719399890356,2.157248063536634,-0.2276304669858933,0.982461872998076,1.9118452223437084,-0.2456943140385779,1.083764032214468,-1.570573043809085,-0.0157525516329922,0.0255778971579459,0.4778020058750724,-0.1880256530025721,1.995323065528191,-1.2868214314475537,-1.7899555101921227,1.0788484434140964,-0.941278908137252,-1.833787828129883,1.086784254697902,-1.0117793066463363,0.8491412716794009,0.3462855551180525,-0.3384984878688225,-0.8528870819026277,-1.948169206138044,-0.366730068680694,0.755369750211179,28
-7.770004564205774,-35.28449393289536,9.884303260905725,5.341140355287831,7.242868843122845,-9.587107492714088,3.4660217413202288,-3.506340762616889,-3.811920966724321,2.501252653368563,-2.0313743614806365,0.4027297706974846,1.893883844797976,0.3847689849965166,-0.2736578011585319,4.501925721980619,4.520980692590448,-2.497465604969115,1.3208058703514822,-1.2069765727913977,4.410237052779742,1.9127784982138492,-0.0603923754876917,-1.5675559466547166,0.0968619511377255,-0.5773324488163163,-2.5750496104380494,0.6019967823793575,0.3439942503445989,-2.176588825104737,-1.272693932215515,0.0413217335886439,1.0277966264683065,1.0974215729841823,2.6561048215820287,-2.912305498126304,-3.00971161827333,-0.0212826193227615,-1.0923516250682426,1.5564534636357374,-0.3439221641812119,1.2388819624891054,-0.4969736686153342,-0.6833052354807133,-1.4213369447277566,-0.37642319586674,-0.1027641938064593,1.0169289862548891,-0.1964809869437733,1.7746220122179694,-0.2879264139578599,-2.1864769839514984,-1.4499675204873108,-1.7685693355049277,3.5894524665356973,28
-19.092347329099443,-28.373347124833085,-10.731177489802088,-6.403401026500423,-2.02147907045284,5.784625415751579,-3.491476331440241,5.338508310670855,-0.0374929068477733,-2.3387476762886457,-3.5119825976725583,0.1560312839163828,-2.6243181563333406,1.6119733762157726,-1.7397054403382664,-0.2558149722807861,0.4108094852197836,0.0597708806432651,0.5690210899185199,-0.2305581844414956,1.5787573627831106,-1.3471955973502052,3.3535018608783984,0.5125011294282324,-1.2840173442413432,0.0976137235336152,-2.027344876493271,1.685583181792636,-0.0323200062355409,3.886742105829765,1.004708124201426,-0.0144602273498432,0.961289368976888,0.5615134517532944,0.2448680325380214,-0.0793136072369996,2.269159194731193,-0.2395181431353224,1.6329257251089209,1.0809899473175604,1.9485942730560104,-0.4867433238433981,-0.6566646641145147,0.965759459933578,-0.9119241419060742,-2.031428471862928,1.27102844109804,-1.2170756647132426,-0.3691879527821353,-0.2763757365694026,0.7004681019403534,0.3425810949922846,-1.3429087537780473,0.6515042865221968,-1.5206412159103828,28
-10.098189853368892,-39.44989979138385,0.1316475805205161,10.203443419718674,4.039783593384358,-4.191614501725862,3.3229240202306936,-3.029514544108601,-3.506305916156031,-0.6464697345883295,-4.82519084364721,2.0104533677646725,-0.1710201261644182,0.0966129354566081,-0.1033868975387002,5.931530952530277,5.894851909176199,-2.437392588079529,0.0969204950676589,-0.4729972612865979,2.645825702939707,0.3553532730987434,1.2880901638344735,-1.5036482010940442,-1.854071297797727,-0.5819529472989062,-1.4997334309446453,1.4029969906921012,-0.1942404140582942,-0.5531588301466721,-0.8276681104809197,0.2827646860748912,1.6062658816283666,-1.1611821307695425,2.2767787278635985,-2.136678658176924,-1.8659247459457349,-0.5053367619708692,-1.1795066821235445,0.3040741376830868,1.891298144163659,-1.1968472875708278,-2.1412688766633066,0.1630834564880911,-2.056531176286168,-1.9276597052077435,0.552884382847598,0.3326427737819089,0.1234501119180987,1.062067438542914,-1.446049374592421,-2.937154367183335,-2.0006951468349503,-0.8109054619775137,2.646294199559709,28
-19.43053012739487,-31.721770377899485,-9.61634913353628,0.071893017043813,-2.027651745367663,5.629558207954612,-2.258344942580003,3.052360555255459,-1.092225528864588,-2.137113415296147,-4.434402227753723,0.6475421797824705,-1.1391279774655336,0.5684967178493839,-0.3770303546295165,0.8755779758769756,1.952987290399436,-0.2593811610888422,0.4817842059504119,-1.2746470386095543,1.3841659308626293,-1.306057547830236,2.182396254253709,0.455479681275323,-1.3184665146592354,0.525515191918061,-1.8285845183771516,2.0002530770561635,-0.413152374845548,3.197636141444849,0.2452029957032258,1.018833004444175,1.5744021732204188,-0.426270009622148,1.191435167148854,-0.192053859198701,0.9954791509276928,-0.8074674535697264,1.2072063110587363,-0.3360573012797046,1.8983751059925,-1.245791181990924,-1.2654047536004291,1.2350831820227022,-0.6558405357162147,-1.451376497446622,0.9049025757285932,-1.3628660043523575,0.1292843439178112,-0.1114413107272484,0.4505542111842761,-0.3083020587380781,-1.6159314081203968,0.0075818708560363,-0.7865537791421825,28
-20.349702219631094,-35.11346184568181,-8.109881933327706,8.132236380722734,-1.3974630601613502,5.038341139846207,0.1044305396034779,-2.8477598848203267,-1.9406505391353623,-1.8543256390301612,-4.603341252620252,0.9660605739130014,-0.784304720224452,-0.5233826146111941,1.3468231712233198,3.4648851438717383,2.681483656451483,-0.9443859618532696,-0.7880361769939608,-1.935962835646646,0.5433159525624511,-0.6448693102809673,0.8970512818347167,-0.2746887825435845,-1.614276313704326,0.5920624729184999,-1.2233528947011187,1.6606845643788202,-1.5402631364291284,1.5713725297685428,-0.6084980058039443,1.4519873872217033,0.7768601538007536,-1.8610852243542453,1.761382621308005,-0.3583267835234703,-1.246239729631912,-0.684746824656213,0.1747403799746611,-0.8760758309997625,0.8362700414100778,-2.448252149249723,-2.174691796488597,0.6980968333508984,-1.050754471654776,-1.550599432327339,0.7066378650366181,-1.2522725885953985,-0.1193807853755041,0.4985914672018383,0.0313606908719113,-2.466586858552035,-1.0661659890443478,0.0193002071364215,0.6259859576427422,28
-28.525742407273075,-28.905775030771125,-0.9547061346661604,6.714810260782361,0.7860877961849225,0.9820057664760418,4.826722058857154,-9.17346825122831,-1.5176675990084962,-0.648995139338879,-4.144124494307444,2.466861601150799,-1.868733015986794,1.3647918008718345,2.038654949335895,4.97349712797742,3.4512982060916286,-2.543932729663314,-0.8156665885716269,-0.7311116923446116,0.824886439250003,0.1903634995106455,0.5232548887229018,-2.0149573636919347,-2.902369717328784,-1.2056503794998168,0.9887311684414428,0.472633518343438,-1.958547443358774,-0.0773407057637946,0.1549362529344468,-0.9347864831922366,-1.4650545250362372,-2.731337149881679,1.5106464115069045,-1.210994690535068,-0.9568143961680842,0.6536620253859962,-1.1951763206773376,0.9217669444832628,-0.4273791576139997,-1.346927399635874,-2.819178121036709,-0.6067622719148383,-2.1768940317799657,-2.5561524759707903,1.0612349672193553,-0.7750120407004214,-0.5151002323090752,-0.1808572821803962,-1.843855887410188,-3.2953076804637425,-0.5875274925958722,0.2384838814486631,0.8010301627149793,28
-29.045937740884693,-26.88434843429916,4.046852037123897,4.194806128274516,3.8529517819844745,-3.067889262282093,6.203722488116759,-10.416790884297408,-1.1746410840505606,1.6712969883407955,-2.3455105245763,2.8757174875102014,-0.8136120220261829,3.11151476932633,-0.202728492020934,5.167424010288249,4.238151988459562,-3.869250500730456,-0.5220188927008599,0.3932772510237944,3.416092035443261,1.3598261036199792,0.2171237484901347,-2.528461557593807,-1.4399168110498608,-3.1277464575008818,-0.5790746834306278,-2.2458851973120373,-0.414604263767257,-1.252478807335699,0.2736595584846871,-2.2327589869688382,-1.54925436279857,-2.3708817315444186,0.631568552638419,-1.9945291980226207,-1.811563058018273,0.7322125467896321,-2.020685521820771,3.054125643605344,-0.1442906024077586,0.4531599142209722,-1.0291455094251651,-0.9746194224661876,-1.4130332466617863,-1.5202333399103858,2.176861281244291,-0.8550074950078224,-1.4288261242102578,-0.4719396145794597,-2.3183445491761607,-1.7844658273436669,-1.9304025410682253,-1.5455368171564656,1.598519245625122,28
-37.058013646944765,-16.779788982238806,7.140681539832732,-6.077475708324369,2.941274809830037,-3.190015841844842,4.370657087460019,-5.684708245926795,-1.05540249892136,1.583988974029951,0.4236090414986306,1.8291621971346248,0.6048949581846084,2.4068234969772044,-2.351186103250136,1.7143918723189042,0.5049312120578879,-2.3504647410211854,1.0154208208632276,-0.6680696795488812,3.367853682887002,0.91399104890493,0.0749442994002649,-0.6496639206670836,0.3771352079521508,-2.791589508195201,-1.370395119598541,-2.1599601641477584,0.94888173273301,-0.2141417754878235,-0.4631623437172028,-1.2563450265408402,-0.6199250500806882,-0.5544437081592746,0.1303517437036569,-1.952628483339292,-1.362788373862466,0.0636081281881678,-1.9988786171585653,1.1663554068930388,0.3487174409303337,1.1426914599132365,0.5718216317997437,-0.1503498641481868,0.3190305169523901,0.6238733189032223,1.573445315156816,-1.4586673501555356,-0.7895778793466582,-1.493842702326768,-0.5287869446768638,0.993146549000154,-2.154240236724941,-1.638283265820079,1.612624682667335,28
-32.7728408114976,-24.659230898797123,-9.069806041895818,-0.0450199684801529,-3.291637103082248,9.76016563069652,-2.138720237737909,-2.5617387953053656,0.4889010831457407,-1.1560446576106067,-3.737327865939743,-1.3799171958620091,-0.3037930951250623,-0.4696483748844648,2.385377534277273,-0.1308745083987552,0.8877917774728562,0.8254274268331456,0.0488233266429203,-1.7899163230276711,-0.0101873450922772,-0.1211678743763892,0.9134560913955952,0.5273443924128157,-0.7331076096963118,1.8703514589860752,-1.1980433960384178,1.1402777742732688,-1.602863010043853,1.5837605218222608,-0.0186535383700733,2.2514000148124147,0.3893897395749889,-0.6582854761492969,1.079071787317389,1.4187525924661553,-0.032413398394343,-1.028119637614492,1.0500897722844036,-0.6441537328388949,-0.0801681278649764,-0.99395884330773,-0.439507443173377,0.8240234710105911,0.1401622632262376,-0.0115283965428668,0.0130597954451416,-1.069784668663748,-0.067644671461651,0.7972950537554617,0.7875313559795044,-1.4243237397153503,-0.425695229205375,-0.3337346051265095,0.1483050931802954,28
-35.374735170724136,-24.19204599985349,-6.534352832431496,3.178726773261246,-2.5078030375369877,9.280598019716235,0.5783867226454069,-8.510025030317845,0.2984237770985052,0.1804802118650652,-4.745066930972219,-0.7776772091881792,-0.5484532472291003,-0.4307435527707054,4.386360705408045,1.0152553331436078,1.0701841907781204,0.7581909370584062,-0.0476679644796721,-0.1922415166607909,0.0402550828976867,0.2331978564011667,0.6887844965788791,-0.2521484968450855,-1.7286720695554303,1.1426813252878647,0.2509966503133344,0.0228836373504738,-3.830762404779821,0.6001566054012194,0.5301039201626303,1.6067995511394637,-1.7174280109477582,-1.5812129795126713,0.9663904981872138,1.4546237494798728,-1.2304318818775368,0.262310241571046,-0.1808582396408226,-0.2270377928468996,-1.918675122649669,-2.000349865761268,-1.5467101851457643,0.8126930703244678,0.858376939376888,-0.5771981937053813,1.320347777549482,-1.1015489127541351,-0.2017728396698093,1.2145860950933545,0.1954024293174866,-1.6072974563285285,0.3785349357016503,-0.0138965208372767,1.4161073438026868,28
-39.76793448285655,-17.828097526348582,1.0885128808143687,-1.0743124608588757,1.7439523134414665,3.515329987122543,5.869473127646898,-11.517769591397371,1.5904994357727802,1.62528586094884,-4.178613206183265,1.7973194203509666,-2.002389019945242,4.197556008542819,2.055090010832919,1.6008347762385708,4.54030363894703,-1.827637064828705,1.0467745242772395,3.5559940398245464,0.924224776896372,-0.9037118801004944,2.0590976089282425,-0.6419256797331797,-4.380084185069529,-1.8905942978837784,3.31544684600061,-1.2504226194327834,-2.080910196527959,-0.8782724520172054,2.4184913875740457,-3.7923862530752745,-2.825534625392886,-1.4895893398987103,0.1271335484191824,-0.7731740519422439,2.0132706231297144,1.651291147457251,-1.0185929547785129,0.5478350951226646,-0.514760698747758,-0.7335739248059434,-1.9629874475661735,0.644769499186628,-0.9639099647099044,-2.5690673185208173,1.5847576790468874,-0.3018390920429051,0.7528037534973516,-1.0019742016992046,-2.9194995164241613,1.0022166327463815,1.7535299108380733,0.2958414843134964,-0.7524425597010689,28
39.8127343630972,6.0067738065777005,-5.639238405588652,-1.604784434679496,-6.498806054068239,1.989343391483818,2.459505918258974,-0.266983668081634,-2.3778744994358485,9.235833988754006,-0.5986899478628492,-1.36673640055525,1.817168993358516,1.550463169993376,-3.448623398995972,1.3052837183243362,2.6461391383864563,1.832298199840532,3.681630082191465,1.5852152771762529,-1.5431321717225976,3.7720693760003714,-3.0422273931779857,-2.333629570368787,2.5476842373715747,-1.5421772757523184,-0.0855147540189152,-1.3625420728537354,-0.98902382896892,2.611327427829728,0.0446661732754653,2.4098081038737065,0.7306163783881292,-0.0610729913929575,0.1883816051602798,-0.447898012283631,2.7128322327762806,1.8654318720375296,1.0628763211788734,-0.4955886772442611,0.750640776034969,-3.3273690897017603,-1.5655867028792698,1.0850583819151325,-0.3843197704162942,-0.8596992199570681,-1.441545650118349,-0.7873697375285551,-1.6943235971413848,-2.0412930341421665,-0.0879702457641849,0.525690859408057,0.8770119524860173,0.5833937566948716,1.0542281842097136,34
38.05209275282007,5.430063203378719,6.094953516316473,1.984864783497543,-11.867206849077212,-0.4643227006405799,-3.379287576884002,-1.5770131739981126,-3.0367922470754456,11.326169519333089,-2.735391686323604,2.361603302593503,-0.3080658123266934,-0.9270589681644802,-6.232549360337445,2.532094881621193,0.5826042347712099,-1.7733495200497975,5.104446171205057,0.9131094008860698,-2.025503747189433,1.7775483528288407,-1.106798587305504,-3.318872463590259,3.1424447875008856,1.068360073824469,-1.042705847078874,-2.0187746679266416,-2.5733723450114296,4.344301472055854,1.623469179053698,3.540414314054086,0.4335305842023565,1.0838588032516885,-1.9864580594711057,-1.7425667614315774,1.6124795850034697,2.5115781077529964,0.3375259774135613,-1.3076081960064447,-1.8216839627175565,-3.553275638166219,-2.003145082696156,1.925548856651877,-0.7078505239532087,-0.6649272201779266,-1.2389369985915957,-0.6238967954280261,-1.950163608904225,-2.830745461432365,0.203775835978615,2.182300264079416,0.2441602873748023,0.7448608848776653,1.7558916735305914,34
20.19589513149728,1.4155665895194511,21.99027881456364,6.8164298351249935,-11.37061780549275,-2.6495414329527947,-6.295427553277111,-3.1402157380582145,3.0370081493357737,6.444406947458835,-7.349100465027884,6.574099298907281,1.1319342229335685,-9.39664596553798,-4.084179091480211,1.2320911828587728,-0.5111038722932562,-4.235151082380528,3.897227972931981,-2.747824911555364,-3.8908638431275455,-1.371278254413712,2.161277410326748,-0.7406764859337602,3.2884574046078647,2.8226763998687057,1.0156545081616246,-3.2049302841560348,-0.1690912070658129,3.0973706258237343,1.4704567565280686,3.405024995541502,1.4138936710814791,4.202724333134983,-3.5218788399441654,-2.079146469498573,-0.4672065290426995,1.484755960186512,-0.3916700661273987,1.0959127783621938,-1.9751200015251489,-0.3211536900854698,-2.213206631561326,-1.1505046662129317,2.818401544419437,-0.0226238896990824,-2.784249378213593,1.042394192884651,-0.3378819533794053,-1.8124704949471224,1.8752862128997012,2.1173701913355893,0.410332242120398,-0.5270721003756867,0.5508699026206457,34
-34.19884644173986,-8.507064813108663,15.395369500331103,-3.847383880773832,-1.3585985255874489,0.1275206136660923,-1.6567159543666248,-0.2178671435223895,-1.9542376748917047,3.779821253516586,6.083863839190226,0.5528946743948622,-5.164647097190657,0.1221205837263698,-0.3203021427901815,-3.8935731841727206,-2.915699171971873,0.3295079164821128,-0.2763153872876935,-3.007579047435218,4.655758623527918,-0.6408865908747229,0.3463540155853171,1.3533043134883418,3.625919523586712,-1.7197588686518224,2.316448764575016,-1.898257174948643,2.4254982712078754,1.4346620958982,-2.319694134132674,-1.600871195974476,-0.5515884911899133,-0.2905858624497496,-0.8599955658160854,0.4553578291869235,-2.856768897313997,1.244718579049685,-0.2907698340627646,-2.9182012179298007,-0.9173284201843698,-2.696196794745369,-2.184663785273938,1.3912860277641368,2.78641380724128,0.2927585502600991,0.1935168950067958,-0.2372310597266198,1.1597689220906575,0.1649640372695153,2.2325230270012213,0.886891501436337,1.0747822821900148,0.6842633596696567,-1.5501775120655463,34
36.31309646657672,5.202786305727988,-15.979997108248275,-5.962689375850353,-3.7360768425444255,3.5539443439464216,4.802579371735567,0.7509744293092676,-4.243245384791709,7.642237478457765,1.7644399187224271,-2.7928983356384216,4.097913779270964,5.201643573979324,0.518899767719556,-1.2168784949873743,4.842847737655895,4.486854316592878,1.9998823220696509,1.608133439541481,-1.2876853472111014,3.704249547050865,-4.826887380704454,-2.572485158316697,1.3103195346871994,-2.962722499867272,0.4435636755824264,-0.5108211013805557,0.5003572728490195,0.1135377888441224,-1.074095256962358,1.085354988552241,1.84272922032372,-0.0689503107089243,-0.5591447826718888,2.452981042326292,2.772214048320357,0.6668552529346925,-0.2367795587845906,0.1927291608277742,0.281904274819619,-1.8904323437740416,-1.0388907239017555,0.0993400814001152,-1.4059208132542658,-0.6790096695822563,-1.8371176631176092,-0.2666744061463058,-1.4128650555315363,-2.650125498105405,-0.6305727545925234,0.1759572404169715,0.2345037447883819,-0.4633856673735019,0.9827723172221772,34
18.15985517941436,2.900905715127029,-22.03135100797021,-10.2796540326514,-1.7895763077413054,3.3251500548106034,3.2540599280102933,-0.2994031961577017,-1.313843977437462,6.416317018742295,3.995525767221059,-5.79075192321429,2.170731463963566,4.683468874965708,0.794731022671118,-0.9669955064504152,2.553951053473074,4.564784389284124,0.8227955041299103,0.2313026334794422,-1.5669220934605497,0.3244995615198584,-5.895034505040504,-1.559463902450835,-0.1450785787160337,-1.3266379787036946,0.0445717739915685,1.869732854256989,-1.7126985197932043,-0.0785145366337115,-1.6575015203785373,0.0795351718167086,-0.0833812845132913,0.0491138123735699,-0.7872609009709346,2.4585213975902818,-1.0992821981153231,-0.8209868016148462,-0.3786008408117604,0.8536164166190762,-0.7631293338946492,-0.2631883259210307,-1.0798172449161612,-0.9109477092028812,-1.4512642330480403,0.4923843474286445,-0.957038226677617,-0.9733444350061476,0.2428988702117643,-1.634665807181367,-1.32626248022543,-0.2899723174101131,-0.2822937229074523,-0.8400882794894178,0.4104535480032489,34
38.95867959693252,11.733338976016803,1.3156515884262352,1.7022964373919245,-8.856383626127808,-1.3210711136572062,-3.7229811361729896,-2.8356873032399963,0.5732691054750291,8.086009844100243,-2.81857847118652,2.5882627340319133,1.782611726484473,0.7175327304010541,0.6650907455091882,1.2709989231357266,0.8551394546095518,0.432816829618479,0.8008536574733369,-1.5844700074678566,-2.1820964035400423,0.0025022113232025,-2.5192774220638747,-2.781249506259716,2.43600507323019,-0.0280290588658599,0.9416534370216756,-0.9086148865474042,-1.5452247894167,1.6363207713517978,1.6039708410519418,3.2824328086148054,0.626066897283053,2.222893252228454,-2.114197186152753,-1.1799117677922777,-0.8797015913657117,0.6728906855729236,0.564197785025476,1.425361197098877,-1.165956528647628,-1.7218693662828792,-1.9363481914399,-0.7731374652790725,0.843609038195276,1.1611227255117575,-1.9606586965817272,0.0567367310870987,-1.076621773240974,-2.971891083056441,0.1924097346219362,1.2054171378809737,-0.7930813517138423,-0.5572730060783043,0.5659030491839891,34
40.62356086879896,14.487869530341555,-11.923207115817505,-2.36342089220772,-6.572019449598734,0.2008120867340157,-1.0025757929985584,-1.7449154811431766,-1.0127558690800051,7.6616789308111635,0.098915328000101,-0.0574747137340186,1.9675321744726504,4.258018453603003,1.868287272196396,-0.5516327526265591,1.2026633551901569,2.671600965550402,-0.2444328686848793,-0.2914839262422962,-1.4320674728212397,0.5486555920477181,-4.627498289487946,-2.812461166422042,1.4053981683354706,-1.4310058044657394,0.7630128672531731,0.5252495948244553,-1.1752211496480354,0.4482617493717857,0.610430737954037,2.0957493069740383,0.3919812320195072,1.2591076461536097,-1.4250020677241708,0.7280748622978023,-1.0246711515381768,-0.1428792074973215,0.1559822624679976,1.3717212133866885,-1.0241750311356457,-1.4146568228641188,-1.676427736371254,-1.2801884569502286,-0.4264052438588668,1.055234147529627,-1.6703936223119311,-0.2552000809418875,-0.8591957862684255,-3.146851242171357,-0.5292673760182459,0.3845714935723542,-0.4879464472742899,-0.9251967816702924,0.8467581812598063,34
46.504104535343,21.900178463582957,-6.219131794221477,0.9153758898877674,-8.127012676041875,-1.140481881897229,-2.233886321994797,-2.8087693147188424,-0.4031568956938576,8.75197684570516,-1.327281974605703,1.838287426480588,1.8581900942870089,3.129787411870256,1.2612771743916344,0.4652130604682608,0.9949090404523868,1.5122684654073737,-0.3108290274932993,-0.7480301255862047,-1.964453535780968,0.1488326352814534,-3.685328358700392,-3.2797670922481528,2.5581736184072343,-0.7573746367620614,1.154734819890414,-0.087691415154141,-1.373066780378684,1.0171326582644986,1.3232503936144493,2.425293979578982,0.633181268329152,2.026258729868119,-1.548697565384498,-0.3296724220419648,-1.1544713312095491,0.1933255235080723,0.5383754613409762,1.635219552000828,-1.140682338852937,-1.902559404521653,-1.862316130890552,-1.5947060430628357,0.1277511793938691,1.268888058229947,-1.932510237171513,-0.3252164800627118,-1.289096047784862,-3.4359317488771075,-0.1799349615552529,0.6340054716046499,-0.7396419454102533,-0.8374534386488797,0.7739940325588432,34
29.406836808882147,17.391607405843214,-15.509342157670854,-6.161456474863334,-1.6188315000914812,2.5660024178086376,7.131054795594287,0.0945432857985623,-3.0525857255241786,7.464692965160538,2.167510347265057,-3.7601696272160834,3.679387031010049,3.6886605949235096,-1.3188557803872247,-0.3703186921179413,5.320066585748174,3.76841933313382,1.7820005437802355,2.0444062267819016,-1.933726503816148,3.723572549587635,-4.50487496631267,-1.7355685615433256,3.173260623716664,-2.874061726957091,1.3418079737656368,0.5383514599422484,0.4377964050343105,1.0311781068628518,-1.0039179098440525,0.0095202980315949,0.9917514976756115,-0.4760364201761404,1.0888416098829226,1.0205164091882664,2.908081821858952,0.0397385757898871,0.9093931708880778,0.6740913792112315,1.4005927308896238,-2.231012465946609,-0.5009625149325627,-0.9001790818104994,-1.0274947329731816,-0.6765153146230941,-1.5158603711967775,-0.3734980345274966,-1.4726666136168949,-1.570572179349984,-0.438527417790692,-0.8811602298923165,1.2026979286842443,-0.5337226691079253,0.6920935974340929,34
36.41887109844554,20.5456596686225,5.665514479729297,2.2472197531210867,-11.799496996531431,-1.200649790399699,-2.9583752691889096,-2.6656953178430274,-3.1933365923056622,11.562546215072585,-2.3305010949598963,2.494287451834323,-0.2449951125090616,-0.2990749282935719,-7.096407799119805,2.350357692865477,1.0017770881102468,-2.0224810385929786,4.352381946397508,1.3063834216025068,-2.183659296369997,1.6284849870778728,-0.8881499642573739,-3.7160376006035496,4.198613084259857,1.2989820975885884,-0.2890250265872053,-0.9772099395004236,-2.483209510208137,4.574936086863193,1.9320311111327035,2.5511743301380108,0.0999110867955219,1.4702833381343707,-1.5125061495652417,-2.416429603671657,1.0411818643446162,2.055295592870072,0.4424652101747219,-1.2737104121173437,-1.990787494932652,-4.122337223952327,-1.5273508048688271,0.7330985743310112,-0.8170846046482096,-0.4743350849403343,-1.3074676968702303,-0.818708794097849,-2.297045290038039,-2.905529617621239,0.0195289313777976,1.883203038360333,0.3567028245758873,0.3376238507823693,1.84077432081505,34
30.55314904017473,26.31454708415136,-0.0131315719005893,-0.2394346951904013,-8.979449581664996,-0.6493967229482599,0.1933291464761973,-2.49466592561322,-2.7580796177623554,9.989360002084736,-0.8951969708647992,0.8430614218546649,0.917285382273138,0.9333594639395784,-5.870768312279473,1.685173774421893,2.239613341532088,-0.568239648045629,3.100957412914596,1.4386691207699596,-2.147112423835483,2.012550070141109,-1.6157844212582446,-3.4822576655842736,4.353435010270445,0.1316612010402843,0.6003373964078756,-0.2838211540173961,-1.6005685804525611,3.509040085323226,1.5075978499270233,1.540742788554298,0.4484511844277356,1.0776911319595748,-0.2707961346735087,-2.17641173429135,1.3932625566252332,1.1702997788035336,0.7213559027484301,-0.7290954159178367,-0.9179226284817564,-4.038876357489143,-1.3117027233672192,-0.4332465359977268,-0.6524244108219156,-0.5219131887955806,-1.442859145780104,-0.967260829762187,-2.4169552537385144,-2.269175302030576,-0.2768514207495958,0.8559055027948649,0.5585302406651846,0.0752831306170001,1.323148753307548,34
24.840733927436407,24.619858187361583,-11.526996374926425,-4.930635162645505,-3.1595010984594505,1.0192185826179392,5.623993633831162,-1.0321114706914103,-2.703227861886463,7.432990292039563,1.5438447277436602,-2.3790996435579013,2.716418181440252,3.010300294914081,-2.582063387190748,0.1931140834197468,4.567760301401365,2.3036045501674085,1.5537454764520373,1.8274601526844343,-2.0065885139800206,3.0479653749634683,-3.5583562931447816,-2.175546312674065,3.8663776868902793,-2.407985858397217,1.5416444933644242,0.625392898501506,0.092905270219195,1.503537842656303,-0.0184283690951902,0.13102993578222,0.7820471492400486,-0.0363652005172631,1.043434966823864,-0.1571796621115688,2.536767522357616,-0.0216764653699885,0.8208838172689402,0.3782328628268404,0.9049736590377772,-2.691231078550955,-0.6406443835984102,-1.2839663070377454,-0.6875212978593248,-0.6025351636337403,-1.4653738169431465,-0.5685856988139879,-1.8581948298772053,-1.6323772801881191,-0.3450632288591126,-0.6592169815142942,1.1364960736370222,-0.5157811152151203,0.7499905069389518,34
3.4254008391689474,17.494076509077367,-20.547517139052527,-9.479394973961975,1.433747056207924,0.5843345886737347,4.582305182636699,-3.2811124759554544,-3.3768731162345884,4.922589839255534,5.654319032181515,-5.514785100802161,1.679823983132389,4.646831461111625,-0.9766953510002314,0.2039814282020992,2.720694184790144,3.837956769883216,-0.7715055788557974,-1.4386745783319133,-1.9087926955840204,0.5218096619598439,-5.185181216305811,-1.58674146669698,0.7021968833806654,-0.3621574871896494,-0.6688557592435649,3.324262361097734,-2.9908383685278515,-1.8062930673967164,-1.4772662472888458,-1.1486514762612217,-0.6411311968774136,-0.2380481062708897,-0.7193642929926192,2.6885195554528245,-0.6711924258297343,-1.623108348960805,-0.6031504655987295,-1.2431821172737323,-1.1268842309618334,-0.2073802685913508,-1.135452727025139,-1.5611917603490977,-1.9879749363453396,1.1938930474875595,-1.5721390768055212,-0.5408441126624323,1.4854943492472668,-1.0739017485093854,-0.8005232035229708,-1.0083661248941016,0.2301704212429925,-1.2970169635494246,0.95816248184092,34
11.900705384152731,22.63837008718573,-4.391011072168886,-5.014239941676116,-5.075105133330587,0.1653577116584425,2.964375873430651,-1.781510384813802,-2.033207694772331,6.938182089508716,0.0764335179682442,-0.7407198259494021,1.6005844344915698,1.951557654242647,-3.59534598503785,0.8665154105923996,3.04719598765949,0.5301035911560973,1.8104558134734363,1.1531040430624775,-1.8371287610939624,1.6563402632773083,-2.0915168504237203,-2.289841571464428,3.733625325634378,-1.0324198419933552,1.1245032285875074,0.3461363882305129,-0.4256289574171547,1.8485286011803637,1.2334238805960118,0.4785243533505894,0.7741125823784915,0.5273458102830748,0.4028454255695311,-1.3408994536709171,1.6205187928732736,0.1522266160680264,0.5173587296795116,-0.1484750472583759,0.0873781231579268,-2.8215757210835344,-0.8433614248462727,-1.0301807769782545,-0.4109292400418295,-0.5439113344714905,-1.1873302985722451,-0.7002313812670445,-2.1564737738630395,-1.4138309296188452,-0.3843539947218912,-0.0564261325877412,0.6128552598188834,-0.2735402534574036,0.8782881563027549,34
23.245564744714976,41.85867658076796,4.185717690744439,4.563362670311962,-9.483502084588809,-1.3016998007267089,-1.9487064627710875,-5.635275194962408,1.9111850376531665,7.224728892195662,-2.741033927410179,3.914987861412899,2.750963006001998,-2.255054878968011,-3.2489827049976383,1.0653058860855742,1.426581201971686,-1.707765012630813,0.1343291364357162,-1.3236362583898866,-1.4999087651213523,-0.9986498130226832,-0.4420313662149856,-3.324114942472555,4.890615488509565,1.476054119432704,2.2049849377538715,-0.5903760282302357,-2.613721416814145,0.1057843382689329,2.3632815098057534,1.8251237226737096,1.3053589477976846,3.732836087017367,-0.5550275374554232,-2.3710230864167325,-0.807428628345548,-0.1238009530922089,1.1870264702126303,1.5203814366536763,0.1625446114215888,-1.5162216436173872,-1.8578340047130857,-2.2877767664535003,2.1777019609868025,1.284247043831221,-1.7467305728854918,-0.2168460660596573,-1.8657040480292135,-2.122607213536837,0.3528844870237297,-0.3450414170927909,-0.6196314461536397,-0.8577495964370476,0.8225112105036622,34
10.314172412381904,32.242205476643925,17.72438191068948,7.66696973800825,-9.788483036898766,0.376133706498657,-6.488403676978767,-4.820787016153841,2.803866563233719,5.427426619416356,-5.996268755113289,5.127111198211596,1.4622802733573828,-7.300329009588856,-5.482267265630026,0.7358457187820368,1.6457325409262704,-2.9995319046013087,2.3758967638074706,-1.2571512337571191,-2.437799404591116,-1.7684565199308142,3.149174707264302,-2.2915838531114723,3.3917855962775088,4.281592478372623,1.21712787550302,-1.281224050814987,-2.4725678232767887,0.1580434209849367,1.7555145379230297,2.3408715026093265,1.7227244584434331,4.163022888948246,-2.3584379759525325,-0.9514614457144142,-0.026534245602347,0.0185725497644493,0.8760657675020407,0.1601800385328513,-0.5687234441946057,0.1284602780838481,-1.5192305657999077,-0.5768520896566691,2.8954808010490987,1.874695436490596,-2.4006645204443955,0.1695967280099957,0.0252021038388097,-2.9951636422259944,0.2173299580525876,0.8431573787065314,-0.0030769953315994,-0.3952174436309296,-0.9826079906505985,34
-10.534362085519422,9.19454038784694,21.93295485974291,3.878517336512598,-6.355216284567093,2.796128736616534,-10.224462713562655,-1.192917272572275,-4.357927148513103,6.453800382357134,1.7258838492271615,-1.6673846732009507,-6.186840049603535,-4.362401424921403,-9.299529211724057,1.4697646575264598,-3.112425811524239,-2.867702175931621,-1.5349391305745552,1.5544209057286722,-0.1365345227361892,-1.939905908880465,3.8565328428015113,-1.4043893958423623,0.0312670308562551,3.6343717030085543,2.189101796326161,-0.0200813662289019,1.2605336046728963,0.8785538543077099,-0.6002468442983024,0.680042542482796,1.7000811548387915,2.919388117097639,-2.878903126079822,0.1664704744847006,-0.6244520376449673,0.5864215346634161,1.2591886066884672,-2.602727100535851,-3.481507935255199,-0.7988630863360306,-2.2338278030900343,1.4782800977408816,-0.9946427048279188,-2.053927413881188,0.5923877723580574,0.3973994688878854,2.1706931149684907,0.5768638683763985,-0.4676857114371556,1.8164351197348447,1.554081234746869,2.5635246112584813,-1.400745098532332,34
11.952476487532673,36.56362827840602,-16.36758513025749,-4.367379027845839,-0.8375817892297213,-0.6993977170224521,3.781652868284438,-4.772142342139157,-2.850099300182404,6.034169897957529,4.537346678060013,-1.8932262490710003,1.669609423356301,3.476002473499145,-2.2924618846754528,1.22084585582304,2.108103140435812,2.400771714502526,-2.313697537043672,-2.4340040226994355,-0.3150606571930471,0.5466174761056237,-3.586587927776691,-2.762481753543366,2.367959013520696,-1.4519330139057052,0.7545838441584886,3.3030718851643472,-3.005967212279759,-1.510625795788293,-0.0116938778797238,-0.81187735394798,-0.2405964239320125,0.8620282442158931,-0.4638534573623797,0.7366220979316929,-0.7193075934416657,-1.420302755542691,0.0420744062264089,-0.7239270616112587,-0.3131924867013915,-1.3540405192440623,-1.8827592352774916,-1.8405523390667295,-1.612996404530983,0.7981457543724716,-1.050662356620781,-0.3067656275393643,0.0151049785807273,-2.813670799285007,0.1837792612459357,-1.6081204791942956,-0.1987303092505398,-0.4868307654864158,0.4048835185154245,34
3.336357018035158,43.209312531526685,-6.859312387271281,0.3226938520433501,-4.468967494259958,-0.0685688750883413,1.5336956575658942,-6.054590307025181,-0.014836820532644,4.937458672690931,0.833225065107599,1.478370358747721,0.966480136894705,0.9246419365153614,-2.1748932407580144,1.1399255641224948,1.7953802758312083,0.2176483160113596,-1.3099784362484437,-3.183778175138088,0.5417688846737077,0.077494551201221,-0.8961716240630317,-3.1470676616737068,3.2006123469926027,0.3671369577154325,2.0138373083850407,1.872677904486385,-2.452702958108497,-0.5660973289901868,1.1105279990934065,0.269400275825556,-0.1799994292145594,1.4384462563351954,0.2598849151720578,-1.464906765245653,0.2266816677232793,-1.0710440993451178,0.1687250857119261,0.2913342201667586,0.2645589418721485,-1.1508778211845625,-1.4020149457241986,-2.0551494651389977,0.1388706565242009,0.1226909499996654,-0.7920733741663805,-0.1107267197977803,-0.7577368439123074,-2.3373485267366827,0.6745289827844054,-2.126495340130385,-1.1802390914532093,-0.2178602264510023,1.314211069299407,34
-12.888950196921904,28.33703189110299,-15.52934442098806,-7.42345167147292,3.747269931192915,-4.5863539579895525,7.280168897190055,-4.321615109593299,-5.649144535124401,-1.4512611768375965,3.1837271848040074,-5.744354496196822,1.2211957410592322,2.0922385098127574,3.303470814707977,-0.2077765026600147,3.9394430792595623,5.105102077640597,-0.0267169460900623,-0.8944217819055316,-1.3279975231166794,1.3826556718749603,-4.193257455057163,-1.4672588926447918,2.520833144385984,-2.553291452336384,1.2870682781199256,3.068484322038989,-1.2655411377322872,-1.2986919522716405,-2.65512634090448,-3.168993951708016,0.2629251874523662,0.3328512734210695,0.5549660605805564,2.7176308081134923,0.7130740127254523,-0.99024637783237,-1.610734517588764,-1.0237469087070603,0.556564173618224,-0.3233863471469491,-0.4277474008133189,-2.900646031908104,-2.132770859330427,-0.0201347899104454,-3.066104878005578,-0.1428197857096076,1.1303262791180615,-0.2585016541532657,0.1174228853152914,0.1401835138791542,-0.0952605086247495,-1.1846708201348166,0.110753817037031,34
0.626406655632692,49.99938212884249,1.6730808990095414,9.198253619871316,-7.006652956208394,3.100430796435763,-6.894120753318224,-5.709393900935441,-2.2072658743019207,4.794913825744229,-1.101085221976582,2.1705832721751466,-3.981450635623217,0.4777278216087874,-7.024247091193166,-0.2171713381206486,1.5835538778630085,-1.7607089044685156,0.9362009701294384,-0.0202774018136661,-1.0037414898247852,0.6123335067247411,1.062943998050701,-6.690480248581686,3.818966528522748,2.667620516857166,1.658100040004159,3.115948336275658,-2.894118508874836,2.7358198035429218,1.3530367268565229,1.696435411393893,1.7847657569194872,3.0178790790976944,-1.8260321289439545,-0.2318019322414759,1.149643914306983,-1.4098034427556547,-1.575512741387311,-1.9066088086866488,-1.9133126688075317,0.0191049372417042,0.8372798072489599,-1.448851434744975,-1.6639239221283086,0.4882774723572194,-1.4877272311178769,-1.7408730275373072,-0.1788327752601377,-1.7170848307812243,-1.591013092905846,-0.2508328386814606,-1.1749475144265011,0.5862254718356424,0.4974114242253676,34
-5.040103100118047,44.4148224444069,-14.927103042257684,1.3092689608788413,-0.2335326944780287,-4.455264248029899,5.386437426774171,-4.871464344455324,-6.274373203447839,2.5740361147564217,3.082625166262862,-2.556684536577297,0.3326917534763524,2.516596587048549,1.2382998003397343,0.7545602700893748,4.170163988761448,3.973188667261558,-0.7115195865048066,-0.8233928884439025,-0.4767394603220374,1.819570488555915,-1.1049297364575537,-3.560585405885325,2.5213992568503265,-1.3972340263058185,1.7607105076646707,3.343447069108009,-1.1494607281481692,-0.8279003215526108,-0.9362752513425308,-0.8769206591303298,0.1822129520509662,1.0815530875753636,-0.4371172626666361,1.5048402197765816,-0.2799580029159885,-1.8454320504006128,-2.079818426642967,-2.113818801964534,-0.6145277923567003,-1.737465271122656,0.4374099114054188,-2.2244866303951323,-1.3922176610279056,-0.0466451378871936,-2.3256682390131878,0.5997930593385781,0.9021134943134212,-1.6297476866915104,0.0479457761929152,-0.1348526711354266,-0.5845370751941941,-0.782037904591145,1.8817111735099663,34
-4.014337237741437,55.89347728284462,-10.406355898457676,13.792124693325183,-4.124861788213174,-3.162580669311452,-2.2847824505643395,-4.177730985837828,-5.147045200464243,2.7752035262320014,0.3954132834259263,0.115701486399701,-3.4163417571621104,0.0062447150982109,-3.80290095064424,1.6333194848595227,3.1503896282988646,1.8535509383661863,-0.6896181586868662,0.4786919843409488,0.5222204082543204,1.224124359107948,0.2300272122092648,-5.720919075550233,3.416357644755798,1.3664117557776898,2.4044804484845805,3.1839969498370837,-1.774652959568834,1.486989880965695,-0.2354783382627692,0.0202525283938968,1.0764673729303664,2.310400854356668,-0.7117203786169464,0.0657267991055168,-0.6454934350493307,-1.8803053980611195,-1.8478090458852523,-2.584944112179716,-1.0961960978388725,-1.0753657506845165,1.6725745922581268,-1.762384154211753,-1.6916932737087709,0.4353022785711613,-1.303594603167251,-0.3553929503122443,0.8669890257301226,-1.3853951886849754,-0.646351706006711,0.4140780768666107,-1.0397365812420745,0.3419015450187986,0.0988022020788638,34
-15.485304326285677,33.425900322434266,11.960953416278318,9.433604632518191,-6.576765333255472,7.860800390657228,-11.340657120825536,0.1651116812373637,-0.7251026473232469,4.615361592011467,1.51334253846107,0.6409267337913169,-4.051955658498357,-2.162197424038289,-10.246684748968509,0.1404404453947211,1.0464809087422882,-3.721565761453165,-0.964872560385728,1.3266135503703615,0.4061383637428356,-1.0549166018509073,3.250499384877492,-6.81902721777726,1.769843203324619,2.516543861772836,3.4722641021523164,2.881628007747601,0.1838227629185844,2.1242743331793195,1.3772078060394783,2.086393399482408,2.1974329714401044,1.419887740631346,-1.7042291703361254,0.7922087931989944,0.97338523256619,-1.247580329137112,-0.5692759108980281,-1.014723430875029,-2.772239982163321,1.4706899149239403,-0.5574451152873096,1.9847391782516943,-0.5146910775707787,-0.3900790797161478,0.6699773944338807,-0.9691260785148051,0.7917104333571507,-0.4248921279200766,-1.7505204952999125,-0.6562007929222489,0.338409932592649,3.3392767858212795,-0.3417877122426043,34
-18.844529008525413,31.769151068634287,-18.069279694856665,-2.1626132234575755,3.6166729940619824,-9.135853227696751,6.786591280056679,-5.51573568471562,-4.63252539884093,1.7248707567923185,1.9382553399441949,-5.36461166942652,-2.49585783066053,0.8359705066982968,-0.2877845329768778,1.5642125278842531,-0.3449370698659923,1.612899493062975,1.2974097340524384,0.2597071307691024,-0.6875540973813332,-1.6445455585296271,-3.397960960422469,-0.2532598091534981,1.007533732543552,2.470707465479198,0.5969155476280692,4.481443256534979,-2.013678831891187,0.4221374481688927,-1.4100031640459791,-3.260225847374083,-0.5604527936657732,0.4496321915317842,1.3570475528959791,1.241727344647815,-2.144049577989229,-2.093979107661477,-0.3575736399620625,-0.6704248504310039,0.5177385005854447,-1.519437328712332,1.0304215637880012,-2.407993088798262,-0.5949088910422651,1.7302911766196918,-0.4066956190024712,0.5887681596416023,2.334978009686984,0.9796159662328572,1.4395289116064254,-0.938376834317132,-1.3421702771547717,0.7317741988776333,-0.1009716017588024,34
-18.75283587766105,38.93390844019488,1.3507606917287136,14.478482793889295,-7.156004177589377,2.2908368827651704,-4.257738746384836,3.211291098164525,-0.850723534679805,-0.628881154612986,-2.787974129643412,3.888281624880056,0.6903316354487479,-4.328397776818867,-6.92153850165747,0.7777723329655662,4.478826486043336,-1.9827233130945108,-2.0179178253102203,-1.1610109056495466,3.836092969988362,0.4907803899745444,3.091297191991465,-3.4961196553184366,1.4465979644105462,3.942406120186869,1.3403958404709666,-0.0802586936954793,-0.8209326584412386,-0.9918237713460082,2.2267257287381117,-0.5430806092398478,0.4550714463864292,0.1780919263209296,-1.9513879994473295,0.2023389908089061,1.9350597358480852,0.6234631478768683,1.1962806594314304,1.0911711749780075,1.5437908746384987,1.7563561578022426,-0.5184835940789493,1.4198084821684798,0.7444413037994709,0.9239956742565328,0.319296446393693,1.121722963694311,0.3999331794524884,-2.169972968437547,1.2128245818235546,-0.950454234982187,0.1806746776113332,0.905264164766464,-0.9732018522848128,34
-20.305696303940906,36.707172944784,-16.59392519462883,6.194641145029154,0.7184538018875664,-10.119723470725674,5.07177760848608,-2.8045212491023355,-3.9428389647424447,0.977640070120239,-0.3104985213161785,-2.6079403699268453,-1.2601803997661782,-1.1580006485634908,-1.8310887225830088,0.7333557421141489,0.9249403862172132,0.9453042898273296,0.2015997930636213,-0.2396636412489731,1.5070905105835075,-0.582180053847407,-1.2656394290101984,-0.707744302914158,1.6244063263767623,3.846329875295391,0.9897610569930752,2.680295035633363,-0.8291585888670002,0.5478073352006934,-0.6831948494032116,-3.0670470849942286,0.4180505305715579,0.560942738957999,0.8091613756579402,0.0275813445773333,-1.87470723681865,-1.400140760947471,0.5839896618741272,-0.3140472605695451,1.7001617252324264,-1.495534450049793,1.6000019292452252,-1.493561406269616,0.1065427117501396,1.4878700186480776,0.3045067661875121,1.3530044470497131,2.1551302355937296,-0.2468125435710891,2.2384322690549445,-1.0951984251074736,-1.2854822459913895,0.8207960144915007,0.3073846733596062,34
-47.97625083943764,-8.410338982216675,3.140929171679013,-14.867037552040722,-1.1050568998956014,0.7930682264163901,0.918824566678986,-0.3960524294199482,0.4356746319589982,-0.6327482546087296,-2.735858746802128,-1.2518818057465089,0.6031902511128447,0.5717433108365694,-0.2660551973057319,0.3323360309649392,1.3023371386460414,-0.4876430814091462,1.1383859660987163,-0.7044466058225802,-0.3196901940711165,-0.9272925521746976,-0.5582430581770176,0.9973884140756272,0.3256337237056111,-0.1457380475499051,-0.1873736649967433,-0.0391950452763592,0.2683635104213467,-0.4655502074272363,1.7626675232860691,0.4066488733605514,0.9773621433694069,0.2530235417014926,-0.2837032364461442,-0.7894502461949199,-0.0807840947762478,-0.2003549224846199,-0.0697350563819442,-0.5570256007271283,0.5160606434543255,0.5756992415776526,-0.3867454277507471,-0.0405055060913789,0.3424738872509808,-0.292322696763459,-0.0977673790857947,-0.1505796739326159,-0.5444406325194895,0.3827963155619737,-0.4467909868406435,0.0353066978130829,-0.4050627033627916,0.2718268912084554,0.1418752273138059,34
-30.52179685713385,25.712779337035364,-0.6347603335034537,12.704140419235324,-2.8215807858940134,-1.538166707859027,-5.6216101770571365,11.049066437940182,2.230646225976287,1.4918624774922298,0.6468591419498386,3.3786649477509494,-0.4488474650658284,-1.8557035031887896,-4.933479120127777,1.1710301473048506,1.004304163028422,-1.4836374856092358,-1.573855638581844,5.242067535080776,4.633178149220215,-1.2402453045741884,0.7684822958346881,-6.292411559785285,0.5809828322512544,2.0258090172380654,4.606581556378679,0.1864471271128294,-2.054308983713343,0.3655634928111078,-0.0570834982075171,0.0438078221305713,-0.6362391422854196,-2.8465028378746946,-2.418748750992987,-1.3396486082313857,0.0202720956220097,0.9914078056115802,-0.0405282921338554,0.062753198933076,-1.5124582130925586,0.0733368794878726,-1.4547900466578352,2.139383829665191,-0.0385040153987263,1.6462504497402008,-0.8064963632372447,0.2477974839277693,2.924884234640155,0.2008400864159792,0.3066427098083793,-2.641852353546778,-0.0542416230221273,-1.70702125190134,-0.2664979916692215,34
-34.95463875465767,11.866919485866816,7.79450846337736,2.648455699992035,-4.523429983873867,6.053648207509152,-5.413714579269177,7.861425144129339,1.6539421573470292,0.876603301972812,0.1956478892328381,2.6266525459166163,-1.0990091760856433,-1.977245403518756,-3.703854060402711,1.830057804432476,1.84626495894714,-2.6263037570546817,-2.2478810553785817,2.9720307522010865,3.590022443200892,-1.118544699505987,0.2978482367864013,-3.8260271576107767,0.4791157314500865,-0.153649748195637,3.61821501551318,-0.9410514396397124,-0.8412868503791046,0.1583202028670096,0.2852897511918111,0.5156397088795939,0.5802489127417272,-2.803881534325711,-2.279184625062111,-0.3447938530864791,1.7449652343928708,0.4719435148302461,-0.5445410804899797,-0.1120340401842606,-0.1995221839492927,0.5005741261851689,-4.287057993737174,0.8759507941268745,0.3524386672310014,1.821218205623113,-2.4140279857348323,0.77228178831314,2.4947511852382247,0.5795067899926551,-0.0443925491697793,-2.539099428335853,-0.1733804612997056,-1.2183610735083434,-0.1762944952899273,34
-36.23531887732756,1.5925744008738152,12.215755422423888,-3.195316012038723,-3.067480005024721,5.91662640668777,-4.249356034097047,3.2102320289051325,0.2962462005265062,3.4835253312053216,4.668482213305629,1.5153695528541706,-4.315222923210517,-1.2640263470332218,-1.3856421787813542,-1.4953465594928066,0.3811989204049411,-0.8325847879168127,-1.1931606875792224,-0.4643131717419966,3.7704743519763433,-2.2665407358967067,0.195489402751884,-0.9306767261500376,1.9599190653599128,-1.6229617026255787,3.851871126173805,-2.005756809698193,1.768824108151967,2.2670416192014926,-1.1081867465459372,1.8488681187210831,1.196273848802495,-0.4917443729981707,-1.802999601362472,1.3008495500719133,0.8572307848727364,0.4026449445607675,0.35535954839914,-1.096908816842214,0.4160736224510077,-1.3251276000837326,-4.022730756711186,0.5840179391609784,1.180210967978689,0.9625119273010272,-1.479750835031388,-0.0066072159221836,1.3058612169062824,1.1765225816906577,0.3418193582579885,-1.639653578094609,-0.4312491100086595,-1.0272697571642364,-1.4566720948447949,34
-33.855718812835526,20.15148022176674,-15.306270915752748,4.70497345049398,3.93703538039563,-16.001939367953383,1.937770349924516,2.7943017288022625,1.3559552520849725,1.638357384232762,1.0186553346660578,-3.0819959896015447,0.9764646149896202,0.4162617990743211,-0.321343448778264,-5.008824227090464,0.1409340893294619,2.2502050005953143,1.8097434600215163,1.6002071992782818,1.1083344577749887,-0.5217490280872454,-0.7453693240229367,-0.8338623904335924,-0.1549957445347382,3.0947076765318,0.408070027663415,2.402053209639386,-1.1713152132731546,2.459545184957369,0.3963380303611461,-0.3671844349374713,1.1584848064910558,-3.3826851155326225,1.4140111109952578,-0.3387537272953855,-3.902512056293941,1.0988828453273556,-1.9757304154821091,0.2003687968449529,-1.462496655310813,-1.3923575956303471,2.008820738937412,-1.663168031398646,0.4679970473416143,-0.4247977169233117,0.9665221301947204,-0.2052941045430909,1.9149699259700097,-0.9239685358668196,1.5208847275200732,-0.6775854545455128,-0.5791504420725282,0.5082301360402935,-0.0028243380345285,34
-39.23925524021176,10.210359543536514,-5.764415152426457,2.8666736385350253,1.4552902214762369,-8.964555955345924,-1.097961811258726,8.572023405004133,3.3522143957114534,2.268874188366472,-1.2718253424260693,-0.0044368354666066,1.4188802293264664,0.5296973165341077,-1.3421676900660489,-3.4587658006018493,-0.2675323777667378,0.0899142685604343,-0.1719976342909709,2.7267377990827595,2.1122871807912014,-1.6696353294038169,-0.039562239760366,-3.627886233578549,0.3398672102419938,2.2902177342802386,1.814389078370399,0.0116968515186896,-2.8711916119601213,0.191160681849097,-0.1410358593787918,-0.8525015717799646,-1.4682048866079975,-2.7761898324472423,-0.8931019189722754,-1.173561031923064,-1.5673328675591844,1.550570485423646,-0.3978428602991382,-0.2005265993649323,-1.777102890341172,-2.0700194283758093,-0.224745308779185,0.2851129777999355,-0.241869512687639,0.702869734435319,-1.498373141394109,-1.1197172459476086,2.314907631838069,0.2810359210891459,1.8674390096304672,-2.512862063095006,-0.2060030781774625,-2.311366222943248,0.1018733672855698,34
-40.86568343723496,-0.8867899555432447,1.0345757162080504,-3.9790893735319406,1.1476244823013608,-0.8057185801459207,-2.377962000193035,7.5106005449422515,4.015340897852808,2.4660484268072875,-3.5660339908619805,0.3423977853123848,0.9433442683508084,2.42513609425872,0.1684869594562529,0.4011394877725755,-0.7045131442972488,-3.3056150437963523,-0.2307036523016195,1.304206640493579,-0.4885149655640938,-1.7539976356086808,-1.1102931477921736,-2.983108731900045,-0.1898971557839459,-0.590045887786472,1.9804690149814808,-1.658927900216765,-3.7054023439985593,-1.9840514843479389,-3.175322136148642,-0.0699227748616848,-1.7027369843456484,1.355906604525259,-2.21431486434131,-0.3619083811481396,0.9753485236256956,-1.5162932624952892,-0.0077755214706703,-2.53738243332165,0.1358860076634604,-0.3450927924049917,-0.1906042756794011,-0.6878300925715938,-0.8625741766901057,-0.9855966024819722,-0.4841173683960273,0.9474292605362588,-0.9795346162284884,0.320161216206944,1.8425132837629024,-0.354876354945811,-1.65988022640751,-1.1930270774938598,0.0790118676209159,34
22.82078717655569,-0.8670462869584072,1.734179070671,-1.6398138601789816,-7.554133839443909,-0.1977209015791839,-2.6520869632216035,-1.7966845128008415,0.6935130819262924,6.357018506012534,-2.532192451485217,1.6366438795377956,1.564790133005988,0.2673624092236548,0.8461821734616135,1.1256440259167737,0.8352401599833184,0.5238417153487372,1.3966036311869754,-1.5730630741167475,-1.7522440769183971,0.2013879745447367,-2.227310413418469,-1.691467743986402,1.386443528078362,-0.3377178199401937,0.601370279393873,-0.903235658952102,-1.1874290006804291,1.3344437576886188,1.4317387938983095,3.2666854207517684,0.7528739422240114,1.645080216972162,-1.9862713190344967,-1.037404397402631,-0.294666069511991,0.6206079357443186,0.3294334591852653,1.0285081201347877,-0.7479696354998039,-1.0185610027945282,-1.7377680361348662,-0.1803651105402372,0.9594176667935748,0.8785984264775886,-1.743671127234518,0.140441495783772,-0.8549773363632345,-2.2283290848271307,-0.0215114443105225,1.352975909616945,-0.4828782920627185,-0.3982822332238707,0.2996620092966541,34
46.06573830171341,-0.4106847672677569,-11.999443083738775,-1.9386297409567996,-7.295814371682884,1.894712756640356,-0.1274429548172047,-0.8964425954652214,-0.2572396356048909,8.499808527434126,0.971944199110054,-0.895681020122792,2.039427646789488,2.9552929382395337,1.9334380447253576,0.4925417714471788,1.0972887488090062,3.3298267720704846,0.9652728507609112,-0.8878745045608459,-1.6911021095553618,1.220457721219927,-4.690094555220129,-2.4190721807358644,0.3011152510265247,-1.6464997212458858,0.6128141841242254,0.1956904956490867,-1.4360380656538194,0.9688736475828804,-0.1476672211891369,2.901096200357549,0.1647592527965276,1.0229702465046482,-1.3670836011476917,0.7431158970482569,-0.7312308978223587,0.3713596997338897,0.2478739425965112,1.5132305375127948,-0.6991139505473024,-1.229021961035432,-1.9790517550404008,-0.3997709559099627,0.4040523926024901,1.113882652107043,-1.8877701258268664,-0.2274420953867451,-0.4023508889169904,-3.012251341005849,-0.8391781380922096,0.9557012725502996,0.1320841342899785,-0.9845928778593724,0.4345510509934476,34
44.434158629917206,-5.708094671431559,-4.965479264162626,0.0072173838649756,-8.40975673768083,1.2460116837425008,-1.5339955585284872,-0.9475869801462414,0.5695227553505476,8.375039634166315,-0.632090304452913,0.9367061395484604,1.7801518911993404,1.5640524431837806,1.871959199092232,1.0459161038553124,0.806220242298905,2.3084553508207537,1.5083873605101126,-1.490452686358509,-1.8853296075430424,1.0863296746960056,-3.5594377514634816,-2.201661363128814,0.4682694130409638,-1.4236718178430892,0.4970351278462538,-0.5610769794064419,-1.43258141698925,1.299696457176474,0.4632398390126344,3.9500787125486063,0.6734581684253801,1.4123166627786363,-2.006286058905688,-0.2519881775718661,-0.291522850886453,0.7634395545321371,0.3684496542228225,1.3704058592512771,-0.7410565689560388,-1.08967142713471,-2.079403182761913,0.0799934146548031,0.9774548624543244,1.1881523572259631,-1.984501829699916,0.1792617249223072,-0.6677591172580156,-2.9265925441285923,-0.5128539427616733,1.7868735944910266,-0.2142265042729571,-0.7982096974577483,0.4097907968104956,34
31.59640060953468,-7.486649497679495,-14.986152218982776,-6.955195262056289,-3.101074697850148,4.907509147377269,5.103837346584263,1.6698480826091855,-3.694284373809292,7.535683908126725,1.521351178452885,-3.19341773363151,3.857079393595938,4.463615020099764,1.3096301112051558,-0.5578960737744583,4.409543347819755,4.525012950124714,2.552723841540122,1.2979582208480906,-1.1270635258521529,3.270882354089154,-4.708324001977247,-1.8703380370743103,0.2176572644984119,-3.039957994588165,-0.4871507363492692,-0.6849918236991114,0.2067100139975031,0.1344656241567585,-1.3499568253578689,1.5352969337580855,1.9791835397839623,-0.3425067554157166,-0.7415218318122766,2.399063795850888,2.8469267111145844,1.1096509568462487,-0.1449623322859616,0.0129033924933328,0.551242962344002,-1.2987821615979254,-1.1707649296090417,1.0589505732532989,-1.2438394057640814,-0.6127809226308862,-1.3014973203446665,-0.2723033123264846,-1.144590250053989,-2.4576909235263877,-0.8834743055467409,0.6475368245424411,-0.1308556920024285,-0.1701519024668775,0.6743941638835461,34
39.96590660942255,-10.044902605935755,6.204090266824247,2.134651638294646,-11.84653706983005,0.2535837544565166,-3.378176681625081,-0.3470188573641243,-2.8417792274463105,11.595172777892513,-3.2266838042127635,2.489876285360885,-0.1244899765604763,-1.1846606689954262,-5.1527667838296685,2.425314399516178,0.0106967266674209,-1.2917747969895406,5.918458628463873,0.55741336283008,-2.1339685535756483,1.855198346073712,-1.1679148333158489,-2.850637836048648,1.837592331782922,0.8396173867135291,-1.7196185337917829,-2.743017688634075,-2.64113276691771,3.887829984684872,1.1996958840081224,4.611459494238633,1.006971851297585,0.7962199146198924,-2.6324853464274622,-1.069773311803381,2.091198315900077,2.939421511534406,0.4982820352411486,-1.3963493477532656,-1.404119575544982,-2.7280252599965222,-2.7955825012836315,2.79884046220083,-0.6727791136019198,-0.8585213355299959,-1.0242887158487988,-0.5678551647612059,-1.6620372185903614,-2.5084529425980566,-0.0057134584200885,2.830554508062621,0.1235924122924504,1.1286736397752348,1.5728389280070978,34
45.55863621820456,-17.865737753818397,-0.1391317410913065,0.8977913132990114,-10.078158915858456,2.080119775716013,-1.055417124035083,1.2690951219736664,-3.529427862662125,11.639454657345896,-1.824046338682057,1.537071216692146,1.0811471291947952,0.7750989896002471,-2.451195067427229,1.8604615472059165,0.9394617335096084,0.5053633839293479,5.474273880074232,0.9059349599579094,-2.0709949337439606,2.546804915680829,-2.013425834436608,-2.6591981119476227,0.7427522128530389,-0.4970044104221087,-1.9761874293987447,-2.5960173058525973,-2.375677662142795,2.6225524986418525,0.2831831461598779,4.656379855717312,1.8875848654973253,0.096447002841881,-2.2627414725981003,-0.0592552915932671,2.5533723587953103,3.059225077948712,0.6090804872201668,-0.9896688807802156,-0.7274709417623141,-2.0012790915425653,-2.7664964058328114,3.1938359547967123,-0.5487767593350271,-0.5681571552988656,-0.9768700936473144,-0.5315113591210091,-1.6289192922328548,-2.730527245391281,-0.8128430873936792,3.177721031281313,-0.2455619514180063,0.8298372672980859,1.4999920486469294,34
36.8930379132202,-12.89343773701146,-10.367094862659394,-4.486905913711434,-5.073522848345006,4.6375437643315855,3.759821907288664,1.6990354350347383,-3.117478813070752,8.763074040172857,0.5457528462080584,-1.9871827169266,3.063413916935824,3.135889522424037,0.0976275776808006,0.7869577775129541,3.2803108552223765,3.603632538589901,3.753244132807907,1.14832854070587,-1.4753170006661886,3.125702495981897,-3.880867796609055,-2.023518977483581,0.1212819693390065,-2.649432177802548,-1.0436345386223789,-1.5598381204851253,-0.6336863416102342,0.9403491324842854,-1.1123916834107603,2.480024814084584,2.090938286908892,-0.388161341700144,-0.8496769945064375,1.3796750095284818,2.9300589626212235,1.976321184147935,0.3881003797869362,-0.2885182523229729,0.5798215585827707,-1.4796396741805724,-1.7423926810511827,1.9598089987022096,-0.738386761953804,-0.6056692451257729,-1.1661753555705263,-0.5415308154261421,-1.2139670639312556,-2.3904626309024644,-0.9298987096683632,1.433199008655137,-0.100771466128779,0.1459860800618741,0.7465304337158315,34
13.595624302697605,-16.577624745573956,-21.402943909696685,-7.687806533507564,5.093236139107739,8.041131451337264,3.779945315611574,3.959577903969328,-0.7827885509733677,6.796757905192616,7.275258553566876,-6.585031464860187,0.4897018365326988,2.204420697547905,-1.9044144484836032,0.9408789750140674,2.704449815284755,4.83943545745834,4.528191760218732,0.6632713100421516,-0.9112882478370052,-0.2568152032727165,-5.770646338273427,-1.466333011695522,-0.6945069345336343,1.7656395536137075,-0.1826984369562361,3.105702574606225,-2.0578960032552462,1.0309365050804096,0.0947354233272266,-0.6462289141119685,0.8586263947335249,0.982437140229212,-0.4338002234687156,1.5547840942238609,-1.579886033180447,-0.2405523366102106,-2.1831212205120503,0.8480649511958004,-0.5600587830035048,-0.2028725502573707,-0.1396221924094432,1.2899390429767654,-2.017330537263137,-2.220270539712719,-0.7110167270491835,-2.0851442355678067,-1.4620037664793526,-0.8570670262743112,-2.357065085209984,0.7466824675816258,-0.4404587482875206,-0.480545264421047,0.957840847433016,34
36.72013432462232,-22.18754453963028,-5.4967967879939135,-2.3350685265412627,-6.859953722634283,3.757276513688252,1.8104526622164243,2.359994815114544,-2.583794628302942,9.738560129729802,-0.5823402327730768,-0.4543150561170586,2.117918343850824,1.882620197928318,-0.5045239530715134,1.337414866665454,2.0224539510731723,2.280471244581128,4.77396476853737,0.964841566161466,-1.7151101405103115,2.680588845652216,-2.903647444450882,-1.94732410226199,-0.2559996001308716,-1.829836806084935,-1.7459939209416644,-2.2769476425738984,-1.534261251381463,1.2747341185105294,-0.5968819734631755,3.5778565878605777,2.438258045499305,-0.5120281555794279,-1.596982223895692,0.6396548619724998,2.7426870964746595,2.937935789815985,0.7211575210683989,-0.6904570885196335,0.2937377234751817,-1.4322595055999965,-2.349207078868053,2.8017445205715283,-0.3585352614976058,-0.4956681071291745,-0.8788394052157057,-0.3049487466933926,-1.1224157103649932,-2.20887362493766,-0.9720975293691366,2.5876203506007074,-0.5130026710478074,0.4266017629808762,0.8518322563401375,34
29.51782962444017,-32.91385983171168,3.574212830231947,3.66773738047862,-8.43127281408883,-0.8776171077166316,-0.3540581914733269,3.198813710080728,3.1405069771066563,7.666599399302167,-2.327417510999672,2.333323855109211,1.6776590140506074,-4.67529813572661,1.3319261878036714,-0.623537421395044,-0.0019363897061025,-0.1777718182930882,4.684736841705266,-2.5310155422172307,-3.015112397046721,0.910709484212318,-1.4053733036159877,-1.0024734903502297,0.4348395099424472,0.1573190135899409,0.8311428396654977,-2.569220547115448,-2.061158269463527,1.1683436936695797,0.7394662491388813,5.017707412633155,3.285843210249367,1.2517264725287398,-1.9227864270892627,-1.6027974903664584,0.4089375533354975,3.7190255496380273,0.0861690122376719,1.4694950372861422,0.6188513083067634,-0.4846690936951645,-2.664345751534736,0.7219319383195806,2.387426717231863,-0.0927293208327364,-2.412452641880041,0.4761061267799876,0.7200807655255828,-0.9055785409603496,-1.1805955822876262,3.866921794777348,0.3463536872656069,0.7120903513897731,-0.4581666783586648,34
17.55616011273327,-27.603680869279312,15.29762484927032,6.159810400914985,-9.189405011588573,-5.563754555892747,-2.894490885243005,-0.0500884247398205,2.576095494120428,6.330136290191501,-5.738848066545366,3.763989006376919,0.769021493069229,-7.560783372149278,-0.4137907153169008,-1.0671900443054938,-2.14596288461668,-2.83672489004301,4.346231661192048,-3.3200139298182285,-5.137309916920899,-0.950491072251362,0.97122424037069,-0.1683192038749626,-0.0062880039510729,2.689429179141794,0.1312683279745697,-3.0675747574296386,-0.3571753212573788,2.45469600648206,1.5292836383944002,4.3876481006824415,2.433089263214529,3.9537499679468566,-1.4533304846472157,-2.944329611959841,-1.09246267843504,1.0896236537063804,-1.2668855505673566,2.1900606489244816,-0.9331882284018744,-0.7947599047256416,-1.7615583943325748,-1.903231145676914,2.217609450615545,-1.1579333117140551,-2.387718646097858,1.514872847441174,-0.0837981256858292,-0.1578442647147822,0.908433163221562,3.670800981096021,0.1416013959808928,0.85360572422972,-1.2618351196027335,34
-12.494465138863063,-18.72029051320577,19.843752281452428,2.043225798185935,-4.419322659274018,-7.541449318812436,-4.18154786718792,-2.3504534609105723,-4.678968331477008,5.411124495374524,1.2216304496021104,-0.6472860877786799,-4.931993907350898,-4.180817881738721,-4.7542530822956,0.9352760812032584,-6.202115202269949,-2.7059341806544475,0.997218703262509,-0.5620097102592825,-1.9001926214264275,-0.6107471617099154,-1.1648015223404302,1.563901017436241,-1.7866667090935635,2.485715473331767,-1.64295072335454,-2.650626311487659,0.2785561016424456,3.107171831531302,-0.6339158057817907,-2.035004610510046,-0.3271268948544746,2.659676365715159,-0.1400433867762665,0.3969539003336439,-5.103035940506453,0.65183630466466,0.865684604128861,-3.2220747265658893,-1.9538889964384063,-1.9400592274096264,-3.406847790446146,-0.4263387153912667,0.3537062301518727,-3.1758820252946736,-1.452079268164063,0.8961237731902202,-2.046126675005428,-0.461959401202819,3.168756930157663,3.263042640122341,1.090745169946049,-0.6059633722681238,-1.882845218757794,34
25.710040315787907,-34.00296200087946,-16.600146403157684,-2.786861235755727,1.3655995949324735,7.038771652795241,2.065566130585814,6.14934476390614,-0.9308507205563512,7.833533117849016,5.61526993217632,-3.4356655413817747,-0.2940174633853349,0.5676491087272909,0.2993693320727267,0.7328771999228283,1.3084322450444923,3.847078629389702,4.277551906276126,-0.335614728693271,-0.7574882993703128,2.6108605291779066,-5.776130839630085,-1.0234770786571772,-0.7393294740101631,0.9350991248334158,1.8325624635558049,0.7648841688179785,-1.5596975059006966,1.347821692714087,0.8672884176715825,0.0922663306819472,1.6901153271906488,3.087888242772945,-0.8191126008154291,1.2252438847996696,-1.027442022101973,1.815982424221648,-0.6932777851265409,0.4507917067592507,0.5185652970320599,-1.4508355548254612,-1.1211837598189225,2.706183541925626,-0.3307521745074542,-1.5848697648423908,-2.521556759087756,-0.0688597301218084,-1.2433529932395115,-1.4625015876906586,-2.925343565932665,1.504987215503599,-0.2133742427785601,-0.6283227291412494,0.962922219530528,34
24.574008374986583,-45.44291321900516,-7.636639730768497,3.6066483833869327,-3.012096843580921,1.4192984306822207,1.0447482849563967,6.85609493699432,1.7073751395219396,6.865557535470537,1.4466502197235274,0.1633058946901093,0.298919284467204,-1.5506099091222303,1.5589376132373731,-1.011942251318267,-0.1316763142082855,2.237838011919777,5.208877754580091,-2.6068610023243752,-1.425483577223785,3.126344782482504,-3.2324555603775544,-0.3832298779540479,0.0089266202666284,1.5004961117026403,1.997615480568813,-1.1747449098739478,-1.3327779970795477,1.4403251397097427,1.040368020983108,1.0840312262466671,2.5147751187750127,1.919791002841609,-1.2534468723629553,0.6679758895546865,-0.9292544147046582,3.662334520881863,-0.6749082851247569,0.2132773783355167,1.3635495262365116,-1.3464136412437102,-1.4556914819612712,2.5263805013914,1.2700249251947926,-1.214968169113271,-3.277617892439655,0.9926464743919192,0.269915521681379,-0.8534683700399143,-2.327483791739049,2.415907039439948,0.9591993144802842,0.441194302728573,0.5240872896317401,34
-0.4501848144175417,-34.28565477915476,-15.768928498437212,-5.135847829230814,4.224439317785635,11.94397833898384,2.55353033745199,8.707508539068822,-0.466419738565016,0.6787799926183363,3.969586031735041,-6.211132784293801,3.047034783920937,2.743108377036616,-0.8997796143489141,-3.5198618885317368,5.887908927521003,5.286224010438484,2.6805977359184694,-0.4099345767069724,-0.1827279162341022,3.19357538554045,-3.3538381398597696,-2.1132063916211488,-3.657571644127912,0.6567460994305067,0.8119162977657274,0.7532084892874412,1.1486642763883674,-0.3395383688271057,-0.7072185880530012,0.353627984747879,0.917645720271728,-0.3639740038858217,-2.676232185283258,2.3344329627903933,0.6389306625575577,-0.2155393461228178,0.4078984890774739,1.749821332671616,1.2785215718405094,0.601479066432745,-0.0212467407213943,3.495546384621369,-2.140757935736445,-1.6109913717405662,0.8720812582577521,0.5199199208733353,0.5600623038358297,-1.2293470678534006,0.06969161228196,-0.7278973260948207,-0.7846372495968166,-0.0303193929112605,0.1984477196796163,34
11.666142035417066,-44.97795017761148,1.7806269439400635,7.820812687173513,-5.397173957652655,-5.639785075706,-2.4375894343038724,2.9325284024118896,-1.8813051638575584,6.924429717881576,-1.2692754451083896,1.276907971372622,-2.4470662719674032,-2.745715262129538,-1.577401036929929,0.9232305964411612,-3.3619546112257543,0.4719269454609447,7.161453468078393,-1.4949592353852763,-2.9429332166935604,1.7593778904676165,-1.1321791437091984,0.1714873958688908,-2.820901819755737,2.5476406354811005,-3.322273622573235,-2.5132824293077816,-2.0463512228824,2.6412561707724973,1.3965947633694051,1.7271327226529347,1.726543565911311,0.7614449408932323,-1.724940871971323,-0.8994726811229377,-2.0263700074293123,2.2235592038450696,0.8652788104922897,-0.5455205654257892,-0.0534685995606646,-1.545326822080479,-1.6482999687822282,2.454558598685573,0.4457109751729869,-1.6033704847602566,-1.213722479712357,1.6336068992650166,0.3984762813909639,-0.3467707886381339,1.6851537226870137,3.0819360273237364,0.1768085999714119,1.6502252951680842,0.0232292611577459,34
7.099225507406368,-43.23783763450904,-13.712085672284216,2.463279173293267,-0.5936169661116952,7.808584429825577,1.2761909606383293,8.044404910983916,-2.496554355829881,4.314219246237121,1.9892009645899864,-3.257200013770281,2.531294269693316,1.4732237330241384,-0.2374817347984347,-1.298487372163578,2.6062957246246485,4.428181366691399,3.739807784045531,-1.2645438455051552,-0.577223167617378,3.554357752012464,-2.3144464048603504,-0.9686395538198976,-3.064427035367475,1.3499266290252674,0.8870279448629619,-0.7980145292897388,0.0224278958261615,0.1709574852273774,-0.0285998613396934,0.3284192635463505,1.233474921313739,-0.3200724227597951,-0.8764242216644853,2.288680178762082,1.380135582358276,1.4073495274076788,-0.0328325912416056,-0.4248358253228571,2.201823569469681,0.1565729741888387,-0.8084803799524536,3.5413891782683846,-1.6763206598730922,-1.4799477970816264,-0.5802075965714516,-0.4117877335158512,0.2578049390182647,-0.4080135484084776,-0.5199913210971681,0.7596791266581107,-0.1953091476685331,-0.5093194681716631,0.3238075165415688,34
2.1009384644730025,-46.04236467593928,-7.646449397799283,9.211459934119034,-3.603336191848185,1.6517967129978863,-0.6888970726103477,4.192484937230559,-3.009020970507563,3.239909927411236,-1.2170583677592226,-0.280064754745104,-0.4747547768229002,-1.866484918961364,-1.3474381373595594,-0.0758341978184464,-0.6184019646617304,2.012055603362076,4.824494217303844,-2.0091895021765787,-0.8638627983405095,2.9886756017136085,-1.4249066204166374,0.0175264060320912,-4.2929620879528025,1.945910028710008,-0.5735143245796949,-1.6933301569168948,-0.7251307915636814,1.69520864933452,-0.1230233786133234,1.6324607884411522,1.891695048385678,-0.0379423727485255,-0.9599345592758712,0.3300738983151565,0.1030315098443771,1.3476037648700765,0.3393064118112348,-1.3306572719486065,1.2620187914751202,-0.6647761430526689,-0.9150915639231416,2.8498904446178166,-0.3769566555874067,-1.0565308973262864,-0.2264236371985245,0.6468917212932207,0.708218585313664,-0.5216475015373898,0.9146503384275998,1.3164884398835028,0.1526906541292177,0.8619522221115017,-0.4874554778949311,34
-3.8209763280973297,-37.04804406177559,11.262416603303404,7.913283241826098,-5.9170320876715845,-11.827974625258287,-2.1365595046471326,-2.4183801566585945,-5.061308324588125,5.266315878412431,-0.3463396896470255,0.9770282930587402,-5.235865043657002,-4.6028710872848055,-1.3456523557101492,2.6987636089103995,-6.377002520174943,-2.1380354031615525,5.8709380504670845,-0.5217126010076485,-3.72536452355728,0.9058666107516968,-2.1270970000464158,1.1531804527426783,-2.167273557194982,2.118751176594962,-4.829884471335289,-2.21888451042073,-1.639086603999783,2.8061444157755435,0.0543322726950601,-0.4175806463957178,-0.90510726971922,2.0784750279398483,0.1323322080933524,-1.1723863621755917,-3.6356917490095193,1.639088005541084,0.7721867539949301,-1.7857831107696778,-1.331749527654889,-1.7401417467519775,-1.9799938649775168,-0.0405162890573997,2.0905154095511542,-1.752091585569537,-1.5137044024423956,2.2568969069334623,-0.0314931242701921,0.6265392741574277,4.21339550237237,3.4061728597484784,0.444548642142222,0.3536873934542644,0.898448942965933,34
-10.633238480900475,-35.656212397217644,-15.873219737214365,-0.1957992430069762,0.8909972580641933,12.88686232604641,0.0061097227635522,6.971043566639114,-0.7807064087251102,0.7152537827201753,0.694742003884229,-5.567644406574064,1.6691364643010749,1.58961741128023,-1.6264646033265768,-2.9686487307428515,3.986839828456593,4.212105883267703,2.667286203495029,-1.3494322027115628,2.202262001835196,1.7251789224701726,-1.6748562878909514,-2.608696572180936,-4.210315364772918,1.735610813385554,-0.1089836373367498,0.4650368076640037,1.3766150682443756,0.0951877553880518,-1.4016373254069014,1.339466062512472,1.1081969672043626,-0.7236141114138838,-1.589469378443765,2.9136052010134423,2.143443703383549,0.5485469095565592,-0.5604161965598582,0.460274862922389,2.058165850179287,0.8771244967409212,0.1643151157169292,3.713333371505044,-2.662357937733704,-0.9213025472981752,1.1177810509040684,-0.7328715048033515,1.4111714833650468,-0.0623711164404476,-0.704846005271307,-0.6017694128654225,-0.2931433397982497,0.681239644263207,-0.7182529218871719,34
-7.600840183555798,-40.611838917237066,0.8551597737560331,11.2432628296571,-6.377027476411626,-5.5944277245654295,0.8565685040971549,-1.072342118294971,-4.825881531701037,0.8807789204635028,-3.2438385155637377,1.7937020543105746,-2.6340142623529488,-5.191533359343658,1.2950321891331609,2.5128672792476263,-4.260934900613549,-1.1822155963060428,5.095574189205512,-2.5822114023681206,-1.7173960130648476,1.212903602347016,-1.4079122595604945,0.508388496234867,-4.036790417679503,1.7356768733332186,1.0193832705549062,-1.199963708525419,-0.987576130360654,2.041625444093518,-0.4937310684131626,0.3376646624202758,1.1444481493468444,1.8488369793753463,0.2101400848700023,-2.109149872314694,-1.4754820456014486,1.395542538344472,-1.895856785089185,-1.1032400568973126,0.7449334209733174,-1.5448390929365068,-0.5753524581448256,0.0373205933033872,2.549350358461406,-1.1603987926531305,-1.7129652620029938,1.7794242700712373,1.7516085268400174,1.1689249536058537,2.292981264992051,1.5724853948662527,1.1566885054671634,1.5647650532498512,-0.497372615797228,34
-15.258217268542149,-36.19560609630782,-12.007448229511564,4.237076078435451,-2.2326383561631635,9.090766898365054,-0.257963197890584,3.756130720747128,-1.7623219313097211,0.701568364550241,-2.090999659847358,-3.413728209426047,0.2449782424792321,-1.2176356924830136,-0.1181400347346651,-1.2047257996198644,1.7043793098222189,2.5875767190919965,3.305927363705832,-2.330763310662011,1.793722240695968,1.658049996686301,-0.9399612076424736,-1.4043142850702373,-3.981963951281645,1.8433265106614352,0.1491661581137425,-0.2055545491729131,0.4368113035566218,0.6574705729465806,-1.4301588230892228,1.505199171748406,1.6370769040051911,-0.5733806851697197,-0.3559446231241661,1.5825752578206247,1.7329070934457806,1.068125319063063,-0.8680888063093607,-1.1172362813251713,2.075268379058735,0.3871858080939898,0.0660626497475253,2.379586524953953,-1.1697744009526925,-0.6930277969970892,0.4196815782038763,-0.4110349211097081,1.7523395395143828,0.5346716351108753,-0.1523448850953668,-0.2055862793224495,-0.0082160487346643,0.8307731734758369,-0.515384377344123,34
-18.7144524370252,-35.591939036661124,-7.164395904017254,8.525643390362625,-4.443823663237873,4.434185431951892,0.4633526703532238,-1.3798437086580777,-3.4551844628906534,-0.3157442717768965,-3.487187275659967,-1.2380329488300374,-1.9044484852941963,-3.6136156649795454,1.9504738471579848,1.083515120190668,-1.576949756822866,0.8674444922484366,2.744342797057981,-3.413052327740973,0.8656581664425401,1.719619976488054,-1.458044181244948,-0.8403667640568541,-3.93053763734909,2.191783976468077,0.8026681817721162,-0.1963765116343957,-1.6485759433835023,1.273676925863655,-1.5642221436181625,1.174339759462724,0.6882763411543806,-0.1241724829990822,0.6288614361338137,-0.5113388401068102,0.6184588300434612,1.742279482816612,-1.614726581495092,-1.9589549537497284,0.5937201982138857,-0.3161825945863973,-0.6217613303570098,0.7833887897565832,0.4235090979689276,-1.1111679573541386,-0.1715310488407321,0.1766890241891957,2.0228768720816634,1.286299967763606,1.423291127887771,-0.5040626286829029,1.353538711507169,1.8536765479425377,-0.1665373977597794,34
-28.92429976159972,-26.799067912291378,1.1866668458995593,3.516536672929811,-3.7745163671127786,-1.2736196677014464,2.757511432208808,-5.562911840591707,-4.223024177805162,-0.4488222605591067,-2.79218753916772,-0.1580938560612185,-2.0036297765929096,-3.3164592914174134,1.9030339311280944,3.5950820288898746,-4.277230819741307,-1.0985516234439952,0.7189492607966091,-2.731944536058119,0.4321650098844811,1.2746408124467874,-1.7471150393688608,-1.8749227621313556,-2.543562259882341,0.8648147728611538,-0.3937469015641009,-0.2711418455329689,-2.7207195297718805,1.3616772298435946,-0.6460542465165338,0.2988077062186363,-2.097315978509588,-0.4326870494477622,-0.2714771573284283,-0.7578390504507593,-1.1059005497772392,2.4114571355101773,-1.8092790868372912,-1.812126334714477,-1.9397853216953769,-0.1254404938237508,-1.0903429802728393,0.1993698326857463,1.8680925812196283,-1.877077391060292,1.668650606154262,-0.4871223594044345,0.9043794566193756,-0.8600565843588128,2.336914559531436,-0.1123843519926358,0.8228035301268749,1.118456136502565,0.6694354570530179,34
-27.241435689967496,-26.47474880886715,8.032538869168217,2.895052616097729,-2.998251652389015,-7.727002919785326,4.820172057591912,-6.651992834438348,-4.564555400521702,0.030859813436777,-0.3035578504227169,1.3510348669522594,-2.028582470884228,-2.793766330875222,0.2094584543761156,3.479519125349161,-5.922404068891699,-2.957715450249298,0.8227232173897878,-0.6783806326372711,0.0264390505561391,0.884871423971358,-2.9830042484653565,-1.869785525030299,-1.4147958103945286,-0.2027874943958936,-0.3664769230414471,-2.0152560017134125,-0.7046381145059893,1.6863508704743078,-0.8834779632270117,-1.1666109780592846,-1.6721535227610305,0.6581139637839052,-1.3445029265793145,-1.3026231882785573,-2.008877412263669,1.3700394163501637,-2.772454980548226,0.3404328641187929,-0.8254262505964315,0.2762771485931278,-0.3652661759505918,-0.517633710048935,4.668169068125824,-1.6762178247597623,0.8529311789342098,0.4402056461687809,0.7377583568405587,-1.5167521822299117,2.360860893865908,1.1600208602958055,1.439870799559061,0.5785538873891296,-0.1109211150997653,34
-33.49425021348324,-17.054650725929534,12.990576826750228,-4.16608378207251,-1.261478786235927,-6.555681875084836,2.656030796362165,-4.689042440972988,-3.2742945596139226,2.8064925790316986,3.912935323368712,0.9965249735115038,-2.04940254449833,-0.3041506969211676,-1.0874032617342764,-0.4721504222807919,-4.088291057001373,-1.7489576092083652,-0.1773541296823498,0.5554914579768899,1.3238476140965243,-0.1580034082936613,-2.104493342559553,1.217504400245379,1.5025761948963827,-1.651151260113357,-1.937312944086449,-3.169471201290944,1.8851576487558583,1.1247934722930746,-1.7823127081017531,-1.2702024527698792,-0.9975914063915504,0.0642723130998129,-1.5738683578905652,-0.8684931894655938,-3.541377451619073,0.2430389401728366,-2.241922422864498,0.8073564540049737,0.4412257465888305,-0.4404766734218222,-0.710521084609507,0.5687087707699376,3.865405180886467,-0.2628409536900076,0.6268682235571611,0.2669925839310251,0.6900118485021508,-1.2055711796169102,0.7931755112261832,1.3566286433399648,0.2868438852850235,0.4123538019143452,-1.0947435745316083,34
-32.0591198893783,-25.24143006001412,-9.99709442849174,1.3729944813389217,-2.745447325073386,11.934127829226536,-1.1936862983748786,-2.936990631710487,0.0454165987185151,0.2145047221034322,-2.658422315880002,-4.93381370098103,-0.8117161416050322,-1.7077952410603612,2.871226237698678,-2.143749488486774,0.2803530237983225,2.049734684104165,1.4947627601537004,-2.113114594915777,3.101667311114706,1.6466995277260257,-0.5043660741513167,-1.4921222469992008,-1.262205589172145,3.0738872775215342,-1.4356040742944924,-0.4683354057617003,-1.5014927193004683,-0.8101572891830737,-0.8091497480175417,2.6539583318718747,-0.5177176851570657,-0.4851164969742483,1.2684235013334586,1.8018386531892323,2.7443567834394367,0.162930416497011,-0.3139652976053252,-1.2538769401926104,-0.9017223100195504,1.3654000782644615,0.996953073037954,0.74419968351014,-0.4736704966744757,-0.7167264520227002,0.7245852474754225,-0.3852881839381918,1.4972034054051393,1.977777236340286,0.3072485747915097,-1.0840656619674698,0.2480284500021507,-0.1233926354266723,1.2294463961056368,34
-37.15304575107897,-20.41982174784477,-2.7989508933270284,-0.8847423467472939,-3.00375156183002,5.65535825859161,1.6630120543862068,-5.738578476676655,-1.2712938799191946,-0.1326124902226113,-3.308443829180813,-2.3323545683290554,-1.3622401104041686,-2.057804362110648,3.4533416996038984,0.9134313555561344,-2.383641561836675,0.6627454770351457,0.9040266122098723,-2.820742669665367,1.9850754960461607,0.9061491280611668,-0.3670142028450358,-2.102593740317209,-2.0067465077328497,1.332279259767283,0.0927266927904661,0.2146826118199863,-3.33126512709182,0.6014773550149562,0.2678707267818534,1.0265950663120933,-2.202831382872972,-0.4890758290144494,0.2008308347658142,0.5256349672418532,0.7561666106619944,1.982197953934217,-1.4900954331936411,-1.4920180192298682,-2.5138668746326984,0.690328574534203,-0.589858929639527,0.6392598256066154,1.6395509174246148,-1.2198680915295363,2.134006590142198,-1.5107566724895547,0.7776733585006238,-0.3561968157504118,1.2166655709312235,-0.986183755223864,0.1197534067191049,1.128876336027764,1.3021721485279336,34
-41.286131130716704,-14.575285268855584,2.9080469468655434,-6.436705776792996,-0.8629557278012548,0.9069670791489212,3.5920429387768067,-6.600795532093455,-0.3741162278962195,0.1382490270575119,-2.1907627497415785,0.4581890728630554,0.0188785114887483,0.2836713455519045,1.3272132095088252,1.842013332819336,-1.6952483700006726,-0.99112003601549,0.6818443189540836,-0.6893924059443911,1.2191792228333818,0.0008320487498544,-0.488848966252401,-1.3791888551582072,-2.2330985545876216,-0.792698515081841,1.242333436220676,-1.124019959241375,-3.110710502781618,2.073454481036184,1.125710193173211,-2.257841331057206,-1.8009569805981838,-0.0828344825108966,-2.2292209276869275,-0.7344005285332608,0.5253957463345493,1.882910616150019,-2.114421238079945,-0.6570400074398097,-0.8312445607645103,0.1133482745109659,-0.853704415270172,0.8555755245080077,2.9071918334372104,-2.60108897321867,2.877819013896974,-2.2715380222879613,2.0600821194428214,-1.9301772573608675,0.7717830180733752,2.59388804440992,1.5406514064954375,-0.0327501901974023,-0.0073266874592554,34
