PC_1,PC_2,PC_3,PC_4,PC_5,PC_6,PC_7,PC_8,PC_9,PC_10,PC_11,PC_12,PC_13,PC_14,PC_15,PC_16,PC_17,PC_18,PC_19,PC_20,PC_21,PC_22,PC_23,PC_24,PC_25,PC_26,PC_27,PC_28,PC_29,PC_30,PC_31,PC_32,PC_33,PC_34,PC_35,PC_36,PC_37,PC_38,PC_39,PC_40,PC_41,PC_42,PC_43,PC_44,PC_45,PC_46,PC_47,PC_48,PC_49,PC_50,PC_51,PC_52,PC_53,PC_54,PC_55,id
2.991968611199645,5.761241679040686,3.0150606712497368,-6.082747870058215,1.9457600129334804,-2.4716051426580057,-1.414653483362883,-0.8551405676193233,2.064715774194856,-2.1108033450734007,2.244437153144267,1.1708146386047305,4.792580210267108,1.7775776191804875,0.304381027859859,-0.5591140257042047,-0.2718914668644448,-0.0505232434012884,-0.4445628361208014,0.5234595000519474,-1.896343890577028,0.2252301902000033,-0.69889930710507,0.7138292751710321,-0.1474557062709078,-0.7402741418627817,0.3590101981976551,1.285152431856101,-0.7927891128213164,-0.2697799727134566,0.0345860655745185,0.6878817987679621,-0.4917446386352387,0.3283518545006933,1.5173000419260212,0.2416639352038694,1.3128367032175463,2.04382246631366,0.1830400832274341,1.7875423654539162,0.7802960654855599,1.2565770257416344,0.5889824389347975,0.0911197161435166,0.1568484641899526,0.7684897360404387,0.007131591647932,-0.0914061268908433,0.9052205267642602,0.8319282249847886,-0.3271490323056051,-0.2107187691768493,-0.6983076234498676,1.4824684054882145,-0.8084710260916955,33
0.3143606875354274,6.094602445826665,11.08532642003323,-3.7334618220682496,2.2848784136228915,-1.8934878502234784,-1.6488415303394128,-0.6192856352661943,-0.0438861322568622,-3.28420077614417,1.4851240056772128,1.4319396088915597,5.425617042500202,0.6848752612605877,1.7624213174403194,-2.477346935212774,0.3115923295024265,-1.4192569518869225,0.987163656959837,1.2837797208990518,-0.6830821995034972,0.3549876434343401,-2.0975768670078887,1.153356382352403,-0.3041532754265331,-0.6320363052297278,0.0230222576214691,1.5495540476132403,-1.556421410101138,-1.694671130194645,-0.3783701459403317,0.1809542257216459,0.0812857529030267,1.720714088879419,0.6569642519633139,-0.225260342352513,0.891367976464707,1.7593671792843664,-1.46938173273391,2.189299901347882,0.0083674758908955,1.819253690704606,1.1248913932003397,0.7665969617543686,-0.3492217878579562,0.9338832476521352,0.4131927086703478,-1.074828226538443,0.5925997666435053,0.7067372456524544,-0.2539441748551412,-0.8139920280026474,-1.3746018507651918,1.4886967267083402,0.0484737395133131,33
-11.360352421604803,3.698575291414597,17.7895735118968,-2.488858305100139,-0.928620771684596,-0.9369139363961968,-0.103246957923621,0.1922519335323478,0.4889324619138077,-3.561700478347812,1.9903438389032724,-1.4602524112035284,5.822974802195607,-1.795701366152,0.5227202524235819,-2.35646949242436,0.6171567129152217,-1.2416157369914889,2.34785876865676,-0.456120740326855,-0.3754756937405369,-1.2678966340070856,-2.478107685028529,1.891094553485452,-1.1068654685229986,-0.1010937491863169,0.0724875886616266,0.6576215627055082,-1.2612496276108929,-2.740985566858404,-1.8307414633191212,-1.0857216146059925,-0.404066635198859,1.7390759523084018,-0.1446621527386976,-0.0430521868336454,-0.2768125900170042,1.2604769837765537,-2.1995758437229163,1.0837635555830054,0.0558635486466248,1.6414186951656309,1.218339865643965,0.8524631872020003,0.5871774199494842,0.6389659109980925,0.4387342510101604,0.0572670542999086,0.8894984058939105,-0.0645607982790824,-0.2704535068359767,-0.6303822673299126,-0.8496341662743967,1.7332568117227525,0.7264422370800006,33
-43.89802668260659,-8.820758962213509,9.160848073721391,-10.897287539336576,-2.11632003674855,0.1537911044885619,1.2237372741144616,-0.6730879900152384,-0.4507136173581058,0.743981133068917,4.657104253134093,0.4323115179896078,-0.8764788862226383,-0.2829110807753144,0.0644156992272595,-4.4284187520757765,-2.8157364677965906,0.0721074165901342,1.617125415094302,-0.7824155271556773,1.9988922675897167,-1.8131334897248617,-0.3791345624202882,0.5186055123758355,1.8625908125807096,-0.8599079573802543,-0.2388778149001703,-0.0394382574456678,0.6728427084074532,1.5048363365244872,-1.7863257154633931,0.1452220114969639,-0.3656516095707119,0.3434822195934358,0.7701719937527218,-0.1886726417373515,0.1057084540244331,-0.6521457217159926,-0.4864312909801031,-0.6544725369988506,0.7722350348185496,-0.4467569112675138,-0.5895265109222323,1.108854475114692,0.9913784190688872,1.894466455375136,-0.8767741159390986,-0.5960606229466818,0.3340249566749438,-0.5645254476196147,0.4211068719405706,0.2164645008987535,-0.8256758700519298,0.5253385353604278,0.2788966189182441,33
3.2519230938292667,4.848579948191051,-4.373361228274694,-8.169869028482601,2.746672873293315,-2.35950608936184,-2.206625346550429,-0.98193632159506,1.156350056786234,-0.9419331843833422,2.609802672000248,2.3018864739826426,3.530006004011585,2.93776590762385,-0.4368338368158692,0.0275709016474266,-1.0361481961569317,-0.0161459832807411,-0.8504115206264504,1.113166569762407,-1.881020947151116,0.0015830729548523,-0.2579623018039488,0.621509656830287,0.3348697327763263,0.0243759418641812,-0.3697037051019425,2.129424088638393,-0.92378114471774,0.2064632930048752,0.9775620564192528,0.8785700748679314,-0.0926491521999449,0.3161480877645017,1.093248434013071,1.637722335149823,1.2652443894312684,0.981427643189788,-0.9026085740487216,2.1560656186671574,-0.0338315541760321,2.0363519646697417,0.2335625933036182,0.6645085332254945,-1.4090816485782167,0.3867474587990139,-0.6259858471835217,-0.5725396269517177,1.15697907133497,1.540193957272986,0.158846804928076,0.2799886224193486,-0.7283865894663211,1.2213344751926092,-0.8272718012071685,33
-8.528119366337155,1.5900909913964352,-7.952930280527712,-10.895313209938664,1.869849001358751,-1.983229466246616,-2.069459662470293,-1.105472510956764,2.7821397526990923,0.8466582646027263,2.6836207621539274,0.9488615984742924,2.8541249302511096,1.205858377016381,-1.956595793527496,1.8449907880827576,-0.2603721851520712,-0.29100385761416,-0.4006463176740836,-0.256041413196817,-2.706585917739812,-0.6213367643927634,0.9571608939229176,0.7291355680476772,0.1847232160317534,0.978535161034608,-0.4682375776648139,1.853997141290868,-0.2322550591002596,0.6684791774663194,0.713329828464259,0.2463253341106379,-0.4155466956591683,-0.365976939918873,0.8949403182566417,1.5591851763988531,0.3573863050338395,0.4239391768004322,0.0123206739858631,1.5727300615564102,-0.038653361957854,2.315413518098292,-0.0383296573629598,0.4026044700003391,-0.4982690628390673,0.2726605327757902,-1.145788130832931,-0.450314269292474,0.9652335661631128,1.5007607260253342,-0.140750611442002,0.4012260019185922,-0.3569206912647227,1.4003590786330296,-1.1715331698937514,33
1.4002808258570711,9.250847460983966,7.265225679723544,-4.861956998473219,0.8690545457847003,-2.410957705272082,-0.5726290561002656,-0.8406725974023262,2.108371831468847,-3.1810302221051314,2.8484246124748767,0.3692251423652231,4.66058683254225,2.386963822342686,1.8812891656609876,-1.500650636918026,0.367121182707932,-0.3317342075719746,-0.4462496227953321,0.9297413645641546,-1.365633706548262,-0.3122750863234205,-0.743856137165067,0.7932137319385146,-0.214245612706486,-0.0656920073269166,0.0947680565234953,1.0289840991820454,-1.3427904773317323,-0.7677022476804546,-0.312795977974678,0.1488377332954512,-0.2325463679266414,1.3704219788253245,1.0959702023063445,-0.3396500475690732,0.6796324109522943,1.465395022009526,-0.4161263839911684,1.7800131361656155,0.3916314299215387,1.773125919852755,0.5110863319309613,0.0991554686772247,-0.3429546558907745,0.2377808450078374,0.5556494528878201,-0.1587232385799015,0.9237737833522348,0.9896691304278769,-0.1673747727860762,-0.6198656291229357,-0.8508778077431277,1.5779538733817595,-0.3060097547000032,33
2.800426204109792,10.25959368733408,-0.5115640761408212,-6.881718923230234,1.5857839112668712,-2.66249812752782,-1.089150532394507,-0.9629294373966304,2.9548920359560378,-1.2150019925172564,3.6745189653007415,1.2295178854020758,3.966459738333396,2.167639239997812,0.3373502496645009,-0.1582172261809405,-0.3671311423177009,-0.1737790670522639,-1.1262990238410742,0.7982625603380131,-2.0999173504698705,-0.0459863981405464,0.0879205404313103,0.6662495503721547,-0.215650607400932,0.2722977933713725,-0.0904460921355336,1.6334844330430416,-0.7743585296680786,0.0398344196340526,0.0834296440829013,0.0752265615022871,-0.6008751267096285,0.5699446002632163,1.3873211623650854,0.6906854958551667,0.8331139399985622,1.0962002505480533,0.0951674545763131,1.7582419145846748,0.4242079287928142,2.014161568576535,0.2164586516213176,0.1268720181225327,-0.5029921328398625,0.3928946230558074,-0.05223751464738,-0.0877752660785772,1.1206229800551697,1.3916578342440609,0.081757977645292,-0.0963614146459198,-0.4628162722479296,1.366358364834863,-0.7081453295600315,33
5.9705351006093865,15.719292765708358,3.1772610636242837,-4.887635493383681,1.4961792060259105,-2.588407499950917,-0.9797258698635216,-1.0228077248937673,2.563410890722358,-1.9158810162200108,4.024450797043027,1.2997266953659714,4.181247586623695,2.842772105654515,1.6917414245181488,-1.5341034437178074,-0.109791314155147,-0.2468480087003527,-0.9530817079331868,1.204895789908827,-1.8257297147209133,0.0386559561128338,-0.1209538402333683,0.492294632192786,-0.3085852678296538,0.3916948675084951,-0.0059274679250516,1.5097784511340786,-0.9928256117917236,-0.5415466697743896,-0.1598168878112247,0.1230358926980667,-0.7172546975764571,1.2570238898696138,1.348895092278607,-0.003809565991059,1.0544142371800205,0.9588287331222356,-0.2512812030279452,2.1614876035475272,0.4524870327569786,2.020642685238238,0.0933269795487567,-0.1783782315597768,-0.4938873229986774,0.2437420145217883,0.3158175750856616,-0.1476025511052068,1.0415950484768053,1.357375296510916,0.182408885861951,-0.5047935907041707,-0.598384093151631,1.462909284505346,-0.3108419789644283,33
-3.191365656988951,11.488121504459851,-4.063514431287421,-8.524647942839565,2.134401920329362,-2.381758710547451,-2.0135665484031136,-1.3525097614515154,2.6146768487546312,-0.1232620234657741,3.360090875605061,1.0673351377080835,3.244138366556679,1.8207116922334168,-1.0636414724145526,-0.0568258928386652,-0.4255250818549216,0.2275820764675961,-0.3325898336294321,0.2372024213377917,-2.8482672694596465,0.1080084084423487,0.3704107142998712,0.1712388007175568,0.0217038739011555,0.0361010127016694,0.0397315362019548,1.3675990938145282,0.0329952904853878,0.041647859344187,0.7004713654817795,0.5088040423056237,-0.7904996712215309,-0.2867680777863891,1.5769641478201508,0.6348705084614216,1.3920926577771646,0.759993018306352,0.5810997156302034,1.894287812676233,0.7021774559334218,1.4079501062150332,0.1139880247363109,-0.5344438092861866,0.0149840750992327,0.3880067117718223,-0.7495543182727626,-0.099699384721756,0.8973022805876977,1.7463885086312614,0.1549476924185243,0.2444766858800946,-0.13742948961804,0.9785251115628232,-0.90273982967827,33
-1.9698808698056087,14.445593922809415,10.5601365331032,-3.162859634823901,2.083766363440997,-1.0602053361349253,-1.9494257459587023,-1.0376995829904738,0.5622892053865692,-2.7483281938199267,2.143050139210503,1.5727155694411965,4.864818739502387,0.7041673889497437,1.99564209139034,-3.594121039432476,0.3391506235328186,-1.14123987374727,1.284504138147181,1.4030212457052085,-1.277087607725504,0.3870016911767786,-1.5530998789751511,0.8343279556144183,-0.6406700342170646,-0.2223029888753493,-0.0130934502603403,1.64433176388987,-1.0395818323375692,-1.985736030014648,-0.6959533611940661,-0.1480706690391701,-0.3410068672951083,1.83176564700174,0.9160664839579656,-0.8101467484671677,0.7194992568599117,1.033823556025962,-1.3192546750153056,2.488902580356692,0.1973794197823228,1.7793079440977664,0.92975848310326,0.1353939191164362,-0.1982526354614247,0.8291248538663736,0.594475755725656,-0.7233633740782877,0.5844043520921597,0.9206630814998424,-0.0058322132067963,-0.6393354523802472,-1.1976696938361495,1.0174057815241386,0.5412729557615479,33
-5.27208873869267,16.916830558885877,6.400301769921441,-4.624603867662053,1.9173967821336575,-0.9224326325667132,-1.7188016864921316,-1.2444115895160697,0.9619798138251086,-1.962417859290736,2.4920406859154745,1.6229654398825222,3.875315356475877,1.4129056910233155,1.8461857684482883,-3.282740030802407,0.127584586795573,-0.8435874807290895,0.7167187608117533,1.1999610451466391,-1.731141367856151,0.3552137789841299,-0.8805430118424082,0.4454665476448422,-0.3731839565986155,0.0053295230831978,0.0554228147636929,1.6113152446976384,-0.4673732242040422,-1.569170700617959,-0.0872401815590714,0.1977107326547128,-0.4755196113445606,1.515876975769774,0.9528280443248636,-0.8550682688421669,0.924675142314102,0.5329281236269748,-0.8840526162150945,2.414602360838334,0.3971847815391059,1.6647798618305492,0.4602694830581235,-0.3145093106900319,-0.2441221538416504,0.4846718529767985,0.2401850495199285,-0.5403989790889581,0.4194504562757027,1.2548270505432724,-0.0804484224087401,-0.4188832580430235,-1.0477826079236343,0.816069997817971,0.5046088052931275,33
-7.541344822631534,15.296978313341665,-1.5505144825287025,-7.75040073517352,1.8408180063524224,-1.9187694602837608,-1.4827471390583904,-1.555141581624017,2.38558689795338,-0.426665582049336,3.2847112775019447,0.8724580989488337,3.142898761026481,1.6020807867034184,-0.2852798592317669,-0.9562706926247472,-0.339295350072705,0.0739426271602461,0.154155147611942,0.1942919007087727,-2.618554584005035,0.088001555537723,0.2950951978581045,-0.0062728490437187,-0.0483889327336213,0.0327748440577328,0.0213530511820371,1.1025017736626197,0.0388463211168916,-0.5916992566858047,0.6067162642282589,0.3484743586755546,-0.6904839119651464,-0.0352541812131326,1.4554753298741268,-0.2428149773812688,1.680390974270061,0.2829185477249147,0.4038845064818285,1.8086376869194716,0.6810976028574226,1.2428557769590236,-0.208805980806746,-0.6491135080160094,0.2422179447522105,0.2148591186579499,-0.2747196612657601,-0.117888583200164,0.5234847568006509,1.770360810222327,0.1832654146637661,-0.0164437086186818,-0.1277740055880378,0.7988804876206796,-0.630306612454162,33
-18.41532117293545,9.95498915290804,-8.020133908316234,-10.57020678712846,2.359476158870739,-2.1681402483197907,-1.4995099816877286,-2.2191615866627776,2.2560351561564067,1.6393250633185037,3.3965711378078525,0.6087632143166034,1.5043545443055466,0.4037413450775216,-1.78633134646813,1.2654199980625895,-0.0871989208349024,-0.1521355558982506,0.1595336047692877,-1.3152681703422135,-2.9580503078523384,-0.0889883250974732,1.5310525263101444,0.0690000122477666,-0.072690999874638,1.8319651924105524,-1.0126566645450243,1.8365808950480924,-0.4628303933790663,-0.282101914980224,0.6479377340848727,0.3704607659614021,-0.7919768322978098,-0.3829369342497706,0.2749432479705042,1.2726028279000443,1.076906887407871,-0.5047605640836794,0.012634229209628,0.5157471892577271,-0.1094154232798343,2.0229675473956883,-0.8162203713524475,0.119243792924264,-0.5495589789805466,0.2742814963960385,-1.6191102835028792,-0.2723219582741039,1.0589281858980888,1.7143014419443952,0.2202773587681692,0.3785037986953479,-0.1987628947105897,0.8646019881377867,-0.6943313135153463,33
-15.468507382970694,13.361580417317738,2.239838663087472,-7.714773765791345,1.3193999192784285,-0.7170966730753144,-1.1161447970397125,-1.3246006446228245,1.200723870082249,-0.9769076174658712,2.0897604902748523,1.0229402657717903,2.6754423888108803,1.6226479236663356,0.9358962222571924,-1.9497241579588287,0.0116598006896602,-0.4713509103748062,0.4404590078165021,0.3744931876183198,-1.843708684049029,0.0025512715992217,-0.3083101484042915,0.324312823213548,0.0533524017339822,0.043572516063869,-0.0156429445756126,1.2721911132184762,-0.0766701110116371,-1.096625506662943,0.7366102620726882,0.4541615794347332,-0.294814733486366,0.7803413179154065,0.7492635414161947,-0.7687073211251336,1.1269401003942534,-0.0092853179356922,-0.4213476389907457,1.622612741703445,0.3975134014716223,1.2775352789864285,-0.1789551780702094,-0.3554387613813479,-0.0495408089677268,0.0627411659116407,-0.0753217776617752,-0.3465811530880621,0.0345505657769983,1.3528522898250637,-0.0451431228834643,-0.3210820075075222,-0.7443719396515449,0.5312476981438162,0.1294458122613984,33
-10.835261049140476,25.156302050612283,6.771081422388609,-1.3010657370277283,-0.0340452314694967,1.5374384201333955,-0.8338387309071106,-1.923290528463167,2.4469334518986123,-3.0677969264511056,3.931091411918751,0.5213682402359008,4.174663124736427,0.978668188418484,1.7385687261142215,-4.044685479941792,0.8470556575639242,0.3730282381709189,0.663962446576923,-0.1158643715937415,-2.550611791802932,-0.490640884680422,0.1600666150919639,0.0318798582598346,-0.7410100605902853,0.0548127278607522,-0.5971977906923105,1.64978371159648,-1.6256180794327608,-1.6943878640857044,-1.1817090742764758,-0.0694073718700858,-0.4707161542538137,1.088677810848927,0.9591051257226212,-1.1053837216208204,0.3450031068615414,0.136593114907549,-0.1869711560148361,1.924740141235521,0.8882755734415708,1.4399431019380662,0.0762661044321493,-0.5594502530110473,-0.1207921815279346,0.4617220158710398,0.7052169978184855,0.1922214885606313,0.0432452730367734,1.2862075090422724,0.447965537741797,-1.0923586267700764,-1.046459348693038,0.4136795633302693,0.6059239951231987,33
-17.608649520053984,19.73939444298773,13.4140831472303,-0.3349830130220977,-1.9273803883598044,3.127066131213747,-1.0149358834530506,-0.3668328511371148,2.1605034182453773,-3.300451118081769,3.008445595699033,-0.9344247464298456,4.803080155029139,-0.1276982124407321,1.0218695024939053,-4.9558638647863935,1.5534496371475,1.0753912997583366,1.6321552703033593,0.0769795514130017,-1.746494579735748,-1.7056015805458662,-0.4522668014219344,1.3670474378658797,-1.6471137798279114,-0.1743214024159967,-0.9757713194525316,1.1001739832271926,-1.90206120602887,-2.921483137145969,-1.1861884792627253,-0.5723229034887924,0.1655646421478556,0.8009431551281939,0.9531166416118404,-0.403584196119526,-0.6974687247098903,-0.375158930978974,-0.2124867027469754,1.0865874714320258,0.6003123199812498,1.3630825750982565,1.2579532488270164,0.8079265489319813,0.3960622797246971,1.1417598655585568,0.4985029576127177,0.6724797561791782,0.3020060582042116,-0.2633291794472778,0.4396467981955701,-0.596441832731277,-0.9170777867282112,0.86097167731491,0.3366635902719497,33
-29.99672475501746,4.967451262215602,16.028637428332125,-3.227307801787666,-2.4642240836728075,4.121915524556661,-2.207664739764144,0.9922904749445476,-1.966910406140692,-0.3038829905016705,4.171741333402677,-0.488414831763343,1.9099027975147669,-1.940604887261646,-0.3468485240791728,-3.7800624425967775,-2.705844517556115,-0.0498970298975257,1.3148757060386156,-0.6657973562452908,1.3612394550369888,-1.4389440126299236,-0.8906496248204748,1.9323532492890003,-1.5530908635233858,-0.6241094047748721,-0.0528453534374768,1.0923513526331166,-0.0590492574265429,-1.0764512950722915,-1.313891874441676,-0.9395599182489311,0.5074699520923223,-0.3736810827700371,1.620160194511684,-0.6055836628051231,1.0409629106362486,-0.4794381691307911,-0.0523148718777023,0.8089041033202088,-0.8678042274397727,1.4729739125196406,0.3472285324780938,1.7624619584082304,0.1643322644389638,1.961191097744844,-0.0554224055411784,0.9414705047596746,0.4210449297898768,-1.2499627594288043,0.4925975798785233,0.671759467059418,-0.3717329239336692,2.444602007608576,1.6217037358791273,33
-15.77523353963472,21.37109950387524,-4.691914551135346,-6.63863749839826,2.3384041602560446,-1.410882890614485,-1.1524583521611238,-2.7235330134408238,1.6746298632340133,0.682730023902454,4.588110978010964,0.4274402421051461,1.7026655691102828,0.3401486163572908,0.0409212829064697,-0.1942127519364247,-0.1656696938743145,0.1000335729282615,-0.1771894435204139,-1.5410958727963713,-2.0395587673407323,0.0999633442196051,2.127280345782396,-0.3800224504593001,-0.6222431443574409,0.7399391718867941,-1.0380575565862524,2.0833298675029126,-0.3346749816861117,-0.9921531758553797,0.3186170559461944,0.5189000307351681,-1.4987929714778223,-0.1088156351202768,0.6227388089058833,0.1627123858819935,1.2930787533597985,-0.2347472685710308,-0.2161660971786209,0.7705396861671978,0.4492102040110014,1.3563858450539483,-1.117152665814288,0.0840599008568415,-0.7649989617215173,0.110146445419701,-0.8916558341171833,0.1478136019884024,0.7909727142165243,1.7162002531218787,0.4178188689776881,0.0589187748670114,-0.3077752711999034,1.082577358068034,-0.3381866790807275,33
-20.53758379430521,23.75098774698053,-0.0038550881907098,-2.843956382127119,0.5452413027919345,0.7191856350059509,-0.8219123366053703,-2.1290857200139164,1.3373402525189022,-1.140938690897464,3.438743002001196,0.122654047379391,1.7764756682188552,-0.2391838072600095,1.457294788501336,-2.1452232100887607,0.4476103983621368,0.667033722829088,-0.0955753540278532,-1.287809382449554,-1.9296856220527512,-0.4275361328555112,1.2817125337441369,-0.2113399183225594,-0.5920321459295355,0.0938342614288332,-0.7925723127608988,1.68074043544095,-0.7429765898644248,-1.0336656100006791,-0.1237862371817753,0.4981032709539276,-1.2224059962426814,0.0092223905830143,0.6262264872570874,-0.878658856732466,0.751151149190491,-0.0150539679387645,-0.2238989355310531,0.6815902232655175,0.6397513591084387,0.8326140323188936,-0.5724075819626296,0.2842171162682179,-0.5805424824386056,-0.1937065829072322,-0.1895467415731642,0.337186319061325,0.4336000216487566,1.4595556411094497,0.7477069613663128,0.0643387124102257,-1.0104152213794069,1.089017167919309,0.3679075542050161,33
-28.292876136116423,15.04710442595796,-7.616108215493138,-8.807406449491776,2.3135495819945118,-4.025558362715007,-0.8588152355888439,-3.7474839924830174,0.9747052350164936,1.119471027150726,2.2269161054730997,-0.8906671146162319,-1.2547434437408027,-0.8903342676960645,-0.736738262509507,0.3114198925077439,-0.9907069070029344,0.7090644019774702,1.5857931440143562,-0.4398643709752311,-2.6704718181914884,-0.4286884769828877,1.6833320851462563,-1.3770874129573027,0.6704820341568377,0.9378827244513758,-0.3003638284402577,1.2488307362626738,-0.8937301571157796,-0.4161102900577992,0.6615658606850153,0.4616065796058491,-0.6193934098417674,-0.4724171140167351,0.5116825932213558,1.101490957633686,1.2711056074512443,-0.1949697854402896,-0.331414268041045,0.1225912198902505,0.3130221933345699,0.7638657540771604,-1.510185027528945,-0.0299263237111611,-1.6521298702831682,-0.138971617877774,-1.6447551983423891,-0.2731266223673665,0.2081834253819127,1.247852126383701,0.1615928067983079,1.1706184315707997,-0.7550031758658008,0.6990371764733677,-0.5578172941985371,33
-21.650879062292294,26.219894235767526,5.590865947676936,2.4900974915558853,-0.6065118061726006,3.3121628575860336,-2.13239799156363,0.1923259745538891,1.345773518884461,-2.208770192640788,3.977550750861645,0.7792536674127536,1.9068561460889024,-1.4491488807121584,1.7900395317320037,-4.229525302952565,0.6467420492169127,0.6273611123643815,0.3851578281271458,-0.756772242882153,-2.0726023041061543,-0.4597388915924326,0.5528045266539809,-0.210835932511778,-1.533005196968274,-1.037753203857096,-0.9389302378454064,1.3977045892077526,-0.85347872275254,-1.927857440441526,-0.941777968670328,0.0744203580791693,-0.7068029936034169,-0.4670481353183182,1.430603075420652,-0.7426252692430272,-0.1158578588325868,-0.5468388195848556,-0.3212115983265903,1.152821470057367,0.7878039905998571,0.5419024262054437,0.8047465217861726,0.833327121057729,-0.8640672703439292,0.3853376606777692,0.5059071087793799,0.3119289111694669,-0.5143932938087672,-0.3790578079500936,0.6378701860770584,-0.0305526897578222,-0.6726107096638083,1.7547924895661866,0.638005140331245,33
-24.56676912747336,23.540769031601062,-5.744015600517242,-2.6155468560730624,1.621651903460805,-3.2955994859791136,-0.4392383072205719,-2.491134162886464,0.9509478167804302,0.8379842432385434,3.2387909369758474,-0.183968644289197,-0.5413617551770142,-1.9829418118112956,0.7570295141743554,-1.2040995201252471,-0.4951034502114437,0.867985264380705,0.628579896491046,-0.3156113219940926,-2.737030869256246,-0.5293860958661298,1.5664549258904734,-0.915536520560412,0.2087903136073043,0.4266643106299341,-0.1840289419447035,1.2364854312338542,-0.3310014870228316,-0.5530644659013783,0.7049580006083013,0.8659051787552569,-0.5527503053549934,-0.2678688917384559,0.3162295522113684,-0.1983164000438918,0.3071790841635683,-0.3389052134586144,-0.2474685556574838,0.4198341822352259,0.219607888587893,0.2384735557200777,-1.1852260941192068,0.765096395618213,-1.2404446297417104,-0.3710323281397574,-0.7676789487251707,0.0893210082995114,0.1154375134429244,1.381539860605688,0.3705507826496801,1.0397596474064212,-0.9867591817938272,1.1783424931070432,0.1336124727613798,33
-24.08046049314835,28.360631581288864,-1.823970203270031,4.321223186151809,0.1109625014449678,-1.813997184693858,-1.3981804354138507,0.8857145488268012,1.1562843645968732,-0.3519079979740134,3.79284103572296,0.7786709205802083,-0.447513802146456,-2.8885027811645174,1.6881110587645645,-3.1062545823253704,0.6384245877863913,0.98487218587185,-0.7796769886975824,0.2204461247603683,-2.2762230133903434,-0.6556517514394054,1.1155734942848985,-0.9134028661469596,-0.8231834078429086,-0.5582105488881676,-0.4840820418391306,0.5774427150224964,-0.1610927975259064,-0.6210827836737608,-0.1837149924741875,0.459798610411833,-0.5815415513533402,0.0504780955731623,0.5580463966500452,-1.0829533132028328,-0.1694754722214672,-0.4897121818670663,0.4488195956000705,0.7054749921791447,0.4756181613617826,-0.3794889304856307,-0.5585730326170495,1.325495942429208,-0.9925375747470476,-0.3371956786584277,0.8074161466971855,0.3392320216094928,-0.6674574498444866,0.6751598831638176,0.8011747307275274,0.5907332960584663,-0.5364945275303357,1.4224640919921865,0.1924000709982508,33
-30.85602155413791,15.421950196478424,10.816503090013232,1.3702309976598643,-3.498750965326737,5.699285541703708,-2.664507654788825,3.391658911687452,0.7118567956774298,-1.2395652440105227,4.677408639938733,1.576103654156277,1.3475539426225736,-1.7955352352375376,0.1716720501646284,-4.26360427259557,0.1285001722858287,-0.191001316582332,0.3424406096063738,-0.1064143859820441,-0.4345408102093197,-2.141961610963333,-0.0110295045415485,-0.0574596578150021,-1.849208522973205,-1.426138285337998,-1.015697436804071,0.4744002944241061,-0.6007816282781371,-0.9353760063894108,-0.8338221127013896,-1.035010230095399,-0.1286932251045459,-1.3303072257045154,2.869443045750552,-0.9342263145134748,0.0094440821972373,-1.1756817626366125,-0.3453540076707886,1.1768203845396443,0.2661225855544603,1.1608351808940265,0.708856277612299,1.574545974695297,0.6132526512723399,1.2967776739611436,0.3346458329209206,0.8821861542009173,-0.6415365466448971,-1.1642477326935423,0.3665300248740059,-0.1216652394265987,0.1132440740775069,2.220527453370059,0.6399462900190123,33
-32.06252108669539,15.713212166720126,-8.205132520477521,-5.38541571406423,1.7812920721044585,-6.465132241306027,-0.0126345020286249,-2.707007357565961,0.8493837468603834,1.8267180548792208,1.5372610237858508,-0.6674978486375602,-1.6336247539337807,-2.398058748533741,-0.5907580258462332,-0.8653610316733775,-0.4896411057880145,0.7534960661398135,0.4001138855859629,-0.1484843631510798,-2.5529493972178594,-0.5990296862703003,1.73033244103986,-1.1322915285967463,0.8429286501475519,0.893148245228112,0.3953861436311343,1.1946663822400283,-0.2314516110790932,0.1733303940572063,0.9061084874904884,0.6422936164243125,-0.1879380759759937,-0.488638665188896,0.1171728194168612,-0.3471922323458379,0.1400384472351196,-0.3161406756942559,-0.1032443407984624,0.4093067062325621,0.6228149410701913,0.2590421894236117,-1.0667808117324469,0.4448295759150186,-0.7724542182953817,-0.4191593872718165,-0.7337705453955251,0.017559339920696,0.0779248654546532,1.3897289086784943,0.5318721413873414,1.023943537564858,-1.132465570284411,1.2773749167149242,0.1022039987421587,33
-31.89860795312812,19.02015410980964,4.763405232756693,4.274765763951202,-2.3570811999319905,1.627314790714154,-2.2217374215190664,5.66162498582972,2.097018526061445,-1.1981247506655808,3.502559997569724,1.4438077954695514,0.0781339422575892,-2.0908744513177115,0.6735958149976913,-3.566315234876956,1.476062955297197,0.413310946527496,-1.4956802546599863,0.8459996186474396,-0.5120358832821194,-1.7200102348087487,0.9039273917089516,-1.0940477448432115,-1.981903193073088,-1.2902276235717,-0.7745516052552212,-0.9251557444535056,-0.5077188257482375,-0.5493342964199184,0.064614496364937,-0.8393807331781438,-0.6401506244289977,-0.9937540941444284,1.1930658298682175,-0.835431572416979,-1.113384874649984,-0.3022146989686511,0.4248425144290329,-0.2034987634587068,0.6954324920702207,0.0326581232445164,0.0035375263753337,1.4092099585531612,0.2827582355856942,-0.2679081144537039,1.1884544156186532,0.7725183201131061,-1.4897821883232265,0.0517613001308951,1.2474568803752506,-0.9991070177236304,0.2492034486533752,1.193689060946891,0.3141934024566846,33
-32.79925252339585,18.21022875669505,-6.6506101928173935,-0.3520255568076467,1.1996451521331482,-6.763741897256453,-0.3125476215282242,0.190525121938782,1.0951781197648525,1.3869816752885815,1.705439089064842,-0.5287483492539901,-1.0222050440965995,-3.1184663912056885,0.0915916615174208,-2.6301056279483515,0.6381499806186108,1.035091218964494,-0.8323860137439335,0.093510319782082,-1.8617496294860687,-0.9387556563077633,1.3750419970118417,-1.151637044883448,-0.1061973630376663,0.6321159558257706,0.4220686338586928,0.4492110614450645,0.1546700071675364,0.5607503851319643,1.2125823210594422,0.5262313325666876,0.0683269882766833,-0.5175275090052759,0.1313555584335212,-1.3939869683472343,-0.2527054653857359,0.0407388272984641,0.2152504421573063,0.6372523735514958,0.6361132843095277,-0.3606303870372973,-0.7814393054234224,1.1530826567638393,-0.4825013863777146,-0.5273187066131703,0.866894752054938,-0.1592436054195195,-0.4558780688396859,1.0407322935233387,0.8247700138672756,0.4888741038747958,-0.8590387204367297,0.9000046310608623,0.4363091443266236,33
-48.1454725548726,-8.269691858003709,3.0930340145921704,-14.988778303183349,-1.076759796246234,0.8765806034308254,0.9090907379918648,-0.3752365383508093,0.4660626748896069,-0.6531018994098464,-2.727994972377366,-1.2543143374289316,0.6310472421246832,0.5964449913511984,-0.2680787816909097,0.3157832277662528,1.3189137812951706,-0.466912296763641,1.1206453135274412,-0.7444453302882079,-0.2853469856183816,-0.9305541788199544,-0.5312298555953178,0.9813290083908572,0.3313151919761627,-0.1427588113106811,-0.2017982268534663,-0.0055165376157354,0.2577276716845406,-0.4770953887230078,1.7569817750247303,0.4273886013785957,0.9702057952405888,0.2414895783584993,-0.2669701038803783,-0.7607307261167195,-0.051199051018362,-0.2073989347133907,-0.058240853163554,-0.5492881963968349,0.5104737675634534,0.5909354560765131,-0.365857487613676,-0.0314980791892045,0.314484497469399,-0.2819733722711239,-0.0804781965053765,-0.1795190846546457,-0.5628600516880173,0.3629165509701081,-0.4993489448097931,-0.0017902068905884,-0.4624358379734774,0.2540662310541509,0.1798654767973959,33
-39.77396845121172,8.29078506948661,3.1498510708794543,0.2999208249665911,-0.5127169688325254,-0.6738545349379905,-1.9794824093869388,8.690087048720237,3.3624314351517404,1.7130737599557042,2.452432275943988,1.3628951103101306,-0.8442451433397374,-1.490910282705284,1.30856685211034,-3.048781927375213,0.0719520127230625,-1.1806420019781598,-2.5685255572894445,2.786257321581922,1.0537599331064689,-3.314939107672424,-0.0999009038566325,-2.7010518631299494,-1.4520607902087312,-1.7543106820151615,0.4840336980335543,-1.4419655688421154,-2.156143222540449,0.3798794400150293,-0.3876294332099146,-0.132936397665134,-1.0099898315783926,-1.2313721197018506,-0.1159589299658502,-1.843186808992234,-1.146594826234207,-0.8260955648950149,1.0209889686734284,-1.696276157909677,0.7056292204273018,-1.6009742724268845,-0.90317226817119,0.9317518950957115,-0.5680101131764985,1.3447685166914214,-0.4583644631569642,0.1760146328563726,-0.9446745494278884,0.9683863730247152,1.31959039767406,-2.4080716699612617,-0.265239793658986,-0.1824975965464015,0.899924842454179,33
-41.62588748093312,1.3791697510477647,7.14466463251376,-5.2454980031199385,-2.334316474753985,2.817703767185652,-1.4875194742357518,5.430095079038855,1.85576713743554,0.9339272552485994,2.663850322998716,0.7552420739786861,-1.22242351964073,-0.858480715237587,0.8200247093066217,-2.2530678211332207,0.5056987286530433,-1.2472517881988556,-1.283462108187125,2.340142857117243,1.1221794952780022,-3.622267036114194,-0.8778830092451109,-1.1938257973289834,-0.5161803869714525,-2.4143283113265714,-0.0022615058367327,-1.1186662914523902,-1.5487826441153756,0.8414247288997977,-0.7910532727457779,0.4226063932075029,0.5866572686874727,-1.3716347638962048,0.6733533909847621,-1.350744456924224,0.1409897139269471,-2.030394748620942,-0.8151502734717128,-1.2982744053683704,0.9384961487459416,-0.8221490244027494,-0.8119731229919677,-0.2897412889962851,-0.2197161493247409,2.4432913679968853,-1.12658547219953,0.4010188504796894,-0.4577054170193692,0.0366580140501296,0.9781273927984556,-1.6645108903590895,-0.7818265677491816,0.5021377748628756,1.3578166795918862,33
-42.74534280822142,-4.269067875731614,7.70279529105103,-9.432582507689691,-2.2894709536511635,2.6890727878973606,-0.4709364478900567,1.849744962237193,0.7688055837470883,0.6710034330342961,2.9780597461506915,0.2466514081180433,-0.5733626569364306,-0.9523608724208176,0.1429367740464951,-1.748489021967177,-0.3984537779128758,-1.6405360422119115,-0.0632607973712264,1.6835690434106427,1.519828674961968,-2.537964648734311,-0.9250572231302762,0.3612292070299409,0.4985156816738086,-1.511883342419606,-0.2114392959945707,-0.8241362046960463,-0.4352816389821897,1.8402247214155745,-0.8126465128545871,0.6185841932355779,0.5986038634119065,-0.5403704949797455,0.2773961947687487,-1.090130543286924,0.8497041840860103,-2.3426797457583266,-0.9002595793196965,-0.8201707012492045,1.693212048638797,-0.188001268683653,-0.8976685467424977,0.8273007732723654,0.1248680192172594,2.821419584903313,-1.6290108758640574,0.150060140766535,-0.5073885716785304,-0.4090120714725807,-0.0054645386596448,-0.0435416661417223,-0.6563831371078052,0.7339513762231422,1.1726332871100134,33
-41.50060939379824,5.816878312819675,-5.633304560202958,-4.165790032423893,2.5974675773262006,-8.927963171696867,-0.2579690933672675,2.3920403077506704,2.509943501137555,2.6274737372014254,0.123613689632392,-1.901378194553746,0.6599781437659961,-1.584458533347873,0.176202288718985,-4.882767711587776,-0.3903615994278705,-0.1203613326799365,-1.1793462609983016,0.6577058252648237,-1.501617683667771,-1.1892956701482822,0.6948761584002686,-1.4356496653699595,-0.7079959098435188,0.6695842728524745,0.4924302150611304,0.447237770728223,-0.1376157308741154,0.9409182909832708,1.381081670383407,0.930966237740202,0.1941929363589603,-2.1246700836997485,0.5099476513196773,-1.9543709391295845,-1.055372889962517,0.5421160950509875,-0.3197964334428967,0.0991784526288114,0.5860476669537968,-0.5539397902617897,-1.3192911696567031,0.977816786170177,-0.5654527509453681,0.2646297174995599,0.849153146567042,-1.0823479721628615,-0.4564002874853384,1.1971637870220495,0.4775910235120765,-0.0830910308035672,-0.3595716850715357,0.821084122412919,0.7594692482286834,33
-44.14311495822203,-1.0073705397637434,-0.068258730815614,-7.077422500089491,1.1998502143499032,-4.035116614359411,-0.4370272649262713,4.236088228546189,2.6062696672357357,2.5058138853671426,-0.6894115440997641,-1.0751047584815483,0.6115887500496591,-1.0650106676660138,0.957650625792121,-3.5277730148476514,-0.0694586493116341,-1.1646515929546952,-1.787090860236459,0.9024676703022056,-0.8678144455442123,-2.3382344291498143,-0.2246454167173062,-1.4249750638474548,-0.6254968964157832,-0.0171438075182072,0.1480805204614887,-0.0591142530347313,-1.2468084947738434,0.4495073638677239,0.4848985328801098,0.102480321455278,-0.4514264000394247,-1.5286496320085334,-0.34024042633565,-1.696639364499359,-0.2988308724903256,-0.5194294610912145,0.0340776692248024,-1.1113204443186313,0.8260565204852847,-1.1189090534268675,-1.0384932674639014,-0.0248302411194893,-1.1940731235815862,0.6845871719574583,0.0608760572523786,-0.9920252520235168,-0.8471792058565911,1.0164033455629995,0.7371581563858196,-1.1703924719631884,-0.9249659742229444,0.140699607317187,0.4157832648810148,33
-44.24742555492407,-7.80440793018424,2.954137697766852,-12.239193993688671,-0.3140297343291331,0.3665585639331327,0.2568061877479871,1.4854003003798255,1.3153434228933298,0.3450214181187756,-2.1005151838032567,-0.5574658665377568,0.9991506716936374,-0.2297718858254004,1.0017978958035545,0.2001350574383333,0.3208937364685191,-1.581637080645094,0.0401399312727654,0.4214292960738252,-0.5548306206379293,-1.5253441009399151,-0.967444192266212,0.0930614725815209,0.0749805781574333,0.1908964640643002,-0.5297159488446614,0.4037370159864428,-1.0298514821429767,-0.5405387968303026,0.6212971115356379,-0.2529576039687348,0.7324094578164787,-0.0241471275890075,-0.5477694499007207,-1.3686427811685116,0.3846155113755466,-0.6817519395673831,0.4117616497186265,-1.4356169925317273,0.796411443440325,-0.032766237993973,-0.0286394325278708,0.2226406686302362,-1.1488975008766569,0.0469741603170673,0.1701409452625948,0.1028981814176083,-1.6274882044593773,0.7055013326810708,0.2122001068169121,-0.0078571375230859,-0.956800669069136,0.8643964090675206,0.4590737384907271,33
-7.292813431550567,0.4987274730901283,6.5482393869860775,-7.059355434876919,0.4746438405082184,-2.0032974362469007,-0.3075428400728616,-0.6226358754892575,1.7353040005655596,-3.095757279363592,1.3941051061856289,-0.2158050225894979,4.2825315039839404,1.8495424315743292,1.0813603742253832,-0.4650151749170538,0.4027954139781278,-0.2439216013672779,-0.2137425110402921,0.4979463268137329,-1.0130426237819448,-0.5541841317838081,-0.9146102310439904,1.121291352278602,-0.0094558114335056,-0.4496262155236935,0.1625724339270176,0.7658915105572205,-1.336834190471938,-0.5641180152198827,0.1070251197358175,0.347338399798197,0.2708732766467409,0.9682983613861608,0.8190998697279717,0.052621494210818,0.4459360390316721,1.561768066005965,-0.2316636229427645,1.1114458255743702,0.4467600619945082,1.6350620200200356,0.5070257368521196,0.3124300668751451,-0.2043280471829227,0.3208584544425062,0.2767987681253558,-0.1621382793502037,0.7394286333607701,0.6414303763281848,-0.4759217120414366,-0.3537366667133634,-0.7972234217916877,1.4822760170552824,-0.4276088666146673,33
8.811509782801942,1.7042766651505568,-0.4872376930695063,-6.445772946510085,1.8066296624311051,-2.8697778147808752,-1.2128515125960886,-0.8525245678464631,2.944434365267496,-1.845209977307804,3.087901930506053,1.1136344153030628,4.773320680821829,2.2202222870663584,-0.1506455538479207,0.8027592715182257,-0.5991150726600614,0.1317786963362224,-1.1805074880812263,0.7496899696701605,-2.0502100885153105,-0.0121665885618477,-0.2121111671573121,0.9319986895676258,-0.0725372470642344,-0.3950567136741982,0.2193468281380381,1.890346879006226,-1.051598816218581,0.2948081655194701,-0.0214880759367218,0.4624190250109041,-0.3102742232977029,0.4420934660287537,1.5746872041862416,1.221073555792755,0.6407715618733325,2.031169821450608,0.1390388493806634,1.7758546771532926,0.4283296261816822,2.340590575406976,0.605765835645242,0.4441060755456364,-0.4155621423923989,0.658714572010133,-0.0897739791674719,-0.0395762999353255,1.5043331183938164,1.1121431897768517,-0.4651438493284187,-0.1943752864902909,-0.4630540462123363,1.7054072350985037,-0.8813810038223286,33
7.273418639409037,-1.356482164122949,3.7106319307757984,-5.827680614317698,1.3736727850639765,-2.7219567658412727,-0.6186032823175645,-0.6129693491844883,2.46951457274416,-2.9579550270561894,2.354420340329735,0.5222771573426401,5.19262257571897,2.351058526510047,0.5867600934504227,0.5130083964338552,-0.4088520548453059,0.1069600149928426,-0.8467812914771351,0.8135743805078297,-1.4446862674190408,-0.1768548020897535,-0.6998942736256241,1.3007736115090245,0.0122636267135075,-0.8712242408586283,0.272118772791473,1.5379302330755606,-1.463974146625859,-0.024466361499394,-0.1387516244120478,0.5878305926702425,0.0581408727273075,0.8051708592958654,1.3698615699746737,1.0317359400903603,0.5328092208677264,2.2750849334828995,-0.0030190130257974,1.5256894667153176,0.5103920734140821,2.290079874463854,0.8552861632243265,0.4734391622619692,-0.3630669341704365,0.7005433688972419,0.151717649848815,-0.1215855464574001,1.3682116399209503,0.7902851464105833,-0.6521848857551388,-0.2348595609612614,-0.6433456585226182,1.7589210001976388,-0.8391543331140096,33
1.5116010378820168,-3.0498055941611386,-3.9907779140689423,-8.801547643827778,2.4007275132713315,-2.091659935396194,-1.969597145948229,-0.779569845501708,0.860676819556389,-1.2768586592147952,1.573412713511309,1.7551316818271725,3.848340744980208,2.8891479964179125,-0.974010908089142,1.1369496825926229,-0.7477125645911641,0.1554791422952293,-0.7620208564523625,0.8004046639733176,-1.7842317578180096,-0.2664250776297044,-0.3117303573879491,0.880541880779197,0.3946025749265868,-0.3365877897087254,-0.3598236870184438,2.06063238689772,-1.050288204970941,0.4624722983475536,0.902791507822722,1.1538803864064908,0.2509963997611573,0.1453112375757599,0.987729093340098,1.735627977716529,0.9586660482495168,1.4171503634155864,-0.8890937070477997,1.960037938282801,0.0871202977170428,2.26414610204636,0.3555581767341741,0.7949751527052628,-1.178120335927999,0.4974809039607054,-0.3833116657491049,-0.5151478296265273,1.1348867892093089,1.211289328953143,-0.0846807559862205,0.2458886695107612,-0.657397949695175,1.4601332623811436,-0.9591338142997048,33
4.159568484321287,-2.689679612915514,11.360974886197862,-3.731869813937163,2.6377057699766686,-2.2383943021861152,-1.4688858472205042,-0.1488287459598267,-0.8119559075469897,-3.74606913712509,0.4486148916020885,1.6521658550102278,5.629041357077057,0.9244149738077924,1.878689407016099,-1.7148498755208108,-0.0100619111462732,-1.60934203637233,0.4681957994369404,1.564925956757089,0.1633962996455243,0.5277736510891405,-2.5744618609702834,1.8944179426437,0.1809539716734872,-1.1032793563377108,0.041704971364877,1.9718086914497757,-2.065263031059484,-1.540893170720131,0.112482831688341,0.6446632588537732,0.65453078190489,1.8621310824041732,0.0593730208415162,0.9017558412635734,0.9178662340370742,2.337189907866573,-1.703734153363301,1.9909155655756283,0.0640407229497207,2.428185280691987,1.3806753042289883,1.1607905009199002,-0.8082645585728087,0.841309448329403,-0.0180096524492313,-1.7051465109976258,0.9222454330662926,0.5249496978682021,-0.6344896985001467,-0.8444849641880462,-1.620486044685417,2.0453825178208875,-0.0316103093137839,33
9.299395665141349,-7.514503187923187,7.548184138401854,-4.440563865166164,2.938319043596318,-2.5062780085837955,-1.5295074865043308,-0.1191267061581057,-0.6471191758728856,-3.6627142421933065,0.4287104428818973,1.84614371566004,5.83453670408312,2.0733563853989936,1.3840745480190428,-0.4092893581673887,-0.2447558040908705,-0.8520349004406887,-0.1971351175097471,1.7260626123287566,-0.1189993043572441,0.2480259080037527,-1.9973352152568349,1.993262960590349,0.4026312327615222,-1.3457682712053962,-0.1282225770991634,2.0821286085128827,-2.28938345934469,-0.8206740833996293,0.3876479697559284,1.0492178652412476,0.9873978911804752,1.473163469253594,0.2582270635886038,1.6639364143913844,0.8492882014768781,2.5551885955924583,-1.555794056991515,1.970320136543531,0.1515655295296742,2.9216388678845724,1.1612137211916886,1.2901548962085454,-1.065865423827987,0.9709330258361296,-0.1457312631488837,-1.3573601190776086,1.0401913344201972,0.5254293026984894,-0.7062000253849852,-0.425689091106891,-1.4669527697069615,2.13147282742048,-0.5274532309967195,33
4.5509225325825735,-5.685299029107654,-0.4496381411337381,-7.648280197723603,2.581526861286818,-2.1381221985707617,-1.485570322130445,-0.5795851785187434,0.5442111317686011,-2.076582636186936,1.0166659778096907,1.8034341147416224,4.517378729862962,2.8435886149316065,-0.3099803676129997,0.9154409871578014,-0.6565829040420266,0.0922392460911554,-0.6265960030692328,1.043272285711959,-1.2626039436716416,-0.0695667276178199,-0.8260689009264217,1.25934590936303,0.3480063709843508,-0.8854846158144304,-0.2502533838938848,2.10077227148504,-1.364045159121644,0.200438920546675,0.7873011206507737,1.3392534692992937,0.4749101003659443,0.58995173567052,0.90882839013147,1.6454244889194307,0.9514360034610648,1.9212679036399785,-1.0485666697353957,1.8857014282143805,0.2187723393265029,2.3896857167215804,0.6978241007913631,0.9239645075316084,-0.9995614889038172,0.767441572778738,-0.0912926328552422,-0.6470862298980955,1.1389338800648223,0.7681517376608543,-0.3545405639840502,0.0103103890776087,-0.8693220382388877,1.6416307892858004,-0.8932739717011746,33
-8.841258402059598,-10.888941335941016,-8.694127461375336,-11.11393130075102,1.8172929926804584,-0.9480321894465088,-2.5747318932209,0.2533383175074747,2.028530352923603,0.4068095855960519,2.2760388305651738,0.8654423012305728,2.3508302238963337,1.6526249941842497,-2.622454409237403,3.367724868906637,-0.2453004822985968,0.2050224328343509,-0.389307826967104,-0.3554006180390093,-2.344257945478262,-1.367937856449505,0.9181144853003104,0.906004224977948,0.5618791028938799,0.4096210267067454,-0.7106850928585247,2.374631525404113,-0.4192183303219805,1.4084108792067396,1.559103338873114,0.9225086412899136,0.4465109370163437,-0.7896005248497977,0.4381535038101991,2.2045340428787674,-0.2137117529413057,0.922224892085457,-0.7962896006800642,1.6196830035702203,-0.6780942027642549,2.379982560567024,0.1149191187043075,0.41191197717337,-1.0174636265734054,-0.3454250064207259,-1.2872878859829808,-0.8751747700774147,0.8664487305992116,1.118987493521674,-0.3437204957130638,0.7769340760443674,-0.1337988049739246,1.3684680043546251,-1.4123145717158474,33
6.012281963605743,-11.119911265293554,3.267091002602861,-6.644735143007639,2.633098043693769,-2.3065329032144337,-1.1611202474639226,-0.1700029974185249,-0.1101150393476367,-2.9292656420305097,0.156202339881508,1.8174258021642444,5.194978700122117,2.6567946131439992,0.4911605840937781,0.8163622797973142,-0.2576928339857632,-0.2663371972083813,-0.5403345615988203,1.3583189120343668,-0.6085217165011362,-0.2040177095030198,-1.3760641210547195,1.7964457347442633,0.4399870751281924,-1.4417315407926583,-0.378701490330546,2.1224057314053124,-1.888606943990675,-0.1266265696927707,0.7560643335621116,1.3789005415241735,0.9302452788414826,0.9878839972476786,0.4031259493604619,1.841647636599208,0.7033080746697356,2.3886546771359995,-1.3198975812421634,1.6014812788007535,0.260923989741613,2.8839012102024024,0.9000120917124549,1.156793520395351,-0.9062677035072592,0.9665217922477553,-0.0701876859359047,-0.9739421667454252,1.0164253710416644,0.4160483870836912,-0.7632372635488532,-0.027571099304894,-1.2934673561734484,1.8888215159638695,-0.9545698190835068,33
1.2388696198393931,-18.767340847729223,9.645783533218326,-4.869771173836469,1.1679205794506078,-3.9217521683162553,0.2408625629565968,0.5399951028708867,0.5494378146762416,-4.386265377519004,-0.5130533956807014,-0.4158399473785546,6.415497087281961,0.9254507630765,0.9154583615528163,1.145450622213014,0.1520867558315664,-0.5698965075770196,0.0035364323708671,1.1781903771341724,-0.8514380060988208,-1.3677543001820045,-1.8870439785378696,1.654296231131593,0.6805108456790181,-1.6456933122589774,-0.089877994520607,1.2730539706819624,-1.8258977414000608,-1.1711150297490007,-0.5070041781052217,1.0640636865405315,1.5634101390518194,0.752296848789183,-0.1947790878047213,1.3994943436513367,-0.1465842211087059,2.8284094813412213,-0.5740642900369257,1.2273288059572625,0.8810379265127659,3.09973337264865,1.1383040470214862,0.9433715122391793,-0.7650332967578093,0.8532112751428426,0.5156902931821984,-0.9176082543816184,0.6277334020857553,0.5051825803198763,-1.610678619914076,0.3109351637498722,-1.5878802408878594,2.096366897247289,-1.0148774517484993,33
-9.149226367694586,-15.386852913031536,15.497142959292646,-3.613660328494424,0.1907840933264495,-3.9109579437082327,1.1202281270446246,0.5183662943174365,-0.8295455230630271,-3.850835075896068,-0.1872453360515485,-1.923164648323025,5.780012900731673,-1.726854179534446,-0.0561346457034822,-0.4259691846284635,-0.4215204553535919,-1.4119777945797176,1.156077591179998,-0.4912138730612354,-0.7536617051722921,-1.7119862003677446,-3.413395335184508,2.020329551792976,0.2489699800065404,-0.4785498831489564,-0.0478846804708234,0.2713175182270211,-1.1762454105305558,-2.8616849804676185,-1.5162854779306658,0.3455313171558148,0.6420439200004275,2.156595587167579,-0.3431646758911837,0.99363207344,-0.4622710105826249,2.222680017065937,-2.3865237061077487,1.7867670784411998,0.7795963238650306,1.902473731978534,0.7182216562934363,0.5507493725998137,-0.9463120479383992,-0.3649341760683359,0.5591021099014563,-1.035192717431365,0.0365639665973996,0.5949466238756916,-1.3944034726194463,-0.0401143737170141,-1.3295130153799315,2.2095279939638712,0.0192714077355618,33
-32.75305003850647,-11.673097318809711,14.678916772843344,-6.813485724003837,-2.442156427337638,-3.084593349693858,0.1663989278995043,-0.2061781046116468,-5.382887486334211,0.2663290339816763,2.4025426371588443,-1.685588429948486,1.7072343164394013,-3.054705282132792,-2.289690725270752,-1.666524799953046,-4.839370267734833,-0.5256219147378746,0.0838821121026889,-1.1969496445932466,2.19458023110068,0.5452712920951874,-1.5108802586298644,1.7120241209799107,0.2708687450587727,-0.1881644227476352,-0.8551516892129707,0.6912300419781732,0.8168838474461464,-0.9137275874379902,-1.101554548694181,-0.4800972298355075,0.7909613624024776,1.4126602708983216,-0.0776417162691957,-1.3881024192441676,-1.567350799014115,0.5140818731834994,-1.865590779281685,-0.3993169340517568,-0.4016479457305784,0.1139901976009615,-0.5747157864972633,0.7386200099157371,-0.2327523515018083,0.3951169467482172,0.1516230772376202,0.6569563883178413,0.5512216682163091,-0.4940476890025916,-0.478015738624169,0.6141014880398439,-0.2209333805271667,1.0435431123887036,0.1608433876521286,33
1.624829578958457,-20.992893049588776,-4.053368495348653,-8.46923407192923,2.155752164169832,-2.0210416662811093,-1.5449706511620391,1.3166909177621058,1.865662211353812,-1.4269339164023371,1.733403594857821,1.543638729588466,3.810977511784156,2.0006767076038137,-1.6116275274117515,4.382878543067088,-0.1786913137252108,0.5727157607725715,-1.2175936813064014,0.1371553236326906,-1.5318674396251684,-1.3359401722676405,-0.4381650439709407,1.3628162311467502,0.7706710652841994,-1.4858448869560088,0.1218318177181576,2.240395993592128,-1.079987602900981,1.1658195781889371,1.0116172987317695,0.8406827030891453,1.5255641942643727,-0.1141347200031412,0.3691287565748399,2.4078309405434037,-0.5123001099350374,2.714983920725759,-0.3372883172937018,1.024051977779951,-0.0540732107825734,2.624528221439365,0.6499972482651897,0.5149118700222376,-0.561042163711403,0.2827498167589953,-0.9726473997783648,0.0061464317280969,1.3629468232094792,0.6088671967836304,-1.1901393535912932,0.4076794427560163,-0.793555422095584,1.265944644344543,-1.758525589523811,33
1.389978473748251,-29.05235857743844,2.677758774754354,-5.498406700185556,2.1856879201671977,-4.846871313502804,0.3091602745413931,2.623554318166,1.3772178029457949,-3.38592691879276,-0.1346000263831351,1.0674879452743076,5.0257545796225465,2.025576786245229,0.2019181999933025,3.48441018129977,-0.0401522630290543,0.328151267640653,-0.7919751959221926,1.020247172656723,-0.866428504756138,-1.5552625677487997,-1.488377202421303,1.6394261267940906,1.4355019882226303,-2.342920640235208,-0.0706946409784626,1.5543611372573916,-1.9976353503326183,-0.1514287843787134,0.3565557116613357,0.445251548782253,2.457329650550137,-0.362452939475718,-0.4458139730105524,2.1639847858891423,-1.1533827409108912,3.863779162311516,-0.2237761621429562,0.8752429947560815,1.2899498156263136,2.315110110304604,1.4938967395290053,1.0475006183380529,-0.8396670207316252,0.7545296543089994,-0.0863867388970921,0.1987922669545391,1.5204053047175734,0.5917264848066122,-1.5287468197849918,0.1748160865894863,-1.2056377562554297,1.5801960894708076,-1.0275792711988463,33
-14.91189023070048,-25.124763909535552,-6.9131525976035615,-9.730858850939503,0.6577541193174898,1.8216505079449092,-2.730017930145965,3.447674288462073,0.6413899703590135,-1.0593708864093272,0.1734552377059363,0.6726002203538641,1.1886111455262305,2.110517480334129,-4.015657681087967,3.408297678853777,0.787233556711579,-0.7071951322773136,-1.567005706580717,-0.6369907217533533,-1.5936480659401222,-1.6925333106633749,1.1183775180007451,0.790438607269364,0.3488460027626129,-0.5987411152645747,-1.5238365949872608,1.6417128694429135,-0.6676665309116087,2.6589668900701726,2.456736196464923,0.9565976875486744,1.3879773483344515,-0.790324846232466,-0.5961385577956372,2.4397208108809325,-1.4655010451982595,0.762186137456242,0.1854622132583376,1.80395906326888,-0.2770630916390322,0.9767115167976848,0.7607403305171805,1.4075702453976504,-1.629239207533108,-0.6949819872466536,-0.5597956154772918,-0.6325559836073529,0.321404874361922,0.6869898872867053,0.514176585494716,0.242180866023069,-0.6129304996048242,1.2169810122074605,-1.1589389644812236,33
-8.880302223915626,-29.615476900520825,8.379634296677661,-2.563724918023247,2.62027705588625,-6.288129645156612,1.7944718954389476,2.077493811246631,-1.6920328887287484,-3.036235280334592,-2.816165556939356,-1.0636256047813042,5.178275239005528,-2.07857223329611,-0.5100694967104786,1.9628007757609531,-0.0267804323201787,-0.6272683885889984,-0.1036148626062065,0.9883498871987914,-0.897966443203197,-1.9767294268797173,-3.074074888855668,1.1990192994425497,0.9471101422305096,-1.5712146988157556,-0.991246026038372,0.7493261207208656,-2.433767566429447,-2.3422511907739776,-0.0738113038370751,0.8881488934984195,2.312874827728857,1.5747574820676804,0.1868331990290732,0.754878222089003,-1.880568453640126,3.132074005894597,-2.149067556127172,2.185728593787612,1.8636867653797764,1.6674322654410536,1.4246156640019696,1.5035160856219307,-1.505583684787099,0.0584973743110773,0.2491681506254463,-1.1102622572448777,0.7584310650466711,0.4997617472685429,-1.2875092088840046,0.5311460382493597,-1.7999296639740994,2.2992318057130743,-0.0819052302808428,33
-8.972873260893094,-32.20822730550906,-4.123935289774583,-4.987925807808623,1.246034960237337,-1.4682947341048456,-1.0911597285764505,4.338224377590677,-0.80308484023998,-1.5358208170246863,-1.1642989487655293,1.4274595004994015,2.986995051019115,1.9881886474647672,-2.312764082655181,4.163865176285962,0.8506536539032515,0.0510105161539995,-2.3160043460675275,0.0362415520628928,-0.7727574366967195,-2.231263459758399,-0.5473042001161182,1.100599364053387,1.0475405299979883,-0.9664120956592795,-0.9075007219191638,1.3277702456780087,-1.4040114367039729,1.6459746168881897,2.313801062693932,0.0393316090642359,2.317365185854841,-0.1377058725115126,0.2035110364700203,2.6406993614255194,-1.738011391374913,2.435302696563546,-0.4964204591863413,0.9251040128007156,0.944225614644073,0.8625417213961062,0.7361601977748907,1.2617629319211308,-2.052491534950396,-0.3515503358179085,-0.4570502348594994,-0.5948472136028842,-0.0699320405193799,0.3583704932790458,-0.2294910473065139,0.4006441208548881,-0.9592431736859336,1.2803341299019422,-0.9667767463216448,33
-11.35704143473255,-34.756221627609186,0.7137112004137657,-0.1220090029919594,1.627346522297598,-4.956640382572823,0.8096110430149778,3.138633903609898,-2.2721892652336906,-3.170603876221931,-3.1633693841609576,0.3431305652244895,3.310282263265485,-1.1132210144918964,-1.4650501374434697,3.976028456285996,0.9523185611920484,-0.4504361386561796,-2.5505534616399723,0.9903347954716648,-0.3657010882045552,-2.15528327769878,-1.928310337446732,1.0894277795215483,0.8935994791243357,-1.6917126619833378,-0.2099155751469279,0.6246693389757191,-1.4004729603026702,0.1835927950780303,1.3099445846146072,0.233073532821444,2.9195412650398502,0.396836315648703,0.0910549684283858,1.5670751740593514,-2.7988678974362227,2.617321842834299,-1.188650908730627,1.099186053969872,2.033319534383565,0.7835110701292085,0.8671126201339887,1.7729458057583984,-2.422220085872374,-0.5412017292300451,0.0703008101991546,-0.5887179910399867,-0.26133384074429,-0.0047566224889006,-0.7656684178823201,0.072177222905713,-1.2216202665787903,2.143537778454518,-0.7619213787659573,33
-24.41587712144721,-24.04282381954876,10.107633983254674,-2.9145071680794787,-1.79685750307452,-8.260119582817593,1.7620442343996632,-0.0356346313253329,-5.4661591345688905,-1.3344180079530328,0.264383702927409,-1.684370608611916,3.0151724251631338,-4.7378377590182925,-1.2213939792451074,1.7913968188997196,-3.775676676053059,-1.9043360493316115,0.7021751446326016,-1.3222935752177452,-0.0826129446279847,-0.2883140329315959,-4.2924870120189285,0.4562969188388942,0.6530988377993425,-1.132964386635791,-1.505110342047656,-0.2657218609343267,-0.3889951956839683,-3.3381085771419063,-1.13078758583771,0.498247163774886,0.8190509219201909,2.41949488916849,0.1228005524348304,0.0248994285941773,-2.7086057306009304,2.252436515909391,-2.589725305429184,0.611679757412413,0.3012945054132149,0.52250681802279,0.8882181659939739,1.6506586811911972,-0.441914504092895,-0.3137599392640838,-0.285951179388875,0.5715975275369941,0.3904007319247869,-0.2850285588050723,-1.1957436203231369,0.5920183450927411,-1.75435739931867,1.3779280928013666,0.8889971372698523,33
-18.957835560768338,-29.47921422316647,-7.350129842485457,-5.468316516289354,-1.2425842984477833,2.4982581970097035,-2.6416453295370395,4.581688613556798,0.2113618310748846,-1.8067592110334492,-1.4119285206388532,1.371020937543739,1.17658551026879,0.9346845525010792,-3.901246920305905,2.7180058999207715,0.7932316644909623,-0.3506562196963196,-2.4349785616650954,-1.7011487191643884,-1.5398633508486226,-2.014431268707805,0.4193360312716711,1.1519177107852412,-0.0137728149226696,-1.307028184961505,-2.160360814449209,0.9245306501403197,-0.0480360081456165,2.7866133211554245,1.536066293950189,0.334651201672455,1.5840073383774298,-1.3960547388744158,0.0224591690711369,2.164963902844653,-2.072768671382881,1.526278289687404,0.3691437004504108,0.6902656581854468,0.0570287980950505,0.7789789117934207,0.256309732712836,1.4571307346714688,-2.057680867610816,-0.01793029661975,-0.8842839100702589,-0.9042292419415912,0.0931614909657521,-0.2839498325855774,0.5040315085080076,0.8715439768991117,-0.4960618304630268,1.3162709025105477,-1.476683462658265,33
-18.879913586774958,-31.450967020137664,5.098707815984356,1.912802130482156,-1.0449198076203663,-8.40415419208198,2.9819534107543366,0.4618278070097279,-5.085866618945874,-4.017447462193306,-1.956814106265815,-0.6924592835409943,2.06684075271596,-4.368458578708158,-0.7518331665412492,4.1229181704625,-1.7560930777068258,-1.4824360003110495,-1.5097560024499317,0.1003494553079654,-1.2465363321504734,-1.4517818423899356,-3.9840507493094113,0.1892067773218848,1.336271858599437,-1.9314601383150984,-0.0440008869508755,-0.6322520429134567,-1.47986553871866,-2.536646073585455,-0.4081378518550663,0.4568999257545061,2.194400182543697,0.7629175887148173,0.3232522485707419,0.7551618540005242,-2.4227661798174087,2.5345488460559102,-2.452745010276687,0.6553534816707726,1.7329165559820745,0.5704681544338203,0.9412220292876312,1.9797513678466965,-2.088411632438197,-1.1859940075524982,-0.3207039156429339,0.7536539512934936,0.5236525673092752,-0.3860631062836042,-2.289842972879711,-0.1195293344703867,-1.966025213573386,1.778063743566231,0.2300894979988756,33
-20.26307782559305,-31.073374547536147,-4.715305150600577,-1.1910136465581815,-1.4384398918165575,0.3492738393760065,-1.008000149440848,2.9097026030924606,-1.47267285763373,-2.8013924301996385,-2.762490034199728,0.8625957893298485,1.6961385236254298,-0.9327037346599782,-2.267472196565453,3.486578714521149,0.7005932168023459,-0.4602356937931811,-2.8370953977454607,-1.345140318857396,-1.1240235509561185,-2.267379254577131,-0.9872655309016296,1.4375929459686705,0.4219990793125276,-1.8998394702918795,-0.9130747033804536,0.6837626290466402,-0.4198846662217751,1.8790713960590475,0.9312331223251812,0.2074956403976905,2.28793935649625,-1.3733955960848898,0.4421553107235656,1.5405788155857734,-2.7044549363825623,1.9348612079849268,-0.3262532776055427,-0.0628443607656222,1.2517585545053742,0.0699366511425445,0.2000799770954924,1.3521474406636,-2.1820807656742494,-0.0991661625186401,-0.329225823593342,-0.7249820341724533,0.1379815342507765,-0.7106671899515573,-0.0057561663742025,0.6179019611649672,-0.6447564394635348,1.71962744884186,-1.5316739357164626,33
-21.00846936685397,-32.988205628457855,-1.3699709803010178,4.221975390119511,-1.7811203345855675,-2.8409109575958555,1.3093537631196164,-0.2909888035264469,-4.022571427377776,-4.2014118811085135,-3.923558648690725,0.0286135653170093,0.7855890915243976,-3.631739435501304,-0.4053899019855188,5.17582121180075,-0.640812639396353,-1.0138018465735266,-3.598467125289061,-0.7644790069927577,-1.5476125126031053,-2.262781905266817,-2.4047797597463423,0.7857224830208719,0.8933617996708664,-2.619966131637613,0.4263818238811092,0.3956391874494592,-1.3603967676392748,0.1564569739632103,0.1460843110006916,0.1991736710139195,2.2050283387897056,-1.2818903585776418,0.554460702723576,1.1007516117518688,-3.2970260334779957,2.8923003300110994,-1.7704957647947408,-0.3007566630529537,1.9520102581462928,-0.6633830250705576,-0.0810590150428469,1.4740849772508453,-2.981742964047025,-1.038899060344579,-0.1742723492276386,-0.1224567260186845,0.4057166454931776,-1.253786988206987,-1.359962398512896,0.0271410027002012,-1.1429106572588723,2.6167180831948125,-1.1356144818155227,33
-32.305075978367654,-23.782309429940813,3.297114296711186,-0.9475158688590744,-2.6081174672813585,-3.8293301244027296,3.2111365346354392,-2.4175002892338258,-5.1238039729133655,-2.4043910107413318,-3.02670222821862,-1.596669709050843,0.2809090359565148,-4.291255541925743,0.3842161613959225,4.521702325832533,-2.9852771669033964,-1.7465825343070112,-2.379787323634873,-1.7878905252199386,-0.576567132878312,-1.107914230327129,-3.3911644200526108,-0.6344116905366237,0.8864728606139247,-1.5150442748842576,-0.8526596992694994,-0.4693730391110944,-1.8708906650113235,-2.0758834438356173,0.1138535180125795,1.3710839397379857,0.2519559162770824,-1.219013939042977,-0.2346993301090979,0.4387542082366831,-2.3859712577474723,3.6778950563027273,-2.3143632998609176,-0.859597717653475,-0.4912936635853104,0.1698294394700132,0.175412317423585,1.4415216675025777,-1.8151150249129655,-2.389272320308332,0.1162990653645725,0.4856741059602197,-0.0623186794741778,-1.5335119016922425,-1.470498380241692,-0.9049584650357057,-1.7202868691377031,1.432793835108478,0.7756973548411382,33
-35.38185115640863,-19.97763295700505,5.87433972750816,-4.701496560373298,-2.237314081270354,-4.78429961771724,2.515682745108085,-3.0666527799497443,-4.77318002097697,-0.9744240392428596,-0.294602147056573,-1.4384003040522595,1.0525869330212638,-3.130424990427452,-0.5708375054685596,2.648732874891111,-4.798433162389366,-1.7249712544932954,-2.1012071204446894,-1.1508506358155146,0.8008369000037603,0.4804987708971758,-4.491283605074272,-0.3364167807605184,2.176115521751456,-1.5207802186255803,-2.549852487088322,-2.5934761573932823,-1.184784817856874,-1.701896278597114,-0.5878939194224664,0.9578792055904723,-0.6143272258896525,-0.5175752422557524,-1.732114328133839,0.1593955296158529,-2.7303177731842743,2.6038538733111167,-2.438136716623364,0.7981343947679789,-1.0270991928948774,1.73019494667485,1.3866830622402233,1.7252758164196973,1.218555944761715,-1.2715723872229263,1.5661222516691904,-0.7951464980591193,0.111885314432054,-1.4013638219301172,-0.995433744175971,0.2910525274818745,-1.9176669600067384,0.2408277958592518,0.4064928792057781,33
-45.73409669937793,-9.88555369104201,5.000286931856479,-12.708266939917138,-1.0977683473508422,0.2191942794199241,1.5485359968850334,-2.005698948006953,-0.1930941095339314,-0.4516009893711588,0.1301756641069214,-0.4327238338852516,1.382271611439371,0.1371909855600405,-0.3823122982657682,-0.8931894966929395,-1.6041460984380522,-0.7767401524443326,1.141824039092293,-0.7724172158715084,0.7523645748855265,-1.0049774661645812,-0.879607938484234,0.5423575699790625,0.7246704980993696,-0.5314217471710786,-0.6297751891771339,-0.6313695743874979,-0.2715867087992091,0.8373570868235775,-0.0235331266290232,-0.1340319034350185,0.1883831320576504,1.0009915772419555,-0.4936915648885063,-0.3528418138314418,-0.1733635251943014,0.2043829450423979,-0.7755287307665316,-0.0700036991625463,0.8541500870270923,0.5402188118710775,0.3485602770668098,0.8052798867271155,1.1112271959786582,-0.0332215957509164,0.3285175568478107,-1.2820096957426188,0.4050789736924893,-1.0750278122102812,-0.4023489326332807,1.4219215288977904,-0.4371271651087599,-0.1501593038121816,0.5547183670938513,33
-29.48543775516334,-27.71647812996112,-7.426462338299783,1.1359483611293164,-3.442034534150652,5.680646743319978,-2.5285799922290746,-0.5940566984877838,-2.255023921765278,-2.801131278234372,-4.250420792693594,-1.7466052805957186,0.6836497227132938,-3.794401540880816,0.1330004708631128,2.616109283111129,-0.574143261486598,0.0255785109533878,-3.0026388437287133,-2.3823594667808474,-1.6204334718733455,-2.805899807832792,-1.504903996134446,2.262489340504696,2.26619085910766,-2.2235536093637984,-1.350604020035698,1.0819435506155537,-1.441511796757955,1.7215557235587875,0.0374325637611672,1.313312300991203,0.648124321353467,-2.5238272440955383,1.218097293206789,2.0764609647476706,-4.1958185477004495,3.1415685061058287,-0.4520348008172928,-1.4618979955767455,0.5249281492114702,-1.55050425503337,-0.0223680884464198,1.5733049289699867,-2.5928011271640825,0.3399064916898195,-0.7166412044185296,-0.2459565653772333,-0.0676425791389001,-0.9172071321593644,1.053218979527036,0.5066989898974291,-1.0913842121065855,1.049413865111365,-0.7033749005626977,33
-34.41719849590853,-24.06841316539878,-1.2778563680945694,1.132805471831339,-2.650500049258092,1.7875284423593958,2.015063815541541,-4.43464949378194,-4.144748154932532,-2.366172340373879,-4.351043150684727,-1.8287589179552,-0.396016152773094,-4.623076652812458,1.864729968779592,4.153626677758584,-2.7995557845559293,-0.696360190379512,-3.5103777159810137,-2.7072793922851357,-0.5207177348608962,-2.001657234754771,-1.804196966897378,-0.1031027158161547,1.0953828611685228,-1.7512435658059795,-0.3947039079732349,0.8474745511932387,-3.447177741571649,-0.3326086888338043,0.463315007043065,1.466088158842544,-1.2541051463845816,-2.652810928352316,0.6591004111064346,1.226971195307387,-3.06090818629686,4.902480067839514,-2.327048585732554,-2.2344027632807477,-1.3926212997847447,-0.5481615317472427,-0.3421607800375436,1.4074985394898865,-2.1365380816134225,-2.200114643998196,0.0622801445434042,-0.2767953567245938,0.0664748042370606,-2.266555553200966,-0.6473356404365639,-1.34772439382477,-1.8520427954558567,2.135927045667248,0.7812603308485269,33
-42.82314956754736,-13.731051982219304,1.7637214157621424,-8.772957787838134,-1.4480831738328754,1.4943442059111571,1.5287438351757991,-3.100937156422966,-1.3161113837287013,-0.7739615105131153,-2.343284562879157,-1.443199258597262,1.2419097898323712,-1.3836969549152798,0.3687659988731724,1.2142065408117222,-1.5660520678012562,-1.1609785110910098,-1.0305108573828017,-0.8189957957486613,0.0782999126682501,-1.2495138550576952,-1.4204728330327163,0.243147660595925,1.6185283770238466,-0.7233775905945234,-1.1619254810578652,-1.6909081538981714,-1.6547284978483434,0.1224522488582668,0.9293033482815668,0.7835016034122104,-0.4031315016106255,-0.689266140547205,-1.681828001805261,0.133837725711156,-1.6953623839109695,2.2013151746131987,-1.823252233243048,0.2419321490996099,0.0027396934844964,0.8952409568347252,0.997809104233936,1.2883770382607906,1.2464966708423824,-1.4744001038182108,0.971737371143681,-0.8051940331397314,-0.3432221920336316,-0.9349720682581576,-0.711696877637422,0.834471516185143,-1.5302062512203694,-0.7312114283135406,0.9718934165319028,33
39.8127343630972,6.0067738065777005,-5.639238405588652,-1.604784434679496,-6.498806054068239,1.989343391483818,2.459505918258974,-0.266983668081634,-2.3778744994358485,9.235833988754006,-0.5986899478628492,-1.36673640055525,1.817168993358516,1.550463169993376,-3.448623398995972,1.3052837183243362,2.6461391383864563,1.832298199840532,3.681630082191465,1.5852152771762529,-1.5431321717225976,3.7720693760003714,-3.0422273931779857,-2.333629570368787,2.5476842373715747,-1.5421772757523184,-0.0855147540189152,-1.3625420728537354,-0.98902382896892,2.611327427829728,0.0446661732754653,2.4098081038737065,0.7306163783881292,-0.0610729913929575,0.1883816051602798,-0.447898012283631,2.7128322327762806,1.8654318720375296,1.0628763211788734,-0.4955886772442611,0.750640776034969,-3.3273690897017603,-1.5655867028792698,1.0850583819151325,-0.3843197704162942,-0.8596992199570681,-1.441545650118349,-0.7873697375285551,-1.6943235971413848,-2.0412930341421665,-0.0879702457641849,0.525690859408057,0.8770119524860173,0.5833937566948716,1.0542281842097136,34
38.05209275282007,5.430063203378719,6.094953516316473,1.984864783497543,-11.867206849077212,-0.4643227006405799,-3.379287576884002,-1.5770131739981126,-3.0367922470754456,11.326169519333089,-2.735391686323604,2.361603302593503,-0.3080658123266934,-0.9270589681644802,-6.232549360337445,2.532094881621193,0.5826042347712099,-1.7733495200497975,5.104446171205057,0.9131094008860698,-2.025503747189433,1.7775483528288407,-1.106798587305504,-3.318872463590259,3.1424447875008856,1.068360073824469,-1.042705847078874,-2.0187746679266416,-2.5733723450114296,4.344301472055854,1.623469179053698,3.540414314054086,0.4335305842023565,1.0838588032516885,-1.9864580594711057,-1.7425667614315774,1.6124795850034697,2.5115781077529964,0.3375259774135613,-1.3076081960064447,-1.8216839627175565,-3.553275638166219,-2.003145082696156,1.925548856651877,-0.7078505239532087,-0.6649272201779266,-1.2389369985915957,-0.6238967954280261,-1.950163608904225,-2.830745461432365,0.203775835978615,2.182300264079416,0.2441602873748023,0.7448608848776653,1.7558916735305914,34
20.19589513149728,1.4155665895194511,21.99027881456364,6.8164298351249935,-11.37061780549275,-2.6495414329527947,-6.295427553277111,-3.1402157380582145,3.0370081493357737,6.444406947458835,-7.349100465027884,6.574099298907281,1.1319342229335685,-9.39664596553798,-4.084179091480211,1.2320911828587728,-0.5111038722932562,-4.235151082380528,3.897227972931981,-2.747824911555364,-3.8908638431275455,-1.371278254413712,2.161277410326748,-0.7406764859337602,3.2884574046078647,2.8226763998687057,1.0156545081616246,-3.2049302841560348,-0.1690912070658129,3.0973706258237343,1.4704567565280686,3.405024995541502,1.4138936710814791,4.202724333134983,-3.5218788399441654,-2.079146469498573,-0.4672065290426995,1.484755960186512,-0.3916700661273987,1.0959127783621938,-1.9751200015251489,-0.3211536900854698,-2.213206631561326,-1.1505046662129317,2.818401544419437,-0.0226238896990824,-2.784249378213593,1.042394192884651,-0.3378819533794053,-1.8124704949471224,1.8752862128997012,2.1173701913355893,0.410332242120398,-0.5270721003756867,0.5508699026206457,34
-34.19884644173986,-8.507064813108663,15.395369500331103,-3.847383880773832,-1.3585985255874489,0.1275206136660923,-1.6567159543666248,-0.2178671435223895,-1.9542376748917047,3.779821253516586,6.083863839190226,0.5528946743948622,-5.164647097190657,0.1221205837263698,-0.3203021427901815,-3.8935731841727206,-2.915699171971873,0.3295079164821128,-0.2763153872876935,-3.007579047435218,4.655758623527918,-0.6408865908747229,0.3463540155853171,1.3533043134883418,3.625919523586712,-1.7197588686518224,2.316448764575016,-1.898257174948643,2.4254982712078754,1.4346620958982,-2.319694134132674,-1.600871195974476,-0.5515884911899133,-0.2905858624497496,-0.8599955658160854,0.4553578291869235,-2.856768897313997,1.244718579049685,-0.2907698340627646,-2.9182012179298007,-0.9173284201843698,-2.696196794745369,-2.184663785273938,1.3912860277641368,2.78641380724128,0.2927585502600991,0.1935168950067958,-0.2372310597266198,1.1597689220906575,0.1649640372695153,2.2325230270012213,0.886891501436337,1.0747822821900148,0.6842633596696567,-1.5501775120655463,34
36.31309646657672,5.202786305727988,-15.979997108248275,-5.962689375850353,-3.7360768425444255,3.5539443439464216,4.802579371735567,0.7509744293092676,-4.243245384791709,7.642237478457765,1.7644399187224271,-2.7928983356384216,4.097913779270964,5.201643573979324,0.518899767719556,-1.2168784949873743,4.842847737655895,4.486854316592878,1.9998823220696509,1.608133439541481,-1.2876853472111014,3.704249547050865,-4.826887380704454,-2.572485158316697,1.3103195346871994,-2.962722499867272,0.4435636755824264,-0.5108211013805557,0.5003572728490195,0.1135377888441224,-1.074095256962358,1.085354988552241,1.84272922032372,-0.0689503107089243,-0.5591447826718888,2.452981042326292,2.772214048320357,0.6668552529346925,-0.2367795587845906,0.1927291608277742,0.281904274819619,-1.8904323437740416,-1.0388907239017555,0.0993400814001152,-1.4059208132542658,-0.6790096695822563,-1.8371176631176092,-0.2666744061463058,-1.4128650555315363,-2.650125498105405,-0.6305727545925234,0.1759572404169715,0.2345037447883819,-0.4633856673735019,0.9827723172221772,34
18.15985517941436,2.900905715127029,-22.03135100797021,-10.2796540326514,-1.7895763077413054,3.3251500548106034,3.2540599280102933,-0.2994031961577017,-1.313843977437462,6.416317018742295,3.995525767221059,-5.79075192321429,2.170731463963566,4.683468874965708,0.794731022671118,-0.9669955064504152,2.553951053473074,4.564784389284124,0.8227955041299103,0.2313026334794422,-1.5669220934605497,0.3244995615198584,-5.895034505040504,-1.559463902450835,-0.1450785787160337,-1.3266379787036946,0.0445717739915685,1.869732854256989,-1.7126985197932043,-0.0785145366337115,-1.6575015203785373,0.0795351718167086,-0.0833812845132913,0.0491138123735699,-0.7872609009709346,2.4585213975902818,-1.0992821981153231,-0.8209868016148462,-0.3786008408117604,0.8536164166190762,-0.7631293338946492,-0.2631883259210307,-1.0798172449161612,-0.9109477092028812,-1.4512642330480403,0.4923843474286445,-0.957038226677617,-0.9733444350061476,0.2428988702117643,-1.634665807181367,-1.32626248022543,-0.2899723174101131,-0.2822937229074523,-0.8400882794894178,0.4104535480032489,34
38.95867959693252,11.733338976016803,1.3156515884262352,1.7022964373919245,-8.856383626127808,-1.3210711136572062,-3.7229811361729896,-2.8356873032399963,0.5732691054750291,8.086009844100243,-2.81857847118652,2.5882627340319133,1.782611726484473,0.7175327304010541,0.6650907455091882,1.2709989231357266,0.8551394546095518,0.432816829618479,0.8008536574733369,-1.5844700074678566,-2.1820964035400423,0.0025022113232025,-2.5192774220638747,-2.781249506259716,2.43600507323019,-0.0280290588658599,0.9416534370216756,-0.9086148865474042,-1.5452247894167,1.6363207713517978,1.6039708410519418,3.2824328086148054,0.626066897283053,2.222893252228454,-2.114197186152753,-1.1799117677922777,-0.8797015913657117,0.6728906855729236,0.564197785025476,1.425361197098877,-1.165956528647628,-1.7218693662828792,-1.9363481914399,-0.7731374652790725,0.843609038195276,1.1611227255117575,-1.9606586965817272,0.0567367310870987,-1.076621773240974,-2.971891083056441,0.1924097346219362,1.2054171378809737,-0.7930813517138423,-0.5572730060783043,0.5659030491839891,34
40.62356086879896,14.487869530341555,-11.923207115817505,-2.36342089220772,-6.572019449598734,0.2008120867340157,-1.0025757929985584,-1.7449154811431766,-1.0127558690800051,7.6616789308111635,0.098915328000101,-0.0574747137340186,1.9675321744726504,4.258018453603003,1.868287272196396,-0.5516327526265591,1.2026633551901569,2.671600965550402,-0.2444328686848793,-0.2914839262422962,-1.4320674728212397,0.5486555920477181,-4.627498289487946,-2.812461166422042,1.4053981683354706,-1.4310058044657394,0.7630128672531731,0.5252495948244553,-1.1752211496480354,0.4482617493717857,0.610430737954037,2.0957493069740383,0.3919812320195072,1.2591076461536097,-1.4250020677241708,0.7280748622978023,-1.0246711515381768,-0.1428792074973215,0.1559822624679976,1.3717212133866885,-1.0241750311356457,-1.4146568228641188,-1.676427736371254,-1.2801884569502286,-0.4264052438588668,1.055234147529627,-1.6703936223119311,-0.2552000809418875,-0.8591957862684255,-3.146851242171357,-0.5292673760182459,0.3845714935723542,-0.4879464472742899,-0.9251967816702924,0.8467581812598063,34
46.504104535343,21.900178463582957,-6.219131794221477,0.9153758898877674,-8.127012676041875,-1.140481881897229,-2.233886321994797,-2.8087693147188424,-0.4031568956938576,8.75197684570516,-1.327281974605703,1.838287426480588,1.8581900942870089,3.129787411870256,1.2612771743916344,0.4652130604682608,0.9949090404523868,1.5122684654073737,-0.3108290274932993,-0.7480301255862047,-1.964453535780968,0.1488326352814534,-3.685328358700392,-3.2797670922481528,2.5581736184072343,-0.7573746367620614,1.154734819890414,-0.087691415154141,-1.373066780378684,1.0171326582644986,1.3232503936144493,2.425293979578982,0.633181268329152,2.026258729868119,-1.548697565384498,-0.3296724220419648,-1.1544713312095491,0.1933255235080723,0.5383754613409762,1.635219552000828,-1.140682338852937,-1.902559404521653,-1.862316130890552,-1.5947060430628357,0.1277511793938691,1.268888058229947,-1.932510237171513,-0.3252164800627118,-1.289096047784862,-3.4359317488771075,-0.1799349615552529,0.6340054716046499,-0.7396419454102533,-0.8374534386488797,0.7739940325588432,34
29.406836808882147,17.391607405843214,-15.509342157670854,-6.161456474863334,-1.6188315000914812,2.5660024178086376,7.131054795594287,0.0945432857985623,-3.0525857255241786,7.464692965160538,2.167510347265057,-3.7601696272160834,3.679387031010049,3.6886605949235096,-1.3188557803872247,-0.3703186921179413,5.320066585748174,3.76841933313382,1.7820005437802355,2.0444062267819016,-1.933726503816148,3.723572549587635,-4.50487496631267,-1.7355685615433256,3.173260623716664,-2.874061726957091,1.3418079737656368,0.5383514599422484,0.4377964050343105,1.0311781068628518,-1.0039179098440525,0.0095202980315949,0.9917514976756115,-0.4760364201761404,1.0888416098829226,1.0205164091882664,2.908081821858952,0.0397385757898871,0.9093931708880778,0.6740913792112315,1.4005927308896238,-2.231012465946609,-0.5009625149325627,-0.9001790818104994,-1.0274947329731816,-0.6765153146230941,-1.5158603711967775,-0.3734980345274966,-1.4726666136168949,-1.570572179349984,-0.438527417790692,-0.8811602298923165,1.2026979286842443,-0.5337226691079253,0.6920935974340929,34
36.41887109844554,20.5456596686225,5.665514479729297,2.2472197531210867,-11.799496996531431,-1.200649790399699,-2.9583752691889096,-2.6656953178430274,-3.1933365923056622,11.562546215072585,-2.3305010949598963,2.494287451834323,-0.2449951125090616,-0.2990749282935719,-7.096407799119805,2.350357692865477,1.0017770881102468,-2.0224810385929786,4.352381946397508,1.3063834216025068,-2.183659296369997,1.6284849870778728,-0.8881499642573739,-3.7160376006035496,4.198613084259857,1.2989820975885884,-0.2890250265872053,-0.9772099395004236,-2.483209510208137,4.574936086863193,1.9320311111327035,2.5511743301380108,0.0999110867955219,1.4702833381343707,-1.5125061495652417,-2.416429603671657,1.0411818643446162,2.055295592870072,0.4424652101747219,-1.2737104121173437,-1.990787494932652,-4.122337223952327,-1.5273508048688271,0.7330985743310112,-0.8170846046482096,-0.4743350849403343,-1.3074676968702303,-0.818708794097849,-2.297045290038039,-2.905529617621239,0.0195289313777976,1.883203038360333,0.3567028245758873,0.3376238507823693,1.84077432081505,34
30.55314904017473,26.31454708415136,-0.0131315719005893,-0.2394346951904013,-8.979449581664996,-0.6493967229482599,0.1933291464761973,-2.49466592561322,-2.7580796177623554,9.989360002084736,-0.8951969708647992,0.8430614218546649,0.917285382273138,0.9333594639395784,-5.870768312279473,1.685173774421893,2.239613341532088,-0.568239648045629,3.100957412914596,1.4386691207699596,-2.147112423835483,2.012550070141109,-1.6157844212582446,-3.4822576655842736,4.353435010270445,0.1316612010402843,0.6003373964078756,-0.2838211540173961,-1.6005685804525611,3.509040085323226,1.5075978499270233,1.540742788554298,0.4484511844277356,1.0776911319595748,-0.2707961346735087,-2.17641173429135,1.3932625566252332,1.1702997788035336,0.7213559027484301,-0.7290954159178367,-0.9179226284817564,-4.038876357489143,-1.3117027233672192,-0.4332465359977268,-0.6524244108219156,-0.5219131887955806,-1.442859145780104,-0.967260829762187,-2.4169552537385144,-2.269175302030576,-0.2768514207495958,0.8559055027948649,0.5585302406651846,0.0752831306170001,1.323148753307548,34
24.840733927436407,24.619858187361583,-11.526996374926425,-4.930635162645505,-3.1595010984594505,1.0192185826179392,5.623993633831162,-1.0321114706914103,-2.703227861886463,7.432990292039563,1.5438447277436602,-2.3790996435579013,2.716418181440252,3.010300294914081,-2.582063387190748,0.1931140834197468,4.567760301401365,2.3036045501674085,1.5537454764520373,1.8274601526844343,-2.0065885139800206,3.0479653749634683,-3.5583562931447816,-2.175546312674065,3.8663776868902793,-2.407985858397217,1.5416444933644242,0.625392898501506,0.092905270219195,1.503537842656303,-0.0184283690951902,0.13102993578222,0.7820471492400486,-0.0363652005172631,1.043434966823864,-0.1571796621115688,2.536767522357616,-0.0216764653699885,0.8208838172689402,0.3782328628268404,0.9049736590377772,-2.691231078550955,-0.6406443835984102,-1.2839663070377454,-0.6875212978593248,-0.6025351636337403,-1.4653738169431465,-0.5685856988139879,-1.8581948298772053,-1.6323772801881191,-0.3450632288591126,-0.6592169815142942,1.1364960736370222,-0.5157811152151203,0.7499905069389518,34
3.4254008391689474,17.494076509077367,-20.547517139052527,-9.479394973961975,1.433747056207924,0.5843345886737347,4.582305182636699,-3.2811124759554544,-3.3768731162345884,4.922589839255534,5.654319032181515,-5.514785100802161,1.679823983132389,4.646831461111625,-0.9766953510002314,0.2039814282020992,2.720694184790144,3.837956769883216,-0.7715055788557974,-1.4386745783319133,-1.9087926955840204,0.5218096619598439,-5.185181216305811,-1.58674146669698,0.7021968833806654,-0.3621574871896494,-0.6688557592435649,3.324262361097734,-2.9908383685278515,-1.8062930673967164,-1.4772662472888458,-1.1486514762612217,-0.6411311968774136,-0.2380481062708897,-0.7193642929926192,2.6885195554528245,-0.6711924258297343,-1.623108348960805,-0.6031504655987295,-1.2431821172737323,-1.1268842309618334,-0.2073802685913508,-1.135452727025139,-1.5611917603490977,-1.9879749363453396,1.1938930474875595,-1.5721390768055212,-0.5408441126624323,1.4854943492472668,-1.0739017485093854,-0.8005232035229708,-1.0083661248941016,0.2301704212429925,-1.2970169635494246,0.95816248184092,34
11.900705384152731,22.63837008718573,-4.391011072168886,-5.014239941676116,-5.075105133330587,0.1653577116584425,2.964375873430651,-1.781510384813802,-2.033207694772331,6.938182089508716,0.0764335179682442,-0.7407198259494021,1.6005844344915698,1.951557654242647,-3.59534598503785,0.8665154105923996,3.04719598765949,0.5301035911560973,1.8104558134734363,1.1531040430624775,-1.8371287610939624,1.6563402632773083,-2.0915168504237203,-2.289841571464428,3.733625325634378,-1.0324198419933552,1.1245032285875074,0.3461363882305129,-0.4256289574171547,1.8485286011803637,1.2334238805960118,0.4785243533505894,0.7741125823784915,0.5273458102830748,0.4028454255695311,-1.3408994536709171,1.6205187928732736,0.1522266160680264,0.5173587296795116,-0.1484750472583759,0.0873781231579268,-2.8215757210835344,-0.8433614248462727,-1.0301807769782545,-0.4109292400418295,-0.5439113344714905,-1.1873302985722451,-0.7002313812670445,-2.1564737738630395,-1.4138309296188452,-0.3843539947218912,-0.0564261325877412,0.6128552598188834,-0.2735402534574036,0.8782881563027549,34
23.245564744714976,41.85867658076796,4.185717690744439,4.563362670311962,-9.483502084588809,-1.3016998007267089,-1.9487064627710875,-5.635275194962408,1.9111850376531665,7.224728892195662,-2.741033927410179,3.914987861412899,2.750963006001998,-2.255054878968011,-3.2489827049976383,1.0653058860855742,1.426581201971686,-1.707765012630813,0.1343291364357162,-1.3236362583898866,-1.4999087651213523,-0.9986498130226832,-0.4420313662149856,-3.324114942472555,4.890615488509565,1.476054119432704,2.2049849377538715,-0.5903760282302357,-2.613721416814145,0.1057843382689329,2.3632815098057534,1.8251237226737096,1.3053589477976846,3.732836087017367,-0.5550275374554232,-2.3710230864167325,-0.807428628345548,-0.1238009530922089,1.1870264702126303,1.5203814366536763,0.1625446114215888,-1.5162216436173872,-1.8578340047130857,-2.2877767664535003,2.1777019609868025,1.284247043831221,-1.7467305728854918,-0.2168460660596573,-1.8657040480292135,-2.122607213536837,0.3528844870237297,-0.3450414170927909,-0.6196314461536397,-0.8577495964370476,0.8225112105036622,34
10.314172412381904,32.242205476643925,17.72438191068948,7.66696973800825,-9.788483036898766,0.376133706498657,-6.488403676978767,-4.820787016153841,2.803866563233719,5.427426619416356,-5.996268755113289,5.127111198211596,1.4622802733573828,-7.300329009588856,-5.482267265630026,0.7358457187820368,1.6457325409262704,-2.9995319046013087,2.3758967638074706,-1.2571512337571191,-2.437799404591116,-1.7684565199308142,3.149174707264302,-2.2915838531114723,3.3917855962775088,4.281592478372623,1.21712787550302,-1.281224050814987,-2.4725678232767887,0.1580434209849367,1.7555145379230297,2.3408715026093265,1.7227244584434331,4.163022888948246,-2.3584379759525325,-0.9514614457144142,-0.026534245602347,0.0185725497644493,0.8760657675020407,0.1601800385328513,-0.5687234441946057,0.1284602780838481,-1.5192305657999077,-0.5768520896566691,2.8954808010490987,1.874695436490596,-2.4006645204443955,0.1695967280099957,0.0252021038388097,-2.9951636422259944,0.2173299580525876,0.8431573787065314,-0.0030769953315994,-0.3952174436309296,-0.9826079906505985,34
-10.534362085519422,9.19454038784694,21.93295485974291,3.878517336512598,-6.355216284567093,2.796128736616534,-10.224462713562655,-1.192917272572275,-4.357927148513103,6.453800382357134,1.7258838492271615,-1.6673846732009507,-6.186840049603535,-4.362401424921403,-9.299529211724057,1.4697646575264598,-3.112425811524239,-2.867702175931621,-1.5349391305745552,1.5544209057286722,-0.1365345227361892,-1.939905908880465,3.8565328428015113,-1.4043893958423623,0.0312670308562551,3.6343717030085543,2.189101796326161,-0.0200813662289019,1.2605336046728963,0.8785538543077099,-0.6002468442983024,0.680042542482796,1.7000811548387915,2.919388117097639,-2.878903126079822,0.1664704744847006,-0.6244520376449673,0.5864215346634161,1.2591886066884672,-2.602727100535851,-3.481507935255199,-0.7988630863360306,-2.2338278030900343,1.4782800977408816,-0.9946427048279188,-2.053927413881188,0.5923877723580574,0.3973994688878854,2.1706931149684907,0.5768638683763985,-0.4676857114371556,1.8164351197348447,1.554081234746869,2.5635246112584813,-1.400745098532332,34
11.952476487532673,36.56362827840602,-16.36758513025749,-4.367379027845839,-0.8375817892297213,-0.6993977170224521,3.781652868284438,-4.772142342139157,-2.850099300182404,6.034169897957529,4.537346678060013,-1.8932262490710003,1.669609423356301,3.476002473499145,-2.2924618846754528,1.22084585582304,2.108103140435812,2.400771714502526,-2.313697537043672,-2.4340040226994355,-0.3150606571930471,0.5466174761056237,-3.586587927776691,-2.762481753543366,2.367959013520696,-1.4519330139057052,0.7545838441584886,3.3030718851643472,-3.005967212279759,-1.510625795788293,-0.0116938778797238,-0.81187735394798,-0.2405964239320125,0.8620282442158931,-0.4638534573623797,0.7366220979316929,-0.7193075934416657,-1.420302755542691,0.0420744062264089,-0.7239270616112587,-0.3131924867013915,-1.3540405192440623,-1.8827592352774916,-1.8405523390667295,-1.612996404530983,0.7981457543724716,-1.050662356620781,-0.3067656275393643,0.0151049785807273,-2.813670799285007,0.1837792612459357,-1.6081204791942956,-0.1987303092505398,-0.4868307654864158,0.4048835185154245,34
3.336357018035158,43.209312531526685,-6.859312387271281,0.3226938520433501,-4.468967494259958,-0.0685688750883413,1.5336956575658942,-6.054590307025181,-0.014836820532644,4.937458672690931,0.833225065107599,1.478370358747721,0.966480136894705,0.9246419365153614,-2.1748932407580144,1.1399255641224948,1.7953802758312083,0.2176483160113596,-1.3099784362484437,-3.183778175138088,0.5417688846737077,0.077494551201221,-0.8961716240630317,-3.1470676616737068,3.2006123469926027,0.3671369577154325,2.0138373083850407,1.872677904486385,-2.452702958108497,-0.5660973289901868,1.1105279990934065,0.269400275825556,-0.1799994292145594,1.4384462563351954,0.2598849151720578,-1.464906765245653,0.2266816677232793,-1.0710440993451178,0.1687250857119261,0.2913342201667586,0.2645589418721485,-1.1508778211845625,-1.4020149457241986,-2.0551494651389977,0.1388706565242009,0.1226909499996654,-0.7920733741663805,-0.1107267197977803,-0.7577368439123074,-2.3373485267366827,0.6745289827844054,-2.126495340130385,-1.1802390914532093,-0.2178602264510023,1.314211069299407,34
-12.888950196921904,28.33703189110299,-15.52934442098806,-7.42345167147292,3.747269931192915,-4.5863539579895525,7.280168897190055,-4.321615109593299,-5.649144535124401,-1.4512611768375965,3.1837271848040074,-5.744354496196822,1.2211957410592322,2.0922385098127574,3.303470814707977,-0.2077765026600147,3.9394430792595623,5.105102077640597,-0.0267169460900623,-0.8944217819055316,-1.3279975231166794,1.3826556718749603,-4.193257455057163,-1.4672588926447918,2.520833144385984,-2.553291452336384,1.2870682781199256,3.068484322038989,-1.2655411377322872,-1.2986919522716405,-2.65512634090448,-3.168993951708016,0.2629251874523662,0.3328512734210695,0.5549660605805564,2.7176308081134923,0.7130740127254523,-0.99024637783237,-1.610734517588764,-1.0237469087070603,0.556564173618224,-0.3233863471469491,-0.4277474008133189,-2.900646031908104,-2.132770859330427,-0.0201347899104454,-3.066104878005578,-0.1428197857096076,1.1303262791180615,-0.2585016541532657,0.1174228853152914,0.1401835138791542,-0.0952605086247495,-1.1846708201348166,0.110753817037031,34
0.626406655632692,49.99938212884249,1.6730808990095414,9.198253619871316,-7.006652956208394,3.100430796435763,-6.894120753318224,-5.709393900935441,-2.2072658743019207,4.794913825744229,-1.101085221976582,2.1705832721751466,-3.981450635623217,0.4777278216087874,-7.024247091193166,-0.2171713381206486,1.5835538778630085,-1.7607089044685156,0.9362009701294384,-0.0202774018136661,-1.0037414898247852,0.6123335067247411,1.062943998050701,-6.690480248581686,3.818966528522748,2.667620516857166,1.658100040004159,3.115948336275658,-2.894118508874836,2.7358198035429218,1.3530367268565229,1.696435411393893,1.7847657569194872,3.0178790790976944,-1.8260321289439545,-0.2318019322414759,1.149643914306983,-1.4098034427556547,-1.575512741387311,-1.9066088086866488,-1.9133126688075317,0.0191049372417042,0.8372798072489599,-1.448851434744975,-1.6639239221283086,0.4882774723572194,-1.4877272311178769,-1.7408730275373072,-0.1788327752601377,-1.7170848307812243,-1.591013092905846,-0.2508328386814606,-1.1749475144265011,0.5862254718356424,0.4974114242253676,34
-5.040103100118047,44.4148224444069,-14.927103042257684,1.3092689608788413,-0.2335326944780287,-4.455264248029899,5.386437426774171,-4.871464344455324,-6.274373203447839,2.5740361147564217,3.082625166262862,-2.556684536577297,0.3326917534763524,2.516596587048549,1.2382998003397343,0.7545602700893748,4.170163988761448,3.973188667261558,-0.7115195865048066,-0.8233928884439025,-0.4767394603220374,1.819570488555915,-1.1049297364575537,-3.560585405885325,2.5213992568503265,-1.3972340263058185,1.7607105076646707,3.343447069108009,-1.1494607281481692,-0.8279003215526108,-0.9362752513425308,-0.8769206591303298,0.1822129520509662,1.0815530875753636,-0.4371172626666361,1.5048402197765816,-0.2799580029159885,-1.8454320504006128,-2.079818426642967,-2.113818801964534,-0.6145277923567003,-1.737465271122656,0.4374099114054188,-2.2244866303951323,-1.3922176610279056,-0.0466451378871936,-2.3256682390131878,0.5997930593385781,0.9021134943134212,-1.6297476866915104,0.0479457761929152,-0.1348526711354266,-0.5845370751941941,-0.782037904591145,1.8817111735099663,34
-4.014337237741437,55.89347728284462,-10.406355898457676,13.792124693325183,-4.124861788213174,-3.162580669311452,-2.2847824505643395,-4.177730985837828,-5.147045200464243,2.7752035262320014,0.3954132834259263,0.115701486399701,-3.4163417571621104,0.0062447150982109,-3.80290095064424,1.6333194848595227,3.1503896282988646,1.8535509383661863,-0.6896181586868662,0.4786919843409488,0.5222204082543204,1.224124359107948,0.2300272122092648,-5.720919075550233,3.416357644755798,1.3664117557776898,2.4044804484845805,3.1839969498370837,-1.774652959568834,1.486989880965695,-0.2354783382627692,0.0202525283938968,1.0764673729303664,2.310400854356668,-0.7117203786169464,0.0657267991055168,-0.6454934350493307,-1.8803053980611195,-1.8478090458852523,-2.584944112179716,-1.0961960978388725,-1.0753657506845165,1.6725745922581268,-1.762384154211753,-1.6916932737087709,0.4353022785711613,-1.303594603167251,-0.3553929503122443,0.8669890257301226,-1.3853951886849754,-0.646351706006711,0.4140780768666107,-1.0397365812420745,0.3419015450187986,0.0988022020788638,34
-15.485304326285677,33.425900322434266,11.960953416278318,9.433604632518191,-6.576765333255472,7.860800390657228,-11.340657120825536,0.1651116812373637,-0.7251026473232469,4.615361592011467,1.51334253846107,0.6409267337913169,-4.051955658498357,-2.162197424038289,-10.246684748968509,0.1404404453947211,1.0464809087422882,-3.721565761453165,-0.964872560385728,1.3266135503703615,0.4061383637428356,-1.0549166018509073,3.250499384877492,-6.81902721777726,1.769843203324619,2.516543861772836,3.4722641021523164,2.881628007747601,0.1838227629185844,2.1242743331793195,1.3772078060394783,2.086393399482408,2.1974329714401044,1.419887740631346,-1.7042291703361254,0.7922087931989944,0.97338523256619,-1.247580329137112,-0.5692759108980281,-1.014723430875029,-2.772239982163321,1.4706899149239403,-0.5574451152873096,1.9847391782516943,-0.5146910775707787,-0.3900790797161478,0.6699773944338807,-0.9691260785148051,0.7917104333571507,-0.4248921279200766,-1.7505204952999125,-0.6562007929222489,0.338409932592649,3.3392767858212795,-0.3417877122426043,34
-18.844529008525413,31.769151068634287,-18.069279694856665,-2.1626132234575755,3.6166729940619824,-9.135853227696751,6.786591280056679,-5.51573568471562,-4.63252539884093,1.7248707567923185,1.9382553399441949,-5.36461166942652,-2.49585783066053,0.8359705066982968,-0.2877845329768778,1.5642125278842531,-0.3449370698659923,1.612899493062975,1.2974097340524384,0.2597071307691024,-0.6875540973813332,-1.6445455585296271,-3.397960960422469,-0.2532598091534981,1.007533732543552,2.470707465479198,0.5969155476280692,4.481443256534979,-2.013678831891187,0.4221374481688927,-1.4100031640459791,-3.260225847374083,-0.5604527936657732,0.4496321915317842,1.3570475528959791,1.241727344647815,-2.144049577989229,-2.093979107661477,-0.3575736399620625,-0.6704248504310039,0.5177385005854447,-1.519437328712332,1.0304215637880012,-2.407993088798262,-0.5949088910422651,1.7302911766196918,-0.4066956190024712,0.5887681596416023,2.334978009686984,0.9796159662328572,1.4395289116064254,-0.938376834317132,-1.3421702771547717,0.7317741988776333,-0.1009716017588024,34
-18.75283587766105,38.93390844019488,1.3507606917287136,14.478482793889295,-7.156004177589377,2.2908368827651704,-4.257738746384836,3.211291098164525,-0.850723534679805,-0.628881154612986,-2.787974129643412,3.888281624880056,0.6903316354487479,-4.328397776818867,-6.92153850165747,0.7777723329655662,4.478826486043336,-1.9827233130945108,-2.0179178253102203,-1.1610109056495466,3.836092969988362,0.4907803899745444,3.091297191991465,-3.4961196553184366,1.4465979644105462,3.942406120186869,1.3403958404709666,-0.0802586936954793,-0.8209326584412386,-0.9918237713460082,2.2267257287381117,-0.5430806092398478,0.4550714463864292,0.1780919263209296,-1.9513879994473295,0.2023389908089061,1.9350597358480852,0.6234631478768683,1.1962806594314304,1.0911711749780075,1.5437908746384987,1.7563561578022426,-0.5184835940789493,1.4198084821684798,0.7444413037994709,0.9239956742565328,0.319296446393693,1.121722963694311,0.3999331794524884,-2.169972968437547,1.2128245818235546,-0.950454234982187,0.1806746776113332,0.905264164766464,-0.9732018522848128,34
-20.305696303940906,36.707172944784,-16.59392519462883,6.194641145029154,0.7184538018875664,-10.119723470725674,5.07177760848608,-2.8045212491023355,-3.9428389647424447,0.977640070120239,-0.3104985213161785,-2.6079403699268453,-1.2601803997661782,-1.1580006485634908,-1.8310887225830088,0.7333557421141489,0.9249403862172132,0.9453042898273296,0.2015997930636213,-0.2396636412489731,1.5070905105835075,-0.582180053847407,-1.2656394290101984,-0.707744302914158,1.6244063263767623,3.846329875295391,0.9897610569930752,2.680295035633363,-0.8291585888670002,0.5478073352006934,-0.6831948494032116,-3.0670470849942286,0.4180505305715579,0.560942738957999,0.8091613756579402,0.0275813445773333,-1.87470723681865,-1.400140760947471,0.5839896618741272,-0.3140472605695451,1.7001617252324264,-1.495534450049793,1.6000019292452252,-1.493561406269616,0.1065427117501396,1.4878700186480776,0.3045067661875121,1.3530044470497131,2.1551302355937296,-0.2468125435710891,2.2384322690549445,-1.0951984251074736,-1.2854822459913895,0.8207960144915007,0.3073846733596062,34
-47.97625083943764,-8.410338982216675,3.140929171679013,-14.867037552040722,-1.1050568998956014,0.7930682264163901,0.918824566678986,-0.3960524294199482,0.4356746319589982,-0.6327482546087296,-2.735858746802128,-1.2518818057465089,0.6031902511128447,0.5717433108365694,-0.2660551973057319,0.3323360309649392,1.3023371386460414,-0.4876430814091462,1.1383859660987163,-0.7044466058225802,-0.3196901940711165,-0.9272925521746976,-0.5582430581770176,0.9973884140756272,0.3256337237056111,-0.1457380475499051,-0.1873736649967433,-0.0391950452763592,0.2683635104213467,-0.4655502074272363,1.7626675232860691,0.4066488733605514,0.9773621433694069,0.2530235417014926,-0.2837032364461442,-0.7894502461949199,-0.0807840947762478,-0.2003549224846199,-0.0697350563819442,-0.5570256007271283,0.5160606434543255,0.5756992415776526,-0.3867454277507471,-0.0405055060913789,0.3424738872509808,-0.292322696763459,-0.0977673790857947,-0.1505796739326159,-0.5444406325194895,0.3827963155619737,-0.4467909868406435,0.0353066978130829,-0.4050627033627916,0.2718268912084554,0.1418752273138059,34
-30.52179685713385,25.712779337035364,-0.6347603335034537,12.704140419235324,-2.8215807858940134,-1.538166707859027,-5.6216101770571365,11.049066437940182,2.230646225976287,1.4918624774922298,0.6468591419498386,3.3786649477509494,-0.4488474650658284,-1.8557035031887896,-4.933479120127777,1.1710301473048506,1.004304163028422,-1.4836374856092358,-1.573855638581844,5.242067535080776,4.633178149220215,-1.2402453045741884,0.7684822958346881,-6.292411559785285,0.5809828322512544,2.0258090172380654,4.606581556378679,0.1864471271128294,-2.054308983713343,0.3655634928111078,-0.0570834982075171,0.0438078221305713,-0.6362391422854196,-2.8465028378746946,-2.418748750992987,-1.3396486082313857,0.0202720956220097,0.9914078056115802,-0.0405282921338554,0.062753198933076,-1.5124582130925586,0.0733368794878726,-1.4547900466578352,2.139383829665191,-0.0385040153987263,1.6462504497402008,-0.8064963632372447,0.2477974839277693,2.924884234640155,0.2008400864159792,0.3066427098083793,-2.641852353546778,-0.0542416230221273,-1.70702125190134,-0.2664979916692215,34
-34.95463875465767,11.866919485866816,7.79450846337736,2.648455699992035,-4.523429983873867,6.053648207509152,-5.413714579269177,7.861425144129339,1.6539421573470292,0.876603301972812,0.1956478892328381,2.6266525459166163,-1.0990091760856433,-1.977245403518756,-3.703854060402711,1.830057804432476,1.84626495894714,-2.6263037570546817,-2.2478810553785817,2.9720307522010865,3.590022443200892,-1.118544699505987,0.2978482367864013,-3.8260271576107767,0.4791157314500865,-0.153649748195637,3.61821501551318,-0.9410514396397124,-0.8412868503791046,0.1583202028670096,0.2852897511918111,0.5156397088795939,0.5802489127417272,-2.803881534325711,-2.279184625062111,-0.3447938530864791,1.7449652343928708,0.4719435148302461,-0.5445410804899797,-0.1120340401842606,-0.1995221839492927,0.5005741261851689,-4.287057993737174,0.8759507941268745,0.3524386672310014,1.821218205623113,-2.4140279857348323,0.77228178831314,2.4947511852382247,0.5795067899926551,-0.0443925491697793,-2.539099428335853,-0.1733804612997056,-1.2183610735083434,-0.1762944952899273,34
-36.23531887732756,1.5925744008738152,12.215755422423888,-3.195316012038723,-3.067480005024721,5.91662640668777,-4.249356034097047,3.2102320289051325,0.2962462005265062,3.4835253312053216,4.668482213305629,1.5153695528541706,-4.315222923210517,-1.2640263470332218,-1.3856421787813542,-1.4953465594928066,0.3811989204049411,-0.8325847879168127,-1.1931606875792224,-0.4643131717419966,3.7704743519763433,-2.2665407358967067,0.195489402751884,-0.9306767261500376,1.9599190653599128,-1.6229617026255787,3.851871126173805,-2.005756809698193,1.768824108151967,2.2670416192014926,-1.1081867465459372,1.8488681187210831,1.196273848802495,-0.4917443729981707,-1.802999601362472,1.3008495500719133,0.8572307848727364,0.4026449445607675,0.35535954839914,-1.096908816842214,0.4160736224510077,-1.3251276000837326,-4.022730756711186,0.5840179391609784,1.180210967978689,0.9625119273010272,-1.479750835031388,-0.0066072159221836,1.3058612169062824,1.1765225816906577,0.3418193582579885,-1.639653578094609,-0.4312491100086595,-1.0272697571642364,-1.4566720948447949,34
-33.855718812835526,20.15148022176674,-15.306270915752748,4.70497345049398,3.93703538039563,-16.001939367953383,1.937770349924516,2.7943017288022625,1.3559552520849725,1.638357384232762,1.0186553346660578,-3.0819959896015447,0.9764646149896202,0.4162617990743211,-0.321343448778264,-5.008824227090464,0.1409340893294619,2.2502050005953143,1.8097434600215163,1.6002071992782818,1.1083344577749887,-0.5217490280872454,-0.7453693240229367,-0.8338623904335924,-0.1549957445347382,3.0947076765318,0.408070027663415,2.402053209639386,-1.1713152132731546,2.459545184957369,0.3963380303611461,-0.3671844349374713,1.1584848064910558,-3.3826851155326225,1.4140111109952578,-0.3387537272953855,-3.902512056293941,1.0988828453273556,-1.9757304154821091,0.2003687968449529,-1.462496655310813,-1.3923575956303471,2.008820738937412,-1.663168031398646,0.4679970473416143,-0.4247977169233117,0.9665221301947204,-0.2052941045430909,1.9149699259700097,-0.9239685358668196,1.5208847275200732,-0.6775854545455128,-0.5791504420725282,0.5082301360402935,-0.0028243380345285,34
-39.23925524021176,10.210359543536514,-5.764415152426457,2.8666736385350253,1.4552902214762369,-8.964555955345924,-1.097961811258726,8.572023405004133,3.3522143957114534,2.268874188366472,-1.2718253424260693,-0.0044368354666066,1.4188802293264664,0.5296973165341077,-1.3421676900660489,-3.4587658006018493,-0.2675323777667378,0.0899142685604343,-0.1719976342909709,2.7267377990827595,2.1122871807912014,-1.6696353294038169,-0.039562239760366,-3.627886233578549,0.3398672102419938,2.2902177342802386,1.814389078370399,0.0116968515186896,-2.8711916119601213,0.191160681849097,-0.1410358593787918,-0.8525015717799646,-1.4682048866079975,-2.7761898324472423,-0.8931019189722754,-1.173561031923064,-1.5673328675591844,1.550570485423646,-0.3978428602991382,-0.2005265993649323,-1.777102890341172,-2.0700194283758093,-0.224745308779185,0.2851129777999355,-0.241869512687639,0.702869734435319,-1.498373141394109,-1.1197172459476086,2.314907631838069,0.2810359210891459,1.8674390096304672,-2.512862063095006,-0.2060030781774625,-2.311366222943248,0.1018733672855698,34
-40.86568343723496,-0.8867899555432447,1.0345757162080504,-3.9790893735319406,1.1476244823013608,-0.8057185801459207,-2.377962000193035,7.5106005449422515,4.015340897852808,2.4660484268072875,-3.5660339908619805,0.3423977853123848,0.9433442683508084,2.42513609425872,0.1684869594562529,0.4011394877725755,-0.7045131442972488,-3.3056150437963523,-0.2307036523016195,1.304206640493579,-0.4885149655640938,-1.7539976356086808,-1.1102931477921736,-2.983108731900045,-0.1898971557839459,-0.590045887786472,1.9804690149814808,-1.658927900216765,-3.7054023439985593,-1.9840514843479389,-3.175322136148642,-0.0699227748616848,-1.7027369843456484,1.355906604525259,-2.21431486434131,-0.3619083811481396,0.9753485236256956,-1.5162932624952892,-0.0077755214706703,-2.53738243332165,0.1358860076634604,-0.3450927924049917,-0.1906042756794011,-0.6878300925715938,-0.8625741766901057,-0.9855966024819722,-0.4841173683960273,0.9474292605362588,-0.9795346162284884,0.320161216206944,1.8425132837629024,-0.354876354945811,-1.65988022640751,-1.1930270774938598,0.0790118676209159,34
22.82078717655569,-0.8670462869584072,1.734179070671,-1.6398138601789816,-7.554133839443909,-0.1977209015791839,-2.6520869632216035,-1.7966845128008415,0.6935130819262924,6.357018506012534,-2.532192451485217,1.6366438795377956,1.564790133005988,0.2673624092236548,0.8461821734616135,1.1256440259167737,0.8352401599833184,0.5238417153487372,1.3966036311869754,-1.5730630741167475,-1.7522440769183971,0.2013879745447367,-2.227310413418469,-1.691467743986402,1.386443528078362,-0.3377178199401937,0.601370279393873,-0.903235658952102,-1.1874290006804291,1.3344437576886188,1.4317387938983095,3.2666854207517684,0.7528739422240114,1.645080216972162,-1.9862713190344967,-1.037404397402631,-0.294666069511991,0.6206079357443186,0.3294334591852653,1.0285081201347877,-0.7479696354998039,-1.0185610027945282,-1.7377680361348662,-0.1803651105402372,0.9594176667935748,0.8785984264775886,-1.743671127234518,0.140441495783772,-0.8549773363632345,-2.2283290848271307,-0.0215114443105225,1.352975909616945,-0.4828782920627185,-0.3982822332238707,0.2996620092966541,34
46.06573830171341,-0.4106847672677569,-11.999443083738775,-1.9386297409567996,-7.295814371682884,1.894712756640356,-0.1274429548172047,-0.8964425954652214,-0.2572396356048909,8.499808527434126,0.971944199110054,-0.895681020122792,2.039427646789488,2.9552929382395337,1.9334380447253576,0.4925417714471788,1.0972887488090062,3.3298267720704846,0.9652728507609112,-0.8878745045608459,-1.6911021095553618,1.220457721219927,-4.690094555220129,-2.4190721807358644,0.3011152510265247,-1.6464997212458858,0.6128141841242254,0.1956904956490867,-1.4360380656538194,0.9688736475828804,-0.1476672211891369,2.901096200357549,0.1647592527965276,1.0229702465046482,-1.3670836011476917,0.7431158970482569,-0.7312308978223587,0.3713596997338897,0.2478739425965112,1.5132305375127948,-0.6991139505473024,-1.229021961035432,-1.9790517550404008,-0.3997709559099627,0.4040523926024901,1.113882652107043,-1.8877701258268664,-0.2274420953867451,-0.4023508889169904,-3.012251341005849,-0.8391781380922096,0.9557012725502996,0.1320841342899785,-0.9845928778593724,0.4345510509934476,34
44.434158629917206,-5.708094671431559,-4.965479264162626,0.0072173838649756,-8.40975673768083,1.2460116837425008,-1.5339955585284872,-0.9475869801462414,0.5695227553505476,8.375039634166315,-0.632090304452913,0.9367061395484604,1.7801518911993404,1.5640524431837806,1.871959199092232,1.0459161038553124,0.806220242298905,2.3084553508207537,1.5083873605101126,-1.490452686358509,-1.8853296075430424,1.0863296746960056,-3.5594377514634816,-2.201661363128814,0.4682694130409638,-1.4236718178430892,0.4970351278462538,-0.5610769794064419,-1.43258141698925,1.299696457176474,0.4632398390126344,3.9500787125486063,0.6734581684253801,1.4123166627786363,-2.006286058905688,-0.2519881775718661,-0.291522850886453,0.7634395545321371,0.3684496542228225,1.3704058592512771,-0.7410565689560388,-1.08967142713471,-2.079403182761913,0.0799934146548031,0.9774548624543244,1.1881523572259631,-1.984501829699916,0.1792617249223072,-0.6677591172580156,-2.9265925441285923,-0.5128539427616733,1.7868735944910266,-0.2142265042729571,-0.7982096974577483,0.4097907968104956,34
31.59640060953468,-7.486649497679495,-14.986152218982776,-6.955195262056289,-3.101074697850148,4.907509147377269,5.103837346584263,1.6698480826091855,-3.694284373809292,7.535683908126725,1.521351178452885,-3.19341773363151,3.857079393595938,4.463615020099764,1.3096301112051558,-0.5578960737744583,4.409543347819755,4.525012950124714,2.552723841540122,1.2979582208480906,-1.1270635258521529,3.270882354089154,-4.708324001977247,-1.8703380370743103,0.2176572644984119,-3.039957994588165,-0.4871507363492692,-0.6849918236991114,0.2067100139975031,0.1344656241567585,-1.3499568253578689,1.5352969337580855,1.9791835397839623,-0.3425067554157166,-0.7415218318122766,2.399063795850888,2.8469267111145844,1.1096509568462487,-0.1449623322859616,0.0129033924933328,0.551242962344002,-1.2987821615979254,-1.1707649296090417,1.0589505732532989,-1.2438394057640814,-0.6127809226308862,-1.3014973203446665,-0.2723033123264846,-1.144590250053989,-2.4576909235263877,-0.8834743055467409,0.6475368245424411,-0.1308556920024285,-0.1701519024668775,0.6743941638835461,34
39.96590660942255,-10.044902605935755,6.204090266824247,2.134651638294646,-11.84653706983005,0.2535837544565166,-3.378176681625081,-0.3470188573641243,-2.8417792274463105,11.595172777892513,-3.2266838042127635,2.489876285360885,-0.1244899765604763,-1.1846606689954262,-5.1527667838296685,2.425314399516178,0.0106967266674209,-1.2917747969895406,5.918458628463873,0.55741336283008,-2.1339685535756483,1.855198346073712,-1.1679148333158489,-2.850637836048648,1.837592331782922,0.8396173867135291,-1.7196185337917829,-2.743017688634075,-2.64113276691771,3.887829984684872,1.1996958840081224,4.611459494238633,1.006971851297585,0.7962199146198924,-2.6324853464274622,-1.069773311803381,2.091198315900077,2.939421511534406,0.4982820352411486,-1.3963493477532656,-1.404119575544982,-2.7280252599965222,-2.7955825012836315,2.79884046220083,-0.6727791136019198,-0.8585213355299959,-1.0242887158487988,-0.5678551647612059,-1.6620372185903614,-2.5084529425980566,-0.0057134584200885,2.830554508062621,0.1235924122924504,1.1286736397752348,1.5728389280070978,34
45.55863621820456,-17.865737753818397,-0.1391317410913065,0.8977913132990114,-10.078158915858456,2.080119775716013,-1.055417124035083,1.2690951219736664,-3.529427862662125,11.639454657345896,-1.824046338682057,1.537071216692146,1.0811471291947952,0.7750989896002471,-2.451195067427229,1.8604615472059165,0.9394617335096084,0.5053633839293479,5.474273880074232,0.9059349599579094,-2.0709949337439606,2.546804915680829,-2.013425834436608,-2.6591981119476227,0.7427522128530389,-0.4970044104221087,-1.9761874293987447,-2.5960173058525973,-2.375677662142795,2.6225524986418525,0.2831831461598779,4.656379855717312,1.8875848654973253,0.096447002841881,-2.2627414725981003,-0.0592552915932671,2.5533723587953103,3.059225077948712,0.6090804872201668,-0.9896688807802156,-0.7274709417623141,-2.0012790915425653,-2.7664964058328114,3.1938359547967123,-0.5487767593350271,-0.5681571552988656,-0.9768700936473144,-0.5315113591210091,-1.6289192922328548,-2.730527245391281,-0.8128430873936792,3.177721031281313,-0.2455619514180063,0.8298372672980859,1.4999920486469294,34
36.8930379132202,-12.89343773701146,-10.367094862659394,-4.486905913711434,-5.073522848345006,4.6375437643315855,3.759821907288664,1.6990354350347383,-3.117478813070752,8.763074040172857,0.5457528462080584,-1.9871827169266,3.063413916935824,3.135889522424037,0.0976275776808006,0.7869577775129541,3.2803108552223765,3.603632538589901,3.753244132807907,1.14832854070587,-1.4753170006661886,3.125702495981897,-3.880867796609055,-2.023518977483581,0.1212819693390065,-2.649432177802548,-1.0436345386223789,-1.5598381204851253,-0.6336863416102342,0.9403491324842854,-1.1123916834107603,2.480024814084584,2.090938286908892,-0.388161341700144,-0.8496769945064375,1.3796750095284818,2.9300589626212235,1.976321184147935,0.3881003797869362,-0.2885182523229729,0.5798215585827707,-1.4796396741805724,-1.7423926810511827,1.9598089987022096,-0.738386761953804,-0.6056692451257729,-1.1661753555705263,-0.5415308154261421,-1.2139670639312556,-2.3904626309024644,-0.9298987096683632,1.433199008655137,-0.100771466128779,0.1459860800618741,0.7465304337158315,34
13.595624302697605,-16.577624745573956,-21.402943909696685,-7.687806533507564,5.093236139107739,8.041131451337264,3.779945315611574,3.959577903969328,-0.7827885509733677,6.796757905192616,7.275258553566876,-6.585031464860187,0.4897018365326988,2.204420697547905,-1.9044144484836032,0.9408789750140674,2.704449815284755,4.83943545745834,4.528191760218732,0.6632713100421516,-0.9112882478370052,-0.2568152032727165,-5.770646338273427,-1.466333011695522,-0.6945069345336343,1.7656395536137075,-0.1826984369562361,3.105702574606225,-2.0578960032552462,1.0309365050804096,0.0947354233272266,-0.6462289141119685,0.8586263947335249,0.982437140229212,-0.4338002234687156,1.5547840942238609,-1.579886033180447,-0.2405523366102106,-2.1831212205120503,0.8480649511958004,-0.5600587830035048,-0.2028725502573707,-0.1396221924094432,1.2899390429767654,-2.017330537263137,-2.220270539712719,-0.7110167270491835,-2.0851442355678067,-1.4620037664793526,-0.8570670262743112,-2.357065085209984,0.7466824675816258,-0.4404587482875206,-0.480545264421047,0.957840847433016,34
36.72013432462232,-22.18754453963028,-5.4967967879939135,-2.3350685265412627,-6.859953722634283,3.757276513688252,1.8104526622164243,2.359994815114544,-2.583794628302942,9.738560129729802,-0.5823402327730768,-0.4543150561170586,2.117918343850824,1.882620197928318,-0.5045239530715134,1.337414866665454,2.0224539510731723,2.280471244581128,4.77396476853737,0.964841566161466,-1.7151101405103115,2.680588845652216,-2.903647444450882,-1.94732410226199,-0.2559996001308716,-1.829836806084935,-1.7459939209416644,-2.2769476425738984,-1.534261251381463,1.2747341185105294,-0.5968819734631755,3.5778565878605777,2.438258045499305,-0.5120281555794279,-1.596982223895692,0.6396548619724998,2.7426870964746595,2.937935789815985,0.7211575210683989,-0.6904570885196335,0.2937377234751817,-1.4322595055999965,-2.349207078868053,2.8017445205715283,-0.3585352614976058,-0.4956681071291745,-0.8788394052157057,-0.3049487466933926,-1.1224157103649932,-2.20887362493766,-0.9720975293691366,2.5876203506007074,-0.5130026710478074,0.4266017629808762,0.8518322563401375,34
29.51782962444017,-32.91385983171168,3.574212830231947,3.66773738047862,-8.43127281408883,-0.8776171077166316,-0.3540581914733269,3.198813710080728,3.1405069771066563,7.666599399302167,-2.327417510999672,2.333323855109211,1.6776590140506074,-4.67529813572661,1.3319261878036714,-0.623537421395044,-0.0019363897061025,-0.1777718182930882,4.684736841705266,-2.5310155422172307,-3.015112397046721,0.910709484212318,-1.4053733036159877,-1.0024734903502297,0.4348395099424472,0.1573190135899409,0.8311428396654977,-2.569220547115448,-2.061158269463527,1.1683436936695797,0.7394662491388813,5.017707412633155,3.285843210249367,1.2517264725287398,-1.9227864270892627,-1.6027974903664584,0.4089375533354975,3.7190255496380273,0.0861690122376719,1.4694950372861422,0.6188513083067634,-0.4846690936951645,-2.664345751534736,0.7219319383195806,2.387426717231863,-0.0927293208327364,-2.412452641880041,0.4761061267799876,0.7200807655255828,-0.9055785409603496,-1.1805955822876262,3.866921794777348,0.3463536872656069,0.7120903513897731,-0.4581666783586648,34
17.55616011273327,-27.603680869279312,15.29762484927032,6.159810400914985,-9.189405011588573,-5.563754555892747,-2.894490885243005,-0.0500884247398205,2.576095494120428,6.330136290191501,-5.738848066545366,3.763989006376919,0.769021493069229,-7.560783372149278,-0.4137907153169008,-1.0671900443054938,-2.14596288461668,-2.83672489004301,4.346231661192048,-3.3200139298182285,-5.137309916920899,-0.950491072251362,0.97122424037069,-0.1683192038749626,-0.0062880039510729,2.689429179141794,0.1312683279745697,-3.0675747574296386,-0.3571753212573788,2.45469600648206,1.5292836383944002,4.3876481006824415,2.433089263214529,3.9537499679468566,-1.4533304846472157,-2.944329611959841,-1.09246267843504,1.0896236537063804,-1.2668855505673566,2.1900606489244816,-0.9331882284018744,-0.7947599047256416,-1.7615583943325748,-1.903231145676914,2.217609450615545,-1.1579333117140551,-2.387718646097858,1.514872847441174,-0.0837981256858292,-0.1578442647147822,0.908433163221562,3.670800981096021,0.1416013959808928,0.85360572422972,-1.2618351196027335,34
-12.494465138863063,-18.72029051320577,19.843752281452428,2.043225798185935,-4.419322659274018,-7.541449318812436,-4.18154786718792,-2.3504534609105723,-4.678968331477008,5.411124495374524,1.2216304496021104,-0.6472860877786799,-4.931993907350898,-4.180817881738721,-4.7542530822956,0.9352760812032584,-6.202115202269949,-2.7059341806544475,0.997218703262509,-0.5620097102592825,-1.9001926214264275,-0.6107471617099154,-1.1648015223404302,1.563901017436241,-1.7866667090935635,2.485715473331767,-1.64295072335454,-2.650626311487659,0.2785561016424456,3.107171831531302,-0.6339158057817907,-2.035004610510046,-0.3271268948544746,2.659676365715159,-0.1400433867762665,0.3969539003336439,-5.103035940506453,0.65183630466466,0.865684604128861,-3.2220747265658893,-1.9538889964384063,-1.9400592274096264,-3.406847790446146,-0.4263387153912667,0.3537062301518727,-3.1758820252946736,-1.452079268164063,0.8961237731902202,-2.046126675005428,-0.461959401202819,3.168756930157663,3.263042640122341,1.090745169946049,-0.6059633722681238,-1.882845218757794,34
25.710040315787907,-34.00296200087946,-16.600146403157684,-2.786861235755727,1.3655995949324735,7.038771652795241,2.065566130585814,6.14934476390614,-0.9308507205563512,7.833533117849016,5.61526993217632,-3.4356655413817747,-0.2940174633853349,0.5676491087272909,0.2993693320727267,0.7328771999228283,1.3084322450444923,3.847078629389702,4.277551906276126,-0.335614728693271,-0.7574882993703128,2.6108605291779066,-5.776130839630085,-1.0234770786571772,-0.7393294740101631,0.9350991248334158,1.8325624635558049,0.7648841688179785,-1.5596975059006966,1.347821692714087,0.8672884176715825,0.0922663306819472,1.6901153271906488,3.087888242772945,-0.8191126008154291,1.2252438847996696,-1.027442022101973,1.815982424221648,-0.6932777851265409,0.4507917067592507,0.5185652970320599,-1.4508355548254612,-1.1211837598189225,2.706183541925626,-0.3307521745074542,-1.5848697648423908,-2.521556759087756,-0.0688597301218084,-1.2433529932395115,-1.4625015876906586,-2.925343565932665,1.504987215503599,-0.2133742427785601,-0.6283227291412494,0.962922219530528,34
24.574008374986583,-45.44291321900516,-7.636639730768497,3.6066483833869327,-3.012096843580921,1.4192984306822207,1.0447482849563967,6.85609493699432,1.7073751395219396,6.865557535470537,1.4466502197235274,0.1633058946901093,0.298919284467204,-1.5506099091222303,1.5589376132373731,-1.011942251318267,-0.1316763142082855,2.237838011919777,5.208877754580091,-2.6068610023243752,-1.425483577223785,3.126344782482504,-3.2324555603775544,-0.3832298779540479,0.0089266202666284,1.5004961117026403,1.997615480568813,-1.1747449098739478,-1.3327779970795477,1.4403251397097427,1.040368020983108,1.0840312262466671,2.5147751187750127,1.919791002841609,-1.2534468723629553,0.6679758895546865,-0.9292544147046582,3.662334520881863,-0.6749082851247569,0.2132773783355167,1.3635495262365116,-1.3464136412437102,-1.4556914819612712,2.5263805013914,1.2700249251947926,-1.214968169113271,-3.277617892439655,0.9926464743919192,0.269915521681379,-0.8534683700399143,-2.327483791739049,2.415907039439948,0.9591993144802842,0.441194302728573,0.5240872896317401,34
-0.4501848144175417,-34.28565477915476,-15.768928498437212,-5.135847829230814,4.224439317785635,11.94397833898384,2.55353033745199,8.707508539068822,-0.466419738565016,0.6787799926183363,3.969586031735041,-6.211132784293801,3.047034783920937,2.743108377036616,-0.8997796143489141,-3.5198618885317368,5.887908927521003,5.286224010438484,2.6805977359184694,-0.4099345767069724,-0.1827279162341022,3.19357538554045,-3.3538381398597696,-2.1132063916211488,-3.657571644127912,0.6567460994305067,0.8119162977657274,0.7532084892874412,1.1486642763883674,-0.3395383688271057,-0.7072185880530012,0.353627984747879,0.917645720271728,-0.3639740038858217,-2.676232185283258,2.3344329627903933,0.6389306625575577,-0.2155393461228178,0.4078984890774739,1.749821332671616,1.2785215718405094,0.601479066432745,-0.0212467407213943,3.495546384621369,-2.140757935736445,-1.6109913717405662,0.8720812582577521,0.5199199208733353,0.5600623038358297,-1.2293470678534006,0.06969161228196,-0.7278973260948207,-0.7846372495968166,-0.0303193929112605,0.1984477196796163,34
11.666142035417066,-44.97795017761148,1.7806269439400635,7.820812687173513,-5.397173957652655,-5.639785075706,-2.4375894343038724,2.9325284024118896,-1.8813051638575584,6.924429717881576,-1.2692754451083896,1.276907971372622,-2.4470662719674032,-2.745715262129538,-1.577401036929929,0.9232305964411612,-3.3619546112257543,0.4719269454609447,7.161453468078393,-1.4949592353852763,-2.9429332166935604,1.7593778904676165,-1.1321791437091984,0.1714873958688908,-2.820901819755737,2.5476406354811005,-3.322273622573235,-2.5132824293077816,-2.0463512228824,2.6412561707724973,1.3965947633694051,1.7271327226529347,1.726543565911311,0.7614449408932323,-1.724940871971323,-0.8994726811229377,-2.0263700074293123,2.2235592038450696,0.8652788104922897,-0.5455205654257892,-0.0534685995606646,-1.545326822080479,-1.6482999687822282,2.454558598685573,0.4457109751729869,-1.6033704847602566,-1.213722479712357,1.6336068992650166,0.3984762813909639,-0.3467707886381339,1.6851537226870137,3.0819360273237364,0.1768085999714119,1.6502252951680842,0.0232292611577459,34
7.099225507406368,-43.23783763450904,-13.712085672284216,2.463279173293267,-0.5936169661116952,7.808584429825577,1.2761909606383293,8.044404910983916,-2.496554355829881,4.314219246237121,1.9892009645899864,-3.257200013770281,2.531294269693316,1.4732237330241384,-0.2374817347984347,-1.298487372163578,2.6062957246246485,4.428181366691399,3.739807784045531,-1.2645438455051552,-0.577223167617378,3.554357752012464,-2.3144464048603504,-0.9686395538198976,-3.064427035367475,1.3499266290252674,0.8870279448629619,-0.7980145292897388,0.0224278958261615,0.1709574852273774,-0.0285998613396934,0.3284192635463505,1.233474921313739,-0.3200724227597951,-0.8764242216644853,2.288680178762082,1.380135582358276,1.4073495274076788,-0.0328325912416056,-0.4248358253228571,2.201823569469681,0.1565729741888387,-0.8084803799524536,3.5413891782683846,-1.6763206598730922,-1.4799477970816264,-0.5802075965714516,-0.4117877335158512,0.2578049390182647,-0.4080135484084776,-0.5199913210971681,0.7596791266581107,-0.1953091476685331,-0.5093194681716631,0.3238075165415688,34
2.1009384644730025,-46.04236467593928,-7.646449397799283,9.211459934119034,-3.603336191848185,1.6517967129978863,-0.6888970726103477,4.192484937230559,-3.009020970507563,3.239909927411236,-1.2170583677592226,-0.280064754745104,-0.4747547768229002,-1.866484918961364,-1.3474381373595594,-0.0758341978184464,-0.6184019646617304,2.012055603362076,4.824494217303844,-2.0091895021765787,-0.8638627983405095,2.9886756017136085,-1.4249066204166374,0.0175264060320912,-4.2929620879528025,1.945910028710008,-0.5735143245796949,-1.6933301569168948,-0.7251307915636814,1.69520864933452,-0.1230233786133234,1.6324607884411522,1.891695048385678,-0.0379423727485255,-0.9599345592758712,0.3300738983151565,0.1030315098443771,1.3476037648700765,0.3393064118112348,-1.3306572719486065,1.2620187914751202,-0.6647761430526689,-0.9150915639231416,2.8498904446178166,-0.3769566555874067,-1.0565308973262864,-0.2264236371985245,0.6468917212932207,0.708218585313664,-0.5216475015373898,0.9146503384275998,1.3164884398835028,0.1526906541292177,0.8619522221115017,-0.4874554778949311,34
-3.8209763280973297,-37.04804406177559,11.262416603303404,7.913283241826098,-5.9170320876715845,-11.827974625258287,-2.1365595046471326,-2.4183801566585945,-5.061308324588125,5.266315878412431,-0.3463396896470255,0.9770282930587402,-5.235865043657002,-4.6028710872848055,-1.3456523557101492,2.6987636089103995,-6.377002520174943,-2.1380354031615525,5.8709380504670845,-0.5217126010076485,-3.72536452355728,0.9058666107516968,-2.1270970000464158,1.1531804527426783,-2.167273557194982,2.118751176594962,-4.829884471335289,-2.21888451042073,-1.639086603999783,2.8061444157755435,0.0543322726950601,-0.4175806463957178,-0.90510726971922,2.0784750279398483,0.1323322080933524,-1.1723863621755917,-3.6356917490095193,1.639088005541084,0.7721867539949301,-1.7857831107696778,-1.331749527654889,-1.7401417467519775,-1.9799938649775168,-0.0405162890573997,2.0905154095511542,-1.752091585569537,-1.5137044024423956,2.2568969069334623,-0.0314931242701921,0.6265392741574277,4.21339550237237,3.4061728597484784,0.444548642142222,0.3536873934542644,0.898448942965933,34
-10.633238480900475,-35.656212397217644,-15.873219737214365,-0.1957992430069762,0.8909972580641933,12.88686232604641,0.0061097227635522,6.971043566639114,-0.7807064087251102,0.7152537827201753,0.694742003884229,-5.567644406574064,1.6691364643010749,1.58961741128023,-1.6264646033265768,-2.9686487307428515,3.986839828456593,4.212105883267703,2.667286203495029,-1.3494322027115628,2.202262001835196,1.7251789224701726,-1.6748562878909514,-2.608696572180936,-4.210315364772918,1.735610813385554,-0.1089836373367498,0.4650368076640037,1.3766150682443756,0.0951877553880518,-1.4016373254069014,1.339466062512472,1.1081969672043626,-0.7236141114138838,-1.589469378443765,2.9136052010134423,2.143443703383549,0.5485469095565592,-0.5604161965598582,0.460274862922389,2.058165850179287,0.8771244967409212,0.1643151157169292,3.713333371505044,-2.662357937733704,-0.9213025472981752,1.1177810509040684,-0.7328715048033515,1.4111714833650468,-0.0623711164404476,-0.704846005271307,-0.6017694128654225,-0.2931433397982497,0.681239644263207,-0.7182529218871719,34
-7.600840183555798,-40.611838917237066,0.8551597737560331,11.2432628296571,-6.377027476411626,-5.5944277245654295,0.8565685040971549,-1.072342118294971,-4.825881531701037,0.8807789204635028,-3.2438385155637377,1.7937020543105746,-2.6340142623529488,-5.191533359343658,1.2950321891331609,2.5128672792476263,-4.260934900613549,-1.1822155963060428,5.095574189205512,-2.5822114023681206,-1.7173960130648476,1.212903602347016,-1.4079122595604945,0.508388496234867,-4.036790417679503,1.7356768733332186,1.0193832705549062,-1.199963708525419,-0.987576130360654,2.041625444093518,-0.4937310684131626,0.3376646624202758,1.1444481493468444,1.8488369793753463,0.2101400848700023,-2.109149872314694,-1.4754820456014486,1.395542538344472,-1.895856785089185,-1.1032400568973126,0.7449334209733174,-1.5448390929365068,-0.5753524581448256,0.0373205933033872,2.549350358461406,-1.1603987926531305,-1.7129652620029938,1.7794242700712373,1.7516085268400174,1.1689249536058537,2.292981264992051,1.5724853948662527,1.1566885054671634,1.5647650532498512,-0.497372615797228,34
-15.258217268542149,-36.19560609630782,-12.007448229511564,4.237076078435451,-2.2326383561631635,9.090766898365054,-0.257963197890584,3.756130720747128,-1.7623219313097211,0.701568364550241,-2.090999659847358,-3.413728209426047,0.2449782424792321,-1.2176356924830136,-0.1181400347346651,-1.2047257996198644,1.7043793098222189,2.5875767190919965,3.305927363705832,-2.330763310662011,1.793722240695968,1.658049996686301,-0.9399612076424736,-1.4043142850702373,-3.981963951281645,1.8433265106614352,0.1491661581137425,-0.2055545491729131,0.4368113035566218,0.6574705729465806,-1.4301588230892228,1.505199171748406,1.6370769040051911,-0.5733806851697197,-0.3559446231241661,1.5825752578206247,1.7329070934457806,1.068125319063063,-0.8680888063093607,-1.1172362813251713,2.075268379058735,0.3871858080939898,0.0660626497475253,2.379586524953953,-1.1697744009526925,-0.6930277969970892,0.4196815782038763,-0.4110349211097081,1.7523395395143828,0.5346716351108753,-0.1523448850953668,-0.2055862793224495,-0.0082160487346643,0.8307731734758369,-0.515384377344123,34
-18.7144524370252,-35.591939036661124,-7.164395904017254,8.525643390362625,-4.443823663237873,4.434185431951892,0.4633526703532238,-1.3798437086580777,-3.4551844628906534,-0.3157442717768965,-3.487187275659967,-1.2380329488300374,-1.9044484852941963,-3.6136156649795454,1.9504738471579848,1.083515120190668,-1.576949756822866,0.8674444922484366,2.744342797057981,-3.413052327740973,0.8656581664425401,1.719619976488054,-1.458044181244948,-0.8403667640568541,-3.93053763734909,2.191783976468077,0.8026681817721162,-0.1963765116343957,-1.6485759433835023,1.273676925863655,-1.5642221436181625,1.174339759462724,0.6882763411543806,-0.1241724829990822,0.6288614361338137,-0.5113388401068102,0.6184588300434612,1.742279482816612,-1.614726581495092,-1.9589549537497284,0.5937201982138857,-0.3161825945863973,-0.6217613303570098,0.7833887897565832,0.4235090979689276,-1.1111679573541386,-0.1715310488407321,0.1766890241891957,2.0228768720816634,1.286299967763606,1.423291127887771,-0.5040626286829029,1.353538711507169,1.8536765479425377,-0.1665373977597794,34
-28.92429976159972,-26.799067912291378,1.1866668458995593,3.516536672929811,-3.7745163671127786,-1.2736196677014464,2.757511432208808,-5.562911840591707,-4.223024177805162,-0.4488222605591067,-2.79218753916772,-0.1580938560612185,-2.0036297765929096,-3.3164592914174134,1.9030339311280944,3.5950820288898746,-4.277230819741307,-1.0985516234439952,0.7189492607966091,-2.731944536058119,0.4321650098844811,1.2746408124467874,-1.7471150393688608,-1.8749227621313556,-2.543562259882341,0.8648147728611538,-0.3937469015641009,-0.2711418455329689,-2.7207195297718805,1.3616772298435946,-0.6460542465165338,0.2988077062186363,-2.097315978509588,-0.4326870494477622,-0.2714771573284283,-0.7578390504507593,-1.1059005497772392,2.4114571355101773,-1.8092790868372912,-1.812126334714477,-1.9397853216953769,-0.1254404938237508,-1.0903429802728393,0.1993698326857463,1.8680925812196283,-1.877077391060292,1.668650606154262,-0.4871223594044345,0.9043794566193756,-0.8600565843588128,2.336914559531436,-0.1123843519926358,0.8228035301268749,1.118456136502565,0.6694354570530179,34
-27.241435689967496,-26.47474880886715,8.032538869168217,2.895052616097729,-2.998251652389015,-7.727002919785326,4.820172057591912,-6.651992834438348,-4.564555400521702,0.030859813436777,-0.3035578504227169,1.3510348669522594,-2.028582470884228,-2.793766330875222,0.2094584543761156,3.479519125349161,-5.922404068891699,-2.957715450249298,0.8227232173897878,-0.6783806326372711,0.0264390505561391,0.884871423971358,-2.9830042484653565,-1.869785525030299,-1.4147958103945286,-0.2027874943958936,-0.3664769230414471,-2.0152560017134125,-0.7046381145059893,1.6863508704743078,-0.8834779632270117,-1.1666109780592846,-1.6721535227610305,0.6581139637839052,-1.3445029265793145,-1.3026231882785573,-2.008877412263669,1.3700394163501637,-2.772454980548226,0.3404328641187929,-0.8254262505964315,0.2762771485931278,-0.3652661759505918,-0.517633710048935,4.668169068125824,-1.6762178247597623,0.8529311789342098,0.4402056461687809,0.7377583568405587,-1.5167521822299117,2.360860893865908,1.1600208602958055,1.439870799559061,0.5785538873891296,-0.1109211150997653,34
-33.49425021348324,-17.054650725929534,12.990576826750228,-4.16608378207251,-1.261478786235927,-6.555681875084836,2.656030796362165,-4.689042440972988,-3.2742945596139226,2.8064925790316986,3.912935323368712,0.9965249735115038,-2.04940254449833,-0.3041506969211676,-1.0874032617342764,-0.4721504222807919,-4.088291057001373,-1.7489576092083652,-0.1773541296823498,0.5554914579768899,1.3238476140965243,-0.1580034082936613,-2.104493342559553,1.217504400245379,1.5025761948963827,-1.651151260113357,-1.937312944086449,-3.169471201290944,1.8851576487558583,1.1247934722930746,-1.7823127081017531,-1.2702024527698792,-0.9975914063915504,0.0642723130998129,-1.5738683578905652,-0.8684931894655938,-3.541377451619073,0.2430389401728366,-2.241922422864498,0.8073564540049737,0.4412257465888305,-0.4404766734218222,-0.710521084609507,0.5687087707699376,3.865405180886467,-0.2628409536900076,0.6268682235571611,0.2669925839310251,0.6900118485021508,-1.2055711796169102,0.7931755112261832,1.3566286433399648,0.2868438852850235,0.4123538019143452,-1.0947435745316083,34
-32.0591198893783,-25.24143006001412,-9.99709442849174,1.3729944813389217,-2.745447325073386,11.934127829226536,-1.1936862983748786,-2.936990631710487,0.0454165987185151,0.2145047221034322,-2.658422315880002,-4.93381370098103,-0.8117161416050322,-1.7077952410603612,2.871226237698678,-2.143749488486774,0.2803530237983225,2.049734684104165,1.4947627601537004,-2.113114594915777,3.101667311114706,1.6466995277260257,-0.5043660741513167,-1.4921222469992008,-1.262205589172145,3.0738872775215342,-1.4356040742944924,-0.4683354057617003,-1.5014927193004683,-0.8101572891830737,-0.8091497480175417,2.6539583318718747,-0.5177176851570657,-0.4851164969742483,1.2684235013334586,1.8018386531892323,2.7443567834394367,0.162930416497011,-0.3139652976053252,-1.2538769401926104,-0.9017223100195504,1.3654000782644615,0.996953073037954,0.74419968351014,-0.4736704966744757,-0.7167264520227002,0.7245852474754225,-0.3852881839381918,1.4972034054051393,1.977777236340286,0.3072485747915097,-1.0840656619674698,0.2480284500021507,-0.1233926354266723,1.2294463961056368,34
-37.15304575107897,-20.41982174784477,-2.7989508933270284,-0.8847423467472939,-3.00375156183002,5.65535825859161,1.6630120543862068,-5.738578476676655,-1.2712938799191946,-0.1326124902226113,-3.308443829180813,-2.3323545683290554,-1.3622401104041686,-2.057804362110648,3.4533416996038984,0.9134313555561344,-2.383641561836675,0.6627454770351457,0.9040266122098723,-2.820742669665367,1.9850754960461607,0.9061491280611668,-0.3670142028450358,-2.102593740317209,-2.0067465077328497,1.332279259767283,0.0927266927904661,0.2146826118199863,-3.33126512709182,0.6014773550149562,0.2678707267818534,1.0265950663120933,-2.202831382872972,-0.4890758290144494,0.2008308347658142,0.5256349672418532,0.7561666106619944,1.982197953934217,-1.4900954331936411,-1.4920180192298682,-2.5138668746326984,0.690328574534203,-0.589858929639527,0.6392598256066154,1.6395509174246148,-1.2198680915295363,2.134006590142198,-1.5107566724895547,0.7776733585006238,-0.3561968157504118,1.2166655709312235,-0.986183755223864,0.1197534067191049,1.128876336027764,1.3021721485279336,34
-41.286131130716704,-14.575285268855584,2.9080469468655434,-6.436705776792996,-0.8629557278012548,0.9069670791489212,3.5920429387768067,-6.600795532093455,-0.3741162278962195,0.1382490270575119,-2.1907627497415785,0.4581890728630554,0.0188785114887483,0.2836713455519045,1.3272132095088252,1.842013332819336,-1.6952483700006726,-0.99112003601549,0.6818443189540836,-0.6893924059443911,1.2191792228333818,0.0008320487498544,-0.488848966252401,-1.3791888551582072,-2.2330985545876216,-0.792698515081841,1.242333436220676,-1.124019959241375,-3.110710502781618,2.073454481036184,1.125710193173211,-2.257841331057206,-1.8009569805981838,-0.0828344825108966,-2.2292209276869275,-0.7344005285332608,0.5253957463345493,1.882910616150019,-2.114421238079945,-0.6570400074398097,-0.8312445607645103,0.1133482745109659,-0.853704415270172,0.8555755245080077,2.9071918334372104,-2.60108897321867,2.877819013896974,-2.2715380222879613,2.0600821194428214,-1.9301772573608675,0.7717830180733752,2.59388804440992,1.5406514064954375,-0.0327501901974023,-0.0073266874592554,34
