cluster_id,x_m_0,x_m_1,b_new_0,b_new_1
0,-13.2836,1146.97,0.306603,0.0036329
1,26594.4,38543.6,-0.249655,0.17226
2,-3.16589,1.38462,0.0979436,0.292784
4,28.2621,-8.08805,-0.117662,-0.436405
6,-0.783809,0.542259,-0.241458,-0.18105
8,1.0186,0.00844297,0.0942318,-0.290945
