cluster_id,x_m_0,x_m_1,b_new_0,b_new_1
0,0.288956,0.187317,0.120813,-0.0768868
1,-0.216621,0.597957,0.120265,0.0779071
2,-0.185651,0.13666,-0.13613,-0.0384889
4,-0.0614338,-0.141015,-0.0959162,-0.111298
5,0.135015,-0.392567,0.140233,-0.00187296
6,-0.484878,-0.236016,-0.0823331,0.098945
7,-0.250255,-0.295903,-0.148845,0.0443607
9,-0.209401,-0.250297,0.0584122,-0.12946
10,-0.154128,0.228376,0.0599119,0.128863
12,-0.414394,-0.0774141,-0.0191872,-0.134002
14,2.69493,0.488678,-0.0176415,0.135491
