cluster_id,x_m_0,x_m_1,b_new_0,b_new_1
1,0.304417,0.460543,0.305047,0.000417855
3,0.545249,0.148385,0.0888502,0.288799
6,-0.398559,0.0183537,-0.253447,-0.182819
13,0.784993,0.0689666,0.0482028,0.226067
15,0.351167,-0.21603,0.101164,-0.300261
19,-0.723983,0.476255,-0.210605,-0.167858
