cluster_id,x_m_0,x_m_1,x_m_2,b_new_0,b_new_1,b_new_2
0,-2.5858,-0.390841,2.60329,-2.23878,-0.120447,2.88397
1,0.533658,-0.378247,-0.607301,0.130372,0.180728,-0.512835
2,0.397691,-4.66428,-1.21011,0.51624,-0.739854,1.18614
3,1.40758,5.80927,1.97367,1.4189,5.53768,2.55584
4,0.586848,5.59729,2.62073,-0.975038,4.22874,-1.13532
