cluster_id,x_m_0,x_m_1,x_m_2,b_new_0,b_new_1,b_new_2
0,-2.76355,-0.0782174,2.22423,-1.52376,0.821378,2.65712
1,-2.76503,-0.945483,4.63981,-2.9868,-2.39978,3.42878
3,-0.853056,-1.3259,-0.96444,-1.24288,-0.344344,-0.775507
4,1.93882,4.64617,2.61664,2.75807,3.83182,-0.295607
