cluster_id,x_m_0,x_m_1,x_m_2,b_new_0,b_new_1,b_new_2
0,-2.42617,-1.84665,2.77503,-1.05961,-0.353435,3.3626
1,-3.87865,0.557142,-1.20403,-1.90036,-1.70286,-1.1249
4,-0.186039,0.000280854,-0.431631,-0.108607,-0.0673681,-0.440379
5,-3.85255,1.14793,-1.21631,-2.27062,2.62811,-0.876001
6,-3.89699,1.56041,-1.76825,-3.01543,0.844426,1.12698
