cluster_id,x_m_0,x_m_1,b_new_0,b_new_1
0,0.0856235,0.131357,0.120637,0.0751514
1,-0.116706,0.208348,0.0584142,0.129129
2,-0.229611,-0.0158563,-0.0892562,0.104279
6,-0.224695,-0.236741,-0.147419,0.0410144
7,-0.0145626,-0.147869,-0.0207533,-0.146995
8,0.126019,-0.0523697,0.126648,-0.00156686
12,0.0203979,-0.568589,-0.140845,-0.0432282
16,0.145289,0.346216,0.168829,0.0118868
24,-0.184444,-0.552179,0.125298,-0.0826591
