cluster_id,x_m_0,x_m_1,b_new_0,b_new_1
1,0.309507,0.448744,0.314568,0.00357607
3,-0.441878,0.0822527,-0.255859,-0.180878
4,-0.141282,0.332427,-0.251236,0.167733
5,0.584498,-0.130622,0.0890642,-0.285291
6,0.601019,0.131895,0.0866092,0.287085
