cluster_id,x_m_0,x_m_1,x_m_2,b_new_0,b_new_1,b_new_2
0,-0.85377,2.94684,1.13691,-0.142982,2.17946,2.01664
1,-1.10822,-0.079967,2.09162,-0.847772,0.320742,2.13485
2,4.06537,2.94997,-0.261329,3.5862,3.35066,0.496127
